,W_q,W_percentil,W,L_q,L,rho_taller,%_deriv,%_boxes,%_parking,C_total,C_infraestructuras,C_inactividad,C_espera,C_derivaciones,Margen,SLA_espera,SLA_ciclo,SLA_disponibilidad,SLA_autonima,SLA_inactividad,SLA_ocupacion_boxes,SLA_coste_inactividad,SLA_coste_derivaciones,SLA_margen,Escenario
0,9.84,20.18,19.4,2.24,5.84,0.24,19.31,96.94,54.34,4071185.52,21.8,41.24,0.15,36.95,98.09,13.84,12.96,0,0,0,1,1,0,0,Esc0
1,10.17,19.75,19.69,2.29,5.96,0.24,20.16,97.29,56.59,4193537.0,21.17,41.02,0.16,37.81,98.03,12.28,12.38,0,0,0,1,1,0,0,Esc0
2,10.03,20.14,19.42,2.27,5.97,0.24,20.64,96.6,54.81,4219192.93,21.04,40.35,0.15,38.61,98.02,13.84,12.93,0,0,0,1,1,0,0,Esc0
3,9.96,20.1,19.43,2.27,5.97,0.24,20.22,96.9,54.97,4181411.39,21.23,40.67,0.15,38.1,98.04,14.23,13.39,0,0,0,1,1,0,0,Esc0
4,9.98,20.03,19.62,2.27,5.93,0.24,19.7,97.72,56.67,4164303.53,21.32,41.33,0.16,37.35,98.05,11.55,12.29,0,0,0,1,1,0,0,Esc0
5,10.02,19.84,19.55,2.26,5.96,0.24,20.06,97.43,56.3,4193527.53,21.17,40.99,0.15,37.84,98.03,12.26,12.84,0,0,0,1,1,0,0,Esc0
6,10.04,20.03,19.56,2.26,6.04,0.24,21.0,97.45,55.99,4287978.96,20.7,40.33,0.15,38.97,97.98,12.72,12.67,0,0,0,1,1,0,0,Esc0
7,10.01,19.55,19.66,2.26,5.84,0.24,18.71,97.23,55.49,4021628.22,22.07,41.97,0.16,35.96,98.12,13.04,11.51,0,0,0,1,1,0,0,Esc0
8,10.14,19.97,19.57,2.28,6.03,0.24,20.99,97.35,57.07,4311463.5,20.59,40.41,0.15,39.0,97.97,12.16,12.96,0,0,0,1,1,0,0,Esc0
9,10.0,19.76,19.67,2.25,5.93,0.24,19.67,97.75,57.08,4168168.99,21.3,41.42,0.16,37.28,98.05,10.73,12.19,0,0,0,1,1,0,0,Esc0
10,10.4,19.94,19.95,2.29,6.06,0.24,20.94,97.99,59.23,4334043.82,20.48,40.89,0.16,38.62,97.96,10.16,12.36,0,0,0,1,1,0,0,Esc0
11,9.93,19.29,19.48,2.25,5.96,0.24,20.16,97.17,55.86,4194421.72,21.16,40.82,0.15,38.01,98.03,12.42,12.91,0,0,0,1,1,0,0,Esc0
12,10.06,20.21,19.56,2.27,5.89,0.24,19.6,97.27,55.51,4123934.6,21.52,41.27,0.16,37.21,98.07,13.47,12.84,0,0,0,1,1,0,0,Esc0
13,9.91,19.37,19.52,2.25,5.82,0.24,18.6,96.92,54.84,3999963.22,22.19,41.88,0.16,35.93,98.13,13.67,12.82,0,0,0,1,1,0,0,Esc0
14,10.1,19.73,19.71,2.28,6.02,0.25,20.08,97.88,57.72,4227421.17,21.0,41.21,0.16,37.79,98.01,11.46,12.25,0,0,0,1,1,0,0,Esc0
15,9.93,19.86,19.59,2.24,5.91,0.25,19.32,97.86,56.66,4131826.23,21.48,41.6,0.16,36.92,98.06,11.49,11.64,0,0,0,1,1,0,0,Esc0
16,9.92,20.08,19.59,2.25,5.89,0.24,19.46,97.64,55.96,4125335.43,21.52,41.43,0.16,37.05,98.07,12.02,12.28,0,0,0,1,1,0,0,Esc0
17,10.18,19.92,19.51,2.3,6.05,0.24,21.07,97.17,56.66,4311889.29,20.59,40.28,0.15,39.14,97.97,12.76,13.22,0,0,0,1,1,0,0,Esc0
18,10.08,20.2,19.63,2.25,5.94,0.24,19.98,97.55,56.37,4178483.24,21.24,41.1,0.16,37.66,98.04,12.33,12.67,0,0,0,1,1,0,0,Esc0
19,10.2,20.57,19.74,2.29,6.02,0.24,20.36,97.4,57.22,4231739.21,20.98,40.99,0.16,38.03,98.01,11.58,12.41,0,0,0,1,1,0,0,Esc0
20,9.93,20.13,19.6,2.23,5.88,0.24,19.33,97.74,56.18,4118964.52,21.55,41.56,0.16,36.89,98.07,11.95,12.1,0,0,0,1,1,0,0,Esc0
21,9.77,19.89,19.43,2.22,5.8,0.24,18.78,97.07,54.26,4015355.15,22.11,41.66,0.16,36.24,98.12,12.97,12.55,0,0,0,1,1,0,0,Esc0
22,9.86,19.88,19.54,2.24,5.87,0.24,18.87,97.5,55.16,4049261.68,21.92,41.78,0.16,36.3,98.1,12.65,12.0,0,0,0,1,1,0,0,Esc0
23,10.26,19.83,19.73,2.29,6.06,0.24,20.82,97.8,58.2,4308848.65,20.6,40.72,0.16,38.68,97.97,10.68,12.43,0,0,0,1,1,0,0,Esc0
24,10.01,19.82,19.57,2.26,5.98,0.24,20.26,97.68,56.68,4230728.86,20.98,40.9,0.15,38.11,98.01,11.68,12.74,0,0,0,1,1,0,0,Esc0
25,10.32,19.78,19.81,2.31,6.11,0.24,21.44,97.81,59.07,4393043.01,20.21,40.42,0.15,39.37,97.93,10.36,11.77,0,0,0,1,1,0,0,Esc0
26,9.99,20.08,19.62,2.26,5.94,0.24,20.16,97.54,56.29,4200423.31,21.13,40.98,0.15,37.89,98.03,12.13,12.31,0,0,0,1,1,0,0,Esc0
27,10.14,20.05,19.72,2.29,6.02,0.24,20.45,97.77,57.89,4265603.2,20.81,40.97,0.16,38.22,98.0,11.04,12.38,0,0,0,1,1,0,0,Esc0
28,10.27,19.79,19.66,2.3,6.12,0.24,21.9,97.77,58.31,4438089.14,20.0,39.95,0.15,40.05,97.91,11.34,12.09,0,0,0,1,1,0,0,Esc0
29,10.13,20.16,19.55,2.27,6.01,0.24,21.0,96.73,55.73,4268464.44,20.8,40.27,0.15,38.94,97.99,13.08,13.18,0,0,0,1,1,0,0,Esc0
30,9.98,20.1,19.65,2.26,5.97,0.24,20.15,97.66,56.84,4215589.12,21.06,41.05,0.16,37.9,98.02,11.09,12.19,0,0,0,1,1,0,0,Esc0
31,10.23,20.22,19.62,2.29,6.04,0.24,20.97,97.25,57.13,4301568.28,20.64,40.45,0.15,38.92,97.98,12.46,13.45,0,0,0,1,1,0,0,Esc0
32,9.99,19.56,19.59,2.27,5.89,0.24,18.97,97.48,56.05,4069655.77,21.81,41.77,0.16,36.42,98.09,12.63,13.48,0,0,0,1,1,0,0,Esc0
33,9.81,20.12,19.46,2.22,5.83,0.24,18.89,97.02,54.41,4030945.26,22.02,41.62,0.16,36.36,98.11,13.21,12.82,0,0,0,1,1,0,0,Esc0
34,10.22,19.67,19.75,2.29,6.0,0.24,20.58,98.02,58.07,4281831.66,20.73,40.91,0.16,38.36,97.99,10.88,12.35,0,0,0,1,1,0,0,Esc0
35,10.0,20.12,19.6,2.25,5.9,0.24,19.51,97.52,56.03,4129259.41,21.5,41.41,0.16,37.09,98.06,12.72,12.3,0,0,0,1,1,0,0,Esc0
36,10.08,19.47,19.53,2.28,5.99,0.24,20.36,97.39,56.67,4234360.28,20.96,40.78,0.15,38.26,98.01,11.84,13.16,0,0,0,1,1,0,0,Esc0
37,9.96,20.13,19.48,2.23,5.85,0.24,19.57,96.59,54.97,4099939.12,21.65,41.14,0.15,37.21,98.08,13.33,12.95,0,0,0,1,1,0,0,Esc0
38,10.01,20.06,19.53,2.26,5.96,0.24,20.27,97.59,56.57,4229264.25,20.99,40.85,0.15,38.16,98.02,11.89,12.64,0,0,0,1,1,0,0,Esc0
39,10.23,20.15,19.77,2.28,6.02,0.24,20.63,97.47,57.37,4264131.63,20.82,40.84,0.15,38.34,98.0,11.13,11.47,0,0,0,1,1,0,0,Esc0
40,10.02,20.36,19.6,2.26,5.97,0.24,20.14,97.34,56.08,4194275.83,21.16,40.96,0.15,37.87,98.03,12.02,11.94,0,0,0,1,1,0,0,Esc0
41,10.24,20.3,19.62,2.29,6.06,0.24,21.82,96.88,56.39,4365859.49,20.33,39.81,0.15,39.85,97.95,12.73,13.41,0,0,0,1,1,0,0,Esc0
42,9.94,19.99,19.52,2.26,5.94,0.24,19.94,97.59,56.1,4182356.64,21.22,41.05,0.15,37.73,98.04,12.33,12.39,0,0,0,1,1,0,0,Esc0
43,10.21,19.96,19.72,2.29,5.95,0.24,20.19,97.32,56.74,4197097.47,21.15,41.04,0.16,37.81,98.03,12.55,12.59,0,0,0,1,1,0,0,Esc0
44,10.19,20.33,19.69,2.29,6.05,0.24,21.06,97.7,57.77,4328581.03,20.51,40.51,0.15,38.99,97.96,11.41,12.54,0,0,0,1,1,0,0,Esc0
45,10.17,19.46,19.75,2.3,6.02,0.24,20.62,97.77,58.19,4284450.33,20.72,40.88,0.16,38.41,97.99,10.61,12.35,0,0,0,1,1,0,0,Esc0
46,10.21,19.92,19.85,2.29,6.06,0.24,20.93,98.08,58.41,4325382.27,20.52,40.78,0.16,38.7,97.97,10.2,10.99,0,0,0,1,1,0,0,Esc0
47,10.04,19.44,19.48,2.28,5.96,0.24,20.17,97.04,55.84,4189760.13,21.19,40.79,0.15,38.02,98.03,12.92,13.52,0,0,0,1,1,0,0,Esc0
48,9.92,19.99,19.69,2.24,5.9,0.25,19.36,98.28,57.08,4146851.47,21.41,41.7,0.16,36.9,98.06,11.04,11.62,0,0,0,1,1,0,0,Esc0
49,10.19,19.9,19.58,2.28,6.09,0.24,21.13,97.21,57.04,4321453.4,20.54,40.31,0.15,39.15,97.97,12.59,13.23,0,0,0,1,1,0,0,Esc0
50,10.04,19.81,19.61,2.26,5.97,0.24,20.37,97.71,56.36,4224837.79,21.01,40.82,0.15,38.17,98.02,12.32,12.77,0,0,0,1,1,0,0,Esc0
51,10.01,20.15,19.67,2.25,5.9,0.24,19.58,97.16,56.22,4128950.36,21.5,41.41,0.16,37.09,98.06,12.11,11.93,0,0,0,1,1,0,0,Esc0
52,9.98,20.1,19.52,2.26,5.92,0.24,19.83,97.34,55.7,4153584.68,21.37,41.07,0.15,37.56,98.05,12.77,13.35,0,0,0,1,1,0,0,Esc0
53,10.1,20.08,19.62,2.27,6.0,0.24,20.88,97.33,56.54,4279027.55,20.74,40.48,0.15,38.77,97.99,11.72,12.54,0,0,0,1,1,0,0,Esc0
54,10.06,19.91,19.61,2.25,5.98,0.24,20.55,97.63,56.73,4256815.58,20.85,40.74,0.15,38.41,98.0,11.91,12.27,0,0,0,1,1,0,0,Esc0
55,9.98,19.74,19.49,2.27,5.94,0.24,19.97,97.22,55.8,4174346.13,21.26,40.97,0.15,37.77,98.04,12.34,13.18,0,0,0,1,1,0,0,Esc0
56,10.03,19.65,19.54,2.28,5.91,0.24,19.5,96.96,55.77,4111766.08,21.59,41.31,0.16,37.1,98.07,12.88,13.52,0,0,0,1,1,0,0,Esc0
57,10.05,19.45,19.69,2.25,5.88,0.24,19.21,97.53,55.89,4086731.71,21.72,41.69,0.16,36.59,98.09,12.83,12.54,0,0,0,1,1,0,0,Esc0
58,9.93,19.79,19.62,2.25,5.86,0.24,18.7,97.37,56.07,4042630.12,21.96,42.01,0.16,36.03,98.11,12.22,12.36,0,0,0,1,1,0,0,Esc0
59,9.87,19.75,19.37,2.23,5.85,0.24,19.36,96.24,53.88,4058657.2,21.87,41.13,0.15,36.99,98.1,14.0,12.74,0,0,0,1,1,0,0,Esc0
60,9.84,19.64,19.43,2.23,5.85,0.24,18.85,97.03,54.57,4028801.72,22.03,41.63,0.16,36.34,98.11,13.51,12.63,0,0,0,1,1,0,0,Esc0
61,10.15,20.05,19.74,2.28,5.96,0.24,20.28,97.56,56.94,4221733.45,21.03,41.03,0.16,37.95,98.02,12.1,12.21,0,0,0,1,1,0,0,Esc0
62,10.07,19.77,19.66,2.26,6.02,0.25,20.35,97.81,57.58,4256295.07,20.86,40.98,0.16,38.17,98.0,10.83,12.08,0,0,0,1,1,0,0,Esc0
63,9.92,20.26,19.6,2.22,5.85,0.24,19.0,97.54,55.75,4065803.13,21.83,41.75,0.16,36.41,98.1,11.62,12.43,0,0,0,1,1,0,0,Esc0
64,10.05,19.79,19.66,2.25,5.94,0.24,19.52,97.7,56.87,4143263.56,21.42,41.5,0.16,37.07,98.06,11.89,12.85,0,0,0,1,1,0,0,Esc0
65,10.27,20.21,19.69,2.3,6.06,0.24,21.11,96.98,57.15,4308230.12,20.6,40.4,0.15,39.0,97.97,12.35,12.91,0,0,0,1,1,0,0,Esc0
66,10.32,20.06,19.88,2.28,6.01,0.24,20.81,97.88,58.91,4313701.72,20.58,40.89,0.16,38.53,97.97,10.15,11.81,0,0,0,1,1,0,0,Esc0
67,10.17,20.2,19.68,2.28,6.06,0.24,21.28,96.97,56.88,4317925.24,20.56,40.26,0.15,39.19,97.97,11.34,12.42,0,0,0,1,1,0,0,Esc0
68,10.1,19.97,19.61,2.27,6.06,0.24,21.29,97.83,57.55,4362809.42,20.35,40.29,0.15,39.37,97.95,11.27,12.67,0,0,0,1,1,0,0,Esc0
69,9.9,20.06,19.48,2.25,5.92,0.24,19.97,97.58,55.53,4175889.4,21.26,40.95,0.15,37.79,98.04,12.72,13.01,0,0,0,1,1,0,0,Esc0
70,10.09,20.05,19.77,2.26,5.99,0.24,20.18,97.73,57.47,4223810.97,21.02,41.16,0.16,37.82,98.02,10.49,11.69,0,0,0,1,1,0,0,Esc0
71,9.98,19.93,19.54,2.27,6.02,0.24,20.6,97.81,56.67,4270618.88,20.79,40.65,0.15,38.57,97.99,11.74,12.25,0,0,0,1,1,0,0,Esc0
72,10.08,19.94,19.51,2.28,6.02,0.24,20.89,97.43,56.74,4292503.23,20.68,40.39,0.15,38.93,97.98,12.49,13.03,0,0,0,1,1,0,0,Esc0
73,9.97,19.37,19.51,2.27,5.88,0.24,19.43,97.18,55.52,4108481.18,21.61,41.34,0.16,37.06,98.08,13.07,12.77,0,0,0,1,1,0,0,Esc0
74,10.18,20.16,19.68,2.3,6.07,0.24,20.68,97.42,57.35,4273369.0,20.77,40.72,0.15,38.51,97.99,12.14,12.18,0,0,0,1,1,0,0,Esc0
75,10.32,20.14,19.82,2.31,6.08,0.24,20.93,97.71,58.76,4325785.34,20.52,40.75,0.16,38.73,97.96,10.62,12.25,0,0,0,1,1,0,0,Esc0
76,10.25,19.93,19.69,2.3,6.01,0.24,20.99,97.18,57.26,4294066.54,20.67,40.48,0.15,38.84,97.98,11.47,12.84,0,0,0,1,1,0,0,Esc0
77,10.16,20.3,19.67,2.26,6.05,0.24,21.14,97.84,57.43,4335449.84,20.47,40.43,0.15,39.1,97.96,11.53,12.31,0,0,0,1,1,0,0,Esc0
78,10.03,19.83,19.59,2.25,5.94,0.24,19.86,97.35,56.46,4170372.53,21.29,41.16,0.16,37.55,98.04,11.75,12.67,0,0,0,1,1,0,0,Esc0
79,10.22,19.74,19.75,2.29,6.04,0.24,21.0,97.51,57.56,4307879.26,20.61,40.57,0.15,38.82,97.97,11.28,12.15,0,0,0,1,1,0,0,Esc0
80,10.12,19.59,19.71,2.28,5.98,0.24,20.01,97.42,57.03,4196128.95,21.15,41.2,0.16,37.64,98.03,11.57,11.57,0,0,0,1,1,0,0,Esc0
81,9.85,19.46,19.48,2.24,5.87,0.24,19.3,97.62,55.67,4108510.13,21.61,41.45,0.16,36.95,98.08,12.24,12.51,0,0,0,1,1,0,0,Esc0
82,10.24,20.54,19.85,2.29,6.0,0.24,20.37,98.09,58.42,4261642.69,20.83,41.16,0.16,38.01,98.0,10.8,11.86,0,0,0,1,1,0,0,Esc0
83,9.8,19.61,19.33,2.26,5.91,0.25,19.66,97.46,55.16,4144979.44,21.42,41.02,0.15,37.56,98.06,13.23,13.15,0,0,0,1,1,0,0,Esc0
84,9.86,19.51,19.46,2.25,5.85,0.24,18.81,97.13,54.32,4024659.56,22.06,41.68,0.16,36.26,98.12,13.98,12.3,0,0,0,1,1,0,0,Esc0
85,10.22,20.27,19.69,2.3,6.07,0.24,20.98,97.58,57.58,4313175.88,20.58,40.54,0.15,38.88,97.97,12.4,12.91,0,0,0,1,1,0,0,Esc0
86,9.97,19.87,19.37,2.25,5.97,0.24,20.59,96.69,54.9,4216654.38,21.05,40.35,0.15,38.6,98.02,13.93,13.68,0,0,0,1,1,0,0,Esc0
87,10.17,19.92,19.65,2.29,5.99,0.24,20.44,97.31,57.22,4241164.45,20.93,40.84,0.16,38.23,98.01,11.72,12.55,0,0,0,1,1,0,0,Esc0
88,10.16,19.96,19.65,2.29,5.97,0.24,19.95,97.08,56.28,4167231.8,21.3,41.12,0.16,37.58,98.04,13.18,12.99,0,0,0,1,1,0,0,Esc0
89,9.75,19.84,19.36,2.24,5.86,0.24,18.92,97.03,54.35,4038993.67,21.98,41.52,0.16,36.51,98.11,13.62,13.39,0,0,0,1,1,0,0,Esc0
90,10.2,19.6,19.72,2.29,6.07,0.24,21.3,97.86,57.8,4360252.42,20.36,40.39,0.15,39.25,97.95,11.29,12.58,0,0,0,1,1,0,0,Esc0
91,10.27,20.24,19.73,2.3,6.01,0.24,20.65,97.29,57.38,4261814.85,20.83,40.77,0.16,38.4,98.0,11.45,12.43,0,0,0,1,1,0,0,Esc0
92,10.08,20.11,19.6,2.27,5.97,0.24,19.91,97.47,56.87,4188332.21,21.19,41.17,0.16,37.64,98.03,11.8,12.45,0,0,0,1,1,0,0,Esc0
93,10.06,20.33,19.38,2.28,5.96,0.24,21.22,97.08,55.78,4308842.25,20.6,39.99,0.15,39.41,97.98,13.23,14.21,0,0,0,1,1,0,0,Esc0
94,10.26,20.42,19.74,2.29,6.13,0.24,21.55,97.92,58.65,4404630.84,20.15,40.27,0.15,39.57,97.93,10.52,12.26,0,0,0,1,1,0,0,Esc0
95,10.34,19.78,19.83,2.3,6.12,0.25,21.63,98.07,59.28,4426925.78,20.05,40.34,0.15,39.61,97.91,10.01,12.03,0,0,0,1,1,0,0,Esc0
96,10.13,20.12,19.7,2.27,6.01,0.24,20.51,97.61,57.3,4258444.05,20.84,40.87,0.15,38.29,98.0,11.35,11.87,0,0,0,1,1,0,0,Esc0
97,10.26,19.63,19.73,2.29,6.01,0.24,20.42,97.23,57.39,4240807.75,20.93,40.94,0.16,38.13,98.01,11.88,12.5,0,0,0,1,1,0,0,Esc0
98,9.9,19.94,19.6,2.23,5.77,0.24,18.19,97.51,55.43,3975419.45,22.33,42.32,0.16,35.35,98.14,12.49,12.74,0,0,0,1,1,0,0,Esc0
99,10.13,20.22,19.53,2.27,6.01,0.24,20.91,97.65,56.92,4304920.2,20.62,40.42,0.15,38.96,97.98,12.84,12.91,0,0,0,1,1,0,0,Esc0
100,10.28,20.22,19.73,2.29,6.09,0.24,21.63,97.67,58.1,4397788.54,20.18,40.18,0.15,39.63,97.93,11.11,11.89,0,0,0,1,1,0,0,Esc0
101,10.11,19.87,19.75,2.27,5.95,0.24,20.01,97.7,57.02,4193011.85,21.17,41.23,0.16,37.6,98.03,11.21,12.3,0,0,0,1,1,0,0,Esc0
102,10.18,19.77,19.73,2.28,6.11,0.24,21.97,98.19,58.7,4457180.65,19.92,40.0,0.15,40.08,97.9,9.93,11.84,0,0,0,1,1,0,0,Esc0
103,9.94,19.52,19.59,2.25,5.96,0.24,20.05,97.59,56.79,4206699.32,21.1,41.07,0.16,37.83,98.03,10.87,11.96,0,0,0,1,1,0,0,Esc0
104,10.28,20.09,19.73,2.29,6.03,0.24,21.21,97.79,58.17,4350231.67,20.41,40.46,0.15,39.14,97.96,10.96,12.01,0,0,0,1,1,0,0,Esc0
105,10.07,20.11,19.63,2.27,5.95,0.24,19.95,97.32,56.49,4178593.85,21.24,41.14,0.16,37.62,98.04,11.89,12.5,0,0,0,1,1,0,0,Esc0
106,10.09,20.16,19.69,2.28,5.97,0.25,20.02,97.64,57.61,4218027.31,21.04,41.22,0.16,37.73,98.02,11.14,11.68,0,0,0,1,1,0,0,Esc0
107,10.07,19.87,19.65,2.27,5.99,0.24,20.12,97.65,56.6,4203063.79,21.12,41.05,0.16,37.83,98.03,11.98,12.13,0,0,0,1,1,0,0,Esc0
108,10.02,19.81,19.52,2.25,5.93,0.24,20.46,97.14,55.72,4219076.99,21.04,40.63,0.15,38.33,98.02,12.45,13.26,0,0,0,1,1,0,0,Esc0
109,9.97,19.66,19.5,2.27,5.94,0.24,19.93,97.3,56.14,4177986.93,21.25,41.02,0.15,37.73,98.04,12.48,12.91,0,0,0,1,1,0,0,Esc0
110,9.9,20.06,19.45,2.26,5.92,0.24,19.64,97.12,55.11,4126223.34,21.51,41.12,0.15,37.37,98.07,13.63,12.82,0,0,0,1,1,0,0,Esc0
111,10.05,19.98,19.56,2.26,5.95,0.24,20.21,97.17,55.88,4193464.06,21.17,40.84,0.15,37.99,98.03,12.69,12.39,0,0,0,1,1,0,0,Esc0
112,10.28,20.04,19.78,2.29,6.03,0.24,20.92,97.47,58.26,4311257.92,20.59,40.69,0.16,38.72,97.97,10.29,12.48,0,0,0,1,1,0,0,Esc0
113,10.13,19.66,19.46,2.27,5.97,0.24,20.69,97.05,55.77,4249388.5,20.89,40.42,0.15,38.69,98.01,13.43,13.46,0,0,0,1,1,0,0,Esc0
114,10.2,19.73,19.71,2.29,6.06,0.25,21.23,98.09,58.39,4368026.22,20.32,40.46,0.15,39.22,97.95,10.53,12.44,0,0,0,1,1,0,0,Esc0
115,10.06,19.77,19.58,2.26,6.01,0.24,20.53,97.27,56.82,4255103.95,20.86,40.71,0.15,38.42,98.0,11.66,11.92,0,0,0,1,1,0,0,Esc0
116,10.09,20.15,19.56,2.27,5.99,0.24,20.62,96.87,55.82,4230965.27,20.98,40.55,0.15,38.47,98.01,12.57,12.73,0,0,0,1,1,0,0,Esc0
117,10.07,19.45,19.57,2.27,6.01,0.24,20.66,97.56,56.91,4274398.45,20.77,40.63,0.15,38.6,97.99,11.15,12.79,0,0,0,1,1,0,0,Esc0
118,10.19,20.01,19.68,2.29,6.05,0.24,21.12,97.58,57.07,4313385.13,20.58,40.4,0.15,39.02,97.97,12.05,12.82,0,0,0,1,1,0,0,Esc0
119,10.06,19.8,19.6,2.28,6.02,0.25,20.54,97.85,57.5,4280759.26,20.74,40.79,0.15,38.47,97.99,10.76,12.01,0,0,0,1,1,0,0,Esc0
120,10.08,19.84,19.75,2.25,5.96,0.25,19.96,98.01,57.93,4213707.85,21.07,41.34,0.16,37.59,98.02,10.2,11.89,0,0,0,1,1,0,0,Esc0
121,10.05,20.28,19.45,2.27,6.02,0.24,21.16,97.46,56.17,4319468.14,20.55,40.14,0.15,39.31,97.97,12.64,13.35,0,0,0,1,1,0,0,Esc0
122,10.06,20.39,19.61,2.25,6.01,0.24,20.64,97.8,57.1,4279082.28,20.74,40.7,0.15,38.56,97.99,11.7,12.99,0,0,0,1,1,0,0,Esc0
123,10.21,20.62,19.88,2.26,5.98,0.24,20.3,98.07,58.35,4248242.0,20.9,41.22,0.16,37.89,98.01,9.95,12.09,0,0,0,1,1,0,0,Esc0
124,9.95,20.02,19.45,2.27,6.03,0.25,20.8,97.58,56.41,4291210.79,20.69,40.41,0.15,38.91,97.98,12.2,13.18,0,0,0,1,1,0,0,Esc0
125,9.9,19.79,19.53,2.25,5.88,0.24,19.32,96.87,54.57,4069334.99,21.81,41.36,0.15,36.82,98.09,12.97,13.0,0,0,0,1,1,0,0,Esc0
126,10.24,19.77,19.7,2.29,6.08,0.24,21.15,97.7,58.17,4349616.96,20.41,40.49,0.15,39.11,97.95,10.69,12.57,0,0,0,1,1,0,0,Esc0
127,9.93,19.97,19.52,2.26,5.88,0.24,18.8,97.14,55.05,4034424.46,22.0,41.78,0.16,36.21,98.11,13.14,11.6,0,0,0,1,1,0,0,Esc0
128,10.09,19.95,19.56,2.28,6.05,0.24,21.34,97.51,56.4,4338895.76,20.46,40.13,0.15,39.41,97.96,12.18,12.43,0,0,0,1,1,0,0,Esc0
129,9.97,20.03,19.49,2.27,6.02,0.24,20.5,97.07,55.67,4231307.65,20.98,40.59,0.15,38.43,98.01,12.75,12.2,0,0,0,1,1,0,0,Esc0
130,10.23,20.23,19.92,2.26,5.91,0.24,19.34,97.78,57.76,4123725.01,21.53,41.88,0.16,36.59,98.07,10.58,11.71,0,0,0,1,1,0,0,Esc0
131,10.35,20.09,19.81,2.3,6.11,0.24,21.53,97.61,58.71,4394330.64,20.2,40.34,0.15,39.46,97.93,10.99,11.99,0,0,0,1,1,0,0,Esc0
132,10.15,19.88,19.78,2.26,5.99,0.24,20.33,97.48,56.88,4221591.21,21.03,41.03,0.16,37.95,98.02,11.09,11.73,0,0,0,1,1,0,0,Esc0
133,10.27,20.05,19.84,2.31,6.04,0.24,20.94,97.81,58.64,4324024.6,20.53,40.76,0.16,38.71,97.97,10.21,11.97,0,0,0,1,1,0,0,Esc0
134,10.26,20.01,19.83,2.29,6.02,0.24,20.77,97.71,58.14,4294115.51,20.67,40.83,0.16,38.49,97.98,11.16,12.31,0,0,0,1,1,0,0,Esc0
135,9.87,19.62,19.54,2.24,5.94,0.25,19.96,97.81,56.39,4197720.14,21.15,41.08,0.15,37.77,98.03,11.51,11.93,0,0,0,1,1,0,0,Esc0
136,10.13,19.96,19.8,2.26,5.97,0.24,20.28,97.96,57.66,4239640.71,20.94,41.13,0.16,37.93,98.01,11.04,12.37,0,0,0,1,1,0,0,Esc0
137,10.16,20.22,19.74,2.28,6.04,0.25,21.1,98.13,58.19,4353677.15,20.39,40.58,0.15,39.04,97.95,11.23,12.38,0,0,0,1,1,0,0,Esc0
138,10.37,19.98,19.85,2.31,6.13,0.24,21.36,97.81,59.43,4390765.83,20.22,40.53,0.16,39.25,97.93,10.3,12.58,0,0,0,1,1,0,0,Esc0
139,10.21,19.74,19.8,2.28,6.0,0.25,20.33,97.99,58.46,4264230.69,20.82,41.16,0.16,38.03,98.0,10.27,11.75,0,0,0,1,1,0,0,Esc0
140,10.07,19.74,19.73,2.27,5.89,0.24,19.41,97.72,56.88,4126912.01,21.51,41.64,0.16,36.86,98.07,11.66,12.29,0,0,0,1,1,0,0,Esc0
141,10.27,20.3,19.83,2.29,6.01,0.24,20.64,98.01,58.27,4289097.09,20.7,40.94,0.16,38.36,97.98,10.69,12.31,0,0,0,1,1,0,0,Esc0
142,10.18,20.06,19.67,2.28,5.98,0.24,20.53,97.73,57.69,4270178.89,20.79,40.85,0.16,38.36,98.0,11.54,12.69,0,0,0,1,1,0,0,Esc0
143,9.99,19.5,19.58,2.24,5.9,0.24,19.76,97.45,56.07,4156047.76,21.36,41.21,0.16,37.43,98.05,12.23,12.55,0,0,0,1,1,0,0,Esc0
144,10.0,19.37,19.53,2.25,5.91,0.24,19.86,96.92,55.06,4136016.28,21.46,41.0,0.15,37.54,98.06,13.22,12.65,0,0,0,1,1,0,0,Esc0
145,10.21,19.99,19.67,2.28,6.03,0.24,21.44,97.62,57.55,4365493.94,20.33,40.22,0.15,39.45,97.95,11.08,12.53,0,0,0,1,1,0,0,Esc0
146,10.23,20.01,19.78,2.29,5.99,0.24,20.27,97.7,57.71,4236062.38,20.96,41.12,0.16,37.92,98.01,11.32,12.1,0,0,0,1,1,0,0,Esc0
147,9.85,19.9,19.58,2.25,5.84,0.24,18.88,97.8,55.66,4061596.88,21.86,41.84,0.16,36.3,98.1,12.29,12.06,0,0,0,1,1,0,0,Esc0
148,10.11,20.14,19.66,2.28,6.01,0.24,20.3,97.95,57.4,4244963.09,20.91,41.0,0.16,38.09,98.01,11.27,12.22,0,0,0,1,1,0,0,Esc0
149,9.85,20.18,19.48,2.23,5.88,0.24,19.46,97.5,55.19,4110615.17,21.59,41.29,0.15,37.11,98.07,12.83,12.7,0,0,0,1,1,0,0,Esc0
150,10.19,20.13,19.7,2.28,5.99,0.24,20.97,97.55,57.54,4309678.78,20.6,40.56,0.15,38.84,97.98,11.2,11.84,0,0,0,1,1,0,0,Esc0
151,10.24,20.41,19.75,2.28,5.99,0.24,20.47,97.64,57.73,4260136.7,20.84,40.96,0.16,38.2,98.0,11.08,12.25,0,0,0,1,1,0,0,Esc0
152,10.03,20.52,19.49,2.26,5.97,0.24,20.43,97.26,55.52,4218567.76,21.04,40.63,0.15,38.33,98.02,13.6,13.12,0,0,0,1,1,0,0,Esc0
153,10.02,19.84,19.53,2.25,5.92,0.24,20.17,97.21,55.41,4184691.9,21.21,40.83,0.15,37.96,98.04,13.43,12.91,0,0,0,1,1,0,0,Esc0
154,10.22,19.88,19.67,2.29,6.03,0.25,20.77,97.81,58.07,4311027.9,20.59,40.72,0.16,38.69,97.97,11.41,12.42,0,0,0,1,1,0,0,Esc0
155,10.06,20.18,19.53,2.27,5.89,0.24,19.75,96.75,54.68,4111593.37,21.59,41.05,0.15,37.36,98.07,14.56,13.05,0,0,0,1,1,0,0,Esc0
156,10.0,20.01,19.7,2.25,5.97,0.24,20.17,97.77,56.72,4206368.07,21.1,41.06,0.16,37.84,98.03,10.6,12.15,0,0,0,1,1,0,0,Esc0
157,10.28,20.12,19.81,2.3,6.02,0.24,20.75,97.63,58.6,4303516.27,20.63,40.86,0.16,38.52,97.98,10.73,12.62,0,0,0,1,1,0,0,Esc0
158,9.98,19.99,19.55,2.25,5.99,0.25,20.33,97.73,56.98,4245191.23,20.91,40.86,0.15,38.23,98.01,11.3,12.14,0,0,0,1,1,0,0,Esc0
159,10.14,19.76,19.61,2.27,6.1,0.24,21.81,97.52,57.38,4405234.33,20.15,39.91,0.15,39.94,97.93,10.49,12.27,0,0,0,1,1,0,0,Esc0
160,9.9,20.02,19.53,2.24,5.86,0.24,19.36,97.52,55.52,4103502.89,21.63,41.41,0.16,36.96,98.08,13.11,13.16,0,0,0,1,1,0,0,Esc0
161,9.99,20.1,19.53,2.25,5.95,0.24,20.37,97.13,55.08,4199090.45,21.14,40.67,0.15,38.19,98.03,13.36,12.81,0,0,0,1,1,0,0,Esc0
162,9.98,19.97,19.51,2.25,5.89,0.24,19.58,96.94,55.04,4105800.98,21.62,41.19,0.15,37.19,98.08,13.39,12.65,0,0,0,1,1,0,0,Esc0
163,9.93,19.9,19.54,2.25,5.92,0.24,19.9,97.31,55.55,4158989.83,21.34,41.04,0.15,37.62,98.05,12.82,11.83,0,0,0,1,1,0,0,Esc0
164,10.03,19.85,19.64,2.25,5.95,0.24,20.09,97.53,56.53,4198711.05,21.14,41.06,0.16,37.8,98.03,11.57,12.06,0,0,0,1,1,0,0,Esc0
165,9.91,20.02,19.53,2.23,5.87,0.24,19.3,97.47,55.5,4099394.56,21.65,41.46,0.16,36.88,98.08,12.84,12.71,0,0,0,1,1,0,0,Esc0
166,10.04,19.77,19.52,2.26,5.92,0.24,19.63,96.89,55.59,4127724.43,21.51,41.21,0.16,37.28,98.06,13.49,12.82,0,0,0,1,1,0,0,Esc0
167,10.05,19.84,19.72,2.25,5.94,0.24,19.56,97.7,56.9,4147493.09,21.4,41.53,0.16,37.07,98.05,10.96,11.95,0,0,0,1,1,0,0,Esc0
168,10.03,19.83,19.59,2.27,5.92,0.24,20.11,97.47,56.22,4192297.01,21.17,40.97,0.15,37.86,98.03,12.16,12.58,0,0,0,1,1,0,0,Esc0
169,9.78,19.91,19.45,2.21,5.84,0.24,18.96,97.48,54.75,4056123.57,21.88,41.61,0.16,36.5,98.1,12.85,12.1,0,0,0,1,1,0,0,Esc0
170,10.06,20.1,19.55,2.26,6.01,0.24,20.83,97.55,57.08,4298674.46,20.65,40.51,0.15,38.84,97.98,11.2,12.43,0,0,0,1,1,0,0,Esc0
171,10.04,19.55,19.63,2.24,5.92,0.24,19.78,97.27,56.16,4151959.46,21.38,41.23,0.16,37.39,98.05,11.89,12.42,0,0,0,1,1,0,0,Esc0
172,9.95,19.92,19.51,2.24,5.9,0.24,19.69,97.29,55.54,4133647.8,21.47,41.15,0.15,37.38,98.06,12.45,13.07,0,0,0,1,1,0,0,Esc0
173,10.15,19.99,19.7,2.28,6.03,0.24,20.66,97.58,57.73,4282707.21,20.73,40.78,0.16,38.49,97.99,10.97,11.86,0,0,0,1,1,0,0,Esc0
174,10.06,20.13,19.53,2.27,5.96,0.24,20.42,97.07,55.7,4211136.99,21.08,40.67,0.15,38.26,98.02,13.09,12.87,0,0,0,1,1,0,0,Esc0
175,10.23,19.89,19.68,2.29,6.05,0.24,20.94,97.55,58.01,4319356.08,20.55,40.59,0.15,38.86,97.97,11.22,12.46,0,0,0,1,1,0,0,Esc0
176,9.86,19.83,19.58,2.23,5.88,0.24,19.37,97.49,55.72,4110292.69,21.6,41.47,0.16,36.93,98.07,11.99,12.16,0,0,0,1,1,0,0,Esc0
177,9.79,19.7,19.46,2.22,5.79,0.24,18.77,97.22,54.11,4011743.56,22.13,41.68,0.16,36.19,98.12,13.66,13.13,0,0,0,1,1,0,0,Esc0
178,10.1,20.31,19.58,2.27,5.98,0.24,20.54,97.11,56.34,4238624.07,20.94,40.66,0.15,38.4,98.01,12.01,12.8,0,0,0,1,1,0,0,Esc0
179,9.84,19.84,19.44,2.24,5.91,0.24,19.45,97.31,55.48,4122554.4,21.53,41.28,0.16,37.19,98.07,12.22,12.07,0,0,0,1,1,0,0,Esc0
180,9.7,19.66,19.41,2.23,5.72,0.24,17.56,96.91,53.45,3876127.38,22.9,42.5,0.16,34.6,98.19,14.53,12.75,0,0,0,1,1,0,0,Esc0
181,10.12,19.93,19.65,2.27,6.01,0.24,20.6,97.68,57.21,4267962.84,20.8,40.75,0.15,38.45,97.99,11.9,12.6,0,0,0,1,1,0,0,Esc0
182,9.99,19.95,19.55,2.26,5.91,0.24,19.31,96.85,55.5,4093710.38,21.68,41.45,0.16,36.86,98.08,13.32,12.44,0,0,0,1,1,0,0,Esc0
183,10.16,19.77,19.64,2.28,5.99,0.24,20.76,97.69,57.29,4287646.84,20.7,40.64,0.15,38.66,97.99,11.95,12.25,0,0,0,1,1,0,0,Esc0
184,10.21,19.94,19.72,2.3,6.07,0.24,20.71,97.27,57.96,4289249.68,20.7,40.77,0.16,38.54,97.98,10.67,12.18,0,0,0,1,1,0,0,Esc0
185,9.99,19.61,19.44,2.26,5.99,0.24,20.45,96.92,55.93,4231021.69,20.98,40.59,0.15,38.43,98.01,13.23,13.17,0,0,0,1,1,0,0,Esc0
186,10.13,20.15,19.8,2.26,5.99,0.24,20.25,97.5,57.04,4211817.82,21.08,41.1,0.16,37.82,98.02,11.28,11.84,0,0,0,1,1,0,0,Esc0
187,10.07,19.66,19.63,2.26,5.96,0.24,20.21,97.28,56.54,4205702.3,21.11,40.95,0.15,37.95,98.03,11.88,12.63,0,0,0,1,1,0,0,Esc0
188,10.02,19.79,19.5,2.26,5.96,0.24,20.26,96.99,55.3,4187298.6,21.2,40.72,0.15,38.08,98.03,13.55,13.07,0,0,0,1,1,0,0,Esc0
189,9.9,19.65,19.52,2.24,5.81,0.24,18.63,96.92,54.74,4004452.04,22.17,41.87,0.16,35.96,98.13,12.97,13.33,0,0,0,1,1,0,0,Esc0
190,10.07,19.94,19.66,2.27,5.91,0.24,19.35,97.46,56.75,4124919.11,21.52,41.61,0.16,36.87,98.07,11.67,12.29,0,0,0,1,1,0,0,Esc0
191,10.16,20.05,19.72,2.27,5.99,0.24,20.53,97.93,57.97,4273984.08,20.77,40.91,0.16,38.32,97.99,10.76,12.26,0,0,0,1,1,0,0,Esc0
192,10.01,19.87,19.62,2.24,5.85,0.24,19.1,97.05,55.98,4073725.51,21.79,41.68,0.16,36.53,98.09,11.66,11.98,0,0,0,1,1,0,0,Esc0
193,10.04,19.92,19.58,2.26,6.04,0.24,21.2,97.22,55.88,4303332.9,20.63,40.19,0.15,39.18,97.98,12.21,11.98,0,0,0,1,1,0,0,Esc0
194,10.31,19.96,19.79,2.28,6.06,0.24,21.22,97.51,58.07,4338554.35,20.46,40.47,0.15,39.07,97.96,10.63,12.21,0,0,0,1,1,0,0,Esc0
195,10.38,20.66,19.85,2.3,6.14,0.25,21.84,98.4,59.91,4466959.15,19.87,40.27,0.15,39.86,97.9,10.28,11.88,0,0,0,1,1,0,0,Esc0
196,10.04,19.99,19.55,2.26,5.96,0.24,20.45,97.61,56.24,4237784.66,20.95,40.72,0.15,38.33,98.01,12.41,12.08,0,0,0,1,1,0,0,Esc0
197,9.87,19.53,19.45,2.24,5.84,0.24,18.99,97.01,54.76,4046488.47,21.94,41.55,0.16,36.51,98.11,13.5,13.23,0,0,0,1,1,0,0,Esc0
198,10.08,19.89,19.6,2.26,5.98,0.24,20.33,97.64,57.24,4243230.74,20.92,40.9,0.16,38.18,98.01,11.46,13.42,0,0,0,1,1,0,0,Esc0
199,9.99,20.02,19.48,2.25,5.92,0.24,20.0,97.01,55.17,4160448.54,21.34,40.88,0.15,37.78,98.05,13.39,12.88,0,0,0,1,1,0,0,Esc0
200,10.07,20.0,19.58,2.28,5.94,0.24,19.41,97.13,56.32,4116773.13,21.56,41.45,0.16,36.98,98.07,12.43,12.89,0,0,0,1,1,0,0,Esc0
201,10.1,19.84,19.73,2.28,5.96,0.24,19.66,97.49,57.03,4151592.06,21.38,41.44,0.16,37.18,98.05,11.51,12.04,0,0,0,1,1,0,0,Esc0
202,10.09,19.89,19.6,2.28,5.94,0.24,19.57,97.09,56.02,4123756.39,21.53,41.34,0.16,37.14,98.07,12.75,13.0,0,0,0,1,1,0,0,Esc0
203,9.74,19.84,19.37,2.22,5.85,0.24,19.0,97.26,54.3,4051818.84,21.91,41.48,0.15,36.61,98.1,13.45,12.93,0,0,0,1,1,0,0,Esc0
204,10.32,20.06,19.63,2.29,6.16,0.24,22.39,97.61,58.43,4494821.74,19.75,39.6,0.15,40.65,97.88,10.77,12.7,0,0,0,1,1,0,0,Esc0
205,9.84,19.71,19.29,2.25,5.92,0.24,20.02,97.2,54.76,4167579.64,21.3,40.69,0.15,38.01,98.05,13.3,13.95,0,0,0,1,1,0,0,Esc0
206,10.15,19.93,19.75,2.27,5.93,0.24,19.5,97.02,56.7,4117562.55,21.56,41.54,0.16,36.9,98.07,11.69,11.97,0,0,0,1,1,0,0,Esc0
207,9.83,19.63,19.44,2.24,5.8,0.24,18.59,97.08,54.61,4007739.08,22.15,41.85,0.16,36.01,98.13,13.6,12.58,0,0,0,1,1,0,0,Esc0
208,10.17,19.94,19.56,2.29,6.05,0.24,21.02,97.34,56.42,4296098.45,20.66,40.34,0.15,39.0,97.98,13.17,13.43,0,0,0,1,1,0,0,Esc0
209,10.09,19.59,19.57,2.28,5.96,0.24,20.05,97.3,56.34,4189925.58,21.19,41.01,0.15,37.8,98.03,12.68,12.81,0,0,0,1,1,0,0,Esc0
210,10.09,19.79,19.62,2.28,5.98,0.24,20.34,97.36,56.79,4228346.62,20.99,40.87,0.15,38.14,98.01,11.54,12.24,0,0,0,1,1,0,0,Esc0
211,10.31,19.66,19.87,2.31,6.11,0.25,21.2,98.07,59.64,4381210.43,20.26,40.67,0.16,39.06,97.94,9.62,11.87,0,0,0,1,1,0,0,Esc0
212,10.2,20.08,19.7,2.27,5.93,0.24,19.9,97.18,56.57,4163656.34,21.32,41.21,0.16,37.47,98.05,12.4,12.76,0,0,0,1,1,0,0,Esc0
213,9.99,19.6,19.66,2.26,5.9,0.24,19.03,97.62,56.53,4083579.39,21.74,41.82,0.16,36.44,98.09,11.11,11.78,0,0,0,1,1,0,0,Esc0
214,10.15,19.73,19.74,2.26,5.93,0.24,19.97,97.05,56.63,4166636.11,21.3,41.18,0.16,37.51,98.05,11.43,12.38,0,0,0,1,1,0,0,Esc0
215,10.02,20.09,19.72,2.26,5.87,0.24,18.71,97.73,56.91,4059191.89,21.87,42.14,0.16,35.99,98.1,10.78,11.83,0,0,0,1,1,0,0,Esc0
216,10.19,19.62,19.81,2.27,5.95,0.24,19.86,97.86,57.93,4195598.55,21.16,41.45,0.16,37.4,98.03,10.28,11.96,0,0,0,1,1,0,0,Esc0
217,10.07,19.72,19.6,2.28,5.99,0.24,20.46,97.56,56.96,4253787.23,20.87,40.8,0.15,38.33,98.0,11.9,12.52,0,0,0,1,1,0,0,Esc0
218,10.09,20.09,19.64,2.26,5.89,0.24,19.52,97.21,56.39,4128239.14,21.5,41.44,0.16,37.06,98.07,11.91,12.5,0,0,0,1,1,0,0,Esc0
219,10.07,19.58,19.65,2.28,5.94,0.24,19.67,97.4,56.16,4141177.64,21.44,41.33,0.16,37.24,98.06,12.51,12.38,0,0,0,1,1,0,0,Esc0
220,10.04,20.0,19.53,2.26,5.91,0.24,19.93,96.75,55.33,4148563.62,21.4,40.96,0.15,37.64,98.06,13.73,13.06,0,0,0,1,1,0,0,Esc0
221,9.72,19.86,19.15,2.22,5.88,0.24,19.82,96.75,53.35,4122221.51,21.53,40.62,0.15,37.84,98.07,14.64,13.86,0,0,0,1,1,0,0,Esc0
222,10.12,19.92,19.62,2.27,6.06,0.24,21.12,97.43,57.1,4320642.11,20.54,40.36,0.15,39.09,97.97,11.32,12.38,0,0,0,1,1,0,0,Esc0
223,10.08,19.5,19.64,2.27,5.96,0.24,19.94,97.15,56.32,4173180.42,21.27,41.13,0.16,37.6,98.04,12.26,11.86,0,0,0,1,1,0,0,Esc0
224,9.96,19.86,19.52,2.25,5.91,0.24,19.76,96.93,55.46,4138127.42,21.45,41.1,0.15,37.44,98.06,12.39,12.09,0,0,0,1,1,0,0,Esc0
225,9.97,19.66,19.43,2.27,5.91,0.24,19.59,96.87,55.05,4116218.28,21.57,41.12,0.15,37.32,98.07,14.06,13.26,0,0,0,1,1,0,0,Esc0
226,10.13,20.05,19.6,2.27,5.99,0.24,20.8,97.23,56.76,4274619.94,20.77,40.53,0.15,38.71,97.99,11.52,12.45,0,0,0,1,1,0,0,Esc0
227,10.0,19.84,19.58,2.26,5.91,0.24,19.43,97.28,55.72,4112399.56,21.59,41.43,0.16,36.99,98.07,12.51,11.67,0,0,0,1,1,0,0,Esc0
228,10.34,19.94,19.75,2.31,6.02,0.24,20.9,97.5,57.84,4297872.44,20.65,40.64,0.16,38.71,97.98,12.17,13.27,0,0,0,1,1,0,0,Esc0
229,10.11,19.93,19.65,2.28,5.99,0.24,20.58,97.78,57.21,4272981.62,20.77,40.79,0.15,38.44,97.99,11.78,12.07,0,0,0,1,1,0,0,Esc0
230,10.16,20.52,19.66,2.28,6.01,0.24,20.93,97.58,57.08,4302842.72,20.63,40.54,0.15,38.83,97.98,12.19,12.17,0,0,0,1,1,0,0,Esc0
231,10.03,20.14,19.74,2.24,5.8,0.24,18.5,97.51,56.29,4015926.42,22.1,42.26,0.16,35.63,98.12,11.75,11.75,0,0,0,1,1,0,0,Esc0
232,9.81,19.58,19.47,2.24,5.82,0.24,18.66,97.22,54.48,4007053.13,22.15,41.8,0.16,36.05,98.13,13.1,12.81,0,0,0,1,1,0,0,Esc0
233,9.97,19.96,19.57,2.25,5.95,0.24,20.19,97.28,55.67,4193173.22,21.17,40.88,0.15,37.95,98.03,12.4,12.05,0,0,0,1,1,0,0,Esc0
234,10.05,20.09,19.45,2.27,6.06,0.24,21.65,97.34,55.79,4364493.95,20.34,39.79,0.15,39.87,97.95,13.22,13.33,0,0,0,1,1,0,0,Esc0
235,10.3,20.45,19.66,2.29,6.1,0.24,21.58,97.76,58.32,4404280.59,20.15,40.17,0.15,39.68,97.93,11.76,12.99,0,0,0,1,1,0,0,Esc0
236,10.35,19.63,19.9,2.3,6.05,0.24,20.57,97.8,59.38,4295824.88,20.66,41.1,0.16,38.23,97.98,9.79,11.85,0,0,0,1,1,0,0,Esc0
237,10.11,20.11,19.6,2.28,5.97,0.24,20.43,97.06,56.05,4218460.48,21.04,40.73,0.15,38.22,98.02,12.71,12.91,0,0,0,1,1,0,0,Esc0
238,9.99,20.19,19.59,2.25,5.93,0.24,19.97,97.46,56.09,4179733.94,21.24,41.08,0.15,37.68,98.04,11.88,12.04,0,0,0,1,1,0,0,Esc0
239,9.94,19.64,19.57,2.26,5.94,0.25,19.65,97.8,56.41,4160688.15,21.33,41.32,0.16,37.35,98.05,12.11,11.9,0,0,0,1,1,0,0,Esc0
240,9.72,19.82,19.51,2.22,5.86,0.24,19.05,97.84,55.09,4072003.7,21.8,41.62,0.16,36.58,98.09,11.69,11.65,0,0,0,1,1,0,0,Esc0
241,9.94,20.16,19.56,2.25,5.93,0.24,20.04,97.64,56.13,4189472.35,21.19,41.0,0.15,37.81,98.04,12.08,12.2,0,0,0,1,1,0,0,Esc0
242,9.98,20.2,19.53,2.25,5.87,0.24,19.35,96.86,54.97,4082097.02,21.75,41.36,0.16,36.89,98.09,13.12,12.64,0,0,0,1,1,0,0,Esc0
243,10.36,19.94,19.72,2.29,6.07,0.24,21.56,97.28,58.26,4383994.63,20.25,40.2,0.15,39.55,97.94,11.13,12.7,0,0,0,1,1,0,0,Esc0
244,10.03,19.85,19.58,2.26,5.9,0.24,19.73,97.34,56.07,4149149.09,21.39,41.22,0.16,37.38,98.06,12.67,12.67,0,0,0,1,1,0,0,Esc0
245,10.18,19.82,19.69,2.28,6.01,0.24,20.73,97.68,57.45,4288018.28,20.7,40.71,0.15,38.58,97.99,10.88,12.11,0,0,0,1,1,0,0,Esc0
246,10.12,20.22,19.59,2.27,5.97,0.24,20.41,97.45,56.96,4242019.85,20.93,40.81,0.15,38.26,98.01,12.16,13.18,0,0,0,1,1,0,0,Esc0
247,10.13,19.99,19.61,2.29,5.97,0.24,20.55,97.5,56.4,4244096.57,20.92,40.7,0.15,38.38,98.01,12.74,12.73,0,0,0,1,1,0,0,Esc0
248,9.9,19.81,19.58,2.25,5.87,0.25,19.02,97.54,56.17,4086556.32,21.72,41.76,0.16,36.52,98.09,11.95,11.53,0,0,0,1,1,0,0,Esc0
249,10.22,20.28,19.62,2.29,6.09,0.24,21.49,97.73,57.86,4386830.3,20.23,40.17,0.15,39.6,97.94,11.46,13.06,0,0,0,1,1,0,0,Esc0
250,10.28,20.36,19.79,2.29,6.0,0.24,20.65,97.1,57.52,4257994.82,20.85,40.82,0.16,38.33,98.0,11.6,11.94,0,0,0,1,1,0,0,Esc0
251,10.2,20.11,19.63,2.28,6.0,0.24,20.19,97.37,56.77,4210914.08,21.08,40.98,0.16,37.94,98.02,12.92,13.32,0,0,0,1,1,0,0,Esc0
252,10.11,19.93,19.67,2.26,5.95,0.24,20.16,97.43,56.6,4195736.95,21.16,41.02,0.16,37.82,98.03,12.29,12.23,0,0,0,1,1,0,0,Esc0
253,9.98,19.52,19.48,2.26,5.96,0.24,20.16,97.56,56.27,4212353.71,21.07,40.86,0.15,38.07,98.02,12.54,13.22,0,0,0,1,1,0,0,Esc0
254,10.17,20.05,19.69,2.28,6.01,0.24,20.49,97.57,57.29,4253514.21,20.87,40.87,0.16,38.26,98.0,11.28,12.01,0,0,0,1,1,0,0,Esc0
255,10.27,19.84,19.84,2.3,6.0,0.24,20.09,97.89,58.65,4234931.19,20.96,41.35,0.16,37.69,98.01,10.56,12.33,0,0,0,1,1,0,0,Esc0
256,10.15,20.25,19.82,2.25,5.93,0.24,19.81,97.67,57.23,4165952.32,21.31,41.43,0.16,37.27,98.05,10.81,12.1,0,0,0,1,1,0,0,Esc0
257,10.25,20.08,19.82,2.29,6.05,0.25,21.15,98.36,58.86,4366001.82,20.33,40.64,0.16,39.03,97.95,9.92,12.31,0,0,0,1,1,0,0,Esc0
258,9.66,19.93,19.32,2.21,5.83,0.24,19.03,97.09,53.83,4042035.24,21.96,41.37,0.15,36.66,98.11,12.65,13.0,0,0,0,1,1,0,0,Esc0
259,10.08,19.77,19.75,2.28,5.94,0.24,19.18,97.69,57.24,4113703.4,21.58,41.85,0.16,36.57,98.07,11.69,12.2,0,0,0,1,1,0,0,Esc0
260,10.04,19.98,19.64,2.27,5.93,0.24,19.55,97.36,56.62,4138608.92,21.45,41.44,0.16,37.11,98.06,11.53,12.35,0,0,0,1,1,0,0,Esc0
261,10.25,20.2,19.66,2.29,6.1,0.24,21.96,97.66,57.42,4418427.66,20.09,39.85,0.15,40.06,97.92,11.33,12.86,0,0,0,1,1,0,0,Esc0
262,10.32,19.93,19.8,2.3,6.13,0.24,21.91,98.12,59.32,4455361.12,19.92,40.11,0.15,39.96,97.9,9.91,12.37,0,0,0,1,1,0,0,Esc0
263,10.15,19.74,19.69,2.28,6.01,0.25,20.57,97.88,58.23,4286646.49,20.71,40.87,0.16,38.42,97.99,10.47,12.91,0,0,0,1,1,0,0,Esc0
264,10.13,20.16,19.54,2.28,6.02,0.24,20.82,97.2,56.53,4276031.18,20.76,40.44,0.15,38.8,97.99,12.46,12.82,0,0,0,1,1,0,0,Esc0
265,10.16,20.02,19.53,2.28,6.03,0.24,21.14,97.05,56.58,4313034.46,20.58,40.22,0.15,39.2,97.97,12.61,12.74,0,0,0,1,1,0,0,Esc0
266,10.07,19.84,19.54,2.27,6.07,0.24,21.38,97.54,57.18,4361344.83,20.35,40.13,0.15,39.52,97.95,11.48,13.14,0,0,0,1,1,0,0,Esc0
267,10.24,19.72,19.72,2.29,6.05,0.24,21.29,97.55,57.53,4339272.27,20.46,40.34,0.15,39.2,97.96,11.26,12.54,0,0,0,1,1,0,0,Esc0
268,10.17,20.12,19.71,2.27,6.02,0.24,20.79,97.86,57.62,4294730.61,20.67,40.7,0.15,38.63,97.98,10.89,12.63,0,0,0,1,1,0,0,Esc0
269,10.02,19.74,19.48,2.26,5.88,0.24,19.45,96.96,55.52,4107603.86,21.61,41.29,0.16,37.1,98.08,13.38,13.02,0,0,0,1,1,0,0,Esc0
270,10.04,19.87,19.61,2.28,5.99,0.24,20.4,97.59,56.83,4243710.77,20.92,40.84,0.15,38.24,98.01,11.58,12.39,0,0,0,1,1,0,0,Esc0
271,10.25,20.12,19.67,2.28,6.05,0.24,21.53,97.26,57.29,4357986.63,20.37,40.12,0.15,39.51,97.95,11.42,12.68,0,0,0,1,1,0,0,Esc0
272,9.89,19.31,19.45,2.26,5.93,0.24,19.81,97.08,55.04,4143354.48,21.42,41.0,0.15,37.58,98.06,13.19,12.37,0,0,0,1,1,0,0,Esc0
273,10.38,20.22,19.81,2.32,6.08,0.24,21.32,97.72,59.25,4381643.12,20.26,40.51,0.16,39.23,97.94,10.26,12.19,0,0,0,1,1,0,0,Esc0
274,10.13,19.95,19.77,2.26,5.94,0.24,19.96,97.73,57.25,4190005.9,21.19,41.3,0.16,37.52,98.03,10.73,11.67,0,0,0,1,1,0,0,Esc0
275,10.27,20.04,19.81,2.29,6.06,0.24,21.21,97.65,58.57,4353470.16,20.39,40.54,0.15,39.07,97.95,10.4,11.78,0,0,0,1,1,0,0,Esc0
276,10.17,20.42,19.67,2.27,6.01,0.24,20.78,97.44,57.17,4282957.69,20.73,40.64,0.15,38.63,97.99,10.94,12.3,0,0,0,1,1,0,0,Esc0
277,10.09,19.81,19.73,2.25,5.92,0.24,19.94,97.36,56.31,4162978.25,21.32,41.2,0.16,37.47,98.05,12.02,12.62,0,0,0,1,1,0,0,Esc0
278,10.04,19.99,19.65,2.26,5.89,0.24,19.2,97.6,56.45,4103534.67,21.63,41.7,0.16,36.66,98.08,12.08,11.85,0,0,0,1,1,0,0,Esc0
279,9.93,20.04,19.41,2.26,5.93,0.24,20.25,96.71,54.52,4170777.49,21.28,40.59,0.15,38.12,98.04,13.89,13.18,0,0,0,1,1,0,0,Esc0
280,10.09,19.83,19.55,2.29,5.94,0.24,19.88,96.79,55.8,4152260.17,21.38,41.05,0.15,37.57,98.05,13.1,12.83,0,0,0,1,1,0,0,Esc0
281,10.37,19.9,19.83,2.3,6.11,0.24,21.54,97.44,59.04,4389100.69,20.22,40.34,0.15,39.44,97.93,9.78,11.7,0,0,0,1,1,0,0,Esc0
282,10.18,20.15,19.71,2.28,6.06,0.24,21.24,97.98,57.86,4348998.75,20.41,40.41,0.15,39.18,97.95,10.99,13.07,0,0,0,1,1,0,0,Esc0
283,9.98,19.95,19.54,2.26,5.91,0.25,19.54,97.76,56.59,4158652.18,21.35,41.4,0.16,37.26,98.05,12.29,12.58,0,0,0,1,1,0,0,Esc0
284,10.16,20.21,19.59,2.28,6.02,0.24,20.98,97.09,56.61,4286347.81,20.71,40.38,0.15,38.91,97.99,12.46,12.83,0,0,0,1,1,0,0,Esc0
285,10.35,19.82,19.86,2.32,6.03,0.24,20.18,97.6,58.83,4247589.96,20.9,41.32,0.16,37.79,98.0,10.68,12.03,0,0,0,1,1,0,0,Esc0
286,10.24,20.22,19.71,2.29,6.06,0.24,21.03,97.32,57.77,4316932.39,20.56,40.52,0.15,38.92,97.97,11.01,12.6,0,0,0,1,1,0,0,Esc0
287,10.11,19.73,19.64,2.26,6.01,0.24,20.93,97.44,57.48,4306878.05,20.61,40.52,0.15,38.87,97.98,10.18,12.25,0,0,0,1,1,0,0,Esc0
288,10.05,20.19,19.5,2.26,5.99,0.24,20.73,97.45,56.51,4277800.48,20.75,40.5,0.15,38.75,97.99,12.14,13.32,0,0,0,1,1,0,0,Esc0
289,10.0,19.86,19.47,2.27,6.0,0.24,21.1,96.81,55.44,4277570.06,20.75,40.11,0.15,39.13,97.99,12.8,12.59,0,0,0,1,1,0,0,Esc0
290,10.32,20.29,19.72,2.3,6.12,0.24,22.17,96.87,57.3,4416186.04,20.1,39.72,0.15,40.18,97.92,11.72,12.44,0,0,0,1,1,0,0,Esc0
291,10.38,19.61,20.03,2.3,6.04,0.24,20.42,98.14,59.54,4278909.59,20.75,41.32,0.16,37.93,97.99,9.49,11.66,0,0,0,1,1,0,0,Esc0
292,10.34,19.87,19.75,2.3,6.06,0.24,21.18,97.78,58.61,4357229.82,20.37,40.52,0.15,39.11,97.95,11.17,12.83,0,0,0,1,1,0,0,Esc0
293,10.0,19.94,19.52,2.26,5.94,0.24,20.23,97.58,56.03,4209645.97,21.09,40.82,0.15,38.09,98.03,12.79,13.14,0,0,0,1,1,0,0,Esc0
294,10.03,19.99,19.6,2.26,5.91,0.24,19.87,97.59,56.64,4179703.62,21.24,41.19,0.16,37.57,98.04,12.03,12.56,0,0,0,1,1,0,0,Esc0
295,10.11,19.8,19.66,2.28,5.95,0.24,19.98,97.34,56.23,4172272.91,21.28,41.12,0.16,37.61,98.04,12.58,12.53,0,0,0,1,1,0,0,Esc0
296,10.23,20.01,19.66,2.29,6.0,0.24,20.63,97.04,57.36,4265890.09,20.81,40.72,0.15,38.47,98.0,11.98,12.45,0,0,0,1,1,0,0,Esc0
297,10.1,19.91,19.55,2.27,5.96,0.24,20.3,97.36,56.95,4234626.66,20.96,40.85,0.15,38.19,98.01,12.0,12.66,0,0,0,1,1,0,0,Esc0
298,10.25,20.12,19.78,2.28,6.05,0.24,20.77,97.81,57.89,4292473.86,20.68,40.78,0.16,38.54,97.98,11.24,12.5,0,0,0,1,1,0,0,Esc0
299,9.93,19.89,19.5,2.26,5.84,0.24,18.87,97.13,55.08,4039336.93,21.98,41.71,0.16,36.32,98.11,13.39,12.89,0,0,0,1,1,0,0,Esc0
300,10.1,20.0,19.64,2.28,5.96,0.24,20.29,97.45,57.08,4231750.54,20.98,40.95,0.16,38.07,98.01,11.78,12.2,0,0,0,1,1,0,0,Esc0
301,10.41,19.83,19.68,2.32,6.13,0.25,21.69,97.45,58.91,4421047.7,20.08,40.12,0.15,39.8,97.92,11.2,13.67,0,0,0,1,1,0,0,Esc0
302,10.25,20.49,19.78,2.28,6.03,0.24,21.09,97.61,57.93,4328164.28,20.51,40.57,0.15,38.92,97.97,11.28,11.43,0,0,0,1,1,0,0,Esc0
303,10.08,19.89,19.64,2.26,5.94,0.25,19.78,97.98,57.73,4199842.72,21.14,41.36,0.16,37.5,98.03,10.85,12.58,0,0,0,1,1,0,0,Esc0
304,10.13,19.83,19.74,2.27,5.92,0.24,19.67,97.52,57.01,4155016.49,21.36,41.45,0.16,37.18,98.05,11.36,12.05,0,0,0,1,1,0,0,Esc0
305,10.18,19.91,19.71,2.27,5.99,0.24,20.66,97.37,57.4,4267824.67,20.8,40.75,0.15,38.45,98.0,11.26,12.11,0,0,0,1,1,0,0,Esc0
306,10.01,19.45,19.53,2.26,5.98,0.24,20.49,97.5,56.63,4253720.27,20.87,40.69,0.15,38.44,98.0,11.82,12.6,0,0,0,1,1,0,0,Esc0
307,10.1,19.88,19.57,2.27,6.04,0.24,20.85,97.64,56.9,4297852.92,20.65,40.5,0.15,38.84,97.98,11.93,12.7,0,0,0,1,1,0,0,Esc0
308,9.95,19.98,19.7,2.25,5.9,0.24,19.49,97.9,57.07,4148640.57,21.4,41.58,0.16,37.02,98.06,10.26,11.55,0,0,0,1,1,0,0,Esc0
309,9.99,19.34,19.52,2.24,5.83,0.24,19.1,96.88,54.9,4052822.51,21.9,41.53,0.16,36.57,98.1,13.41,12.91,0,0,0,1,1,0,0,Esc0
310,10.1,19.95,19.69,2.27,6.03,0.24,20.75,97.87,57.82,4301914.61,20.63,40.73,0.15,38.63,97.98,10.4,12.19,0,0,0,1,1,0,0,Esc0
311,9.81,19.9,19.45,2.24,5.91,0.24,19.58,97.59,55.43,4138254.67,21.45,41.22,0.15,37.33,98.06,12.95,12.37,0,0,0,1,1,0,0,Esc0
312,9.9,20.14,19.53,2.25,5.91,0.24,19.87,97.61,55.57,4163549.69,21.32,41.07,0.15,37.61,98.05,12.73,12.7,0,0,0,1,1,0,0,Esc0
313,9.86,19.82,19.42,2.22,5.82,0.24,19.01,96.89,54.15,4036597.15,21.99,41.48,0.15,36.53,98.11,13.97,13.26,0,0,0,1,1,0,0,Esc0
314,10.15,19.88,19.7,2.26,5.95,0.24,20.19,97.86,57.91,4232997.94,20.97,41.11,0.16,37.92,98.01,10.31,12.64,0,0,0,1,1,0,0,Esc0
315,10.13,19.99,19.68,2.28,6.02,0.24,20.69,97.88,57.46,4287938.51,20.7,40.75,0.15,38.55,97.98,11.36,12.28,0,0,0,1,1,0,0,Esc0
316,10.37,19.57,19.92,2.31,6.1,0.24,21.48,97.79,59.11,4386949.38,20.23,40.48,0.16,39.29,97.93,10.05,11.39,0,0,0,1,1,0,0,Esc0
317,10.17,20.17,19.76,2.28,6.03,0.24,20.72,97.81,58.16,4298112.55,20.65,40.82,0.16,38.53,97.98,10.58,11.71,0,0,0,1,1,0,0,Esc0
318,10.06,19.7,19.5,2.26,5.96,0.24,20.5,96.64,55.36,4207690.23,21.1,40.55,0.15,38.36,98.03,13.18,12.79,0,0,0,1,1,0,0,Esc0
319,10.57,20.35,19.98,2.34,6.15,0.24,21.87,97.93,60.38,4454182.29,19.93,40.33,0.16,39.74,97.9,9.75,12.42,0,0,0,1,1,0,0,Esc0
320,10.06,20.16,19.68,2.26,5.91,0.24,19.48,97.43,56.15,4118831.57,21.55,41.48,0.16,36.96,98.07,12.49,12.55,0,0,0,1,1,0,0,Esc0
321,10.02,19.82,19.63,2.26,5.99,0.25,20.39,97.9,57.23,4259121.87,20.84,40.91,0.15,38.25,98.0,10.76,11.57,0,0,0,1,1,0,0,Esc0
322,9.97,19.95,19.68,2.23,5.83,0.24,19.18,97.77,56.56,4101151.07,21.64,41.74,0.16,36.61,98.08,11.02,12.07,0,0,0,1,1,0,0,Esc0
323,9.95,19.76,19.56,2.25,5.9,0.24,19.1,97.57,56.06,4090954.9,21.7,41.67,0.16,36.63,98.08,11.7,11.97,0,0,0,1,1,0,0,Esc0
324,10.23,20.17,19.64,2.29,5.99,0.24,20.39,96.94,56.01,4204340.2,21.11,40.78,0.15,38.1,98.03,13.05,13.29,0,0,0,1,1,0,0,Esc0
325,9.95,20.09,19.57,2.25,5.93,0.24,19.98,97.46,55.59,4166859.28,21.3,41.01,0.15,37.69,98.05,13.19,12.25,0,0,0,1,1,0,0,Esc0
326,10.26,19.88,19.81,2.31,6.03,0.24,20.72,97.69,58.33,4296996.06,20.66,40.87,0.16,38.47,97.98,11.0,11.58,0,0,0,1,1,0,0,Esc0
327,10.06,20.19,19.67,2.27,5.96,0.24,20.43,97.5,56.61,4234102.71,20.96,40.85,0.15,38.19,98.01,12.1,11.88,0,0,0,1,1,0,0,Esc0
328,9.99,19.6,19.7,2.24,5.86,0.24,19.01,97.31,55.57,4050225.45,21.92,41.79,0.16,36.29,98.1,12.16,12.1,0,0,0,1,1,0,0,Esc0
329,9.99,19.75,19.56,2.26,5.99,0.24,20.14,97.4,56.38,4208332.59,21.09,40.95,0.15,37.96,98.02,11.58,12.22,0,0,0,1,1,0,0,Esc0
330,10.07,19.93,19.6,2.28,5.96,0.24,20.11,97.4,56.33,4193905.13,21.17,40.99,0.15,37.84,98.03,12.51,13.17,0,0,0,1,1,0,0,Esc0
331,10.06,20.06,19.57,2.24,5.92,0.24,20.24,97.18,56.06,4195272.3,21.16,40.83,0.15,38.01,98.03,11.98,13.31,0,0,0,1,1,0,0,Esc0
332,10.24,20.27,19.74,2.31,6.06,0.24,21.03,97.59,57.7,4316057.76,20.57,40.54,0.15,38.89,97.97,12.28,12.67,0,0,0,1,1,0,0,Esc0
333,10.22,20.11,19.68,2.3,6.04,0.24,20.83,97.67,57.85,4309733.67,20.6,40.67,0.15,38.74,97.97,11.21,12.54,0,0,0,1,1,0,0,Esc0
334,10.2,19.88,19.74,2.27,6.04,0.25,21.19,98.22,58.68,4367668.5,20.32,40.52,0.15,39.15,97.95,9.83,12.04,0,0,0,1,1,0,0,Esc0
335,10.12,19.73,19.58,2.28,6.02,0.24,21.11,97.55,57.11,4326949.27,20.51,40.35,0.15,39.14,97.97,11.94,12.54,0,0,0,1,1,0,0,Esc0
336,9.97,19.62,19.58,2.28,5.95,0.25,19.64,97.65,56.57,4160474.75,21.34,41.35,0.16,37.32,98.05,12.06,12.1,0,0,0,1,1,0,0,Esc0
337,9.82,20.03,19.46,2.24,5.86,0.24,19.33,97.23,54.6,4081333.89,21.75,41.31,0.15,36.94,98.09,13.64,13.19,0,0,0,1,1,0,0,Esc0
338,9.95,19.99,19.61,2.23,5.86,0.24,19.27,97.41,55.43,4086710.84,21.72,41.54,0.16,36.74,98.09,12.31,12.34,0,0,0,1,1,0,0,Esc0
339,10.18,19.78,19.81,2.28,6.01,0.25,20.22,97.96,58.27,4249432.08,20.89,41.24,0.16,37.88,98.0,10.56,11.44,0,0,0,1,1,0,0,Esc0
340,10.44,20.39,19.93,2.31,6.05,0.24,20.82,97.58,58.41,4295480.19,20.67,40.89,0.16,38.45,97.98,11.42,12.22,0,0,0,1,1,0,0,Esc0
341,9.9,19.62,19.63,2.24,5.92,0.25,19.36,97.93,56.54,4131362.26,21.49,41.59,0.16,36.92,98.06,11.19,11.56,0,0,0,1,1,0,0,Esc0
342,9.94,19.43,19.39,2.25,5.97,0.24,20.88,97.07,55.34,4267432.22,20.8,40.22,0.15,38.98,98.0,12.32,12.8,0,0,0,1,1,0,0,Esc0
343,10.16,19.71,19.54,2.29,5.97,0.24,20.16,97.27,56.61,4208801.97,21.09,40.92,0.15,37.99,98.02,12.58,12.96,0,0,0,1,1,0,0,Esc0
344,9.87,19.67,19.46,2.24,5.87,0.24,19.46,96.8,54.25,4079136.28,21.76,41.17,0.15,37.07,98.09,13.38,12.47,0,0,0,1,1,0,0,Esc0
345,10.26,20.2,19.85,2.29,5.94,0.24,19.64,97.55,57.79,4157965.51,21.35,41.6,0.16,37.05,98.05,11.54,12.07,0,0,0,1,1,0,0,Esc0
346,9.84,20.42,19.38,2.23,5.88,0.24,19.46,96.75,53.98,4082317.73,21.74,41.11,0.15,37.15,98.09,13.69,13.13,0,0,0,1,1,0,0,Esc0
347,10.26,20.01,19.76,2.29,6.05,0.24,21.13,97.73,58.04,4338171.04,20.46,40.54,0.15,39.0,97.96,11.09,12.04,0,0,0,1,1,0,0,Esc0
348,9.95,19.51,19.43,2.25,6.01,0.24,20.54,97.26,55.47,4232279.84,20.97,40.5,0.15,38.53,98.01,13.39,12.83,0,0,0,1,1,0,0,Esc0
349,10.18,20.17,19.73,2.28,6.02,0.24,20.58,97.92,57.78,4277408.54,20.75,40.88,0.16,38.36,97.99,11.22,12.56,0,0,0,1,1,0,0,Esc0
350,10.17,19.98,19.63,2.28,5.98,0.24,20.36,97.06,56.11,4208426.01,21.09,40.81,0.15,38.1,98.02,13.13,12.99,0,0,0,1,1,0,0,Esc0
351,10.41,19.9,19.92,2.31,6.12,0.24,21.7,98.12,59.56,4429318.65,20.04,40.37,0.15,39.59,97.91,9.75,11.49,0,0,0,1,1,0,0,Esc0
352,9.96,19.91,19.55,2.24,5.93,0.24,19.78,97.39,55.8,4154634.6,21.37,41.16,0.15,37.48,98.05,11.74,12.29,0,0,0,1,1,0,0,Esc0
353,10.3,19.93,19.83,2.3,6.04,0.24,21.1,98.09,58.84,4355235.97,20.38,40.67,0.16,38.95,97.95,10.83,12.78,0,0,0,1,1,0,0,Esc0
354,9.96,19.9,19.56,2.28,5.97,0.25,19.97,97.7,56.84,4205337.98,21.11,41.12,0.16,37.77,98.03,11.8,11.71,0,0,0,1,1,0,0,Esc0
355,10.34,19.84,19.81,2.31,6.18,0.24,22.0,97.94,59.28,4465189.31,19.88,40.08,0.15,40.04,97.89,10.08,11.68,0,0,0,1,1,0,0,Esc0
356,10.12,19.89,19.48,2.29,5.96,0.24,20.3,96.83,55.98,4204082.36,21.11,40.71,0.15,38.18,98.03,13.07,13.51,0,0,0,1,1,0,0,Esc0
357,9.95,19.74,19.6,2.25,5.88,0.24,19.4,97.48,55.72,4106576.95,21.62,41.46,0.16,36.93,98.08,12.59,12.64,0,0,0,1,1,0,0,Esc0
358,9.91,19.78,19.45,2.24,5.86,0.24,19.08,96.87,54.61,4047671.96,21.93,41.46,0.16,36.61,98.1,13.73,13.54,0,0,0,1,1,0,0,Esc0
359,10.17,19.88,19.66,2.27,6.05,0.24,21.44,98.01,57.84,4381833.19,20.26,40.24,0.15,39.5,97.94,11.07,12.06,0,0,0,1,1,0,0,Esc0
360,9.77,19.53,19.51,2.23,5.82,0.24,18.42,97.49,55.21,4005523.59,22.16,42.08,0.16,35.76,98.13,12.27,12.02,0,0,0,1,1,0,0,Esc0
361,10.31,20.09,19.69,2.31,6.05,0.24,20.99,97.21,57.73,4312709.97,20.58,40.53,0.15,38.89,97.97,12.29,12.3,0,0,0,1,1,0,0,Esc0
362,10.22,19.9,19.65,2.29,6.04,0.24,20.92,97.76,57.74,4315587.76,20.57,40.57,0.15,38.86,97.97,11.59,12.61,0,0,0,1,1,0,0,Esc0
363,10.22,19.84,19.66,2.29,6.1,0.24,22.09,97.78,58.04,4452528.92,19.94,39.81,0.15,40.26,97.9,11.2,13.03,0,0,0,1,1,0,0,Esc0
364,9.81,19.06,19.45,2.24,5.85,0.24,18.89,97.35,55.13,4051828.79,21.91,41.66,0.16,36.43,98.1,12.81,13.31,0,0,0,1,1,0,0,Esc0
365,10.09,19.65,19.57,2.29,5.95,0.24,20.0,97.34,56.98,4200429.18,21.13,41.09,0.16,37.78,98.03,11.84,12.25,0,0,0,1,1,0,0,Esc0
366,9.96,20.17,19.53,2.25,5.9,0.24,19.51,97.05,54.97,4097430.12,21.66,41.25,0.15,37.08,98.08,13.37,13.04,0,0,0,1,1,0,0,Esc0
367,10.3,19.77,19.88,2.3,6.05,0.24,20.72,98.06,59.08,4315109.16,20.57,40.98,0.16,38.45,97.97,9.76,11.6,0,0,0,1,1,0,0,Esc0
368,10.16,19.85,19.78,2.27,5.95,0.24,19.94,97.57,57.59,4195167.53,21.16,41.33,0.16,37.51,98.03,10.85,11.5,0,0,0,1,1,0,0,Esc0
369,9.8,19.77,19.52,2.23,5.84,0.24,19.06,97.45,54.78,4059208.69,21.87,41.59,0.16,36.55,98.1,13.02,12.76,0,0,0,1,1,0,0,Esc0
370,9.99,19.81,19.58,2.25,5.9,0.24,19.24,96.97,55.54,4081235.04,21.75,41.53,0.16,36.72,98.09,12.42,12.19,0,0,0,1,1,0,0,Esc0
371,9.83,19.48,19.41,2.24,5.83,0.24,18.58,96.92,54.3,3998841.97,22.2,41.79,0.16,36.01,98.13,13.91,12.62,0,0,0,1,1,0,0,Esc0
372,9.98,19.7,19.51,2.25,5.94,0.24,20.19,97.37,55.83,4197419.98,21.15,40.83,0.15,38.02,98.03,12.6,13.06,0,0,0,1,1,0,0,Esc0
373,9.89,20.01,19.38,2.23,5.83,0.24,19.32,97.0,54.12,4072002.03,21.8,41.22,0.15,36.98,98.09,14.72,13.35,0,0,0,1,1,0,0,Esc0
374,9.96,19.73,19.61,2.25,5.94,0.24,19.69,97.5,56.29,4151238.9,21.38,41.29,0.16,37.33,98.05,11.35,12.34,0,0,0,1,1,0,0,Esc0
375,10.21,20.09,19.54,2.26,6.02,0.24,21.44,97.32,56.72,4344424.23,20.43,40.03,0.15,39.53,97.96,12.61,13.73,0,0,0,1,1,0,0,Esc0
376,9.66,19.49,19.41,2.21,5.77,0.24,18.44,97.33,53.74,3982332.35,22.29,41.89,0.16,35.82,98.14,13.65,12.12,0,0,0,1,1,0,0,Esc0
377,10.02,20.0,19.64,2.25,5.99,0.25,20.5,98.05,57.3,4268844.13,20.79,40.83,0.15,38.37,98.0,10.91,12.26,0,0,0,1,1,0,0,Esc0
378,10.0,19.8,19.65,2.23,5.88,0.24,19.47,97.77,56.62,4136718.21,21.46,41.52,0.16,37.02,98.06,11.08,11.92,0,0,0,1,1,0,0,Esc0
379,9.92,19.63,19.58,2.25,5.87,0.24,19.04,97.14,55.57,4062756.98,21.85,41.67,0.16,36.48,98.1,12.31,12.55,0,0,0,1,1,0,0,Esc0
380,10.28,19.94,19.74,2.3,6.07,0.24,20.83,97.49,57.71,4296402.98,20.66,40.69,0.15,38.65,97.98,11.84,12.29,0,0,0,1,1,0,0,Esc0
381,9.97,19.82,19.55,2.25,5.99,0.24,20.12,97.64,56.51,4209331.68,21.09,40.96,0.15,37.95,98.02,11.57,12.96,0,0,0,1,1,0,0,Esc0
382,10.03,20.33,19.61,2.26,5.99,0.24,20.59,97.6,56.55,4252213.7,20.88,40.67,0.15,38.45,98.0,11.44,12.28,0,0,0,1,1,0,0,Esc0
383,10.09,20.04,19.63,2.26,5.98,0.24,20.58,97.48,56.78,4255356.62,20.86,40.72,0.15,38.42,98.0,12.12,12.38,0,0,0,1,1,0,0,Esc0
384,9.79,19.71,19.45,2.24,5.83,0.24,18.43,97.01,54.56,3987084.01,22.26,41.96,0.16,35.78,98.13,13.14,13.08,0,0,0,1,1,0,0,Esc0
385,10.22,20.22,19.7,2.29,6.03,0.24,20.93,97.7,57.95,4318271.33,20.56,40.61,0.15,38.83,97.97,11.2,12.37,0,0,0,1,1,0,0,Esc0
386,10.19,19.7,19.71,2.29,6.07,0.24,21.32,97.81,58.23,4366511.53,20.33,40.37,0.15,39.3,97.95,10.47,12.41,0,0,0,1,1,0,0,Esc0
387,9.93,19.83,19.42,2.25,5.96,0.24,20.59,97.63,55.62,4250832.14,20.88,40.48,0.15,38.64,98.01,12.88,12.9,0,0,0,1,1,0,0,Esc0
388,10.27,19.91,19.7,2.3,6.09,0.24,21.29,97.16,57.62,4341190.1,20.45,40.33,0.15,39.22,97.96,11.46,12.13,0,0,0,1,1,0,0,Esc0
389,10.03,19.82,19.57,2.27,5.96,0.24,19.97,97.04,56.21,4173963.29,21.27,41.04,0.16,37.7,98.04,12.23,12.81,0,0,0,1,1,0,0,Esc0
390,10.03,19.79,19.59,2.26,5.92,0.24,19.76,97.63,56.65,4166034.99,21.31,41.25,0.16,37.45,98.05,11.67,12.64,0,0,0,1,1,0,0,Esc0
391,9.91,19.7,19.61,2.23,5.81,0.24,18.45,97.27,55.05,3992362.4,22.23,42.11,0.16,35.66,98.13,12.85,12.41,0,0,0,1,1,0,0,Esc0
392,10.07,19.93,19.57,2.28,5.96,0.24,20.19,97.32,56.36,4208326.96,21.09,40.91,0.15,38.0,98.02,12.89,12.81,0,0,0,1,1,0,0,Esc0
393,10.08,20.01,19.7,2.25,5.97,0.24,20.46,97.95,57.41,4262266.22,20.83,40.92,0.16,38.25,98.0,11.38,12.05,0,0,0,1,1,0,0,Esc0
394,9.93,19.86,19.5,2.25,5.96,0.24,20.06,97.34,55.44,4179404.06,21.24,40.9,0.15,37.86,98.04,13.51,12.41,0,0,0,1,1,0,0,Esc0
395,10.26,19.8,19.69,2.29,6.0,0.24,20.13,97.38,57.57,4217905.33,21.05,41.12,0.16,37.84,98.02,11.58,12.53,0,0,0,1,1,0,0,Esc0
396,9.99,19.94,19.6,2.26,5.88,0.24,19.44,97.58,55.9,4116292.94,21.56,41.45,0.16,36.99,98.07,12.69,12.73,0,0,0,1,1,0,0,Esc0
397,10.15,19.76,19.72,2.27,6.03,0.24,20.86,97.88,58.05,4316923.36,20.56,40.69,0.15,38.74,97.97,11.04,11.79,0,0,0,1,1,0,0,Esc0
398,9.96,19.7,19.36,2.27,5.93,0.24,19.94,97.18,55.24,4167688.47,21.3,40.84,0.15,37.86,98.05,13.66,13.69,0,0,0,1,1,0,0,Esc0
399,10.0,20.14,19.62,2.24,5.85,0.24,18.93,97.22,55.6,4051044.82,21.91,41.8,0.16,36.29,98.1,12.67,12.44,0,0,0,1,1,0,0,Esc0
400,10.2,19.89,19.7,2.3,6.03,0.24,20.6,97.63,57.89,4284584.66,20.72,40.84,0.16,38.44,97.99,11.17,12.02,0,0,0,1,1,0,0,Esc0
401,9.89,19.88,19.43,2.25,5.89,0.24,19.31,97.22,55.54,4105453.94,21.62,41.37,0.16,37.01,98.08,12.22,12.6,0,0,0,1,1,0,0,Esc0
402,10.03,20.19,19.62,2.26,6.03,0.24,20.84,97.49,56.49,4278998.99,20.74,40.52,0.15,38.74,97.99,11.55,11.96,0,0,0,1,1,0,0,Esc0
403,10.05,19.97,19.59,2.28,6.03,0.24,20.8,97.61,56.85,4286410.51,20.71,40.55,0.15,38.74,97.98,11.76,12.87,0,0,0,1,1,0,0,Esc0
404,10.05,19.83,19.55,2.28,5.96,0.24,20.24,97.24,56.35,4212441.13,21.07,40.86,0.15,38.07,98.02,12.18,12.48,0,0,0,1,1,0,0,Esc0
405,10.38,19.79,19.81,2.32,6.2,0.25,22.41,98.12,59.93,4526691.29,19.61,39.83,0.15,40.56,97.86,9.94,12.25,0,0,0,1,1,0,0,Esc0
406,10.19,19.88,19.73,2.29,5.99,0.24,20.35,97.68,57.83,4249506.03,20.89,41.02,0.16,38.09,98.0,11.16,11.83,0,0,0,1,1,0,0,Esc0
407,10.17,20.3,19.84,2.27,6.0,0.24,20.25,97.82,58.17,4240339.64,20.93,41.22,0.16,37.85,98.01,9.97,10.92,0,0,0,1,1,0,0,Esc0
408,10.07,19.62,19.7,2.27,6.01,0.25,20.35,97.95,57.66,4256497.59,20.85,41.02,0.16,38.13,98.0,10.67,11.87,0,0,0,1,1,0,0,Esc0
409,10.22,20.23,19.75,2.29,6.04,0.24,20.89,98.01,58.18,4317208.14,20.56,40.7,0.16,38.74,97.97,10.96,11.99,0,0,0,1,1,0,0,Esc0
410,10.04,19.74,19.59,2.26,5.93,0.24,19.96,97.34,56.41,4176999.75,21.25,41.08,0.16,37.67,98.04,11.84,12.9,0,0,0,1,1,0,0,Esc0
411,10.14,19.88,19.72,2.28,6.01,0.24,20.59,97.81,57.99,4284219.23,20.72,40.87,0.16,38.41,97.99,10.64,11.79,0,0,0,1,1,0,0,Esc0
412,10.28,19.77,19.88,2.3,6.12,0.25,21.26,98.42,60.08,4405024.09,20.15,40.69,0.16,39.16,97.92,9.23,11.67,0,0,0,1,1,0,0,Esc0
413,10.0,19.72,19.56,2.27,5.92,0.24,19.65,97.48,56.06,4144670.74,21.42,41.27,0.16,37.31,98.06,12.71,13.21,0,0,0,1,1,0,0,Esc0
414,10.37,20.52,19.87,2.29,6.01,0.24,20.98,97.8,58.77,4329254.79,20.5,40.76,0.16,38.74,97.97,10.88,12.14,0,0,0,1,1,0,0,Esc0
415,9.88,19.56,19.41,2.26,5.95,0.24,19.59,96.82,54.91,4117446.77,21.56,41.1,0.15,37.34,98.07,13.43,13.28,0,0,0,1,1,0,0,Esc0
416,9.75,19.4,19.3,2.23,5.86,0.24,19.22,96.7,53.5,4051661.34,21.91,41.18,0.15,36.91,98.1,14.13,13.38,0,0,0,1,1,0,0,Esc0
417,10.02,19.97,19.54,2.26,5.91,0.24,19.74,97.28,56.13,4153616.23,21.37,41.18,0.16,37.45,98.05,12.38,13.12,0,0,0,1,1,0,0,Esc0
418,9.94,19.57,19.56,2.23,5.93,0.24,20.0,97.65,56.31,4192585.57,21.17,41.05,0.15,37.78,98.03,11.3,11.88,0,0,0,1,1,0,0,Esc0
419,10.15,20.21,19.74,2.27,5.92,0.24,19.53,97.29,56.73,4127036.28,21.51,41.53,0.16,36.96,98.06,11.38,11.96,0,0,0,1,1,0,0,Esc0
420,10.1,19.86,19.67,2.27,5.99,0.24,20.48,97.69,57.14,4252008.67,20.88,40.85,0.15,38.28,98.0,11.91,12.42,0,0,0,1,1,0,0,Esc0
421,10.08,19.88,19.71,2.26,5.93,0.24,19.77,97.22,56.48,4150370.96,21.39,41.31,0.16,37.3,98.05,11.87,11.99,0,0,0,1,1,0,0,Esc0
422,10.12,19.81,19.75,2.25,5.96,0.24,20.01,97.4,56.73,4183158.29,21.22,41.2,0.16,37.58,98.04,11.46,11.9,0,0,0,1,1,0,0,Esc0
423,10.02,19.87,19.52,2.24,5.96,0.24,20.53,97.27,55.74,4228956.75,20.99,40.6,0.15,38.41,98.02,12.57,13.23,0,0,0,1,1,0,0,Esc0
424,9.79,19.87,19.43,2.21,5.84,0.24,19.3,96.92,54.38,4071556.44,21.8,41.28,0.15,36.91,98.09,13.15,12.6,0,0,0,1,1,0,0,Esc0
425,9.93,19.74,19.47,2.25,5.93,0.24,19.82,97.21,55.61,4156622.86,21.36,41.04,0.15,37.6,98.05,12.24,12.78,0,0,0,1,1,0,0,Esc0
426,10.13,19.84,19.8,2.29,5.94,0.24,19.28,97.68,57.53,4124810.83,21.52,41.82,0.16,36.66,98.07,11.04,11.61,0,0,0,1,1,0,0,Esc0
427,10.26,20.09,19.79,2.28,6.02,0.24,20.86,97.81,58.69,4320252.25,20.55,40.77,0.16,38.68,97.97,10.03,11.89,0,0,0,1,1,0,0,Esc0
428,10.2,20.01,19.81,2.28,6.05,0.24,20.81,97.82,58.27,4300912.51,20.64,40.79,0.16,38.57,97.98,9.74,12.38,0,0,0,1,1,0,0,Esc0
429,10.34,20.19,19.84,2.3,6.04,0.24,20.85,97.74,58.35,4309701.09,20.6,40.8,0.16,38.6,97.97,11.64,11.83,0,0,0,1,1,0,0,Esc0
430,9.97,19.66,19.54,2.27,5.97,0.24,20.23,97.32,55.94,4206072.61,21.1,40.84,0.15,38.05,98.03,12.5,12.61,0,0,0,1,1,0,0,Esc0
431,10.16,19.97,19.68,2.29,5.96,0.24,19.81,97.31,57.45,4182203.45,21.22,41.33,0.16,37.44,98.04,11.36,11.88,0,0,0,1,1,0,0,Esc0
432,10.11,20.17,19.6,2.26,5.98,0.24,20.68,97.41,56.62,4262956.9,20.82,40.61,0.15,38.56,98.0,11.99,12.11,0,0,0,1,1,0,0,Esc0
433,10.2,19.98,19.85,2.28,5.93,0.24,19.49,97.53,57.48,4136392.49,21.46,41.7,0.16,36.84,98.06,11.05,11.45,0,0,0,1,1,0,0,Esc0
434,10.08,20.01,19.61,2.25,5.89,0.24,19.66,97.13,55.47,4116625.61,21.56,41.23,0.16,37.2,98.07,13.3,13.32,0,0,0,1,1,0,0,Esc0
435,10.05,19.8,19.47,2.25,5.99,0.24,20.97,97.17,56.53,4297696.0,20.65,40.29,0.15,39.06,97.98,12.23,13.02,0,0,0,1,1,0,0,Esc0
436,10.22,20.0,19.79,2.29,6.03,0.24,20.62,97.9,58.1,4284452.3,20.72,40.91,0.16,38.37,97.99,10.81,12.01,0,0,0,1,1,0,0,Esc0
437,10.1,19.7,19.62,2.28,5.98,0.24,20.27,97.41,56.89,4225288.26,21.01,40.93,0.16,38.06,98.02,11.69,12.61,0,0,0,1,1,0,0,Esc0
438,9.89,19.91,19.53,2.23,5.87,0.24,19.39,97.12,55.34,4097726.08,21.66,41.37,0.16,36.97,98.08,12.2,12.31,0,0,0,1,1,0,0,Esc0
439,10.21,19.89,19.81,2.29,5.95,0.24,19.8,97.7,58.15,4188214.61,21.19,41.49,0.16,37.32,98.03,10.45,12.22,0,0,0,1,1,0,0,Esc0
440,10.26,20.28,19.74,2.3,6.09,0.24,21.83,97.69,58.37,4417986.86,20.09,40.05,0.15,39.86,97.92,10.47,12.66,0,0,0,1,1,0,0,Esc0
441,10.22,20.18,19.79,2.29,6.0,0.24,20.39,97.86,58.21,4261073.1,20.83,41.08,0.16,38.09,98.0,11.25,12.82,0,0,0,1,1,0,0,Esc0
442,9.93,19.59,19.4,2.26,5.92,0.24,19.55,97.18,55.14,4123654.97,21.53,41.15,0.15,37.32,98.07,13.5,12.82,0,0,0,1,1,0,0,Esc0
443,10.08,19.88,19.69,2.27,5.99,0.24,20.37,97.63,57.41,4241529.78,20.93,40.95,0.16,38.12,98.01,10.77,12.3,0,0,0,1,1,0,0,Esc0
444,10.05,19.72,19.53,2.28,5.91,0.24,19.47,97.08,55.87,4113157.36,21.58,41.33,0.16,37.09,98.07,13.36,13.51,0,0,0,1,1,0,0,Esc0
445,10.33,20.25,19.75,2.3,6.07,0.24,21.85,97.57,57.92,4405732.41,20.15,40.02,0.15,39.83,97.93,11.18,12.94,0,0,0,1,1,0,0,Esc0
446,10.16,19.68,19.66,2.28,6.06,0.24,21.24,97.73,57.82,4350740.3,20.4,40.36,0.15,39.23,97.95,10.76,12.37,0,0,0,1,1,0,0,Esc0
447,10.17,19.98,19.7,2.3,5.99,0.24,20.43,97.35,56.74,4230950.13,20.98,40.87,0.15,38.15,98.01,12.48,11.93,0,0,0,1,1,0,0,Esc0
448,10.2,20.09,19.78,2.3,6.01,0.24,20.38,97.94,58.34,4263774.44,20.82,41.08,0.16,38.1,98.0,11.11,12.44,0,0,0,1,1,0,0,Esc0
449,10.0,19.52,19.49,2.26,5.91,0.24,19.28,96.81,55.58,4085323.54,21.73,41.41,0.16,36.86,98.08,12.51,12.73,0,0,0,1,1,0,0,Esc0
450,9.89,19.47,19.56,2.24,5.9,0.24,19.27,97.34,55.44,4091508.89,21.7,41.5,0.16,36.81,98.08,12.34,11.65,0,0,0,1,1,0,0,Esc0
451,10.03,19.39,19.6,2.25,5.96,0.24,20.49,97.73,56.91,4257342.77,20.85,40.78,0.15,38.37,98.0,11.48,12.8,0,0,0,1,1,0,0,Esc0
452,10.2,19.92,19.63,2.29,6.04,0.24,20.76,97.23,56.79,4270602.13,20.79,40.58,0.15,38.64,97.99,12.51,13.12,0,0,0,1,1,0,0,Esc0
453,10.17,19.73,19.67,2.27,6.0,0.24,20.53,97.33,56.72,4238431.78,20.94,40.76,0.15,38.29,98.01,12.01,12.84,0,0,0,1,1,0,0,Esc0
454,10.18,19.97,19.78,2.28,6.01,0.25,20.53,98.2,58.63,4291078.19,20.69,41.0,0.16,38.31,97.98,10.04,12.29,0,0,0,1,1,0,0,Esc0
455,10.1,19.76,19.6,2.28,5.98,0.24,19.98,97.19,56.6,4185026.11,21.21,41.08,0.16,37.71,98.04,12.32,12.44,0,0,0,1,1,0,0,Esc0
456,10.13,20.32,19.71,2.27,6.05,0.24,21.05,97.72,57.61,4324914.76,20.52,40.53,0.15,38.95,97.97,10.7,12.07,0,0,0,1,1,0,0,Esc0
457,9.89,19.79,19.47,2.24,5.92,0.24,19.68,97.41,55.4,4143686.08,21.42,41.15,0.15,37.43,98.06,12.54,12.72,0,0,0,1,1,0,0,Esc0
458,10.18,19.75,19.87,2.27,5.92,0.24,19.61,97.99,58.35,4178315.28,21.24,41.71,0.16,37.05,98.04,10.21,11.71,0,0,0,1,1,0,0,Esc0
459,10.01,19.83,19.53,2.27,5.93,0.24,20.02,97.18,55.88,4175828.32,21.26,40.95,0.15,37.79,98.04,12.75,13.02,0,0,0,1,1,0,0,Esc0
460,10.21,20.26,19.72,2.28,6.02,0.24,20.78,97.5,57.66,4289552.25,20.69,40.7,0.15,38.61,97.98,11.24,12.58,0,0,0,1,1,0,0,Esc0
461,10.12,19.92,19.62,2.26,5.96,0.24,20.02,97.23,56.21,4181061.97,21.23,41.06,0.15,37.71,98.04,12.86,12.19,0,0,0,1,1,0,0,Esc0
462,9.81,19.45,19.51,2.23,5.8,0.24,18.24,97.03,54.65,3964039.27,22.39,42.15,0.16,35.46,98.15,13.26,12.18,0,0,0,1,1,0,0,Esc0
463,10.35,20.29,19.83,2.31,6.05,0.24,20.53,97.41,58.58,4274118.86,20.77,41.01,0.16,38.22,97.99,11.17,12.42,0,0,0,1,1,0,0,Esc0
464,10.15,20.42,19.51,2.28,6.06,0.24,21.03,97.2,56.64,4308778.81,20.6,40.3,0.15,39.09,97.97,12.47,13.22,0,0,0,1,1,0,0,Esc0
465,10.17,19.54,19.54,2.32,6.1,0.25,21.23,97.54,57.76,4362128.08,20.35,40.28,0.15,39.37,97.95,11.96,12.4,0,0,0,1,1,0,0,Esc0
466,10.16,20.13,19.71,2.28,5.95,0.24,19.89,97.24,56.78,4169184.69,21.29,41.26,0.16,37.45,98.04,11.75,12.09,0,0,0,1,1,0,0,Esc0
467,10.06,20.09,19.64,2.26,5.93,0.24,19.81,97.4,55.97,4153357.79,21.37,41.21,0.16,37.42,98.05,12.71,12.28,0,0,0,1,1,0,0,Esc0
468,10.34,20.05,19.79,2.29,6.04,0.24,21.08,97.43,57.43,4307910.57,20.61,40.54,0.15,38.86,97.97,12.19,12.68,0,0,0,1,1,0,0,Esc0
469,9.91,19.78,19.45,2.24,5.87,0.24,19.44,96.74,54.54,4086366.35,21.72,41.2,0.15,37.07,98.09,14.0,12.74,0,0,0,1,1,0,0,Esc0
470,9.93,19.74,19.51,2.24,5.94,0.24,20.43,97.31,55.46,4214897.9,21.06,40.65,0.15,38.29,98.02,13.07,12.55,0,0,0,1,1,0,0,Esc0
471,10.03,19.69,19.72,2.26,5.9,0.25,19.6,98.12,57.44,4168896.84,21.29,41.54,0.16,37.17,98.05,10.64,12.01,0,0,0,1,1,0,0,Esc0
472,9.98,19.68,19.56,2.26,5.86,0.24,19.03,97.34,55.43,4065131.72,21.84,41.67,0.16,36.49,98.1,13.31,12.78,0,0,0,1,1,0,0,Esc0
473,10.09,19.93,19.57,2.27,5.99,0.24,21.07,97.66,56.79,4319545.94,20.55,40.35,0.15,39.1,97.97,11.83,11.92,0,0,0,1,1,0,0,Esc0
474,10.16,20.14,19.72,2.28,6.04,0.24,20.65,97.66,57.57,4278894.03,20.75,40.8,0.15,38.46,97.99,11.53,11.95,0,0,0,1,1,0,0,Esc0
475,10.04,19.87,19.51,2.26,6.0,0.24,20.96,97.29,56.08,4283825.93,20.72,40.31,0.15,38.97,97.99,12.41,12.77,0,0,0,1,1,0,0,Esc0
476,10.09,20.02,19.55,2.27,5.97,0.24,20.39,97.6,56.51,4234047.39,20.97,40.77,0.15,38.26,98.01,12.59,12.99,0,0,0,1,1,0,0,Esc0
477,10.13,19.89,19.68,2.27,6.0,0.24,20.86,97.92,57.78,4307575.12,20.61,40.64,0.15,38.76,97.98,10.4,12.37,0,0,0,1,1,0,0,Esc0
478,10.26,20.25,19.86,2.29,6.04,0.24,20.45,98.07,58.72,4277576.45,20.75,41.13,0.16,38.12,97.99,10.14,11.7,0,0,0,1,1,0,0,Esc0
479,10.03,19.91,19.66,2.28,5.92,0.24,19.6,97.72,56.86,4155005.31,21.36,41.45,0.16,37.18,98.05,12.14,12.2,0,0,0,1,1,0,0,Esc0
480,9.82,19.85,19.37,2.26,5.93,0.24,19.97,97.05,54.37,4144670.39,21.42,40.76,0.15,37.82,98.06,13.61,12.84,0,0,0,1,1,0,0,Esc0
481,9.93,19.59,19.51,2.25,6.02,0.24,20.7,97.51,56.61,4280155.96,20.74,40.54,0.15,38.73,97.99,11.18,11.86,0,0,0,1,1,0,0,Esc0
482,9.94,19.58,19.53,2.25,5.89,0.24,19.74,97.32,55.38,4137252.1,21.46,41.13,0.15,37.42,98.06,13.09,12.89,0,0,0,1,1,0,0,Esc0
483,10.03,19.93,19.76,2.25,5.89,0.24,18.63,97.55,56.42,4037888.84,21.98,42.21,0.16,35.81,98.11,11.31,11.09,0,0,0,1,1,0,0,Esc0
484,10.09,19.61,19.56,2.27,6.02,0.24,20.74,97.2,56.38,4263619.48,20.82,40.52,0.15,38.66,98.0,12.1,12.83,0,0,0,1,1,0,0,Esc0
485,9.91,20.04,19.44,2.24,5.82,0.24,18.87,96.73,54.55,4027331.46,22.04,41.61,0.16,36.35,98.12,13.95,13.23,0,0,0,1,1,0,0,Esc0
486,10.31,19.77,19.77,2.3,6.01,0.24,20.75,97.45,58.31,4290582.3,20.69,40.78,0.16,38.53,97.98,11.05,12.91,0,0,0,1,1,0,0,Esc0
487,10.29,19.95,19.88,2.3,5.99,0.24,20.09,98.09,58.83,4238445.9,20.94,41.4,0.16,37.66,98.01,10.58,12.23,0,0,0,1,1,0,0,Esc0
488,10.06,20.03,19.68,2.26,5.93,0.24,19.85,97.2,56.52,4162896.83,21.32,41.24,0.16,37.44,98.05,11.11,11.75,0,0,0,1,1,0,0,Esc0
489,9.86,20.02,19.4,2.25,5.93,0.24,20.3,97.33,54.78,4196647.09,21.15,40.6,0.15,38.24,98.03,13.81,13.17,0,0,0,1,1,0,0,Esc0
490,10.09,20.02,19.77,2.24,5.93,0.24,19.67,97.66,57.02,4158294.6,21.35,41.5,0.16,37.15,98.05,10.72,11.32,0,0,0,1,1,0,0,Esc0
491,10.08,20.15,19.54,2.28,6.0,0.24,20.85,97.13,56.13,4271215.48,20.78,40.41,0.15,38.81,97.99,12.42,12.41,0,0,0,1,1,0,0,Esc0
492,10.2,19.88,19.69,2.28,6.01,0.24,20.93,97.71,58.1,4324029.69,20.53,40.62,0.15,38.85,97.97,10.94,12.24,0,0,0,1,1,0,0,Esc0
493,9.88,19.7,19.48,2.25,5.88,0.24,19.27,97.35,54.93,4082347.93,21.74,41.4,0.16,36.85,98.09,13.37,13.33,0,0,0,1,1,0,0,Esc0
494,9.89,19.46,19.42,2.24,5.85,0.24,19.0,96.48,54.58,4033694.63,22.01,41.48,0.16,36.52,98.11,13.4,13.6,0,0,0,1,1,0,0,Esc0
495,10.02,19.51,19.58,2.25,5.96,0.24,20.2,97.6,56.41,4208412.22,21.09,40.91,0.15,38.0,98.02,11.71,12.75,0,0,0,1,1,0,0,Esc0
496,9.85,19.76,19.45,2.23,5.91,0.24,20.52,97.65,55.91,4244799.84,20.91,40.57,0.15,38.52,98.01,11.79,12.97,0,0,0,1,1,0,0,Esc0
497,10.34,20.18,19.81,2.31,6.07,0.24,21.05,97.54,58.2,4324907.2,20.52,40.63,0.16,38.84,97.97,11.52,12.18,0,0,0,1,1,0,0,Esc0
498,9.95,19.82,19.5,2.25,5.89,0.24,19.74,97.15,55.17,4132177.29,21.48,41.09,0.15,37.43,98.06,12.9,12.23,0,0,0,1,1,0,0,Esc0
499,10.23,19.77,19.74,2.29,6.0,0.24,20.24,97.28,57.3,4216774.35,21.05,41.06,0.16,37.88,98.02,11.84,12.52,0,0,0,1,1,0,0,Esc0
500,10.03,19.83,19.7,2.24,5.91,0.24,19.78,97.52,56.05,4151780.49,21.38,41.3,0.16,37.32,98.05,12.46,11.79,0,0,0,1,1,0,0,Esc0
501,10.27,19.72,19.82,2.31,6.07,0.24,20.74,97.68,58.27,4295686.32,20.66,40.86,0.16,38.48,97.98,10.85,11.69,0,0,0,1,1,0,0,Esc0
502,10.32,20.66,19.6,2.31,6.12,0.24,21.78,97.38,58.09,4415673.05,20.1,39.95,0.15,39.95,97.92,11.84,13.45,0,0,0,1,1,0,0,Esc0
503,10.11,19.54,19.66,2.27,5.99,0.24,20.47,97.79,57.52,4264487.95,20.82,40.88,0.16,38.3,98.0,10.9,12.46,0,0,0,1,1,0,0,Esc0
504,10.0,20.01,19.56,2.26,6.01,0.24,20.61,97.44,56.58,4262603.24,20.82,40.64,0.15,38.53,98.0,11.85,11.99,0,0,0,1,1,0,0,Esc0
505,9.93,19.8,19.52,2.24,5.93,0.24,20.05,97.63,55.95,4191584.91,21.18,40.96,0.15,37.86,98.03,12.49,12.49,0,0,0,1,1,0,0,Esc0
506,10.13,20.17,19.58,2.3,6.0,0.24,20.5,97.04,56.4,4233436.67,20.97,40.69,0.15,38.34,98.01,12.68,13.09,0,0,0,1,1,0,0,Esc0
507,10.12,19.87,19.49,2.29,6.03,0.24,20.51,96.79,56.02,4227860.04,21.0,40.58,0.15,38.42,98.01,13.03,12.86,0,0,0,1,1,0,0,Esc0
508,10.18,19.6,19.73,2.29,6.04,0.24,20.74,97.67,58.12,4303128.85,20.63,40.78,0.16,38.59,97.98,10.9,12.01,0,0,0,1,1,0,0,Esc0
509,10.07,19.62,19.57,2.27,5.97,0.24,20.2,97.08,56.08,4198209.67,21.14,40.88,0.15,37.98,98.03,12.41,12.6,0,0,0,1,1,0,0,Esc0
510,10.05,19.66,19.65,2.25,5.93,0.24,19.95,97.7,56.72,4192413.02,21.17,41.19,0.16,37.64,98.03,11.8,11.95,0,0,0,1,1,0,0,Esc0
511,10.35,20.05,19.79,2.3,6.04,0.24,20.85,97.42,58.37,4302697.71,20.63,40.74,0.16,38.63,97.98,10.74,12.19,0,0,0,1,1,0,0,Esc0
512,9.98,20.34,19.49,2.24,6.01,0.24,20.94,96.93,55.28,4261815.33,20.83,40.24,0.15,38.93,98.0,12.65,12.61,0,0,0,1,1,0,0,Esc0
513,10.23,19.75,19.89,2.29,5.99,0.24,20.0,97.74,58.42,4221245.25,21.03,41.45,0.16,37.52,98.02,10.68,11.42,0,0,0,1,1,0,0,Esc0
514,10.05,20.27,19.56,2.28,5.91,0.24,19.3,97.32,56.04,4102330.07,21.64,41.5,0.16,36.86,98.08,13.09,12.77,0,0,0,1,1,0,0,Esc0
515,10.02,19.86,19.63,2.26,5.84,0.24,18.74,97.3,55.36,4023459.18,22.06,41.92,0.16,36.01,98.12,13.44,12.53,0,0,0,1,1,0,0,Esc0
516,10.04,19.55,19.59,2.25,5.87,0.24,19.64,96.9,55.52,4116286.66,21.56,41.23,0.16,37.21,98.07,12.45,12.56,0,0,0,1,1,0,0,Esc0
517,9.88,20.22,19.48,2.25,5.91,0.24,19.76,97.37,55.74,4153493.47,21.37,41.11,0.15,37.52,98.05,12.09,12.57,0,0,0,1,1,0,0,Esc0
518,10.06,19.74,19.7,2.27,5.92,0.24,19.57,97.77,56.56,4141671.41,21.43,41.48,0.16,37.09,98.06,11.62,12.02,0,0,0,1,1,0,0,Esc0
519,10.26,19.97,19.76,2.3,6.04,0.24,20.83,97.5,57.48,4286715.86,20.71,40.7,0.15,38.6,97.98,12.26,12.84,0,0,0,1,1,0,0,Esc0
520,9.96,19.68,19.47,2.25,5.88,0.24,19.37,96.99,55.08,4091332.71,21.7,41.31,0.16,36.99,98.08,13.29,13.11,0,0,0,1,1,0,0,Esc0
521,10.15,19.85,19.7,2.28,5.99,0.24,20.55,97.53,56.97,4248807.75,20.89,40.8,0.15,38.3,98.0,11.56,12.74,0,0,0,1,1,0,0,Esc0
522,10.25,19.86,19.61,2.3,6.12,0.25,21.72,97.7,58.22,4418826.24,20.09,40.03,0.15,39.89,97.92,11.38,12.51,0,0,0,1,1,0,0,Esc0
523,9.98,19.68,19.41,2.26,5.95,0.24,20.4,96.91,55.01,4205101.48,21.11,40.54,0.15,38.35,98.03,13.35,13.57,0,0,0,1,1,0,0,Esc0
524,10.2,20.11,19.7,2.28,6.08,0.24,21.22,97.4,57.72,4340230.43,20.45,40.39,0.15,39.16,97.96,10.63,12.3,0,0,0,1,1,0,0,Esc0
525,9.99,20.18,19.73,2.26,5.96,0.24,19.75,97.94,57.21,4182490.51,21.22,41.44,0.16,37.33,98.04,10.78,11.76,0,0,0,1,1,0,0,Esc0
526,9.92,20.02,19.57,2.25,5.9,0.24,19.4,97.62,55.79,4119503.09,21.55,41.46,0.16,36.99,98.07,12.37,12.34,0,0,0,1,1,0,0,Esc0
527,10.11,20.02,19.58,2.29,5.97,0.24,20.09,96.85,55.98,4178067.47,21.25,40.95,0.15,37.8,98.04,13.3,12.61,0,0,0,1,1,0,0,Esc0
528,9.93,19.67,19.5,2.25,5.86,0.24,19.34,97.51,55.26,4105743.23,21.62,41.41,0.16,36.97,98.08,13.7,12.23,0,0,0,1,1,0,0,Esc0
529,10.18,19.95,19.67,2.28,6.09,0.24,21.59,97.85,57.83,4392343.0,20.21,40.14,0.15,39.65,97.93,10.7,12.4,0,0,0,1,1,0,0,Esc0
530,10.17,20.02,19.61,2.29,6.05,0.24,20.95,97.57,57.31,4311409.25,20.59,40.48,0.15,38.93,97.97,11.91,13.01,0,0,0,1,1,0,0,Esc0
531,10.2,19.57,19.66,2.3,6.02,0.24,20.54,97.56,57.27,4264177.46,20.82,40.81,0.15,38.38,98.0,12.35,12.09,0,0,0,1,1,0,0,Esc0
532,9.95,19.31,19.61,2.27,5.96,0.25,19.69,97.96,56.93,4177294.0,21.25,41.37,0.16,37.38,98.04,10.85,12.41,0,0,0,1,1,0,0,Esc0
533,10.18,20.04,19.77,2.27,5.99,0.24,20.2,97.58,57.4,4222039.29,21.02,41.14,0.16,37.84,98.02,11.1,11.86,0,0,0,1,1,0,0,Esc0
534,9.98,20.26,19.32,2.28,5.95,0.24,20.25,96.8,54.71,4187933.37,21.2,40.55,0.15,38.25,98.03,14.39,13.62,0,0,0,1,1,0,0,Esc0
535,10.0,19.81,19.42,2.27,5.95,0.25,20.05,97.22,56.11,4197601.61,21.15,40.87,0.15,37.99,98.03,12.74,13.21,0,0,0,1,1,0,0,Esc0
536,10.26,19.92,19.61,2.29,6.04,0.24,21.0,97.17,57.45,4313430.78,20.58,40.44,0.15,38.98,97.97,11.9,12.7,0,0,0,1,1,0,0,Esc0
537,9.81,19.59,19.45,2.23,5.84,0.24,18.58,96.92,54.71,4006385.47,22.16,41.86,0.16,35.98,98.13,13.18,12.53,0,0,0,1,1,0,0,Esc0
538,10.01,19.83,19.59,2.27,5.96,0.24,19.86,97.46,56.42,4179429.97,21.24,41.18,0.16,37.58,98.04,12.33,11.55,0,0,0,1,1,0,0,Esc0
539,10.36,20.01,19.82,2.31,6.01,0.24,20.5,97.33,58.23,4257264.73,20.85,40.99,0.16,38.16,98.0,10.6,12.57,0,0,0,1,1,0,0,Esc0
540,9.97,19.84,19.6,2.24,5.81,0.24,18.45,96.75,54.93,3980872.93,22.3,42.06,0.16,35.65,98.14,13.33,12.88,0,0,0,1,1,0,0,Esc0
541,9.99,20.03,19.76,2.26,5.91,0.24,19.09,97.99,56.99,4106283.59,21.62,41.93,0.16,36.46,98.08,11.49,11.36,0,0,0,1,1,0,0,Esc0
542,10.04,19.92,19.66,2.26,5.9,0.24,19.27,97.49,56.22,4101180.32,21.64,41.63,0.16,36.72,98.08,11.93,12.28,0,0,0,1,1,0,0,Esc0
543,10.16,19.97,19.62,2.27,5.94,0.24,20.02,97.26,56.39,4181252.6,21.23,41.07,0.16,37.7,98.04,12.57,12.84,0,0,0,1,1,0,0,Esc0
544,9.96,20.07,19.62,2.25,5.83,0.24,18.91,97.17,55.79,4048807.07,21.92,41.81,0.16,36.27,98.11,12.08,12.17,0,0,0,1,1,0,0,Esc0
545,10.35,20.04,19.84,2.29,6.06,0.24,21.27,98.12,58.66,4364040.29,20.34,40.54,0.15,39.12,97.95,10.44,12.5,0,0,0,1,1,0,0,Esc0
546,10.09,19.79,19.84,2.25,5.87,0.24,18.9,97.6,56.92,4068870.6,21.82,42.09,0.16,36.09,98.09,11.33,11.04,0,0,0,1,1,0,0,Esc0
547,10.16,19.89,19.7,2.28,6.06,0.24,21.21,97.65,57.89,4344672.51,20.43,40.42,0.15,39.15,97.96,10.8,11.65,0,0,0,1,1,0,0,Esc0
548,10.4,20.02,19.89,2.3,6.13,0.25,21.73,98.37,60.19,4451835.94,19.94,40.37,0.16,39.69,97.9,9.38,12.14,0,0,0,1,1,0,0,Esc0
549,9.86,19.68,19.47,2.23,5.92,0.24,19.85,97.31,55.03,4144980.07,21.42,40.98,0.15,37.6,98.06,12.51,12.95,0,0,0,1,1,0,0,Esc0
550,10.22,20.1,19.69,2.29,6.05,0.24,20.87,97.42,57.5,4295107.13,20.67,40.6,0.15,38.73,97.98,10.94,12.48,0,0,0,1,1,0,0,Esc0
551,10.31,20.27,19.74,2.3,6.1,0.24,21.73,98.01,58.65,4426092.14,20.06,40.16,0.15,39.79,97.92,11.37,12.9,0,0,0,1,1,0,0,Esc0
552,10.18,19.76,19.73,2.29,6.02,0.25,20.48,97.93,58.42,4282099.83,20.73,40.98,0.16,38.29,97.99,10.29,12.65,0,0,0,1,1,0,0,Esc0
553,10.15,19.93,19.73,2.27,5.92,0.24,19.42,97.76,57.35,4138807.77,21.45,41.66,0.16,36.89,98.06,11.86,12.28,0,0,0,1,1,0,0,Esc0
554,9.98,19.86,19.54,2.26,5.94,0.24,20.02,97.37,55.94,4180716.05,21.23,40.99,0.15,37.78,98.04,12.19,12.74,0,0,0,1,1,0,0,Esc0
555,10.04,19.72,19.62,2.27,5.98,0.25,20.29,97.98,57.36,4251759.1,20.88,40.99,0.16,38.14,98.0,11.53,11.8,0,0,0,1,1,0,0,Esc0
556,10.23,20.17,19.63,2.28,6.04,0.24,21.11,96.81,56.74,4297490.82,20.66,40.32,0.15,39.02,97.98,12.25,12.27,0,0,0,1,1,0,0,Esc0
557,9.94,19.63,19.43,2.26,5.97,0.24,20.24,97.28,55.99,4216885.37,21.05,40.75,0.15,38.2,98.02,12.45,12.51,0,0,0,1,1,0,0,Esc0
558,10.12,19.87,19.62,2.26,6.11,0.25,21.8,98.12,58.12,4431053.81,20.03,39.99,0.15,39.98,97.91,10.64,12.85,0,0,0,1,1,0,0,Esc0
559,10.22,20.0,19.79,2.3,6.07,0.24,20.84,98.03,58.38,4318412.72,20.56,40.78,0.16,38.66,97.97,10.5,11.91,0,0,0,1,1,0,0,Esc0
560,10.16,19.47,19.72,2.27,5.96,0.24,20.17,97.66,56.93,4214667.66,21.06,41.11,0.16,37.83,98.02,12.29,11.97,0,0,0,1,1,0,0,Esc0
561,9.91,19.77,19.52,2.24,5.92,0.24,19.82,97.21,55.78,4157186.15,21.35,41.09,0.15,37.56,98.05,11.66,12.53,0,0,0,1,1,0,0,Esc0
562,10.15,20.04,19.68,2.26,5.95,0.24,20.06,97.24,56.79,4191791.58,21.18,41.11,0.16,37.72,98.03,11.46,11.9,0,0,0,1,1,0,0,Esc0
563,10.11,20.28,19.61,2.27,5.96,0.24,20.44,97.41,56.58,4231800.97,20.98,40.78,0.15,38.25,98.01,12.26,12.9,0,0,0,1,1,0,0,Esc0
564,9.89,20.16,19.59,2.23,5.86,0.24,19.24,97.39,55.33,4081088.1,21.75,41.53,0.16,36.72,98.09,12.26,12.4,0,0,0,1,1,0,0,Esc0
565,10.04,19.37,19.69,2.26,5.88,0.24,19.24,97.42,56.04,4090302.31,21.7,41.66,0.16,36.64,98.08,12.16,11.59,0,0,0,1,1,0,0,Esc0
566,10.01,20.04,19.5,2.26,5.94,0.24,20.38,97.11,55.73,4214511.88,21.06,40.68,0.15,38.26,98.02,13.02,12.21,0,0,0,1,1,0,0,Esc0
567,9.82,19.75,19.41,2.24,5.87,0.24,19.39,97.24,54.86,4103536.93,21.63,41.27,0.15,37.1,98.08,12.89,12.05,0,0,0,1,1,0,0,Esc0
568,9.98,19.94,19.55,2.27,5.99,0.24,20.25,97.66,56.53,4226545.78,21.0,40.88,0.15,38.12,98.01,11.87,12.93,0,0,0,1,1,0,0,Esc0
569,9.92,19.76,19.51,2.24,5.86,0.24,19.14,97.06,54.38,4051175.45,21.91,41.47,0.15,36.62,98.1,13.72,11.94,0,0,0,1,1,0,0,Esc0
570,10.05,20.72,19.54,2.24,5.95,0.24,20.61,97.43,56.39,4254080.33,20.87,40.59,0.15,38.54,98.0,11.66,12.71,0,0,0,1,1,0,0,Esc0
571,10.02,19.99,19.55,2.26,6.0,0.24,20.41,97.4,56.28,4228667.72,20.99,40.73,0.15,38.27,98.01,12.86,13.39,0,0,0,1,1,0,0,Esc0
572,10.17,19.94,19.67,2.28,6.04,0.24,21.04,97.52,57.77,4328143.09,20.51,40.5,0.15,38.99,97.97,11.49,12.61,0,0,0,1,1,0,0,Esc0
573,10.15,20.4,19.62,2.28,6.07,0.24,21.07,97.4,57.33,4323816.93,20.53,40.41,0.15,39.06,97.97,11.36,12.45,0,0,0,1,1,0,0,Esc0
574,10.48,20.16,19.87,2.33,6.11,0.24,21.85,97.54,58.46,4406805.43,20.14,40.13,0.15,39.72,97.92,10.98,12.34,0,0,0,1,1,0,0,Esc0
575,10.33,19.8,19.78,2.29,6.07,0.24,21.41,97.83,58.68,4374931.51,20.29,40.38,0.15,39.33,97.94,10.73,12.77,0,0,0,1,1,0,0,Esc0
576,9.96,19.75,19.48,2.26,5.96,0.24,20.17,97.48,55.41,4193207.5,21.17,40.8,0.15,38.03,98.03,13.14,13.13,0,0,0,1,1,0,0,Esc0
577,9.95,19.8,19.58,2.25,5.92,0.24,19.73,97.46,55.92,4149281.46,21.39,41.23,0.16,37.38,98.05,12.29,12.96,0,0,0,1,1,0,0,Esc0
578,10.22,20.0,19.75,2.3,6.03,0.24,20.85,98.0,58.27,4314250.79,20.58,40.73,0.16,38.7,97.97,11.05,12.74,0,0,0,1,1,0,0,Esc0
579,10.16,19.67,19.52,2.29,6.07,0.24,21.49,97.22,57.06,4359429.89,20.36,40.0,0.15,39.64,97.95,11.6,13.45,0,0,0,1,1,0,0,Esc0
580,9.9,19.73,19.36,2.26,5.95,0.24,20.14,96.94,55.0,4181984.11,21.23,40.68,0.15,38.09,98.04,13.7,13.43,0,0,0,1,1,0,0,Esc0
581,10.04,20.34,19.57,2.27,5.97,0.24,20.56,97.41,56.42,4248346.12,20.89,40.66,0.15,38.45,98.01,12.79,12.86,0,0,0,1,1,0,0,Esc0
582,10.24,20.21,19.67,2.3,6.09,0.24,21.44,97.75,58.01,4377682.1,20.28,40.25,0.15,39.47,97.94,11.44,12.6,0,0,0,1,1,0,0,Esc0
583,10.18,19.95,19.76,2.29,5.98,0.24,20.21,97.46,57.42,4217958.62,21.05,41.12,0.16,37.84,98.02,11.33,12.08,0,0,0,1,1,0,0,Esc0
584,10.28,20.02,19.81,2.3,6.03,0.24,20.4,97.73,57.91,4249636.71,20.89,41.06,0.16,38.05,98.0,11.41,12.32,0,0,0,1,1,0,0,Esc0
585,10.17,20.18,19.81,2.27,5.98,0.24,20.48,97.93,57.96,4258059.16,20.85,41.0,0.16,38.15,98.0,10.39,12.12,0,0,0,1,1,0,0,Esc0
586,10.24,20.47,19.67,2.28,6.01,0.24,21.01,97.56,57.41,4315245.0,20.57,40.5,0.15,38.93,97.97,11.66,12.64,0,0,0,1,1,0,0,Esc0
587,10.09,19.64,19.55,2.27,6.06,0.24,21.03,97.13,57.01,4312392.82,20.58,40.35,0.15,39.06,97.97,11.67,12.0,0,0,0,1,1,0,0,Esc0
588,9.99,20.11,19.62,2.26,5.96,0.24,20.22,97.73,57.14,4229463.06,20.99,40.99,0.16,38.02,98.02,11.37,12.68,0,0,0,1,1,0,0,Esc0
589,9.8,19.71,19.51,2.25,5.82,0.24,18.18,97.35,54.98,3974985.02,22.33,42.23,0.16,35.43,98.14,13.3,12.18,0,0,0,1,1,0,0,Esc0
590,10.13,19.76,19.75,2.27,5.91,0.24,19.94,97.65,56.68,4176825.72,21.25,41.26,0.16,37.49,98.04,11.67,11.88,0,0,0,1,1,0,0,Esc0
591,9.98,20.0,19.54,2.26,5.94,0.24,20.0,97.72,56.5,4197397.21,21.15,41.04,0.16,37.81,98.03,12.02,12.97,0,0,0,1,1,0,0,Esc0
592,10.07,19.89,19.63,2.26,5.96,0.24,20.26,97.67,57.16,4230550.79,20.98,40.97,0.16,38.04,98.01,11.34,12.44,0,0,0,1,1,0,0,Esc0
593,10.38,20.07,19.77,2.32,6.08,0.24,21.89,97.91,59.22,4451875.92,19.94,40.1,0.15,39.96,97.9,10.64,12.5,0,0,0,1,1,0,0,Esc0
594,10.35,19.95,19.81,2.32,6.09,0.24,21.06,97.35,58.65,4333053.84,20.49,40.64,0.16,38.88,97.96,10.31,12.38,0,0,0,1,1,0,0,Esc0
595,10.19,19.82,19.69,2.29,6.09,0.25,21.23,98.09,58.36,4371834.11,20.3,40.44,0.15,39.25,97.94,10.62,12.77,0,0,0,1,1,0,0,Esc0
596,10.12,19.89,19.77,2.27,5.86,0.24,18.71,97.01,56.2,4027590.98,22.04,42.1,0.16,35.87,98.11,12.43,11.66,0,0,0,1,1,0,0,Esc0
597,10.12,19.74,19.69,2.27,5.87,0.24,19.01,97.52,56.48,4075645.91,21.78,41.86,0.16,36.36,98.09,13.04,12.87,0,0,0,1,1,0,0,Esc0
598,9.8,19.57,19.47,2.24,5.81,0.24,18.43,97.01,54.19,3978822.89,22.31,41.95,0.16,35.74,98.14,13.94,12.27,0,0,0,1,1,0,0,Esc0
599,10.19,20.33,19.75,2.27,6.03,0.24,20.87,97.57,57.57,4293513.75,20.67,40.65,0.15,38.67,97.98,10.89,12.03,0,0,0,1,1,0,0,Esc0
600,10.27,20.23,19.83,2.29,5.98,0.24,20.12,97.49,57.5,4200070.48,21.13,41.22,0.16,37.64,98.03,11.71,12.98,0,0,0,1,1,0,0,Esc0
601,10.06,19.8,19.54,2.27,5.94,0.24,20.09,97.34,56.16,4196018.13,21.16,40.95,0.15,37.89,98.03,13.02,12.92,0,0,0,1,1,0,0,Esc0
602,10.16,20.07,19.72,2.28,6.0,0.24,20.65,97.18,57.15,4257760.69,20.85,40.75,0.15,38.4,98.0,11.41,11.67,0,0,0,1,1,0,0,Esc0
603,9.86,20.19,19.48,2.23,5.82,0.24,18.59,96.75,54.21,3985579.19,22.27,41.82,0.16,35.9,98.14,13.76,12.78,0,0,0,1,1,0,0,Esc0
604,9.75,19.77,19.45,2.21,5.8,0.24,18.35,96.98,54.34,3975364.55,22.33,42.01,0.16,35.66,98.14,12.17,11.86,0,0,0,1,1,0,0,Esc0
605,10.32,19.98,19.75,2.31,6.08,0.24,21.6,97.64,58.83,4401676.31,20.17,40.23,0.15,39.6,97.93,10.17,12.32,0,0,0,1,1,0,0,Esc0
606,10.08,19.95,19.68,2.27,5.99,0.25,20.26,97.86,57.39,4243652.7,20.92,41.05,0.16,38.03,98.01,11.59,11.99,0,0,0,1,1,0,0,Esc0
607,10.13,19.89,19.64,2.26,5.99,0.24,20.55,97.4,56.51,4243635.66,20.92,40.73,0.15,38.35,98.01,12.44,12.22,0,0,0,1,1,0,0,Esc0
608,9.96,19.63,19.54,2.24,5.88,0.24,19.73,97.31,55.88,4148002.55,21.4,41.17,0.16,37.43,98.06,12.19,12.6,0,0,0,1,1,0,0,Esc0
609,9.87,19.6,19.56,2.22,5.8,0.24,18.49,97.34,54.99,3997644.63,22.2,42.04,0.16,35.76,98.13,13.23,12.84,0,0,0,1,1,0,0,Esc0
610,10.21,20.04,19.77,2.3,6.07,0.24,20.76,97.74,58.1,4302077.06,20.63,40.8,0.16,38.56,97.98,11.37,12.05,0,0,0,1,1,0,0,Esc0
611,10.14,19.92,19.7,2.27,5.96,0.24,20.44,97.8,57.11,4245145.87,20.91,40.89,0.15,38.2,98.01,11.29,12.25,0,0,0,1,1,0,0,Esc0
612,10.2,20.13,19.64,2.31,6.11,0.24,21.36,98.0,57.61,4369101.27,20.32,40.27,0.15,39.41,97.94,12.54,12.97,0,0,0,1,1,0,0,Esc0
613,10.12,19.94,19.61,2.27,5.97,0.24,20.63,97.36,56.86,4258667.05,20.84,40.66,0.15,38.5,98.0,11.98,13.04,0,0,0,1,1,0,0,Esc0
614,10.39,19.74,19.85,2.3,6.13,0.24,21.83,98.13,59.67,4448920.04,19.95,40.23,0.15,39.82,97.9,9.48,11.7,0,0,0,1,1,0,0,Esc0
615,10.11,19.81,19.67,2.27,5.95,0.24,20.17,97.61,57.06,4215739.62,21.06,41.05,0.16,37.89,98.02,12.15,12.46,0,0,0,1,1,0,0,Esc0
616,9.74,19.95,19.5,2.21,5.84,0.24,18.76,97.9,55.06,4045324.24,21.94,41.83,0.16,36.23,98.11,12.46,12.48,0,0,0,1,1,0,0,Esc0
617,9.92,19.81,19.53,2.25,5.8,0.24,18.63,97.37,55.19,4018094.15,22.09,41.92,0.16,35.99,98.12,13.37,12.12,0,0,0,1,1,0,0,Esc0
618,10.04,19.53,19.61,2.27,5.97,0.24,20.19,97.61,56.68,4218307.74,21.04,40.98,0.15,37.98,98.02,11.73,11.95,0,0,0,1,1,0,0,Esc0
619,9.91,20.06,19.57,2.24,5.91,0.24,19.49,97.6,55.98,4131307.33,21.49,41.41,0.16,37.11,98.06,11.96,12.3,0,0,0,1,1,0,0,Esc0
620,10.14,20.11,19.65,2.27,6.02,0.24,20.75,97.26,56.01,4251836.82,20.88,40.56,0.15,38.56,98.0,13.22,12.34,0,0,0,1,1,0,0,Esc0
621,10.07,19.95,19.69,2.29,5.96,0.24,19.5,97.47,56.79,4137494.44,21.45,41.53,0.16,37.02,98.06,12.0,12.32,0,0,0,1,1,0,0,Esc0
622,10.05,19.98,19.54,2.27,5.95,0.24,20.35,97.16,55.92,4205276.44,21.11,40.73,0.15,38.17,98.03,12.73,13.39,0,0,0,1,1,0,0,Esc0
623,10.27,20.22,19.83,2.3,6.03,0.24,20.72,97.77,58.26,4292337.0,20.68,40.88,0.16,38.44,97.98,10.76,12.36,0,0,0,1,1,0,0,Esc0
624,10.19,19.79,19.85,2.27,5.97,0.25,19.65,98.07,58.69,4195363.85,21.16,41.69,0.16,37.15,98.03,10.36,11.12,0,0,0,1,1,0,0,Esc0
625,10.17,19.94,19.7,2.27,5.98,0.24,20.27,97.6,57.58,4232058.95,20.97,41.03,0.16,38.0,98.01,11.0,12.91,0,0,0,1,1,0,0,Esc0
626,10.15,20.13,19.68,2.25,5.99,0.24,20.82,97.65,57.53,4292274.14,20.68,40.63,0.15,38.69,97.98,10.64,13.03,0,0,0,1,1,0,0,Esc0
627,10.02,19.97,19.58,2.25,5.99,0.24,20.66,97.78,56.94,4281456.38,20.73,40.66,0.15,38.61,97.99,11.55,12.2,0,0,0,1,1,0,0,Esc0
628,9.97,20.19,19.64,2.24,5.83,0.24,18.62,97.53,55.74,4028007.51,22.04,42.06,0.16,35.9,98.12,12.32,11.57,0,0,0,1,1,0,0,Esc0
629,10.33,20.2,19.85,2.28,6.1,0.24,21.8,97.97,58.78,4418210.87,20.09,40.19,0.15,39.72,97.92,10.15,12.13,0,0,0,1,1,0,0,Esc0
630,9.93,19.57,19.57,2.23,5.81,0.24,18.8,97.2,55.36,4032003.3,22.02,41.82,0.16,36.16,98.11,12.75,12.77,0,0,0,1,1,0,0,Esc0
631,10.0,19.74,19.66,2.26,5.96,0.24,20.1,97.84,56.84,4211339.73,21.08,41.1,0.16,37.83,98.02,11.47,11.81,0,0,0,1,1,0,0,Esc0
632,9.94,20.13,19.36,2.25,5.95,0.24,20.19,96.86,54.77,4177874.79,21.25,40.62,0.15,38.13,98.04,13.91,13.04,0,0,0,1,1,0,0,Esc0
633,9.85,19.88,19.48,2.24,5.78,0.24,18.29,97.02,54.73,3972857.06,22.34,42.09,0.16,35.57,98.14,13.97,12.95,0,0,0,1,1,0,0,Esc0
634,10.05,19.63,19.68,2.25,5.93,0.24,20.05,97.91,57.26,4212086.08,21.07,41.18,0.16,37.75,98.02,11.05,11.82,0,0,0,1,1,0,0,Esc0
635,10.08,19.93,19.53,2.27,6.04,0.25,20.77,97.74,57.11,4298406.82,20.65,40.54,0.15,38.81,97.98,11.95,13.15,0,0,0,1,1,0,0,Esc0
636,10.11,19.73,19.75,2.27,5.96,0.24,20.26,98.26,57.8,4243126.21,20.92,41.11,0.16,37.97,98.01,10.65,12.42,0,0,0,1,1,0,0,Esc0
637,10.05,19.65,19.59,2.27,6.02,0.25,20.99,97.95,57.55,4333653.96,20.48,40.47,0.15,39.04,97.96,11.14,12.23,0,0,0,1,1,0,0,Esc0
638,10.01,19.88,19.55,2.25,5.97,0.24,20.37,97.28,56.18,4222291.32,21.02,40.75,0.15,38.23,98.02,11.94,12.46,0,0,0,1,1,0,0,Esc0
639,10.14,19.93,19.6,2.28,6.0,0.24,20.83,97.33,56.48,4271827.7,20.78,40.49,0.15,38.73,97.99,12.45,13.44,0,0,0,1,1,0,0,Esc0
640,10.27,20.19,19.76,2.29,6.06,0.24,21.38,97.75,58.53,4377888.96,20.28,40.39,0.15,39.33,97.94,10.42,11.9,0,0,0,1,1,0,0,Esc0
641,9.74,19.71,19.35,2.24,5.84,0.24,18.76,97.21,54.57,4032755.54,22.01,41.65,0.16,36.34,98.11,13.81,13.31,0,0,0,1,1,0,0,Esc0
642,10.3,20.06,19.71,2.28,6.04,0.24,21.15,97.4,57.86,4334934.17,20.48,40.46,0.15,39.07,97.96,11.31,12.03,0,0,0,1,1,0,0,Esc0
643,10.03,19.82,19.57,2.24,5.94,0.24,20.04,97.19,56.09,4181243.25,21.23,40.99,0.15,37.78,98.04,12.12,12.7,0,0,0,1,1,0,0,Esc0
644,9.88,19.58,19.56,2.23,5.83,0.24,18.53,97.48,55.44,4016684.69,22.1,42.05,0.16,35.85,98.12,12.41,12.33,0,0,0,1,1,0,0,Esc0
645,10.11,19.81,19.55,2.28,6.03,0.24,21.06,97.02,56.44,4294245.66,20.67,40.28,0.15,39.05,97.98,12.41,12.98,0,0,0,1,1,0,0,Esc0
646,10.08,19.54,19.71,2.26,6.03,0.24,20.66,98.05,57.77,4292794.72,20.68,40.82,0.16,38.51,97.98,10.75,11.59,0,0,0,1,1,0,0,Esc0
647,9.94,19.67,19.69,2.24,5.85,0.24,18.24,97.52,55.9,3991864.62,22.24,42.4,0.16,35.36,98.13,12.09,11.79,0,0,0,1,1,0,0,Esc0
648,10.17,19.48,19.65,2.28,5.88,0.24,19.55,97.12,56.04,4113487.95,21.58,41.37,0.16,37.05,98.07,12.89,13.24,0,0,0,1,1,0,0,Esc0
649,10.09,19.55,19.74,2.26,5.96,0.24,19.91,97.85,57.47,4200825.74,21.13,41.34,0.16,37.53,98.03,11.14,11.6,0,0,0,1,1,0,0,Esc0
650,10.17,19.9,19.68,2.28,6.0,0.24,20.27,97.48,57.76,4239849.93,20.94,41.03,0.16,38.03,98.01,11.16,12.48,0,0,0,1,1,0,0,Esc0
651,9.97,19.66,19.59,2.28,5.94,0.24,19.83,97.56,56.41,4175935.59,21.26,41.21,0.16,37.54,98.04,11.88,12.22,0,0,0,1,1,0,0,Esc0
652,10.15,20.0,19.75,2.27,5.99,0.24,20.21,97.58,57.31,4216769.59,21.05,41.1,0.16,37.85,98.02,11.38,12.59,0,0,0,1,1,0,0,Esc0
653,10.12,19.72,19.79,2.27,5.98,0.24,20.21,98.1,57.76,4235746.33,20.96,41.19,0.16,37.86,98.01,10.95,12.35,0,0,0,1,1,0,0,Esc0
654,10.08,20.01,19.6,2.27,6.0,0.24,20.38,97.44,56.65,4229661.46,20.99,40.82,0.15,38.19,98.01,12.07,13.04,0,0,0,1,1,0,0,Esc0
655,10.32,19.67,19.64,2.31,6.09,0.24,21.47,97.37,57.83,4372024.59,20.3,40.17,0.15,39.52,97.94,11.89,13.33,0,0,0,1,1,0,0,Esc0
656,9.95,20.23,19.46,2.25,5.91,0.24,19.96,97.01,55.3,4156864.7,21.35,40.9,0.15,37.74,98.05,12.9,13.22,0,0,0,1,1,0,0,Esc0
657,10.17,19.56,19.7,2.29,6.11,0.25,21.26,98.28,59.5,4409214.97,20.13,40.51,0.16,39.36,97.92,9.08,11.93,0,0,0,1,1,0,0,Esc0
658,10.16,19.77,19.74,2.27,6.06,0.24,20.91,97.8,57.66,4304782.5,20.62,40.63,0.15,38.75,97.98,10.61,12.43,0,0,0,1,1,0,0,Esc0
659,9.98,19.77,19.63,2.24,5.89,0.24,19.61,97.67,56.46,4145269.52,21.41,41.39,0.16,37.2,98.06,11.89,12.63,0,0,0,1,1,0,0,Esc0
660,10.14,19.78,19.7,2.28,6.03,0.24,20.73,97.93,57.78,4299075.5,20.65,40.76,0.15,38.59,97.98,10.92,12.37,0,0,0,1,1,0,0,Esc0
661,9.91,19.61,19.59,2.24,5.86,0.25,19.07,97.82,56.39,4096606.93,21.67,41.75,0.16,36.58,98.08,11.42,11.89,0,0,0,1,1,0,0,Esc0
662,9.91,19.63,19.5,2.26,5.91,0.24,19.74,97.28,55.56,4150010.02,21.39,41.13,0.15,37.48,98.05,12.67,12.47,0,0,0,1,1,0,0,Esc0
663,10.06,19.65,19.53,2.27,6.02,0.24,20.57,97.32,56.11,4244778.06,20.91,40.61,0.15,38.48,98.01,12.72,12.92,0,0,0,1,1,0,0,Esc0
664,10.25,19.94,19.72,2.31,6.15,0.25,21.55,98.0,59.5,4430344.58,20.04,40.32,0.15,39.65,97.91,9.62,12.07,0,0,0,1,1,0,0,Esc0
665,10.14,20.19,19.75,2.27,5.97,0.24,19.55,97.55,57.55,4157568.58,21.35,41.6,0.16,37.05,98.05,10.91,11.67,0,0,0,1,1,0,0,Esc0
666,9.84,20.02,19.53,2.22,5.85,0.24,19.02,96.78,54.44,4032191.28,22.01,41.57,0.16,36.42,98.11,13.12,12.24,0,0,0,1,1,0,0,Esc0
667,9.98,19.88,19.52,2.25,5.92,0.24,20.02,97.03,55.07,4156562.62,21.36,40.9,0.15,37.75,98.05,13.59,13.2,0,0,0,1,1,0,0,Esc0
668,10.04,20.01,19.65,2.26,5.91,0.24,19.46,97.21,56.35,4124837.33,21.52,41.5,0.16,36.98,98.07,12.35,11.67,0,0,0,1,1,0,0,Esc0
669,10.05,20.05,19.67,2.26,5.89,0.25,19.21,97.67,57.06,4119257.0,21.55,41.75,0.16,36.71,98.07,11.56,12.18,0,0,0,1,1,0,0,Esc0
670,9.96,19.68,19.52,2.26,5.92,0.24,19.71,97.56,56.19,4160647.72,21.33,41.21,0.16,37.46,98.05,12.1,12.64,0,0,0,1,1,0,0,Esc0
671,9.91,19.97,19.48,2.24,5.93,0.24,19.82,96.63,54.9,4129609.89,21.5,40.98,0.15,37.52,98.06,12.8,12.05,0,0,0,1,1,0,0,Esc0
672,10.24,20.12,19.83,2.27,5.97,0.24,20.4,97.7,57.91,4245380.2,20.91,41.07,0.16,38.02,98.01,11.03,12.15,0,0,0,1,1,0,0,Esc0
673,10.13,20.1,19.61,2.26,5.95,0.24,20.48,97.42,56.46,4237135.83,20.95,40.75,0.15,38.3,98.01,12.62,12.76,0,0,0,1,1,0,0,Esc0
674,9.89,20.0,19.45,2.24,5.88,0.24,19.65,96.96,54.71,4119051.16,21.55,41.09,0.15,37.36,98.07,13.8,12.47,0,0,0,1,1,0,0,Esc0
675,9.88,19.65,19.51,2.24,5.9,0.24,19.28,96.72,54.48,4064797.3,21.84,41.37,0.15,36.79,98.1,13.32,11.37,0,0,0,1,1,0,0,Esc0
676,10.36,19.82,19.89,2.29,6.08,0.24,21.09,97.83,59.51,4355710.17,20.38,40.74,0.16,38.88,97.95,9.21,11.77,0,0,0,1,1,0,0,Esc0
677,10.18,19.86,19.68,2.29,6.04,0.24,21.17,97.89,57.64,4342353.65,20.44,40.42,0.15,39.14,97.96,11.5,12.67,0,0,0,1,1,0,0,Esc0
678,10.28,20.37,19.72,2.29,6.08,0.24,21.48,97.72,58.27,4386753.75,20.24,40.27,0.15,39.49,97.94,11.28,12.43,0,0,0,1,1,0,0,Esc0
679,9.75,19.93,19.24,2.22,5.85,0.24,19.78,96.81,53.34,4111406.76,21.59,40.72,0.15,37.69,98.08,14.66,13.44,0,0,0,1,1,0,0,Esc0
680,10.11,20.01,19.48,2.29,5.98,0.24,20.34,96.91,55.94,4212665.35,21.07,40.69,0.15,38.24,98.02,13.98,13.28,0,0,0,1,1,0,0,Esc0
681,10.02,20.12,19.62,2.27,5.97,0.24,20.02,97.49,56.41,4191020.54,21.18,41.1,0.16,37.72,98.03,11.92,11.87,0,0,0,1,1,0,0,Esc0
682,10.23,19.76,19.69,2.28,6.09,0.25,21.62,97.95,58.55,4415293.78,20.1,40.18,0.15,39.71,97.92,10.38,12.13,0,0,0,1,1,0,0,Esc0
683,10.16,20.2,19.68,2.29,6.04,0.24,20.94,97.6,57.01,4297379.92,20.66,40.53,0.15,38.81,97.98,11.81,12.16,0,0,0,1,1,0,0,Esc0
684,10.36,19.81,19.89,2.29,6.05,0.24,20.84,97.84,58.81,4312618.79,20.58,40.88,0.16,38.54,97.97,10.53,12.19,0,0,0,1,1,0,0,Esc0
685,9.96,20.0,19.63,2.24,5.91,0.25,19.35,97.93,56.63,4133359.26,21.48,41.62,0.16,36.91,98.06,11.39,11.55,0,0,0,1,1,0,0,Esc0
686,9.84,19.89,19.66,2.23,5.8,0.24,18.3,97.54,55.89,3991363.67,22.24,42.32,0.16,35.44,98.13,11.33,11.54,0,0,0,1,1,0,0,Esc0
687,10.17,20.53,19.63,2.28,5.98,0.24,20.4,97.27,56.69,4224428.43,21.01,40.82,0.15,38.17,98.02,12.35,12.94,0,0,0,1,1,0,0,Esc0
688,9.83,19.72,19.25,2.23,5.82,0.24,19.26,96.69,53.49,4053695.86,21.9,41.1,0.15,37.0,98.1,15.0,13.44,0,0,0,1,1,0,0,Esc0
689,9.84,19.66,19.51,2.23,5.84,0.24,18.56,97.14,55.09,4016350.79,22.1,41.97,0.16,35.93,98.12,12.96,11.69,0,0,0,1,1,0,0,Esc0
690,9.94,19.78,19.46,2.25,5.92,0.24,19.59,97.07,55.13,4118308.54,21.55,41.15,0.15,37.3,98.07,13.02,13.61,0,0,0,1,1,0,0,Esc0
691,10.01,20.04,19.47,2.25,5.91,0.24,19.98,96.99,55.66,4164465.85,21.32,40.9,0.15,37.78,98.05,12.69,13.45,0,0,0,1,1,0,0,Esc0
692,9.83,19.79,19.48,2.23,5.8,0.24,18.35,97.12,54.64,3980350.49,22.3,42.05,0.16,35.65,98.14,13.59,12.22,0,0,0,1,1,0,0,Esc0
693,9.98,20.17,19.48,2.25,5.97,0.24,20.46,97.13,54.96,4209817.45,21.09,40.58,0.15,38.34,98.02,13.62,12.51,0,0,0,1,1,0,0,Esc0
694,9.89,20.16,19.38,2.25,5.93,0.24,20.05,97.33,55.16,4179144.7,21.24,40.79,0.15,37.97,98.04,13.11,13.57,0,0,0,1,1,0,0,Esc0
695,9.98,20.01,19.61,2.24,5.97,0.24,20.51,97.59,56.01,4234644.43,20.96,40.71,0.15,38.33,98.01,12.21,11.94,0,0,0,1,1,0,0,Esc0
696,10.24,20.41,19.64,2.31,6.12,0.24,22.12,97.93,58.07,4460213.12,19.9,39.77,0.15,40.32,97.9,11.51,13.19,0,0,0,1,1,0,0,Esc0
697,10.21,20.07,19.83,2.28,5.92,0.24,19.22,97.58,57.55,4113523.78,21.58,41.88,0.16,36.54,98.07,11.87,12.22,0,0,0,1,1,0,0,Esc0
698,10.05,19.67,19.71,2.28,5.91,0.24,19.28,97.57,56.82,4113856.9,21.58,41.71,0.16,36.72,98.07,11.91,12.54,0,0,0,1,1,0,0,Esc0
699,10.21,20.11,19.5,2.3,6.09,0.24,21.99,97.5,57.36,4431147.45,20.03,39.68,0.15,40.28,97.91,12.32,13.38,0,0,0,1,1,0,0,Esc0
700,9.86,19.68,19.47,2.25,5.9,0.24,19.38,97.2,55.32,4106507.06,21.62,41.35,0.16,37.04,98.08,13.07,12.39,0,0,0,1,1,0,0,Esc0
701,9.95,19.99,19.48,2.25,5.87,0.24,19.53,97.19,55.18,4112977.4,21.58,41.22,0.15,37.2,98.07,13.07,13.21,0,0,0,1,1,0,0,Esc0
702,9.78,20.09,19.48,2.23,5.88,0.24,19.38,97.8,55.53,4117543.2,21.56,41.39,0.16,37.05,98.07,12.05,12.15,0,0,0,1,1,0,0,Esc0
703,9.96,20.22,19.63,2.25,5.88,0.24,19.21,97.54,55.89,4087420.25,21.72,41.62,0.16,36.66,98.09,12.02,11.98,0,0,0,1,1,0,0,Esc0
704,9.98,19.62,19.52,2.27,5.89,0.24,19.26,97.43,55.69,4101887.24,21.64,41.5,0.16,36.86,98.08,12.92,13.28,0,0,0,1,1,0,0,Esc0
705,10.13,20.16,19.7,2.28,5.93,0.24,19.63,97.27,56.7,4143389.5,21.42,41.43,0.16,37.14,98.06,11.99,12.03,0,0,0,1,1,0,0,Esc0
706,10.11,19.64,19.75,2.27,5.97,0.24,19.69,97.66,57.12,4163892.32,21.32,41.47,0.16,37.21,98.05,11.84,11.57,0,0,0,1,1,0,0,Esc0
707,9.92,19.67,19.51,2.24,5.96,0.24,20.1,97.67,55.74,4198460.38,21.14,40.91,0.15,37.94,98.03,12.3,11.98,0,0,0,1,1,0,0,Esc0
708,10.2,20.12,19.58,2.3,6.08,0.24,21.49,97.24,57.23,4364623.53,20.34,40.07,0.15,39.59,97.95,12.12,12.85,0,0,0,1,1,0,0,Esc0
709,10.0,19.57,19.61,2.25,5.9,0.24,19.62,97.23,56.18,4136316.97,21.46,41.33,0.16,37.21,98.06,11.39,12.12,0,0,0,1,1,0,0,Esc0
710,10.11,19.74,19.64,2.27,5.99,0.24,20.22,97.56,57.07,4221843.44,21.03,40.99,0.16,37.98,98.02,11.17,12.56,0,0,0,1,1,0,0,Esc0
711,9.9,19.53,19.54,2.27,5.98,0.25,19.79,97.84,56.68,4190615.41,21.18,41.23,0.16,37.58,98.03,11.33,11.44,0,0,0,1,1,0,0,Esc0
712,10.04,19.83,19.74,2.26,5.92,0.25,19.04,97.75,57.26,4102840.88,21.64,41.95,0.16,36.41,98.08,11.12,11.76,0,0,0,1,1,0,0,Esc0
713,10.02,19.89,19.44,2.27,5.96,0.24,20.35,96.77,55.17,4198798.14,21.14,40.6,0.15,38.26,98.03,13.48,12.9,0,0,0,1,1,0,0,Esc0
714,9.88,19.49,19.41,2.24,5.9,0.24,19.8,97.16,55.07,4140856.05,21.44,40.96,0.15,37.6,98.06,13.58,12.55,0,0,0,1,1,0,0,Esc0
715,10.16,19.59,19.66,2.27,5.98,0.24,20.37,96.97,56.84,4217448.67,21.05,40.86,0.16,38.09,98.02,11.17,12.53,0,0,0,1,1,0,0,Esc0
716,10.24,19.84,19.8,2.29,6.03,0.24,20.73,97.54,57.73,4282018.09,20.73,40.81,0.16,38.46,97.99,11.01,11.25,0,0,0,1,1,0,0,Esc0
717,10.17,19.98,19.65,2.28,6.03,0.24,20.92,97.62,57.53,4314733.79,20.57,40.56,0.15,38.87,97.97,11.48,12.61,0,0,0,1,1,0,0,Esc0
718,9.95,19.97,19.49,2.28,5.9,0.24,19.52,97.05,55.17,4108727.9,21.6,41.23,0.15,37.16,98.07,13.34,12.33,0,0,0,1,1,0,0,Esc0
719,10.19,19.84,19.68,2.27,6.03,0.24,21.12,97.67,57.49,4327820.29,20.51,40.43,0.15,39.06,97.97,11.43,12.88,0,0,0,1,1,0,0,Esc0
720,9.98,19.64,19.61,2.26,5.87,0.24,19.09,97.55,56.33,4086515.34,21.72,41.72,0.16,36.56,98.09,11.94,13.09,0,0,0,1,1,0,0,Esc0
721,10.1,19.63,19.67,2.28,6.04,0.25,20.86,97.84,58.01,4318930.49,20.55,40.65,0.15,38.79,97.97,10.55,11.82,0,0,0,1,1,0,0,Esc0
722,10.22,20.22,19.86,2.27,5.95,0.24,20.1,98.18,58.51,4232348.34,20.97,41.35,0.16,37.67,98.01,10.13,12.2,0,0,0,1,1,0,0,Esc0
723,10.14,19.75,19.71,2.26,5.98,0.24,20.38,97.59,57.59,4245403.95,20.91,40.97,0.16,38.12,98.01,10.58,11.69,0,0,0,1,1,0,0,Esc0
724,10.31,20.16,19.74,2.3,6.08,0.24,21.42,97.83,58.32,4378889.13,20.27,40.33,0.15,39.39,97.94,11.38,12.97,0,0,0,1,1,0,0,Esc0
725,9.97,19.91,19.53,2.27,5.95,0.24,19.6,97.6,56.01,4143446.84,21.42,41.29,0.16,37.29,98.06,12.64,12.9,0,0,0,1,1,0,0,Esc0
726,9.97,19.9,19.47,2.26,5.9,0.24,19.52,96.81,55.24,4109758.92,21.6,41.21,0.15,37.19,98.07,13.45,13.16,0,0,0,1,1,0,0,Esc0
727,9.81,19.63,19.48,2.23,5.87,0.25,19.01,97.62,55.47,4076573.05,21.77,41.65,0.16,36.57,98.09,12.23,12.77,0,0,0,1,1,0,0,Esc0
728,9.95,19.92,19.55,2.27,5.87,0.24,19.11,97.2,55.48,4073544.44,21.79,41.61,0.16,36.6,98.09,13.17,12.65,0,0,0,1,1,0,0,Esc0
729,9.9,19.96,19.45,2.25,5.81,0.24,18.55,96.8,54.48,3989399.95,22.25,41.84,0.16,35.91,98.13,14.05,13.58,0,0,0,1,1,0,0,Esc0
730,10.13,20.02,19.59,2.28,6.05,0.25,21.12,97.78,57.7,4341871.53,20.44,40.38,0.15,39.18,97.96,11.61,12.96,0,0,0,1,1,0,0,Esc0
731,10.27,19.85,19.76,2.3,6.1,0.24,21.72,97.8,58.2,4398610.12,20.18,40.12,0.15,39.69,97.93,10.75,12.77,0,0,0,1,1,0,0,Esc0
732,10.1,20.22,19.62,2.27,5.94,0.24,20.16,97.36,56.28,4197231.5,21.15,40.97,0.15,37.88,98.03,12.88,12.91,0,0,0,1,1,0,0,Esc0
733,10.15,19.65,19.76,2.28,6.01,0.24,20.54,97.69,57.47,4264061.21,20.82,40.91,0.16,38.27,98.0,11.17,11.63,0,0,0,1,1,0,0,Esc0
734,10.2,20.05,19.78,2.28,5.99,0.24,20.42,97.72,57.44,4242177.01,20.92,40.99,0.16,38.08,98.01,11.03,12.36,0,0,0,1,1,0,0,Esc0
735,9.92,19.88,19.43,2.24,5.94,0.24,20.43,97.14,55.32,4220203.54,21.03,40.58,0.15,38.39,98.02,12.46,12.99,0,0,0,1,1,0,0,Esc0
736,10.01,19.9,19.58,2.28,5.93,0.24,19.55,97.23,56.24,4132608.42,21.48,41.35,0.16,37.17,98.06,12.53,13.27,0,0,0,1,1,0,0,Esc0
737,10.21,19.7,19.84,2.28,5.99,0.25,19.89,98.01,58.61,4217795.52,21.05,41.51,0.16,37.45,98.02,10.59,11.98,0,0,0,1,1,0,0,Esc0
738,10.06,20.13,19.88,2.25,5.9,0.25,19.28,98.12,58.35,4147477.34,21.4,41.96,0.16,36.64,98.06,9.13,10.81,0,0,0,1,1,0,0,Esc0
739,9.96,20.19,19.59,2.25,5.93,0.24,20.23,97.64,56.39,4210447.04,21.08,40.9,0.15,38.01,98.03,11.1,12.23,0,0,0,1,1,0,0,Esc0
740,10.06,19.6,19.56,2.28,6.0,0.24,20.87,97.44,56.22,4274424.15,20.77,40.42,0.15,38.81,97.99,12.85,13.19,0,0,0,1,1,0,0,Esc0
741,10.06,19.86,19.62,2.26,5.95,0.24,20.16,97.47,56.49,4206101.65,21.1,40.99,0.15,37.91,98.03,12.47,12.48,0,0,0,1,1,0,0,Esc0
742,10.13,19.87,19.63,2.27,5.94,0.24,20.27,97.36,56.53,4213449.11,21.07,40.91,0.15,38.02,98.02,12.38,13.04,0,0,0,1,1,0,0,Esc0
743,10.02,19.62,19.63,2.25,5.92,0.24,20.13,97.81,57.03,4219023.9,21.04,41.06,0.16,37.9,98.02,10.85,12.01,0,0,0,1,1,0,0,Esc0
744,10.09,20.01,19.61,2.27,5.98,0.24,20.62,97.4,56.71,4259395.6,20.84,40.67,0.15,38.49,98.0,11.86,12.3,0,0,0,1,1,0,0,Esc0
745,10.07,20.13,19.52,2.26,5.92,0.24,19.97,97.08,55.65,4160717.06,21.33,40.96,0.15,37.71,98.05,12.86,12.94,0,0,0,1,1,0,0,Esc0
746,10.18,19.99,19.63,2.28,5.97,0.24,20.37,97.35,57.03,4229301.53,20.99,40.85,0.16,38.16,98.01,12.03,13.63,0,0,0,1,1,0,0,Esc0
747,10.03,19.85,19.74,2.26,5.92,0.24,19.63,97.32,56.2,4130563.52,21.49,41.43,0.16,37.08,98.06,11.84,12.53,0,0,0,1,1,0,0,Esc0
748,9.94,19.9,19.54,2.25,5.93,0.24,19.77,97.51,56.2,4170175.29,21.29,41.2,0.16,37.52,98.04,12.33,11.6,0,0,0,1,1,0,0,Esc0
749,9.99,19.57,19.66,2.25,5.9,0.24,19.38,97.5,55.99,4110192.99,21.6,41.54,0.16,36.86,98.07,12.14,11.69,0,0,0,1,1,0,0,Esc0
750,9.96,19.94,19.54,2.26,5.95,0.25,20.03,97.86,57.06,4219830.32,21.04,41.07,0.16,37.89,98.02,11.37,12.27,0,0,0,1,1,0,0,Esc0
751,10.19,20.03,19.79,2.29,5.98,0.24,20.1,97.72,58.02,4223328.48,21.02,41.26,0.16,37.72,98.02,11.16,12.26,0,0,0,1,1,0,0,Esc0
752,9.87,20.15,19.32,2.24,5.82,0.24,19.16,96.51,53.66,4039513.67,21.97,41.23,0.15,36.8,98.11,14.37,13.81,0,0,0,1,1,0,0,Esc0
753,9.92,19.73,19.39,2.26,5.93,0.24,19.85,97.28,55.59,4162638.81,21.32,40.95,0.15,37.73,98.05,13.01,14.11,0,0,0,1,1,0,0,Esc0
754,10.0,19.87,19.48,2.26,5.94,0.24,20.32,97.1,55.71,4208295.92,21.09,40.7,0.15,38.21,98.03,12.84,12.96,0,0,0,1,1,0,0,Esc0
755,10.08,19.61,19.7,2.26,5.98,0.25,20.04,97.87,57.82,4223998.18,21.01,41.24,0.16,37.75,98.02,10.61,11.93,0,0,0,1,1,0,0,Esc0
756,10.01,19.57,19.69,2.25,5.95,0.24,19.71,97.97,57.06,4169467.88,21.29,41.4,0.16,37.31,98.04,10.96,12.11,0,0,0,1,1,0,0,Esc0
757,9.79,19.62,19.36,2.26,5.93,0.25,19.72,97.59,55.49,4161949.65,21.33,41.05,0.15,37.63,98.05,12.99,12.28,0,0,0,1,1,0,0,Esc0
758,10.16,19.99,19.71,2.26,5.95,0.24,20.08,96.78,56.33,4167918.52,21.3,41.06,0.16,37.64,98.04,12.37,12.71,0,0,0,1,1,0,0,Esc0
759,9.89,19.85,19.47,2.26,5.88,0.24,19.33,97.21,55.16,4095282.16,21.68,41.37,0.16,36.96,98.08,13.01,13.03,0,0,0,1,1,0,0,Esc0
760,10.15,20.3,19.68,2.26,5.97,0.24,20.32,97.49,57.25,4235137.62,20.96,40.97,0.16,38.07,98.01,11.67,12.31,0,0,0,1,1,0,0,Esc0
761,10.05,19.73,19.65,2.26,5.99,0.24,20.37,97.51,57.13,4243775.71,20.92,40.91,0.16,38.17,98.01,10.68,11.69,0,0,0,1,1,0,0,Esc0
762,9.96,20.06,19.45,2.25,5.96,0.24,20.32,97.17,55.19,4199600.06,21.14,40.65,0.15,38.22,98.03,13.73,13.65,0,0,0,1,1,0,0,Esc0
763,10.02,20.08,19.53,2.28,6.08,0.25,21.52,97.73,57.43,4388244.14,20.23,40.05,0.15,39.72,97.94,11.11,11.89,0,0,0,1,1,0,0,Esc0
764,9.77,19.21,19.39,2.2,5.75,0.24,18.22,96.45,53.51,3938360.8,22.54,41.96,0.16,35.5,98.16,13.7,12.46,0,0,0,1,1,0,0,Esc0
765,9.96,19.71,19.49,2.27,5.93,0.24,19.85,97.49,56.2,4171745.79,21.28,41.08,0.16,37.65,98.04,12.49,13.22,0,0,0,1,1,0,0,Esc0
766,9.99,20.17,19.53,2.27,5.92,0.24,19.86,97.17,55.84,4161093.26,21.33,41.07,0.15,37.6,98.05,12.57,13.16,0,0,0,1,1,0,0,Esc0
767,10.2,20.39,19.66,2.27,6.04,0.24,21.36,97.42,58.01,4361980.25,20.35,40.28,0.15,39.37,97.95,10.22,12.2,0,0,0,1,1,0,0,Esc0
768,9.95,19.92,19.5,2.24,5.96,0.24,20.16,97.21,55.87,4195686.0,21.16,40.84,0.15,38.0,98.03,12.42,12.95,0,0,0,1,1,0,0,Esc0
769,10.2,19.83,19.63,2.29,6.15,0.24,21.82,97.46,57.63,4412001.39,20.12,39.93,0.15,39.95,97.92,11.26,12.65,0,0,0,1,1,0,0,Esc0
770,10.05,19.96,19.54,2.26,5.94,0.24,20.11,97.0,55.58,4175016.92,21.26,40.87,0.15,37.87,98.04,13.04,13.15,0,0,0,1,1,0,0,Esc0
771,10.27,20.21,19.76,2.29,6.0,0.24,20.58,97.43,57.52,4257705.56,20.85,40.86,0.16,38.3,98.0,11.49,12.12,0,0,0,1,1,0,0,Esc0
772,10.21,20.03,19.74,2.28,5.96,0.24,20.27,97.3,57.05,4213360.68,21.07,41.02,0.16,37.92,98.02,11.87,12.7,0,0,0,1,1,0,0,Esc0
773,9.89,20.18,19.43,2.24,5.88,0.24,20.01,96.97,54.51,4145897.24,21.41,40.78,0.15,37.81,98.06,13.19,13.0,0,0,0,1,1,0,0,Esc0
774,10.26,19.98,19.56,2.28,6.1,0.24,21.84,97.23,57.53,4409556.25,20.13,39.83,0.15,40.04,97.92,11.73,12.93,0,0,0,1,1,0,0,Esc0
775,9.98,19.85,19.53,2.24,5.9,0.24,19.81,96.86,55.35,4140799.29,21.44,41.07,0.15,37.49,98.06,12.72,12.42,0,0,0,1,1,0,0,Esc0
776,9.9,19.89,19.59,2.25,5.83,0.24,18.56,97.08,54.89,3997507.29,22.21,42.0,0.16,35.8,98.13,13.54,12.39,0,0,0,1,1,0,0,Esc0
777,10.1,19.74,19.57,2.27,5.99,0.24,20.49,96.98,56.12,4224164.16,21.01,40.67,0.15,38.32,98.02,12.42,12.82,0,0,0,1,1,0,0,Esc0
778,10.2,19.89,19.69,2.28,5.99,0.24,20.83,97.67,57.68,4300816.28,20.64,40.65,0.15,38.71,97.98,11.21,12.5,0,0,0,1,1,0,0,Esc0
779,9.79,19.85,19.4,2.22,5.82,0.24,19.26,97.5,54.72,4085497.33,21.73,41.34,0.15,36.94,98.09,13.61,13.52,0,0,0,1,1,0,0,Esc0
780,10.23,20.19,19.7,2.28,6.03,0.24,20.98,97.8,57.97,4324119.53,20.53,40.59,0.15,38.89,97.97,11.48,12.5,0,0,0,1,1,0,0,Esc0
781,10.13,19.53,19.58,2.29,6.03,0.24,20.27,97.27,56.9,4224200.45,21.01,40.88,0.16,38.1,98.01,12.58,12.6,0,0,0,1,1,0,0,Esc0
782,10.14,19.71,19.7,2.29,6.04,0.25,20.68,98.08,57.95,4300150.81,20.64,40.81,0.16,38.55,97.98,11.28,12.39,0,0,0,1,1,0,0,Esc0
783,9.88,20.04,19.49,2.24,5.83,0.24,18.65,97.22,55.08,4019896.8,22.08,41.87,0.16,36.05,98.12,13.9,13.22,0,0,0,1,1,0,0,Esc0
784,9.99,19.75,19.4,2.26,5.93,0.24,20.53,96.82,55.22,4215369.21,21.06,40.44,0.15,38.5,98.02,13.92,13.89,0,0,0,1,1,0,0,Esc0
785,9.96,20.03,19.5,2.26,5.95,0.24,19.76,97.2,55.94,4154823.84,21.36,41.12,0.16,37.51,98.05,12.09,12.72,0,0,0,1,1,0,0,Esc0
786,10.17,20.3,19.81,2.28,6.02,0.25,20.58,98.29,58.63,4296147.85,20.66,41.0,0.16,38.34,97.98,10.32,12.26,0,0,0,1,1,0,0,Esc0
787,10.26,19.92,19.75,2.3,6.04,0.24,20.86,97.38,57.8,4301300.08,20.64,40.69,0.15,38.67,97.98,11.39,11.7,0,0,0,1,1,0,0,Esc0
788,9.99,19.9,19.52,2.28,5.92,0.24,19.36,97.27,55.62,4105845.12,21.62,41.41,0.16,36.97,98.07,14.0,13.26,0,0,0,1,1,0,0,Esc0
789,10.07,20.3,19.54,2.27,6.02,0.24,21.07,97.38,56.42,4301759.5,20.64,40.28,0.15,39.09,97.98,12.5,13.17,0,0,0,1,1,0,0,Esc0
790,10.02,20.08,19.78,2.25,5.91,0.24,19.25,97.97,56.93,4116567.02,21.56,41.82,0.16,36.62,98.07,11.17,11.55,0,0,0,1,1,0,0,Esc0
791,9.95,19.86,19.48,2.26,5.94,0.24,20.08,97.3,55.42,4179062.45,21.24,40.86,0.15,37.9,98.04,13.23,13.06,0,0,0,1,1,0,0,Esc0
792,10.06,19.82,19.62,2.25,6.0,0.24,20.93,97.49,57.07,4307794.18,20.61,40.5,0.15,38.89,97.98,11.14,11.64,0,0,0,1,1,0,0,Esc0
793,10.07,19.98,19.62,2.26,6.05,0.24,21.09,97.92,57.19,4335215.51,20.48,40.43,0.15,39.1,97.96,11.02,12.28,0,0,0,1,1,0,0,Esc0
794,10.29,20.01,19.75,2.3,6.11,0.24,21.55,97.49,58.17,4384703.11,20.24,40.24,0.15,39.51,97.94,10.8,11.62,0,0,0,1,1,0,0,Esc0
795,10.1,19.96,19.59,2.29,6.03,0.24,20.99,97.49,56.97,4306279.88,20.61,40.41,0.15,38.98,97.98,11.71,12.68,0,0,0,1,1,0,0,Esc0
796,9.83,19.46,19.42,2.24,5.85,0.24,18.93,97.06,54.75,4042963.84,21.96,41.57,0.16,36.47,98.11,12.83,12.94,0,0,0,1,1,0,0,Esc0
797,10.24,20.36,19.81,2.28,6.0,0.24,20.38,98.01,58.56,4263995.26,20.82,41.12,0.16,38.06,98.0,10.69,12.02,0,0,0,1,1,0,0,Esc0
798,10.17,20.05,19.7,2.29,6.06,0.24,20.96,97.41,57.4,4304392.95,20.62,40.56,0.15,38.82,97.98,11.8,12.17,0,0,0,1,1,0,0,Esc0
799,10.12,20.15,19.71,2.27,6.04,0.24,20.6,97.96,57.38,4275758.28,20.76,40.83,0.15,38.41,97.99,11.26,12.3,0,0,0,1,1,0,0,Esc0
800,10.37,19.97,19.73,2.3,6.09,0.24,21.26,97.57,58.59,4367376.67,20.33,40.45,0.15,39.22,97.94,11.02,12.23,0,0,0,1,1,0,0,Esc0
801,9.97,19.69,19.47,2.24,5.95,0.24,20.54,97.07,55.54,4229308.75,20.99,40.53,0.15,38.48,98.02,12.12,12.49,0,0,0,1,1,0,0,Esc0
802,9.83,19.96,19.47,2.22,5.85,0.24,19.01,97.2,55.13,4062637.66,21.85,41.6,0.16,36.55,98.1,12.54,12.66,0,0,0,1,1,0,0,Esc0
803,10.07,19.86,19.73,2.26,6.0,0.25,20.07,98.01,57.99,4233428.34,20.97,41.26,0.16,37.77,98.01,10.32,11.99,0,0,0,1,1,0,0,Esc0
804,9.9,19.8,19.49,2.25,5.88,0.24,19.22,96.97,54.95,4074289.9,21.79,41.43,0.16,36.78,98.09,13.1,12.16,0,0,0,1,1,0,0,Esc0
805,10.04,19.99,19.56,2.28,6.0,0.24,20.62,97.51,56.58,4267210.11,20.8,40.64,0.15,38.56,98.0,12.08,12.29,0,0,0,1,1,0,0,Esc0
806,9.95,20.23,19.56,2.26,5.93,0.24,19.92,97.33,55.94,4162078.77,21.33,41.05,0.15,37.63,98.05,11.46,12.67,0,0,0,1,1,0,0,Esc0
807,10.05,19.97,19.6,2.25,5.94,0.24,20.03,97.22,56.34,4184430.84,21.21,41.04,0.16,37.75,98.04,11.77,12.65,0,0,0,1,1,0,0,Esc0
808,10.12,19.71,19.61,2.26,5.93,0.24,19.88,97.28,56.67,4173423.19,21.27,41.17,0.16,37.56,98.04,11.99,12.95,0,0,0,1,1,0,0,Esc0
809,9.95,19.92,19.55,2.24,5.84,0.24,19.44,97.07,54.78,4082743.21,21.74,41.3,0.15,36.96,98.09,13.32,12.93,0,0,0,1,1,0,0,Esc0
810,10.27,21.03,19.67,2.3,6.03,0.24,20.86,97.21,57.37,4288579.43,20.7,40.58,0.15,38.72,97.98,11.97,12.77,0,0,0,1,1,0,0,Esc0
811,9.9,19.92,19.41,2.22,5.9,0.24,20.04,96.77,54.67,4154139.54,21.37,40.75,0.15,37.88,98.05,12.97,12.84,0,0,0,1,1,0,0,Esc0
812,10.24,19.96,19.59,2.3,6.09,0.25,21.58,97.8,58.04,4400997.28,20.17,40.09,0.15,39.74,97.93,11.75,13.47,0,0,0,1,1,0,0,Esc0
813,10.05,19.91,19.62,2.26,5.98,0.24,20.41,97.5,56.65,4232039.82,20.98,40.82,0.15,38.21,98.01,11.47,12.85,0,0,0,1,1,0,0,Esc0
814,10.16,20.21,19.65,2.27,6.02,0.24,20.99,97.28,56.64,4290638.52,20.69,40.44,0.15,38.88,97.98,12.64,12.59,0,0,0,1,1,0,0,Esc0
815,10.0,19.99,19.59,2.26,5.93,0.25,19.95,97.67,57.18,4203234.52,21.12,41.16,0.16,37.72,98.03,11.51,12.19,0,0,0,1,1,0,0,Esc0
816,10.18,19.95,19.62,2.29,5.95,0.24,20.03,96.87,56.21,4167353.59,21.3,41.01,0.16,37.69,98.04,12.78,12.99,0,0,0,1,1,0,0,Esc0
817,10.08,20.06,19.52,2.28,6.07,0.24,21.24,97.72,56.93,4346667.89,20.42,40.2,0.15,39.37,97.96,12.17,12.86,0,0,0,1,1,0,0,Esc0
818,10.17,19.96,19.72,2.28,6.08,0.24,21.32,98.03,58.15,4370232.01,20.31,40.39,0.15,39.3,97.94,10.1,12.27,0,0,0,1,1,0,0,Esc0
819,10.04,20.31,19.57,2.26,5.92,0.24,20.1,97.18,55.73,4182253.2,21.22,40.94,0.15,37.84,98.04,12.37,12.19,0,0,0,1,1,0,0,Esc0
820,9.99,19.7,19.49,2.26,5.87,0.24,19.48,96.98,55.23,4106090.74,21.62,41.27,0.15,37.12,98.08,12.95,12.58,0,0,0,1,1,0,0,Esc0
821,10.1,19.76,19.64,2.27,5.93,0.24,19.94,97.29,56.79,4183331.58,21.22,41.17,0.16,37.61,98.04,11.99,12.53,0,0,0,1,1,0,0,Esc0
822,10.13,19.54,19.79,2.26,5.98,0.24,20.17,97.64,57.21,4210865.29,21.08,41.16,0.16,37.76,98.02,11.51,11.61,0,0,0,1,1,0,0,Esc0
823,9.89,19.89,19.48,2.25,5.95,0.25,20.08,97.71,56.05,4204041.33,21.11,40.92,0.15,37.96,98.03,11.81,12.51,0,0,0,1,1,0,0,Esc0
824,10.03,20.03,19.79,2.24,5.88,0.24,18.96,97.78,56.92,4081385.37,21.75,42.01,0.16,36.24,98.09,11.25,12.23,0,0,0,1,1,0,0,Esc0
825,9.87,19.69,19.55,2.22,5.87,0.24,19.26,97.35,54.72,4073071.74,21.79,41.45,0.15,36.75,98.09,13.27,12.06,0,0,0,1,1,0,0,Esc0
826,10.21,20.16,19.73,2.28,6.0,0.24,20.68,97.49,57.83,4277213.42,20.75,40.78,0.16,38.47,97.99,10.98,12.91,0,0,0,1,1,0,0,Esc0
827,10.08,20.01,19.73,2.25,5.95,0.24,19.89,97.6,57.17,4182209.38,21.22,41.29,0.16,37.48,98.04,10.84,12.15,0,0,0,1,1,0,0,Esc0
828,10.17,20.07,19.67,2.3,6.01,0.24,20.57,97.18,56.9,4247460.36,20.9,40.75,0.15,38.35,98.0,12.07,12.82,0,0,0,1,1,0,0,Esc0
829,10.24,19.94,19.86,2.29,6.0,0.24,20.2,97.52,58.07,4220944.59,21.03,41.23,0.16,37.74,98.02,10.3,11.56,0,0,0,1,1,0,0,Esc0
830,10.16,19.48,19.74,2.26,5.98,0.24,20.08,97.72,57.5,4214179.45,21.06,41.21,0.16,37.73,98.02,10.76,11.61,0,0,0,1,1,0,0,Esc0
831,10.18,19.92,19.64,2.28,6.01,0.24,21.03,97.35,57.26,4308001.83,20.61,40.43,0.15,38.96,97.98,11.57,12.63,0,0,0,1,1,0,0,Esc0
832,9.69,19.8,19.43,2.2,5.77,0.24,18.12,97.56,54.07,3957815.44,22.43,42.17,0.16,35.4,98.15,13.46,12.51,0,0,0,1,1,0,0,Esc0
833,10.21,20.17,19.73,2.28,6.05,0.24,20.77,97.78,58.17,4306948.79,20.61,40.77,0.16,38.62,97.97,10.71,12.36,0,0,0,1,1,0,0,Esc0
834,9.97,19.55,19.52,2.28,5.95,0.24,19.71,97.32,55.73,4145047.64,21.42,41.17,0.15,37.42,98.06,12.58,12.94,0,0,0,1,1,0,0,Esc0
835,10.28,20.04,19.61,2.3,6.1,0.24,21.99,97.37,58.07,4435536.48,20.01,39.81,0.15,40.18,97.91,11.1,13.07,0,0,0,1,1,0,0,Esc0
836,10.1,19.87,19.66,2.29,6.03,0.24,20.64,97.98,57.16,4277684.84,20.75,40.75,0.15,38.5,97.99,11.96,12.31,0,0,0,1,1,0,0,Esc0
837,9.92,20.1,19.58,2.25,5.93,0.24,20.17,97.47,55.54,4186164.69,21.2,40.88,0.15,37.91,98.04,12.94,12.41,0,0,0,1,1,0,0,Esc0
838,10.19,19.88,19.56,2.29,6.0,0.24,20.84,97.11,56.62,4274018.13,20.77,40.45,0.15,38.78,97.99,12.41,12.73,0,0,0,1,1,0,0,Esc0
839,10.04,20.23,19.64,2.26,5.9,0.24,18.89,97.25,56.15,4056083.88,21.88,41.87,0.16,36.24,98.1,12.52,12.6,0,0,0,1,1,0,0,Esc0
840,10.2,19.55,19.81,2.27,5.96,0.24,20.02,97.14,57.27,4178780.1,21.24,41.25,0.16,37.51,98.04,10.99,12.87,0,0,0,1,1,0,0,Esc0
841,9.94,19.76,19.5,2.25,5.89,0.24,19.78,97.29,55.52,4143856.37,21.42,41.08,0.15,37.5,98.06,12.85,13.31,0,0,0,1,1,0,0,Esc0
842,10.48,20.37,19.9,2.32,6.13,0.24,21.63,97.66,59.41,4405977.55,20.15,40.36,0.16,39.49,97.92,10.64,12.78,0,0,0,1,1,0,0,Esc0
843,10.12,20.09,19.54,2.3,6.01,0.24,20.92,97.37,56.74,4290391.61,20.69,40.4,0.15,38.91,97.98,12.12,13.66,0,0,0,1,1,0,0,Esc0
844,10.1,20.06,19.73,2.26,5.97,0.24,20.02,97.74,57.43,4209546.38,21.09,41.25,0.16,37.66,98.02,10.94,11.83,0,0,0,1,1,0,0,Esc0
845,10.2,20.13,19.74,2.27,6.02,0.24,20.48,97.72,57.6,4258229.81,20.85,40.93,0.16,38.22,98.0,11.18,12.16,0,0,0,1,1,0,0,Esc0
846,10.14,20.09,19.76,2.28,5.98,0.24,20.09,97.06,56.81,4189835.22,21.19,41.15,0.16,37.66,98.03,11.81,11.55,0,0,0,1,1,0,0,Esc0
847,10.07,20.26,19.69,2.27,5.95,0.24,19.89,97.55,57.01,4182417.61,21.22,41.26,0.16,37.51,98.04,10.96,12.11,0,0,0,1,1,0,0,Esc0
848,9.96,19.66,19.59,2.23,5.89,0.24,19.66,97.34,55.66,4130726.88,21.49,41.25,0.16,37.26,98.06,12.45,12.7,0,0,0,1,1,0,0,Esc0
849,9.98,19.75,19.57,2.26,5.91,0.24,19.78,97.57,56.55,4172234.66,21.28,41.23,0.16,37.5,98.04,11.94,12.48,0,0,0,1,1,0,0,Esc0
850,10.17,20.0,19.65,2.3,6.04,0.24,21.03,97.36,57.06,4302180.01,20.63,40.42,0.15,38.95,97.98,11.75,12.33,0,0,0,1,1,0,0,Esc0
851,10.0,19.7,19.6,2.25,5.9,0.24,19.84,97.45,56.27,4166239.24,21.31,41.18,0.16,37.52,98.05,11.54,12.72,0,0,0,1,1,0,0,Esc0
852,10.12,19.95,19.67,2.28,6.06,0.24,21.22,97.83,57.39,4340135.71,20.45,40.36,0.15,39.19,97.96,11.19,12.61,0,0,0,1,1,0,0,Esc0
853,10.04,19.74,19.54,2.26,6.0,0.24,20.97,97.55,56.64,4304236.75,20.62,40.38,0.15,39.0,97.98,12.09,12.86,0,0,0,1,1,0,0,Esc0
854,10.06,19.64,19.66,2.28,5.94,0.25,19.43,97.68,56.84,4140927.75,21.44,41.58,0.16,36.98,98.06,12.12,12.06,0,0,0,1,1,0,0,Esc0
855,10.09,19.86,19.56,2.28,5.98,0.24,20.41,97.43,56.86,4245085.52,20.91,40.79,0.15,38.3,98.01,12.52,13.2,0,0,0,1,1,0,0,Esc0
856,9.83,19.95,19.51,2.24,5.86,0.25,18.69,97.56,55.8,4047238.85,21.93,41.93,0.16,36.14,98.11,12.51,12.17,0,0,0,1,1,0,0,Esc0
857,10.04,20.25,19.6,2.27,5.94,0.24,19.99,97.63,56.37,4184996.49,21.21,41.08,0.16,37.71,98.04,11.92,12.39,0,0,0,1,1,0,0,Esc0
858,10.12,20.13,19.71,2.28,5.99,0.24,20.5,97.56,56.65,4238499.43,20.94,40.84,0.15,38.22,98.01,12.13,12.41,0,0,0,1,1,0,0,Esc0
859,9.99,19.72,19.49,2.26,5.95,0.24,20.53,97.02,55.38,4216573.8,21.05,40.53,0.15,38.42,98.02,12.61,13.35,0,0,0,1,1,0,0,Esc0
860,10.18,19.98,19.62,2.3,6.0,0.24,20.57,97.37,57.22,4261157.22,20.83,40.73,0.15,38.44,98.0,11.79,12.92,0,0,0,1,1,0,0,Esc0
861,10.15,19.79,19.62,2.28,6.04,0.25,21.21,97.99,57.92,4355291.17,20.38,40.36,0.15,39.26,97.95,10.62,13.32,0,0,0,1,1,0,0,Esc0
862,10.01,20.02,19.61,2.27,5.99,0.25,20.31,97.89,57.09,4245649.6,20.91,40.94,0.15,38.16,98.01,12.13,12.26,0,0,0,1,1,0,0,Esc0
863,10.28,19.88,19.81,2.32,6.07,0.24,21.07,97.86,58.45,4334933.06,20.48,40.63,0.16,38.89,97.96,11.09,12.69,0,0,0,1,1,0,0,Esc0
864,9.95,19.92,19.57,2.24,5.87,0.24,19.48,97.02,55.18,4097219.44,21.67,41.32,0.16,37.01,98.08,12.37,12.02,0,0,0,1,1,0,0,Esc0
865,10.2,19.97,19.73,2.28,6.03,0.24,20.54,97.91,57.44,4262230.36,20.83,40.88,0.16,38.29,98.0,11.4,12.46,0,0,0,1,1,0,0,Esc0
866,10.19,20.18,19.64,2.29,6.0,0.24,20.57,97.35,56.99,4256578.93,20.85,40.73,0.15,38.41,98.0,12.64,12.84,0,0,0,1,1,0,0,Esc0
867,9.93,19.9,19.49,2.25,5.92,0.24,19.57,96.98,55.39,4117691.14,21.56,41.21,0.15,37.23,98.07,12.62,12.94,0,0,0,1,1,0,0,Esc0
868,10.2,20.26,19.7,2.28,6.0,0.24,20.98,97.88,57.88,4323656.36,20.53,40.58,0.15,38.89,97.97,10.94,12.76,0,0,0,1,1,0,0,Esc0
869,9.89,19.49,19.63,2.24,5.86,0.24,19.28,97.8,56.2,4110197.36,21.6,41.62,0.16,36.79,98.08,11.21,11.67,0,0,0,1,1,0,0,Esc0
870,10.12,20.04,19.63,2.29,5.97,0.24,20.22,97.44,56.94,4217522.67,21.05,40.97,0.16,37.98,98.02,12.06,13.01,0,0,0,1,1,0,0,Esc0
871,10.08,19.92,19.57,2.26,5.94,0.24,20.31,97.16,56.2,4207725.2,21.1,40.8,0.15,38.11,98.03,11.97,13.47,0,0,0,1,1,0,0,Esc0
872,10.09,19.87,19.76,2.26,5.97,0.24,20.25,98.07,57.78,4248545.27,20.89,41.15,0.16,37.95,98.01,10.51,11.51,0,0,0,1,1,0,0,Esc0
873,10.04,20.14,19.65,2.26,5.96,0.24,20.12,97.66,56.39,4200133.48,21.13,41.05,0.15,37.82,98.03,12.1,12.39,0,0,0,1,1,0,0,Esc0
874,9.85,19.72,19.47,2.23,5.89,0.24,19.7,97.41,54.92,4132666.51,21.48,41.1,0.15,37.42,98.06,13.04,12.92,0,0,0,1,1,0,0,Esc0
875,10.0,19.68,19.65,2.26,5.9,0.24,19.51,97.27,56.25,4120551.45,21.54,41.44,0.16,37.02,98.07,11.61,11.97,0,0,0,1,1,0,0,Esc0
876,10.15,19.86,19.63,2.29,5.97,0.24,20.11,97.27,56.73,4198348.82,21.14,41.02,0.16,37.84,98.03,12.41,12.76,0,0,0,1,1,0,0,Esc0
877,10.13,19.75,19.67,2.27,5.98,0.24,20.6,97.49,57.19,4263650.98,20.82,40.76,0.15,38.42,98.0,11.38,12.54,0,0,0,1,1,0,0,Esc0
878,10.06,19.84,19.52,2.25,5.97,0.24,20.33,97.18,56.32,4217805.24,21.05,40.76,0.15,38.2,98.02,12.35,13.12,0,0,0,1,1,0,0,Esc0
879,10.11,19.28,19.6,2.27,5.96,0.24,20.14,97.0,56.68,4199887.5,21.14,40.97,0.16,37.89,98.03,11.89,12.47,0,0,0,1,1,0,0,Esc0
880,10.03,19.61,19.49,2.26,6.0,0.24,20.86,97.6,56.55,4297119.46,20.66,40.42,0.15,38.92,97.98,11.72,12.96,0,0,0,1,1,0,0,Esc0
881,10.07,20.63,19.62,2.27,5.96,0.24,20.04,97.26,56.61,4191999.58,21.18,41.07,0.16,37.75,98.03,12.19,12.36,0,0,0,1,1,0,0,Esc0
882,10.11,19.68,19.74,2.27,5.89,0.24,19.32,97.71,56.86,4113129.6,21.58,41.69,0.16,36.72,98.07,12.15,13.01,0,0,0,1,1,0,0,Esc0
883,9.99,19.64,19.66,2.26,5.95,0.25,19.84,98.0,57.36,4193543.43,21.17,41.31,0.16,37.52,98.03,10.34,11.88,0,0,0,1,1,0,0,Esc0
884,10.1,20.17,19.6,2.29,5.92,0.24,19.21,97.02,56.01,4088189.21,21.71,41.6,0.16,36.69,98.08,12.93,12.62,0,0,0,1,1,0,0,Esc0
885,9.85,20.26,19.53,2.25,5.88,0.24,19.24,97.31,55.3,4088900.44,21.71,41.5,0.16,36.79,98.08,12.45,12.18,0,0,0,1,1,0,0,Esc0
886,10.07,19.58,19.55,2.28,6.02,0.25,20.51,97.52,57.19,4264215.14,20.82,40.74,0.15,38.45,98.0,11.26,13.04,0,0,0,1,1,0,0,Esc0
887,10.23,20.33,19.74,2.29,6.08,0.24,21.29,97.88,58.29,4362986.28,20.35,40.43,0.15,39.23,97.95,10.36,12.39,0,0,0,1,1,0,0,Esc0
888,10.29,20.02,19.71,2.28,6.05,0.24,21.3,97.47,57.77,4349503.91,20.41,40.35,0.15,39.25,97.95,11.42,12.6,0,0,0,1,1,0,0,Esc0
889,10.4,19.94,19.86,2.31,6.12,0.25,21.47,98.06,59.76,4416196.2,20.1,40.5,0.16,39.4,97.92,9.85,11.79,0,0,0,1,1,0,0,Esc0
890,10.06,20.19,19.63,2.27,5.98,0.24,20.42,97.61,56.72,4241750.68,20.93,40.85,0.15,38.23,98.01,12.01,12.05,0,0,0,1,1,0,0,Esc0
891,10.13,20.09,19.62,2.26,5.98,0.24,20.73,97.37,56.84,4269626.37,20.79,40.6,0.15,38.61,98.0,11.61,12.35,0,0,0,1,1,0,0,Esc0
892,10.21,19.59,19.64,2.3,6.08,0.24,21.24,97.55,57.49,4345498.17,20.43,40.33,0.15,39.25,97.96,12.03,13.36,0,0,0,1,1,0,0,Esc0
893,10.23,20.19,19.72,2.28,6.07,0.24,21.09,97.7,57.81,4334176.92,20.48,40.52,0.15,39.0,97.96,11.17,12.05,0,0,0,1,1,0,0,Esc0
894,9.58,19.57,19.3,2.2,5.8,0.24,18.63,97.28,53.66,4005015.92,22.16,41.66,0.15,36.18,98.13,13.7,12.34,0,0,0,1,1,0,0,Esc0
895,10.22,20.21,19.78,2.28,6.06,0.24,21.1,98.24,58.53,4353982.49,20.39,40.61,0.15,39.0,97.95,9.9,11.65,0,0,0,1,1,0,0,Esc0
896,9.8,19.8,19.6,2.23,5.89,0.25,19.16,98.07,56.55,4118031.87,21.56,41.73,0.16,36.72,98.07,10.68,11.22,0,0,0,1,1,0,0,Esc0
897,10.23,20.02,19.7,2.28,6.12,0.24,21.83,97.66,58.15,4420516.74,20.08,40.01,0.15,39.9,97.92,9.9,12.18,0,0,0,1,1,0,0,Esc0
898,9.87,19.51,19.41,2.24,5.87,0.24,19.13,96.87,54.6,4062807.61,21.85,41.42,0.15,36.74,98.1,13.62,13.11,0,0,0,1,1,0,0,Esc0
899,9.89,20.04,19.5,2.24,5.87,0.24,19.32,97.18,54.65,4076022.95,21.78,41.35,0.15,36.87,98.09,13.31,13.26,0,0,0,1,1,0,0,Esc0
900,10.26,20.22,19.75,2.29,6.06,0.24,21.31,97.54,58.04,4352758.86,20.39,40.39,0.15,39.22,97.95,11.06,12.19,0,0,0,1,1,0,0,Esc0
901,10.15,20.07,19.71,2.27,5.96,0.24,19.86,97.74,57.54,4195794.09,21.16,41.34,0.16,37.5,98.03,10.96,12.23,0,0,0,1,1,0,0,Esc0
902,9.79,19.97,19.4,2.21,5.84,0.24,19.24,97.0,54.08,4061329.41,21.86,41.28,0.15,36.86,98.1,13.35,12.9,0,0,0,1,1,0,0,Esc0
903,9.9,19.86,19.47,2.24,5.98,0.24,20.35,97.68,55.74,4226988.11,21.0,40.71,0.15,38.29,98.02,12.48,12.65,0,0,0,1,1,0,0,Esc0
904,9.81,19.56,19.44,2.25,5.89,0.24,19.18,97.06,54.59,4064683.82,21.84,41.41,0.15,36.76,98.1,13.72,13.23,0,0,0,1,1,0,0,Esc0
905,10.11,19.78,19.63,2.27,5.97,0.24,20.46,97.27,56.8,4237258.28,20.95,40.78,0.15,38.27,98.01,11.35,12.64,0,0,0,1,1,0,0,Esc0
906,10.17,19.85,19.69,2.28,5.97,0.24,20.17,97.3,57.49,4215084.09,21.06,41.08,0.16,37.86,98.02,10.59,12.64,0,0,0,1,1,0,0,Esc0
907,9.92,19.7,19.51,2.24,5.91,0.24,19.95,97.47,55.73,4170900.87,21.28,40.99,0.15,37.73,98.04,12.4,13.09,0,0,0,1,1,0,0,Esc0
908,10.03,20.01,19.7,2.26,5.95,0.24,19.86,97.41,56.08,4154594.08,21.37,41.23,0.16,37.4,98.05,11.72,11.67,0,0,0,1,1,0,0,Esc0
909,9.99,20.16,19.59,2.24,5.89,0.24,19.57,97.29,56.14,4128698.4,21.5,41.33,0.16,37.17,98.07,12.34,12.99,0,0,0,1,1,0,0,Esc0
910,9.87,19.81,19.44,2.24,5.89,0.24,19.73,97.03,54.95,4130791.51,21.49,41.04,0.15,37.47,98.06,13.24,12.88,0,0,0,1,1,0,0,Esc0
911,9.81,19.54,19.43,2.22,5.79,0.24,18.54,96.93,53.8,3978095.93,22.31,41.79,0.16,35.9,98.14,13.53,12.31,0,0,0,1,1,0,0,Esc0
912,10.29,19.91,19.82,2.3,6.08,0.24,21.33,97.89,59.05,4375865.42,20.29,40.5,0.16,39.22,97.94,9.98,12.27,0,0,0,1,1,0,0,Esc0
913,10.23,19.67,19.85,2.28,6.02,0.24,20.33,97.73,58.0,4243807.82,20.92,41.16,0.16,37.93,98.01,10.72,11.86,0,0,0,1,1,0,0,Esc0
914,10.15,20.39,19.68,2.27,6.0,0.24,20.66,97.89,57.13,4277818.19,20.75,40.75,0.15,38.5,97.99,12.07,12.48,0,0,0,1,1,0,0,Esc0
915,10.0,19.68,19.6,2.25,5.96,0.24,20.22,97.67,56.96,4227852.04,21.0,40.97,0.16,38.03,98.02,11.04,12.43,0,0,0,1,1,0,0,Esc0
916,10.03,20.46,19.47,2.26,5.94,0.24,19.93,96.67,55.29,4150481.02,21.39,40.92,0.15,37.69,98.05,13.2,13.03,0,0,0,1,1,0,0,Esc0
917,10.23,19.89,19.67,2.29,6.06,0.24,21.25,97.66,57.94,4353571.94,20.39,40.37,0.15,39.24,97.95,11.25,12.26,0,0,0,1,1,0,0,Esc0
918,9.85,20.02,19.5,2.23,5.86,0.24,19.1,97.34,55.32,4076383.36,21.78,41.57,0.16,36.65,98.09,12.47,12.85,0,0,0,1,1,0,0,Esc0
919,10.1,19.77,19.66,2.27,5.9,0.24,19.36,97.29,56.47,4112085.75,21.59,41.57,0.16,36.84,98.07,11.86,12.19,0,0,0,1,1,0,0,Esc0
920,9.9,20.02,19.38,2.24,5.83,0.24,19.12,96.9,54.62,4058610.57,21.87,41.39,0.16,36.74,98.1,13.55,13.08,0,0,0,1,1,0,0,Esc0
921,10.23,20.05,19.69,2.29,6.0,0.24,20.45,96.81,56.33,4209780.46,21.09,40.79,0.15,38.13,98.02,12.66,12.61,0,0,0,1,1,0,0,Esc0
922,10.23,20.04,19.82,2.27,5.99,0.25,20.63,97.88,58.96,4301423.53,20.64,40.97,0.16,38.39,97.98,9.85,11.75,0,0,0,1,1,0,0,Esc0
923,10.15,20.02,19.64,2.27,6.0,0.24,20.78,97.61,57.33,4292261.13,20.68,40.63,0.15,38.69,97.98,11.51,12.76,0,0,0,1,1,0,0,Esc0
924,10.03,20.39,19.61,2.26,5.93,0.24,19.63,97.24,56.23,4141047.1,21.44,41.33,0.16,37.24,98.06,12.48,12.3,0,0,0,1,1,0,0,Esc0
925,10.21,19.93,19.65,2.28,6.09,0.24,22.14,97.66,58.06,4453640.08,19.93,39.75,0.15,40.32,97.9,10.83,13.19,0,0,0,1,1,0,0,Esc0
926,9.98,19.81,19.44,2.27,5.99,0.24,20.0,97.14,55.31,4172606.37,21.27,40.87,0.15,37.85,98.04,13.65,12.5,0,0,0,1,1,0,0,Esc0
927,10.05,20.04,19.65,2.26,5.88,0.24,19.23,97.23,56.15,4090406.29,21.7,41.63,0.16,36.67,98.08,12.69,12.85,0,0,0,1,1,0,0,Esc0
928,9.74,19.71,19.41,2.25,5.84,0.24,18.99,97.17,54.16,4042416.29,21.96,41.49,0.15,36.55,98.11,13.9,12.57,0,0,0,1,1,0,0,Esc0
929,10.24,19.78,19.66,2.3,6.06,0.24,21.38,97.43,58.28,4369301.27,20.32,40.27,0.15,39.41,97.94,10.42,12.57,0,0,0,1,1,0,0,Esc0
930,9.86,19.71,19.4,2.24,5.94,0.24,19.92,97.18,54.76,4157509.64,21.35,40.87,0.15,37.78,98.05,13.9,13.07,0,0,0,1,1,0,0,Esc0
931,10.11,19.78,19.71,2.26,5.91,0.24,19.64,97.53,56.93,4149564.22,21.39,41.45,0.16,37.16,98.05,11.43,12.13,0,0,0,1,1,0,0,Esc0
932,10.12,19.99,19.7,2.28,5.96,0.24,19.85,97.49,56.84,4174412.96,21.26,41.29,0.16,37.44,98.04,12.21,12.34,0,0,0,1,1,0,0,Esc0
933,10.1,19.92,19.71,2.28,5.98,0.24,19.83,97.51,57.31,4182538.81,21.22,41.34,0.16,37.44,98.04,11.0,12.48,0,0,0,1,1,0,0,Esc0
934,10.01,19.93,19.52,2.27,5.92,0.24,19.98,97.46,56.26,4188374.12,21.19,41.02,0.15,37.78,98.04,12.71,12.78,0,0,0,1,1,0,0,Esc0
935,10.13,19.95,19.7,2.27,5.9,0.24,19.45,97.2,56.54,4117159.75,21.56,41.53,0.16,36.91,98.07,11.37,11.77,0,0,0,1,1,0,0,Esc0
936,9.85,19.8,19.4,2.24,5.81,0.24,18.66,96.53,53.32,3975400.32,22.33,41.64,0.15,36.03,98.14,15.35,13.27,0,0,0,1,1,0,0,Esc0
937,9.94,20.08,19.62,2.24,5.93,0.24,19.61,97.56,56.24,4143698.72,21.42,41.36,0.16,37.21,98.06,11.36,11.96,0,0,0,1,1,0,0,Esc0
938,10.04,20.0,19.56,2.26,5.97,0.24,20.2,97.13,56.36,4206798.28,21.1,40.89,0.15,38.01,98.03,12.21,12.92,0,0,0,1,1,0,0,Esc0
939,9.72,19.89,19.31,2.22,5.84,0.24,18.83,96.9,53.84,4017239.46,22.1,41.5,0.15,36.41,98.12,13.32,12.94,0,0,0,1,1,0,0,Esc0
940,10.0,20.13,19.68,2.25,5.93,0.24,19.82,97.71,56.32,4165111.6,21.31,41.27,0.16,37.42,98.05,11.71,11.56,0,0,0,1,1,0,0,Esc0
941,9.85,19.69,19.47,2.24,5.83,0.24,18.88,96.61,54.17,4012792.56,22.12,41.58,0.16,36.3,98.12,14.05,12.83,0,0,0,1,1,0,0,Esc0
942,10.26,19.81,19.66,2.29,6.0,0.24,20.5,96.97,56.6,4224883.18,21.01,40.75,0.15,38.24,98.02,12.83,13.04,0,0,0,1,1,0,0,Esc0
943,10.15,20.16,19.6,2.29,5.99,0.24,20.42,97.21,56.65,4231539.8,20.98,40.77,0.15,38.25,98.01,12.35,12.95,0,0,0,1,1,0,0,Esc0
944,10.17,19.59,19.67,2.27,5.98,0.24,20.55,97.52,57.1,4252527.8,20.87,40.78,0.15,38.34,98.0,11.78,12.74,0,0,0,1,1,0,0,Esc0
945,9.68,19.47,19.43,2.21,5.79,0.25,18.16,97.45,54.43,3973578.63,22.34,42.18,0.16,35.48,98.14,12.85,11.38,0,0,0,1,1,0,0,Esc0
946,9.86,19.81,19.42,2.25,5.87,0.24,19.47,97.07,54.59,4100216.87,21.65,41.18,0.15,37.17,98.08,13.81,13.59,0,0,0,1,1,0,0,Esc0
947,9.96,19.83,19.6,2.25,5.96,0.25,19.78,97.72,56.74,4180633.99,21.23,41.27,0.16,37.49,98.04,11.54,12.0,0,0,0,1,1,0,0,Esc0
948,10.08,20.06,19.64,2.25,5.95,0.24,20.17,97.29,56.43,4201031.95,21.13,40.99,0.15,37.88,98.03,11.84,12.3,0,0,0,1,1,0,0,Esc0
949,10.18,19.9,19.7,2.29,6.01,0.24,20.61,97.75,57.54,4272212.63,20.78,40.81,0.16,38.41,97.99,11.67,12.77,0,0,0,1,1,0,0,Esc0
950,10.22,19.86,19.7,2.28,5.9,0.24,19.31,96.78,56.51,4094609.41,21.68,41.61,0.16,36.71,98.08,12.27,12.33,0,0,0,1,1,0,0,Esc0
951,10.08,19.75,19.61,2.27,5.98,0.24,20.59,97.35,56.79,4258879.61,20.84,40.7,0.15,38.46,98.0,11.44,11.78,0,0,0,1,1,0,0,Esc0
952,10.19,19.91,19.78,2.3,5.95,0.24,19.65,97.45,57.35,4151112.89,21.38,41.51,0.16,37.11,98.05,12.24,12.55,0,0,0,1,1,0,0,Esc0
953,10.07,20.02,19.58,2.27,6.07,0.25,21.31,97.93,57.46,4367475.2,20.32,40.25,0.15,39.43,97.95,11.56,12.57,0,0,0,1,1,0,0,Esc0
954,9.98,19.63,19.5,2.28,6.0,0.24,20.54,97.31,55.92,4237750.46,20.95,40.58,0.15,38.48,98.01,11.8,12.59,0,0,0,1,1,0,0,Esc0
955,10.22,20.06,19.67,2.28,6.04,0.24,21.18,97.44,57.42,4328650.78,20.51,40.37,0.15,39.12,97.97,11.33,12.78,0,0,0,1,1,0,0,Esc0
956,10.08,19.65,19.66,2.27,5.99,0.24,20.36,97.15,56.79,4226836.19,21.0,40.89,0.15,38.11,98.02,11.24,11.91,0,0,0,1,1,0,0,Esc0
957,10.05,20.08,19.56,2.26,5.93,0.24,20.25,97.09,55.4,4181029.48,21.23,40.78,0.15,37.99,98.04,12.97,13.41,0,0,0,1,1,0,0,Esc0
958,10.09,19.7,19.61,2.25,5.96,0.24,20.25,97.19,56.77,4213335.54,21.07,40.91,0.16,38.02,98.02,11.46,12.8,0,0,0,1,1,0,0,Esc0
959,10.26,20.48,19.63,2.29,6.02,0.24,20.98,97.07,56.88,4292528.02,20.68,40.43,0.15,38.89,97.98,12.88,12.78,0,0,0,1,1,0,0,Esc0
960,10.09,20.24,19.6,2.27,5.94,0.24,19.89,96.75,55.52,4139843.6,21.44,41.06,0.15,37.5,98.06,13.36,13.59,0,0,0,1,1,0,0,Esc0
961,9.8,19.64,19.47,2.22,5.88,0.24,19.34,97.39,55.02,4100324.36,21.65,41.37,0.15,36.98,98.08,12.55,11.75,0,0,0,1,1,0,0,Esc0
962,10.17,19.91,19.79,2.27,5.99,0.24,20.01,97.68,57.56,4206173.12,21.1,41.31,0.16,37.59,98.02,11.25,11.81,0,0,0,1,1,0,0,Esc0
963,9.92,19.9,19.44,2.24,5.95,0.24,20.14,97.18,55.4,4185816.66,21.21,40.77,0.15,38.02,98.04,12.74,13.59,0,0,0,1,1,0,0,Esc0
964,9.79,19.59,19.54,2.22,5.86,0.24,19.03,97.76,55.57,4076650.94,21.77,41.69,0.16,36.54,98.09,11.43,12.3,0,0,0,1,1,0,0,Esc0
965,10.11,19.53,19.61,2.26,5.95,0.24,20.21,96.98,56.55,4204064.44,21.11,40.92,0.15,37.96,98.03,11.78,12.08,0,0,0,1,1,0,0,Esc0
966,9.85,19.66,19.44,2.23,5.89,0.24,19.71,97.29,54.7,4125892.82,21.51,41.04,0.15,37.45,98.07,12.49,12.65,0,0,0,1,1,0,0,Esc0
967,10.08,19.74,19.52,2.28,5.95,0.24,19.94,97.16,56.56,4185258.28,21.21,41.05,0.16,37.74,98.04,12.56,13.39,0,0,0,1,1,0,0,Esc0
968,9.94,20.07,19.5,2.27,5.94,0.24,19.95,97.15,55.42,4157148.22,21.35,40.94,0.15,37.71,98.05,12.74,13.14,0,0,0,1,1,0,0,Esc0
969,10.09,20.12,19.56,2.28,6.01,0.24,20.96,97.24,56.51,4287546.59,20.7,40.36,0.15,38.94,97.99,12.39,13.09,0,0,0,1,1,0,0,Esc0
970,9.64,19.76,19.42,2.2,5.79,0.24,18.37,97.02,53.17,3953782.43,22.45,41.89,0.15,35.66,98.15,14.05,12.06,0,0,0,1,1,0,0,Esc0
971,10.02,20.1,19.58,2.28,6.0,0.24,20.64,97.52,56.37,4261524.29,20.83,40.63,0.15,38.54,98.0,11.81,11.89,0,0,0,1,1,0,0,Esc0
972,9.93,19.65,19.56,2.26,5.96,0.24,20.18,97.7,56.27,4212431.21,21.07,40.93,0.15,37.99,98.02,11.8,11.93,0,0,0,1,1,0,0,Esc0
973,10.5,20.32,19.9,2.32,6.1,0.24,21.7,97.77,59.3,4413212.13,20.11,40.32,0.15,39.56,97.92,10.97,13.05,0,0,0,1,1,0,0,Esc0
974,10.1,19.86,19.74,2.26,5.94,0.24,19.65,97.25,56.76,4144951.43,21.42,41.45,0.16,37.13,98.06,11.42,11.95,0,0,0,1,1,0,0,Esc0
975,10.05,19.51,19.7,2.27,5.95,0.24,20.22,97.86,57.03,4223406.23,21.02,41.05,0.16,37.93,98.02,10.94,12.35,0,0,0,1,1,0,0,Esc0
976,10.36,20.13,19.93,2.3,6.03,0.24,20.6,97.86,58.68,4283260.02,20.72,41.07,0.16,38.21,97.99,10.84,11.67,0,0,0,1,1,0,0,Esc0
977,10.05,20.1,19.53,2.26,6.01,0.24,20.96,97.79,56.9,4313408.16,20.58,40.4,0.15,39.02,97.97,11.63,12.68,0,0,0,1,1,0,0,Esc0
978,10.11,19.94,19.66,2.28,5.97,0.24,19.97,97.1,56.27,4167011.84,21.3,41.12,0.16,37.58,98.04,12.11,12.83,0,0,0,1,1,0,0,Esc0
979,9.95,19.94,19.49,2.25,5.9,0.24,19.4,97.35,55.91,4119440.43,21.55,41.38,0.16,37.07,98.07,12.08,12.6,0,0,0,1,1,0,0,Esc0
980,9.88,19.44,19.62,2.23,5.84,0.24,18.62,97.47,55.58,4026650.65,22.04,42.04,0.16,35.91,98.12,11.94,11.09,0,0,0,1,1,0,0,Esc0
981,10.17,20.33,19.67,2.29,6.03,0.24,20.63,97.52,57.19,4266578.9,20.81,40.73,0.15,38.46,97.99,11.69,13.01,0,0,0,1,1,0,0,Esc0
982,9.98,20.36,19.56,2.27,5.99,0.24,20.04,97.47,56.03,4189302.11,21.19,41.0,0.15,37.81,98.03,12.86,12.94,0,0,0,1,1,0,0,Esc0
983,10.08,20.25,19.59,2.27,6.02,0.24,21.1,97.49,56.76,4312638.78,20.58,40.32,0.15,39.09,97.97,11.61,13.05,0,0,0,1,1,0,0,Esc0
984,10.2,19.92,19.66,2.3,6.03,0.24,20.74,97.4,57.53,4284406.55,20.72,40.66,0.15,38.62,97.99,11.72,12.62,0,0,0,1,1,0,0,Esc0
985,10.13,19.68,19.64,2.29,5.98,0.24,20.08,97.19,56.34,4190391.65,21.18,41.05,0.15,37.76,98.03,12.65,12.41,0,0,0,1,1,0,0,Esc0
986,10.21,19.93,19.7,2.29,5.96,0.24,20.26,97.28,56.56,4205209.21,21.11,40.97,0.15,37.92,98.03,12.33,12.41,0,0,0,1,1,0,0,Esc0
987,10.18,19.98,19.73,2.27,5.99,0.24,20.33,97.47,56.97,4226337.03,21.0,40.99,0.16,38.01,98.02,11.49,11.43,0,0,0,1,1,0,0,Esc0
988,10.33,20.24,19.82,2.29,6.12,0.25,21.31,97.97,59.33,4389833.36,20.22,40.55,0.16,39.23,97.93,9.86,11.79,0,0,0,1,1,0,0,Esc0
989,10.05,19.83,19.53,2.26,5.98,0.24,20.44,97.26,55.92,4226989.76,21.0,40.67,0.15,38.33,98.02,12.35,12.59,0,0,0,1,1,0,0,Esc0
990,10.09,20.26,19.57,2.26,5.98,0.24,20.75,97.41,55.78,4251996.09,20.88,40.49,0.15,38.63,98.0,13.2,12.32,0,0,0,1,1,0,0,Esc0
991,10.2,19.89,19.72,2.29,6.04,0.24,20.92,97.47,57.26,4293864.22,20.67,40.59,0.15,38.74,97.98,11.78,12.54,0,0,0,1,1,0,0,Esc0
992,9.76,19.6,19.53,2.23,5.83,0.24,18.66,97.74,55.17,4031567.43,22.02,41.93,0.16,36.05,98.11,12.02,11.88,0,0,0,1,1,0,0,Esc0
993,9.98,19.53,19.58,2.26,5.94,0.25,19.75,97.74,57.02,4184616.07,21.21,41.29,0.16,37.49,98.04,11.13,12.35,0,0,0,1,1,0,0,Esc0
994,9.92,19.9,19.51,2.26,5.96,0.24,19.99,97.11,55.44,4167551.63,21.3,40.94,0.15,37.76,98.04,12.72,12.75,0,0,0,1,1,0,0,Esc0
995,10.24,19.76,19.66,2.3,6.13,0.24,21.9,97.55,58.58,4441161.26,19.99,39.96,0.15,40.06,97.91,10.33,12.35,0,0,0,1,1,0,0,Esc0
996,10.06,19.75,19.71,2.26,5.88,0.24,18.81,97.59,56.51,4060052.45,21.86,42.04,0.16,36.1,98.1,12.16,12.28,0,0,0,1,1,0,0,Esc0
997,10.02,20.27,19.55,2.26,5.96,0.24,20.72,97.44,56.42,4261668.06,20.83,40.52,0.15,38.65,98.0,11.49,12.79,0,0,0,1,1,0,0,Esc0
998,10.16,20.08,19.69,2.26,6.0,0.24,20.7,97.82,57.75,4293757.51,20.67,40.76,0.15,38.57,97.98,10.69,12.06,0,0,0,1,1,0,0,Esc0
999,9.94,19.77,19.42,2.25,6.01,0.24,21.09,97.56,55.91,4313081.58,20.58,40.15,0.15,39.26,97.97,12.86,13.0,0,0,0,1,1,0,0,Esc0
0,23.91,38.94,33.02,6.17,9.37,0.25,10.6,99.21,64.78,4418634.41,20.09,59.92,0.38,17.31,97.75,2.7,5.01,0,0,0,1,0,0,0,Esc1
1,24.26,39.31,33.15,6.2,9.43,0.25,11.56,99.25,65.48,4522123.17,19.63,59.18,0.38,18.58,97.7,2.8,5.49,0,0,0,1,0,0,0,Esc1
2,25.02,39.66,34.01,6.29,9.61,0.25,11.89,99.65,68.39,4635056.81,19.15,59.56,0.38,18.74,97.63,1.54,4.72,0,0,0,1,0,0,0,Esc1
3,24.66,39.1,33.42,6.27,9.54,0.25,12.05,99.42,66.86,4606720.2,19.27,59.02,0.38,19.15,97.65,2.7,5.78,0,0,0,1,0,0,0,Esc1
4,24.44,38.85,33.39,6.23,9.49,0.25,11.3,99.27,66.38,4525828.29,19.61,59.61,0.38,18.16,97.69,2.3,5.51,0,0,0,1,0,0,0,Esc1
5,25.32,38.92,34.12,6.36,9.65,0.25,11.82,99.51,69.15,4652330.47,19.08,59.74,0.39,18.64,97.62,2.23,5.07,0,0,0,1,0,0,0,Esc1
6,24.2,38.93,33.46,6.16,9.34,0.25,10.48,99.57,65.72,4431519.19,20.03,60.31,0.38,16.99,97.75,2.1,5.26,0,0,0,1,0,0,0,Esc1
7,24.81,39.55,33.82,6.29,9.51,0.25,11.05,99.45,67.12,4518380.87,19.65,60.07,0.39,17.66,97.69,2.38,5.07,0,0,0,1,0,0,0,Esc1
8,24.99,39.08,34.01,6.28,9.53,0.25,11.29,99.44,67.82,4558838.33,19.47,60.0,0.39,17.93,97.67,1.96,5.3,0,0,0,1,0,0,0,Esc1
9,25.01,39.29,33.7,6.31,9.64,0.25,12.55,99.58,68.23,4692374.64,18.92,58.84,0.38,19.72,97.6,2.0,5.72,0,0,0,1,0,0,0,Esc1
10,24.57,38.62,33.67,6.2,9.49,0.25,11.37,99.77,67.61,4571808.73,19.42,59.82,0.38,18.18,97.67,1.46,4.86,0,0,0,1,0,0,0,Esc1
11,25.11,39.01,34.2,6.27,9.6,0.25,11.69,99.86,68.93,4632990.5,19.16,59.86,0.39,18.42,97.63,1.19,4.71,0,0,0,1,0,0,0,Esc1
12,25.24,39.6,33.97,6.35,9.67,0.25,12.62,99.64,69.02,4722123.91,18.8,58.97,0.38,19.73,97.58,1.68,5.47,0,0,0,1,0,0,0,Esc1
13,24.51,39.17,33.61,6.22,9.45,0.25,10.86,99.5,66.7,4495731.49,19.74,60.14,0.38,17.48,97.71,2.39,4.6,0,0,0,1,0,0,0,Esc1
14,23.76,38.58,33.12,6.08,9.26,0.25,10.02,99.46,64.67,4363826.81,20.34,60.48,0.38,16.46,97.79,2.46,5.08,0,0,0,1,0,0,0,Esc1
15,25.56,39.67,34.16,6.36,9.74,0.25,13.51,99.74,70.07,4834110.41,18.36,58.4,0.38,20.79,97.52,1.1,5.34,0,0,0,1,0,0,0,Esc1
16,25.05,39.22,33.49,6.35,9.69,0.25,13.25,99.49,68.43,4770814.39,18.61,58.19,0.37,20.72,97.55,2.48,5.89,0,0,0,1,0,0,0,Esc1
17,25.54,39.01,34.44,6.36,9.64,0.25,11.86,99.55,69.72,4664276.27,19.03,59.88,0.39,18.56,97.61,1.56,5.22,0,0,0,1,0,0,0,Esc1
18,25.38,39.58,33.65,6.4,9.77,0.25,13.71,99.34,68.54,4808259.57,18.46,57.86,0.37,21.21,97.53,2.5,6.47,0,0,0,1,0,0,0,Esc1
19,24.88,39.68,33.62,6.31,9.6,0.25,12.35,99.31,67.27,4641260.84,19.13,58.87,0.38,19.46,97.63,2.22,5.78,0,0,0,1,0,0,0,Esc1
20,24.66,39.29,33.69,6.28,9.51,0.25,11.39,99.47,67.2,4554278.27,19.49,59.73,0.38,18.18,97.68,1.86,5.49,0,0,0,1,0,0,0,Esc1
21,24.05,39.1,33.35,6.15,9.34,0.25,10.52,99.36,65.24,4418492.75,20.09,60.16,0.38,17.08,97.75,2.29,5.37,0,0,0,1,0,0,0,Esc1
22,25.51,39.46,34.25,6.36,9.68,0.25,12.42,99.52,69.59,4712354.37,18.84,59.3,0.38,19.35,97.58,1.61,5.86,0,0,0,1,0,0,0,Esc1
23,24.48,38.34,33.57,6.25,9.47,0.25,11.26,99.53,66.36,4519350.26,19.64,59.72,0.38,18.02,97.7,2.1,5.04,0,0,0,1,0,0,0,Esc1
24,23.9,39.08,33.06,6.11,9.33,0.25,10.97,99.42,64.86,4456299.78,19.92,59.62,0.38,17.81,97.74,2.35,4.94,0,0,0,1,0,0,0,Esc1
25,23.98,38.86,32.99,6.18,9.45,0.25,11.71,99.68,65.91,4561211.59,19.46,59.07,0.37,18.88,97.68,1.87,5.2,0,0,0,1,0,0,0,Esc1
26,24.61,39.7,33.73,6.23,9.51,0.25,11.41,99.67,67.62,4573661.96,19.41,59.8,0.38,18.2,97.67,1.3,4.48,0,0,0,1,0,0,0,Esc1
27,25.14,39.41,34.27,6.33,9.59,0.25,11.07,99.7,69.13,4581140.53,19.38,60.46,0.39,17.58,97.66,1.48,4.66,0,0,0,1,0,0,0,Esc1
28,24.77,39.34,33.64,6.29,9.55,0.25,11.64,99.21,66.85,4562421.43,19.46,59.44,0.38,18.51,97.67,2.6,5.58,0,0,0,1,0,0,0,Esc1
29,24.45,38.83,33.21,6.29,9.6,0.25,12.35,99.12,66.37,4624489.42,19.2,58.62,0.37,19.62,97.63,2.59,5.04,0,0,0,1,0,0,0,Esc1
30,24.99,39.09,33.69,6.31,9.63,0.25,12.4,99.4,68.46,4688131.07,18.93,58.99,0.38,19.55,97.6,1.92,5.36,0,0,0,1,0,0,0,Esc1
31,24.6,39.35,33.84,6.2,9.44,0.25,10.82,99.63,67.22,4504479.82,19.71,60.32,0.39,17.35,97.7,1.75,4.69,0,0,0,1,0,0,0,Esc1
32,24.58,39.3,33.55,6.24,9.52,0.25,11.69,99.43,66.74,4568047.39,19.43,59.36,0.38,18.62,97.67,2.06,5.3,0,0,0,1,0,0,0,Esc1
33,25.26,38.78,34.48,6.31,9.55,0.25,10.49,99.64,69.11,4522959.17,19.63,61.04,0.4,16.71,97.69,1.49,4.54,0,0,0,1,0,0,0,Esc1
34,24.84,38.71,33.84,6.32,9.57,0.25,11.27,99.56,68.0,4570414.43,19.42,60.0,0.39,17.99,97.66,1.95,4.98,0,0,0,1,0,0,0,Esc1
35,25.58,39.01,34.13,6.4,9.73,0.25,12.75,99.48,69.34,4737970.33,18.74,58.95,0.38,19.82,97.57,2.29,5.54,0,0,0,1,0,0,0,Esc1
36,25.22,39.08,33.96,6.29,9.59,0.25,12.17,99.43,68.23,4652809.4,19.08,59.26,0.38,19.12,97.62,2.2,5.44,0,0,0,1,0,0,0,Esc1
37,24.13,38.37,33.33,6.19,9.45,0.25,10.76,99.66,66.66,4496333.56,19.74,60.14,0.38,17.48,97.71,1.77,4.5,0,0,0,1,0,0,0,Esc1
38,24.85,39.49,33.95,6.3,9.54,0.25,11.01,99.43,67.5,4525611.22,19.61,60.2,0.39,17.57,97.69,2.26,4.94,0,0,0,1,0,0,0,Esc1
39,24.39,38.94,33.68,6.2,9.44,0.25,10.61,99.7,67.4,4496050.08,19.74,60.48,0.39,17.15,97.71,1.32,4.95,0,0,0,1,0,0,0,Esc1
40,24.95,39.04,33.89,6.27,9.61,0.25,12.07,99.62,68.57,4658696.91,19.05,59.38,0.38,19.03,97.62,1.42,5.23,0,0,0,1,0,0,0,Esc1
41,24.52,39.07,33.6,6.22,9.48,0.25,11.49,99.66,67.42,4575649.32,19.4,59.66,0.38,18.36,97.67,1.39,5.29,0,0,0,1,0,0,0,Esc1
42,24.84,39.26,33.89,6.33,9.62,0.25,11.74,99.73,68.27,4622009.1,19.21,59.64,0.38,18.6,97.63,1.51,4.98,0,0,0,1,0,0,0,Esc1
43,24.88,39.37,34.2,6.25,9.49,0.25,10.42,99.67,67.94,4485223.53,19.79,60.88,0.39,16.69,97.71,1.65,4.47,0,0,0,1,0,0,0,Esc1
44,25.32,38.68,34.28,6.32,9.62,0.25,11.72,99.53,68.99,4631821.69,19.16,59.85,0.39,18.43,97.63,1.68,4.84,0,0,0,1,0,0,0,Esc1
45,24.32,38.95,33.45,6.21,9.42,0.25,10.75,99.39,65.78,4455959.38,19.92,60.05,0.38,17.37,97.73,2.8,5.15,0,0,0,1,0,0,0,Esc1
46,24.23,38.55,33.48,6.18,9.39,0.25,10.29,99.42,66.13,4427089.11,20.05,60.54,0.39,16.74,97.75,2.2,4.85,0,0,0,1,0,0,0,Esc1
47,24.34,39.04,33.53,6.22,9.45,0.25,10.89,99.41,66.11,4479874.09,19.81,60.0,0.38,17.55,97.72,2.17,4.72,0,0,0,1,0,0,0,Esc1
48,25.39,39.1,34.05,6.37,9.69,0.25,12.61,99.73,69.61,4739458.65,18.73,59.09,0.38,19.69,97.57,1.69,5.7,0,0,0,1,0,0,0,Esc1
49,25.26,39.28,34.24,6.37,9.59,0.25,11.13,99.45,68.82,4572341.38,19.41,60.35,0.39,17.65,97.66,1.95,5.27,0,0,0,1,0,0,0,Esc1
50,25.02,38.84,33.98,6.33,9.59,0.25,11.48,99.54,68.34,4595792.28,19.31,59.9,0.39,18.21,97.65,2.12,4.88,0,0,0,1,0,0,0,Esc1
51,24.44,38.81,33.48,6.19,9.48,0.25,11.64,99.68,67.08,4581605.57,19.37,59.45,0.38,18.6,97.66,1.53,4.57,0,0,0,1,0,0,0,Esc1
52,25.09,39.43,34.06,6.33,9.61,0.25,11.7,99.69,68.71,4627325.8,19.18,59.78,0.38,18.48,97.63,1.51,5.03,0,0,0,1,0,0,0,Esc1
53,25.13,39.84,33.65,6.36,9.71,0.25,13.15,99.5,68.5,4758985.43,18.65,58.34,0.37,20.52,97.56,1.93,5.8,0,0,0,1,0,0,0,Esc1
54,24.67,39.02,33.63,6.22,9.52,0.25,11.78,99.66,67.19,4592700.34,19.33,59.38,0.38,18.71,97.66,1.86,5.12,0,0,0,1,0,0,0,Esc1
55,23.71,39.29,33.44,6.07,9.23,0.25,9.26,99.7,65.08,4307205.48,20.61,61.35,0.39,15.29,97.82,1.23,4.43,0,1,0,1,0,0,0,Esc1
56,23.34,38.54,32.63,6.07,9.26,0.25,10.43,99.35,64.03,4389467.4,20.22,59.86,0.38,17.22,97.77,2.26,4.74,0,0,0,1,0,0,0,Esc1
57,23.28,38.67,32.73,6.1,9.2,0.25,9.4,99.32,63.04,4262654.86,20.82,60.7,0.38,15.69,97.84,3.3,5.19,0,1,0,1,0,0,0,Esc1
58,24.78,39.0,33.79,6.28,9.51,0.25,11.3,99.54,67.31,4546727.6,19.52,59.86,0.38,18.01,97.68,2.03,5.48,0,0,0,1,0,0,0,Esc1
59,23.86,39.05,33.13,6.17,9.34,0.25,10.34,99.47,64.9,4398561.03,20.18,60.21,0.38,16.91,97.76,2.84,5.25,0,0,0,1,0,0,0,Esc1
60,25.66,39.06,34.29,6.38,9.75,0.25,13.21,99.75,70.56,4821543.73,18.41,58.76,0.38,20.38,97.52,0.77,5.49,0,0,0,1,0,0,0,Esc1
61,23.66,39.13,32.61,6.15,9.33,0.25,11.03,99.1,63.77,4426639.96,20.05,59.25,0.37,18.03,97.75,3.61,6.2,0,0,0,1,0,0,0,Esc1
62,24.46,39.27,33.62,6.19,9.43,0.25,11.26,99.66,66.49,4522931.43,19.63,59.75,0.38,18.01,97.7,1.99,4.89,0,0,0,1,0,0,0,Esc1
63,23.4,39.09,32.76,6.06,9.21,0.25,9.73,99.04,63.22,4292731.46,20.68,60.42,0.38,16.14,97.83,3.1,5.22,0,1,0,1,0,0,0,Esc1
64,24.61,39.58,33.7,6.3,9.52,0.25,11.0,99.25,66.87,4507527.77,19.69,60.04,0.38,17.64,97.7,2.49,5.21,0,0,0,1,0,0,0,Esc1
65,24.53,38.61,33.75,6.23,9.48,0.25,11.31,99.82,67.57,4565487.66,19.44,59.89,0.38,18.07,97.67,1.39,4.71,0,0,0,1,0,0,0,Esc1
66,24.61,39.56,33.85,6.22,9.49,0.25,11.2,99.67,67.28,4542871.32,19.54,59.99,0.38,17.86,97.68,1.47,4.14,0,0,0,1,0,0,0,Esc1
67,24.77,38.93,33.79,6.26,9.55,0.25,11.61,99.65,67.94,4600684.34,19.29,59.68,0.38,18.45,97.65,1.67,4.78,0,0,0,1,0,0,0,Esc1
68,25.03,39.22,34.19,6.26,9.55,0.25,11.06,99.64,68.87,4572800.27,19.41,60.42,0.39,17.58,97.66,1.25,4.31,0,0,0,1,0,0,0,Esc1
69,24.68,39.33,33.87,6.24,9.48,0.25,10.77,99.53,67.49,4510124.05,19.68,60.4,0.39,17.29,97.7,2.0,4.52,0,0,0,1,0,0,0,Esc1
70,24.84,39.44,33.79,6.27,9.57,0.25,11.85,99.63,68.11,4626513.06,19.19,59.48,0.38,18.77,97.63,1.49,4.95,0,0,0,1,0,0,0,Esc1
71,25.08,38.99,34.06,6.31,9.61,0.25,11.74,99.66,68.56,4624420.47,19.2,59.72,0.38,18.52,97.63,1.65,5.24,0,0,0,1,0,0,0,Esc1
72,24.14,38.7,33.48,6.16,9.35,0.25,10.31,99.43,65.68,4413723.36,20.11,60.45,0.39,16.75,97.76,2.15,4.75,0,0,0,1,0,0,0,Esc1
73,25.51,39.1,34.49,6.34,9.66,0.25,11.65,99.77,70.3,4667655.77,19.02,60.16,0.39,18.29,97.61,1.16,4.67,0,0,0,1,0,0,0,Esc1
74,25.49,39.1,34.36,6.38,9.69,0.25,11.6,99.49,69.74,4642140.66,19.12,60.07,0.39,18.26,97.62,1.56,5.22,0,0,0,1,0,0,0,Esc1
75,24.78,39.14,33.91,6.23,9.45,0.25,10.81,99.53,67.39,4505561.52,19.7,60.36,0.39,17.31,97.7,1.96,4.82,0,0,0,1,0,0,0,Esc1
76,24.24,38.59,33.71,6.17,9.37,0.25,10.19,99.72,66.7,4435578.32,20.01,60.78,0.39,16.54,97.74,1.21,4.54,0,0,0,1,0,0,0,Esc1
77,24.16,39.03,33.33,6.16,9.4,0.25,11.09,99.69,66.69,4521669.85,19.63,59.84,0.38,17.91,97.7,1.69,5.24,0,0,0,1,0,0,0,Esc1
78,25.42,38.63,34.07,6.37,9.71,0.25,12.46,99.68,69.64,4724572.3,18.79,59.21,0.38,19.49,97.58,1.58,5.77,0,0,0,1,0,0,0,Esc1
79,24.76,39.58,33.48,6.25,9.54,0.25,12.2,99.4,66.98,4620702.52,19.21,58.91,0.38,19.32,97.64,2.57,6.4,0,0,0,1,0,0,0,Esc1
80,24.32,38.82,33.58,6.16,9.39,0.25,10.61,99.57,66.56,4468700.19,19.86,60.33,0.39,17.15,97.73,1.53,4.67,0,0,0,1,0,0,0,Esc1
81,24.44,39.19,33.5,6.27,9.51,0.25,11.42,99.65,66.89,4552789.53,19.5,59.62,0.38,18.29,97.68,1.86,5.1,0,0,0,1,0,0,0,Esc1
82,24.59,39.49,33.43,6.28,9.58,0.25,12.13,99.56,67.1,4625175.16,19.19,58.98,0.38,19.26,97.64,2.19,5.56,0,0,0,1,0,0,0,Esc1
83,24.5,39.25,33.57,6.23,9.48,0.25,11.52,99.6,66.69,4552946.54,19.5,59.52,0.38,18.38,97.68,1.96,5.18,0,0,0,1,0,0,0,Esc1
84,25.75,39.36,34.32,6.38,9.79,0.25,13.53,99.83,70.67,4853795.08,18.29,58.51,0.38,20.77,97.51,0.84,5.48,0,0,0,1,0,0,0,Esc1
85,24.7,38.75,33.86,6.23,9.48,0.25,10.86,99.6,67.71,4521972.74,19.63,60.34,0.39,17.41,97.69,1.65,4.98,0,0,0,1,0,0,0,Esc1
86,25.39,39.52,34.05,6.38,9.68,0.25,12.49,99.4,68.68,4692055.98,18.92,59.06,0.38,19.5,97.59,2.29,5.69,0,0,0,1,0,0,0,Esc1
87,24.52,38.95,33.79,6.24,9.44,0.25,10.36,99.45,66.71,4446714.55,19.96,60.64,0.39,16.73,97.73,2.14,4.43,0,0,0,1,0,0,0,Esc1
88,24.61,37.89,33.69,6.26,9.5,0.25,10.88,99.52,67.54,4523014.34,19.63,60.25,0.39,17.51,97.69,2.01,4.99,0,0,0,1,0,0,0,Esc1
89,24.37,38.91,33.5,6.18,9.38,0.25,10.37,99.42,66.19,4434424.94,20.02,60.47,0.39,16.85,97.74,2.6,5.31,0,0,0,1,0,0,0,Esc1
90,25.47,39.15,34.09,6.38,9.74,0.25,12.94,99.71,70.11,4787243.06,18.54,58.87,0.38,20.12,97.54,1.23,5.4,0,0,0,1,0,0,0,Esc1
91,25.19,38.79,34.62,6.28,9.52,0.25,10.18,99.71,69.21,4497649.24,19.74,61.39,0.4,16.24,97.7,1.09,4.37,0,0,0,1,0,0,0,Esc1
92,24.22,39.3,33.62,6.17,9.38,0.25,10.03,99.54,66.46,4414474.4,20.11,60.87,0.39,16.34,97.75,1.81,4.9,0,0,0,1,0,0,0,Esc1
93,25.09,38.55,34.12,6.28,9.59,0.25,11.75,99.71,68.98,4639329.53,19.13,59.79,0.39,18.53,97.63,1.16,4.86,0,0,0,1,0,0,0,Esc1
94,23.84,38.92,33.07,6.13,9.36,0.25,10.88,99.61,65.22,4459880.87,19.9,59.75,0.38,17.69,97.73,2.04,5.05,0,0,0,1,0,0,0,Esc1
95,25.2,39.02,34.02,6.33,9.63,0.25,12.18,99.45,68.96,4675093.0,18.99,59.36,0.38,19.12,97.61,1.4,5.17,0,0,0,1,0,0,0,Esc1
96,25.21,38.95,34.43,6.31,9.51,0.25,10.33,99.57,68.74,4497796.56,19.74,61.12,0.4,16.51,97.7,1.86,4.53,0,0,0,1,0,0,0,Esc1
97,24.77,39.32,33.87,6.24,9.47,0.25,11.08,99.61,67.74,4541025.31,19.55,60.14,0.39,17.71,97.68,1.86,5.39,0,0,0,1,0,0,0,Esc1
98,24.38,38.69,33.59,6.23,9.46,0.25,10.79,99.53,66.76,4490670.05,19.77,60.19,0.39,17.4,97.71,1.81,5.07,0,0,0,1,0,0,0,Esc1
99,24.94,39.63,34.06,6.27,9.51,0.25,11.16,99.62,68.05,4556060.3,19.48,60.17,0.39,17.75,97.67,1.75,4.8,0,0,0,1,0,0,0,Esc1
100,25.67,39.18,34.14,6.45,9.82,0.25,13.51,99.65,70.11,4834120.05,18.36,58.4,0.38,20.79,97.51,1.61,5.7,0,0,0,1,0,0,0,Esc1
101,24.14,38.75,33.49,6.18,9.37,0.25,10.27,99.71,66.84,4452698.68,19.94,60.66,0.39,16.74,97.74,1.08,4.55,0,0,0,1,0,0,0,Esc1
102,25.27,39.38,34.15,6.36,9.66,0.25,11.91,99.7,69.57,4672122.15,19.0,59.72,0.39,18.75,97.61,1.39,5.24,0,0,0,1,0,0,0,Esc1
103,25.49,39.55,34.48,6.35,9.63,0.25,11.58,99.81,70.17,4656435.8,19.06,60.19,0.39,18.2,97.62,1.07,4.8,0,0,0,1,0,0,0,Esc1
104,24.45,39.2,33.76,6.18,9.4,0.25,10.56,99.57,66.99,4474370.07,19.84,60.49,0.39,17.03,97.72,1.44,4.8,0,0,0,1,0,0,0,Esc1
105,24.78,38.9,33.78,6.22,9.54,0.25,11.95,99.67,67.99,4632485.0,19.16,59.37,0.38,18.91,97.63,1.14,5.08,0,0,0,1,0,0,0,Esc1
106,25.72,39.74,34.74,6.4,9.66,0.25,11.36,99.58,69.96,4620789.63,19.21,60.44,0.39,17.79,97.63,1.54,4.95,0,0,0,1,0,0,0,Esc1
107,25.26,39.12,33.92,6.36,9.7,0.25,12.65,99.58,69.19,4729921.5,18.77,58.94,0.38,19.79,97.57,1.58,5.72,0,0,0,1,0,0,0,Esc1
108,25.36,39.33,34.2,6.36,9.65,0.25,12.08,99.7,69.58,4687416.72,18.94,59.59,0.38,18.94,97.6,1.49,5.12,0,0,0,1,0,0,0,Esc1
109,24.9,39.21,33.79,6.28,9.56,0.25,11.82,99.42,67.56,4602236.6,19.29,59.43,0.38,18.71,97.65,2.29,4.94,0,0,0,1,0,0,0,Esc1
110,22.93,39.02,32.33,6.01,9.15,0.25,10.08,99.39,62.25,4305935.9,20.62,59.85,0.37,16.79,97.82,3.02,5.0,0,0,0,1,0,0,0,Esc1
111,25.32,38.48,34.26,6.33,9.63,0.25,11.88,99.77,69.63,4670021.28,19.01,59.8,0.39,18.66,97.61,1.14,5.03,0,0,0,1,0,0,0,Esc1
112,24.91,39.15,33.93,6.31,9.6,0.25,11.51,99.69,68.46,4604525.43,19.28,59.88,0.39,18.28,97.64,1.62,5.09,0,0,0,1,0,0,0,Esc1
113,25.34,39.29,34.29,6.34,9.65,0.25,11.59,99.61,69.55,4639379.16,19.13,60.05,0.39,18.27,97.62,1.48,4.9,0,0,0,1,0,0,0,Esc1
114,24.6,39.13,33.57,6.24,9.47,0.25,11.28,99.36,66.67,4526967.74,19.61,59.72,0.38,18.06,97.69,2.33,5.61,0,0,0,1,0,0,0,Esc1
115,24.95,39.49,34.02,6.28,9.55,0.25,11.0,99.68,68.47,4559248.67,19.47,60.37,0.39,17.57,97.67,2.04,5.03,0,0,0,1,0,0,0,Esc1
116,24.42,38.59,33.69,6.2,9.43,0.25,10.7,99.71,67.16,4495600.64,19.75,60.37,0.39,17.25,97.71,1.51,4.88,0,0,0,1,0,0,0,Esc1
117,23.55,38.72,32.8,6.12,9.32,0.25,10.65,99.49,64.19,4409532.51,20.13,59.73,0.38,17.45,97.76,2.42,5.27,0,0,0,1,0,0,0,Esc1
118,25.34,39.57,33.92,6.35,9.69,0.25,12.88,99.3,68.96,4740422.71,18.73,58.72,0.38,20.06,97.57,1.86,5.87,0,0,0,1,0,0,0,Esc1
119,24.37,38.94,33.53,6.23,9.42,0.25,10.52,99.51,66.37,4453856.31,19.93,60.37,0.39,17.04,97.73,2.37,5.15,0,0,0,1,0,0,0,Esc1
120,24.18,38.4,33.44,6.19,9.38,0.25,10.0,99.22,65.51,4380315.63,20.27,60.7,0.39,16.33,97.77,2.65,4.82,0,1,0,1,0,0,0,Esc1
121,25.11,38.98,34.13,6.31,9.58,0.25,11.34,99.63,69.05,4603599.72,19.28,60.16,0.39,17.99,97.65,1.41,5.09,0,0,0,1,0,0,0,Esc1
122,24.72,38.94,33.79,6.23,9.53,0.25,11.74,99.66,67.83,4607401.2,19.27,59.54,0.38,18.62,97.65,1.63,5.07,0,0,0,1,0,0,0,Esc1
123,25.16,39.09,34.02,6.36,9.66,0.25,12.06,99.59,69.1,4671796.06,19.0,59.49,0.38,18.98,97.61,1.55,5.12,0,0,0,1,0,0,0,Esc1
124,24.86,39.13,33.96,6.29,9.53,0.25,11.28,99.82,68.31,4578889.7,19.39,60.08,0.39,17.95,97.66,1.41,5.06,0,0,0,1,0,0,0,Esc1
125,25.36,39.43,34.06,6.4,9.73,0.25,12.61,99.59,69.5,4734043.02,18.75,59.07,0.38,19.68,97.57,1.65,5.5,0,0,0,1,0,0,0,Esc1
126,24.51,39.05,33.86,6.22,9.36,0.25,9.56,99.14,66.18,4353707.97,20.39,61.32,0.39,15.57,97.79,2.5,4.71,0,1,0,1,0,0,0,Esc1
127,24.87,39.72,33.55,6.31,9.6,0.25,12.45,99.41,67.52,4661733.14,19.04,58.79,0.38,19.63,97.62,2.31,5.77,0,0,0,1,0,0,0,Esc1
128,25.14,39.47,34.17,6.32,9.56,0.25,11.16,99.63,68.82,4578917.4,19.39,60.31,0.39,17.72,97.66,2.02,5.09,0,0,0,1,0,0,0,Esc1
129,24.66,38.65,33.52,6.28,9.52,0.25,11.31,99.27,66.89,4539957.02,19.55,59.7,0.38,18.14,97.68,2.86,5.54,0,0,0,1,0,0,0,Esc1
130,25.38,38.95,34.32,6.35,9.66,0.25,11.89,99.7,69.65,4671431.12,19.0,59.81,0.39,18.66,97.61,1.35,4.73,0,0,0,1,0,0,0,Esc1
131,24.02,38.71,33.26,6.12,9.34,0.25,10.54,99.65,66.08,4454733.89,19.93,60.24,0.38,17.17,97.74,1.8,5.0,0,0,0,1,0,0,0,Esc1
132,24.69,38.96,33.47,6.31,9.59,0.25,12.2,99.51,67.17,4631177.5,19.17,58.94,0.38,19.34,97.63,2.23,5.56,0,0,0,1,0,0,0,Esc1
133,26.1,39.62,34.6,6.46,9.85,0.25,13.4,99.66,71.37,4854667.92,18.28,58.79,0.38,20.49,97.5,1.26,5.72,0,0,0,1,0,0,0,Esc1
134,23.11,38.77,32.34,6.09,9.21,0.25,10.2,99.28,62.55,4322317.85,20.54,59.75,0.38,16.97,97.81,3.46,5.91,0,0,0,1,0,0,0,Esc1
135,25.43,39.47,33.87,6.4,9.75,0.25,13.09,99.28,69.15,4766149.25,18.62,58.53,0.38,20.36,97.55,2.37,6.25,0,0,0,1,0,0,0,Esc1
136,23.09,38.58,32.58,5.98,9.07,0.25,9.12,98.93,61.82,4197441.87,21.15,60.74,0.38,15.3,97.88,3.42,5.13,0,1,0,1,0,0,0,Esc1
137,24.42,38.51,33.59,6.24,9.45,0.25,10.67,99.61,66.95,4487166.54,19.78,60.33,0.39,17.25,97.71,2.01,4.94,0,0,0,1,0,0,0,Esc1
138,23.88,38.99,33.15,6.13,9.3,0.25,10.36,99.45,64.92,4401491.41,20.17,60.21,0.38,16.94,97.76,2.4,4.92,0,0,0,1,0,0,0,Esc1
139,25.27,38.88,34.25,6.36,9.61,0.25,11.46,99.73,69.21,4616026.24,19.23,60.11,0.39,18.1,97.64,1.39,5.33,0,0,0,1,0,0,0,Esc1
140,24.03,39.0,33.33,6.12,9.34,0.25,10.72,99.47,65.49,4448140.81,19.96,60.02,0.38,17.37,97.74,1.89,4.49,0,0,0,1,0,0,0,Esc1
141,25.18,39.49,34.27,6.32,9.6,0.25,11.59,99.7,68.89,4617465.68,19.22,59.96,0.39,18.26,97.64,1.1,4.83,0,0,0,1,0,0,0,Esc1
142,24.4,39.18,33.54,6.18,9.4,0.25,11.14,99.41,66.17,4500078.5,19.73,59.78,0.38,17.87,97.71,1.87,4.86,0,0,0,1,0,0,0,Esc1
143,25.72,39.4,34.56,6.39,9.72,0.25,12.09,99.76,70.62,4715377.52,18.83,59.83,0.39,18.83,97.58,1.14,4.76,0,0,0,1,0,0,0,Esc1
144,24.37,39.9,33.47,6.19,9.43,0.25,11.12,99.21,65.59,4480339.76,19.81,59.7,0.38,17.84,97.72,2.6,4.69,0,0,0,1,0,0,0,Esc1
145,25.56,39.6,34.24,6.37,9.75,0.25,13.05,99.71,69.88,4781793.37,18.56,58.79,0.38,20.17,97.54,1.14,5.48,0,0,0,1,0,0,0,Esc1
146,23.81,38.72,32.96,6.14,9.3,0.25,10.32,99.36,64.39,4383775.52,20.25,60.11,0.38,16.94,97.77,3.32,5.36,0,0,0,1,0,0,0,Esc1
147,25.01,39.3,34.09,6.28,9.54,0.25,11.2,99.67,68.36,4569274.14,19.43,60.19,0.39,17.79,97.67,1.56,5.1,0,0,0,1,0,0,0,Esc1
148,24.55,39.31,33.71,6.26,9.47,0.25,11.08,99.54,66.86,4514063.43,19.66,59.97,0.38,17.74,97.7,2.03,5.58,0,0,0,1,0,0,0,Esc1
149,25.13,39.18,33.87,6.33,9.61,0.25,12.08,99.45,68.21,4647697.17,19.1,59.31,0.38,19.04,97.62,2.17,5.22,0,0,0,1,0,0,0,Esc1
150,25.73,38.89,34.38,6.4,9.74,0.25,12.54,99.72,70.92,4770084.02,18.61,59.41,0.39,19.5,97.55,1.25,5.38,0,0,0,1,0,0,0,Esc1
151,24.67,39.05,33.95,6.23,9.43,0.25,10.5,99.51,67.25,4470678.94,19.86,60.62,0.39,16.88,97.72,1.73,4.95,0,0,0,1,0,0,0,Esc1
152,23.82,39.27,32.95,6.14,9.35,0.25,10.86,99.37,64.55,4435453.17,20.01,59.63,0.38,17.69,97.74,3.17,5.29,0,0,0,1,0,0,0,Esc1
153,25.13,39.15,34.21,6.25,9.52,0.25,11.36,99.6,68.72,4592464.49,19.33,60.13,0.39,17.96,97.66,1.26,5.06,0,0,0,1,0,0,0,Esc1
154,25.44,39.48,33.82,6.42,9.81,0.25,13.85,99.55,69.49,4854248.05,18.29,57.92,0.37,21.35,97.5,1.91,5.95,0,0,0,1,0,0,0,Esc1
155,25.14,39.89,33.79,6.39,9.7,0.25,12.64,99.5,68.65,4714934.39,18.83,58.84,0.38,19.82,97.58,2.0,5.7,0,0,0,1,0,0,0,Esc1
156,23.79,38.85,33.08,6.14,9.26,0.25,9.56,99.1,64.01,4298625.63,20.65,60.79,0.39,15.81,97.82,3.24,5.19,0,1,0,1,0,0,0,Esc1
157,23.94,38.9,33.23,6.17,9.34,0.25,10.19,99.38,65.11,4389627.75,20.22,60.41,0.38,16.68,97.77,2.44,4.74,0,0,0,1,0,0,0,Esc1
158,24.89,39.49,33.91,6.25,9.54,0.25,11.55,99.63,68.12,4597848.07,19.31,59.78,0.38,18.33,97.65,1.42,4.73,0,0,0,1,0,0,0,Esc1
159,24.02,39.05,33.32,6.19,9.39,0.25,10.81,99.72,65.82,4469742.55,19.86,59.97,0.38,17.52,97.72,2.07,5.28,0,0,0,1,0,0,0,Esc1
160,24.29,39.28,33.42,6.18,9.41,0.25,11.09,99.48,66.22,4502031.66,19.72,59.8,0.38,17.86,97.71,2.02,4.97,0,0,0,1,0,0,0,Esc1
161,24.62,39.15,33.78,6.2,9.46,0.25,11.26,99.66,67.39,4548705.55,19.51,59.91,0.38,17.97,97.68,1.51,4.85,0,0,0,1,0,0,0,Esc1
162,23.66,38.09,32.95,6.08,9.28,0.25,10.25,99.43,64.6,4386109.49,20.24,60.2,0.38,16.86,97.77,2.27,4.87,0,0,0,1,0,0,0,Esc1
163,24.55,38.99,33.64,6.24,9.46,0.25,10.89,99.53,66.95,4503276.77,19.71,60.14,0.39,17.52,97.7,2.16,5.3,0,0,0,1,0,0,0,Esc1
164,24.89,39.54,33.98,6.28,9.56,0.25,11.41,99.62,68.2,4586533.83,19.35,59.95,0.39,18.12,97.66,1.42,4.51,0,0,0,1,0,0,0,Esc1
165,24.23,39.11,33.36,6.2,9.41,0.25,10.78,99.41,65.75,4461318.91,19.9,60.0,0.38,17.45,97.73,2.65,5.03,0,0,0,1,0,0,0,Esc1
166,24.72,38.81,33.78,6.25,9.51,0.25,11.31,99.6,67.63,4562168.67,19.46,59.9,0.38,18.05,97.67,1.9,5.25,0,0,0,1,0,0,0,Esc1
167,25.03,39.01,34.13,6.36,9.61,0.25,11.1,99.66,68.84,4577517.19,19.39,60.36,0.39,17.66,97.66,1.74,4.96,0,0,0,1,0,0,0,Esc1
168,25.11,39.46,33.85,6.33,9.63,0.25,12.29,99.51,68.25,4667048.36,19.02,59.13,0.38,19.32,97.61,2.12,5.34,0,0,0,1,0,0,0,Esc1
169,24.41,39.29,33.83,6.14,9.34,0.25,10.18,99.57,66.24,4413118.53,20.11,60.75,0.39,16.45,97.76,1.78,4.73,0,0,0,1,0,0,0,Esc1
170,24.55,38.92,33.69,6.25,9.5,0.25,11.13,99.57,67.27,4534507.47,19.58,59.98,0.38,17.83,97.69,1.51,5.12,0,0,0,1,0,0,0,Esc1
171,25.33,38.83,34.03,6.35,9.66,0.25,12.42,99.62,69.2,4707183.45,18.86,59.19,0.38,19.44,97.59,1.81,5.27,0,0,0,1,0,0,0,Esc1
172,24.6,38.92,33.56,6.26,9.51,0.25,11.18,99.49,67.29,4543295.76,19.54,59.9,0.38,17.96,97.68,2.24,5.39,0,0,0,1,0,0,0,Esc1
173,25.25,39.24,34.13,6.31,9.62,0.25,12.09,99.7,69.28,4678652.9,18.97,59.52,0.38,18.98,97.61,1.35,5.17,0,0,0,1,0,0,0,Esc1
174,24.18,38.95,33.42,6.18,9.41,0.25,10.92,99.65,66.29,4492014.43,19.76,59.97,0.38,17.63,97.71,1.79,4.76,0,0,0,1,0,0,0,Esc1
175,24.25,39.58,33.1,6.2,9.44,0.25,11.97,99.42,65.27,4555168.95,19.49,58.78,0.37,19.13,97.68,3.23,5.15,0,0,0,1,0,0,0,Esc1
176,25.13,39.16,34.0,6.31,9.59,0.25,12.0,99.48,68.05,4628765.15,19.18,59.41,0.38,18.86,97.63,2.11,5.42,0,0,0,1,0,0,0,Esc1
177,23.1,38.86,32.55,6.03,9.13,0.25,9.48,99.28,62.3,4249198.09,20.89,60.47,0.38,15.85,97.85,3.36,5.03,0,1,0,1,0,0,0,Esc1
178,25.12,38.81,34.09,6.32,9.56,0.25,11.0,99.47,68.44,4552946.37,19.5,60.38,0.39,17.53,97.67,2.3,5.17,0,0,0,1,0,0,0,Esc1
179,24.19,39.17,33.39,6.17,9.36,0.25,10.56,99.31,65.64,4436923.2,20.01,60.19,0.38,17.14,97.74,2.4,5.21,0,0,0,1,0,0,0,Esc1
180,24.29,38.84,33.46,6.23,9.47,0.25,10.98,99.62,66.55,4505112.61,19.7,59.96,0.38,17.71,97.7,2.04,4.91,0,0,0,1,0,0,0,Esc1
181,24.18,38.91,33.3,6.16,9.37,0.25,10.79,99.3,65.54,4453267.88,19.93,59.93,0.38,17.48,97.73,2.77,5.35,0,0,0,1,0,0,0,Esc1
182,25.11,39.25,34.28,6.23,9.54,0.25,11.41,99.76,68.91,4604846.67,19.28,60.14,0.39,18.01,97.65,0.84,4.31,0,0,0,1,0,0,0,Esc1
183,24.06,38.99,33.24,6.17,9.37,0.25,10.62,99.31,65.23,4430898.13,20.03,60.03,0.38,17.27,97.75,2.35,4.89,0,0,0,1,0,0,0,Esc1
184,23.88,38.68,33.23,6.13,9.28,0.25,9.76,99.44,64.97,4349272.93,20.41,60.8,0.39,16.07,97.79,2.51,4.86,0,1,0,1,0,0,0,Esc1
185,24.94,39.07,33.79,6.3,9.63,0.25,12.34,99.7,68.89,4698541.57,18.89,59.15,0.38,19.44,97.59,0.92,5.13,0,0,0,1,0,0,0,Esc1
186,24.73,39.07,34.1,6.2,9.43,0.25,10.44,99.58,67.61,4478420.27,19.82,60.79,0.39,16.75,97.72,1.28,4.2,0,0,0,1,0,0,0,Esc1
187,25.17,38.86,34.22,6.29,9.57,0.25,11.25,99.56,69.24,4600303.9,19.3,60.3,0.39,17.84,97.65,1.32,4.83,0,0,0,1,0,0,0,Esc1
188,24.75,39.23,33.74,6.25,9.53,0.25,11.63,99.75,68.18,4611623.75,19.25,59.68,0.38,18.51,97.64,1.46,4.97,0,0,0,1,0,0,0,Esc1
189,24.82,39.28,33.57,6.33,9.61,0.25,12.36,99.61,67.76,4665051.96,19.03,58.92,0.38,19.52,97.61,2.21,5.52,0,0,0,1,0,0,0,Esc1
190,24.76,39.37,33.96,6.22,9.46,0.25,11.01,99.64,67.64,4532143.09,19.59,60.23,0.39,17.57,97.69,1.56,4.69,0,0,0,1,0,0,0,Esc1
191,24.78,39.48,33.63,6.32,9.61,0.25,11.86,99.45,67.74,4618302.34,19.22,59.38,0.38,18.84,97.64,1.88,4.95,0,0,0,1,0,0,0,Esc1
192,24.42,38.93,33.58,6.24,9.45,0.25,10.79,99.48,66.55,4483188.9,19.8,60.16,0.38,17.4,97.71,2.16,5.08,0,0,0,1,0,0,0,Esc1
193,23.68,39.58,33.25,6.07,9.26,0.25,10.01,99.69,64.69,4363560.89,20.34,60.55,0.38,16.4,97.79,1.7,4.32,0,0,0,1,0,0,0,Esc1
194,24.75,39.48,33.87,6.24,9.49,0.25,11.01,99.51,67.84,4538574.9,19.56,60.22,0.39,17.62,97.68,1.58,5.14,0,0,0,1,0,0,0,Esc1
195,24.99,38.88,33.97,6.29,9.58,0.25,11.63,99.61,68.49,4615954.38,19.23,59.78,0.38,18.43,97.64,1.63,4.78,0,0,0,1,0,0,0,Esc1
196,25.05,39.68,34.23,6.28,9.55,0.25,11.12,99.71,68.69,4572128.3,19.41,60.35,0.39,17.65,97.66,1.19,4.34,0,0,0,1,0,0,0,Esc1
197,24.24,38.97,33.37,6.2,9.43,0.25,10.92,99.56,66.29,4493987.72,19.75,59.96,0.38,17.66,97.71,2.41,5.28,0,0,0,1,0,0,0,Esc1
198,25.46,39.45,34.42,6.32,9.59,0.25,11.42,99.58,69.07,4599909.82,19.3,60.16,0.39,17.97,97.65,1.73,5.43,0,0,0,1,0,0,0,Esc1
199,23.89,38.94,33.15,6.14,9.31,0.25,10.08,99.27,64.86,4371790.83,20.3,60.45,0.38,16.54,97.78,2.86,5.52,0,0,0,1,0,0,0,Esc1
200,24.43,38.98,33.53,6.2,9.46,0.25,11.17,99.5,67.14,4537771.27,19.56,59.88,0.38,17.95,97.69,1.74,5.04,0,0,0,1,0,0,0,Esc1
201,25.02,38.94,33.93,6.3,9.6,0.25,11.76,99.67,68.94,4645412.36,19.11,59.71,0.38,18.63,97.62,1.43,4.97,0,0,0,1,0,0,0,Esc1
202,24.32,38.89,33.4,6.21,9.45,0.25,11.15,99.53,66.19,4506206.56,19.7,59.73,0.38,17.94,97.7,2.37,5.42,0,0,0,1,0,0,0,Esc1
203,24.59,38.86,33.6,6.23,9.48,0.25,11.21,99.18,66.48,4514244.69,19.66,59.77,0.38,17.94,97.7,2.55,5.29,0,0,0,1,0,0,0,Esc1
204,24.4,38.89,33.69,6.16,9.39,0.25,10.62,99.66,66.86,4479815.86,19.81,60.4,0.39,17.14,97.72,1.42,4.84,0,0,0,1,0,0,0,Esc1
205,24.42,39.25,33.65,6.21,9.44,0.25,10.96,99.52,66.56,4499637.54,19.73,60.04,0.38,17.6,97.71,1.82,4.65,0,0,0,1,0,0,0,Esc1
206,24.45,38.94,33.56,6.24,9.46,0.25,10.88,99.4,66.5,4486917.44,19.78,60.06,0.38,17.52,97.71,2.21,5.42,0,0,0,1,0,0,0,Esc1
207,24.24,38.98,33.44,6.15,9.36,0.25,10.79,99.54,66.18,4472677.57,19.85,60.07,0.38,17.44,97.73,1.88,5.33,0,0,0,1,0,0,0,Esc1
208,25.08,39.08,34.14,6.32,9.59,0.25,11.26,99.78,69.19,4602790.38,19.29,60.25,0.39,17.89,97.65,1.39,5.07,0,0,0,1,0,0,0,Esc1
209,24.38,39.26,33.5,6.2,9.41,0.25,10.64,99.38,65.92,4446769.57,19.96,60.17,0.38,17.2,97.74,2.59,5.63,0,0,0,1,0,0,0,Esc1
210,24.65,38.85,34.0,6.23,9.46,0.25,10.71,99.7,67.6,4502623.04,19.71,60.5,0.39,17.16,97.7,1.0,4.54,0,0,0,1,0,0,0,Esc1
211,23.32,38.94,32.46,6.03,9.21,0.25,10.96,99.32,62.88,4397394.58,20.19,59.15,0.37,17.98,97.77,2.97,5.66,0,0,0,1,0,0,0,Esc1
212,24.9,39.64,33.67,6.28,9.55,0.25,11.9,99.43,67.71,4617836.61,19.22,59.34,0.38,18.87,97.64,2.32,5.08,0,0,0,1,0,0,0,Esc1
213,25.23,39.35,34.23,6.3,9.6,0.25,11.45,99.66,69.57,4629462.21,19.17,60.16,0.39,18.11,97.63,1.34,5.04,0,0,0,1,0,0,0,Esc1
214,24.03,39.12,33.23,6.15,9.35,0.25,10.91,99.43,65.5,4464899.81,19.88,59.8,0.38,17.67,97.73,2.05,5.33,0,0,0,1,0,0,0,Esc1
215,24.06,39.11,33.34,6.16,9.37,0.25,10.47,99.62,66.01,4443805.89,19.98,60.31,0.39,17.05,97.74,1.78,4.83,0,0,0,1,0,0,0,Esc1
216,25.16,39.33,34.05,6.29,9.65,0.25,12.47,99.75,69.24,4715060.14,18.83,59.16,0.38,19.5,97.59,0.88,5.09,0,0,0,1,0,0,0,Esc1
217,24.76,39.31,33.68,6.25,9.55,0.25,12.0,99.58,67.47,4618869.48,19.22,59.22,0.38,19.0,97.64,1.68,5.44,0,0,0,1,0,0,0,Esc1
218,24.48,38.48,33.74,6.18,9.45,0.25,10.81,99.65,67.58,4517815.08,19.65,60.33,0.39,17.4,97.7,0.99,4.66,0,0,0,1,0,0,0,Esc1
219,24.35,39.12,33.58,6.19,9.41,0.25,10.81,99.63,66.52,4484383.63,19.79,60.14,0.38,17.43,97.72,1.88,5.1,0,0,0,1,0,0,0,Esc1
220,24.82,39.17,33.83,6.23,9.49,0.25,11.4,99.52,67.55,4563705.1,19.45,59.81,0.38,18.14,97.67,1.77,5.41,0,0,0,1,0,0,0,Esc1
221,24.5,38.88,33.61,6.19,9.41,0.25,10.8,99.37,66.63,4484035.53,19.8,60.17,0.39,17.4,97.72,2.47,5.46,0,0,0,1,0,0,0,Esc1
222,25.01,38.67,33.69,6.33,9.6,0.25,11.95,99.36,68.06,4631508.9,19.17,59.33,0.38,18.95,97.63,2.53,5.84,0,0,0,1,0,0,0,Esc1
223,24.85,38.81,33.79,6.31,9.59,0.25,11.65,99.55,68.39,4616599.85,19.23,59.69,0.38,18.52,97.64,1.5,5.25,0,0,0,1,0,0,0,Esc1
224,24.78,38.79,34.03,6.2,9.47,0.25,11.01,99.61,67.81,4536974.0,19.57,60.27,0.39,17.56,97.69,1.21,4.17,0,0,0,1,0,0,0,Esc1
225,23.41,38.55,32.64,6.09,9.24,0.25,10.27,99.14,63.41,4350496.54,20.4,59.91,0.38,16.96,97.79,2.98,5.34,0,0,0,1,0,0,0,Esc1
226,24.21,38.52,33.42,6.19,9.41,0.25,10.62,99.52,66.19,4460101.75,19.9,60.22,0.38,17.22,97.73,2.06,5.14,0,0,0,1,0,0,0,Esc1
227,25.57,39.6,34.21,6.4,9.69,0.25,12.2,99.46,69.41,4685707.99,18.94,59.45,0.38,19.08,97.6,2.33,6.22,0,0,0,1,0,0,0,Esc1
228,24.87,38.98,33.86,6.3,9.58,0.25,11.61,99.61,68.16,4605695.27,19.27,59.72,0.38,18.43,97.64,1.53,4.76,0,0,0,1,0,0,0,Esc1
229,25.62,38.99,34.53,6.37,9.71,0.25,12.12,99.76,70.84,4728877.87,18.77,59.82,0.39,18.91,97.57,0.93,4.6,0,0,0,1,0,0,0,Esc1
230,24.45,39.32,33.65,6.21,9.46,0.25,11.07,99.28,66.79,4512217.26,19.67,59.95,0.38,17.75,97.7,1.56,5.08,0,0,0,1,0,0,0,Esc1
231,24.74,39.31,33.75,6.26,9.52,0.25,11.61,99.56,67.46,4584266.7,19.36,59.6,0.38,18.45,97.66,1.77,5.09,0,0,0,1,0,0,0,Esc1
232,24.49,39.26,33.25,6.24,9.54,0.25,12.23,99.38,66.21,4605829.68,19.27,58.71,0.37,19.44,97.65,2.59,5.61,0,0,0,1,0,0,0,Esc1
233,25.29,39.29,34.39,6.26,9.56,0.25,11.41,99.73,69.12,4606204.22,19.27,60.18,0.39,17.98,97.65,1.14,4.69,0,0,0,1,0,0,0,Esc1
234,25.55,39.9,34.1,6.39,9.74,0.25,12.81,99.37,69.17,4734884.94,18.75,58.86,0.38,19.89,97.57,2.2,6.16,0,0,0,1,0,0,0,Esc1
235,23.96,38.79,33.13,6.17,9.38,0.25,11.0,99.52,65.06,4461601.19,19.9,59.63,0.38,17.82,97.73,2.4,5.35,0,0,0,1,0,0,0,Esc1
236,24.67,39.21,33.66,6.24,9.46,0.25,11.03,99.44,66.87,4511140.54,19.68,60.01,0.38,17.69,97.7,2.54,5.51,0,0,0,1,0,0,0,Esc1
237,24.1,39.22,33.42,6.17,9.4,0.25,10.65,99.66,66.19,4465357.71,19.88,60.2,0.38,17.27,97.73,1.81,5.08,0,0,0,1,0,0,0,Esc1
238,24.2,39.13,33.36,6.18,9.37,0.25,10.56,99.23,65.51,4429555.78,20.04,60.15,0.38,17.13,97.75,2.54,5.11,0,0,0,1,0,0,0,Esc1
239,24.84,39.38,33.59,6.28,9.6,0.25,12.58,99.68,67.4,4671841.32,19.0,58.69,0.37,19.78,97.61,1.92,5.45,0,0,0,1,0,0,0,Esc1
240,22.88,37.81,32.05,6.06,9.21,0.25,10.41,99.2,62.09,4334272.47,20.48,59.42,0.37,17.37,97.8,3.54,5.89,0,0,0,1,0,0,0,Esc1
241,25.01,39.59,33.84,6.29,9.62,0.25,12.79,99.8,68.8,4735015.26,18.75,58.76,0.38,19.99,97.58,0.95,5.07,0,0,0,1,0,0,0,Esc1
242,24.91,39.21,33.65,6.3,9.62,0.25,12.53,99.41,67.98,4681429.32,18.96,58.8,0.38,19.71,97.6,1.93,6.05,0,0,0,1,0,0,0,Esc1
243,24.55,39.12,33.48,6.27,9.52,0.25,11.48,99.43,66.46,4541631.3,19.55,59.49,0.38,18.36,97.68,2.45,5.45,0,0,0,1,0,0,0,Esc1
244,23.9,38.17,33.06,6.16,9.38,0.25,11.03,99.53,65.48,4481680.94,19.81,59.65,0.38,17.91,97.72,2.15,4.86,0,0,0,1,0,0,0,Esc1
245,24.62,39.19,33.66,6.29,9.54,0.25,11.43,99.7,67.67,4575898.4,19.4,59.76,0.38,18.26,97.66,1.9,5.25,0,0,0,1,0,0,0,Esc1
246,24.86,39.34,33.77,6.28,9.53,0.25,11.43,99.49,67.57,4570717.41,19.42,59.78,0.38,18.21,97.67,2.33,5.25,0,0,0,1,0,0,0,Esc1
247,24.18,39.55,33.31,6.2,9.44,0.25,11.29,99.47,66.03,4516839.12,19.65,59.56,0.38,18.17,97.7,2.26,4.77,0,0,0,1,0,0,0,Esc1
248,24.86,39.28,33.89,6.3,9.53,0.25,11.13,99.54,67.73,4543685.12,19.54,60.1,0.39,17.76,97.68,1.93,5.17,0,0,0,1,0,0,0,Esc1
249,25.02,39.09,34.0,6.31,9.6,0.25,11.51,99.43,68.43,4602386.78,19.29,59.89,0.39,18.25,97.65,1.79,4.63,0,0,0,1,0,0,0,Esc1
250,25.07,38.75,34.0,6.3,9.62,0.25,11.79,99.7,68.92,4644091.17,19.11,59.7,0.38,18.64,97.62,1.25,4.84,0,0,0,1,0,0,0,Esc1
251,24.39,38.94,33.62,6.17,9.38,0.25,10.53,99.44,66.16,4444613.69,19.97,60.36,0.39,17.01,97.74,2.1,5.1,0,0,0,1,0,0,0,Esc1
252,24.82,38.71,34.16,6.23,9.46,0.25,10.69,99.67,67.71,4500404.86,19.72,60.58,0.39,17.07,97.71,1.47,4.66,0,0,0,1,0,0,0,Esc1
253,24.22,38.65,33.34,6.19,9.43,0.25,11.29,99.68,66.12,4518936.43,19.64,59.58,0.38,18.16,97.7,2.16,5.33,0,0,0,1,0,0,0,Esc1
254,25.48,39.21,34.32,6.32,9.65,0.25,12.13,99.61,69.73,4692422.68,18.92,59.6,0.39,18.96,97.6,1.37,5.19,0,0,0,1,0,0,0,Esc1
255,24.14,39.25,33.09,6.23,9.48,0.25,11.73,99.37,65.68,4547212.03,19.52,59.04,0.37,18.84,97.68,2.23,5.3,0,0,0,1,0,0,0,Esc1
256,25.16,39.04,34.12,6.3,9.61,0.25,11.6,99.56,69.3,4635614.07,19.15,59.95,0.39,18.35,97.63,1.32,4.93,0,0,0,1,0,0,0,Esc1
257,24.18,38.79,33.37,6.17,9.36,0.25,10.41,99.32,65.82,4427616.66,20.05,60.34,0.39,16.94,97.75,2.35,5.35,0,0,0,1,0,0,0,Esc1
258,24.3,38.83,33.56,6.16,9.37,0.25,10.47,99.36,66.18,4441928.23,19.98,60.4,0.39,16.95,97.74,1.89,4.75,0,0,0,1,0,0,0,Esc1
259,24.46,39.03,33.42,6.22,9.47,0.25,11.79,99.41,66.46,4571981.57,19.42,59.2,0.38,18.8,97.67,2.22,5.15,0,0,0,1,0,0,0,Esc1
260,24.14,39.2,32.95,6.23,9.46,0.25,11.63,99.3,65.34,4528222.46,19.6,59.03,0.37,18.75,97.69,3.11,5.71,0,0,0,1,0,0,0,Esc1
261,24.8,39.32,34.13,6.23,9.44,0.25,10.24,99.62,67.73,4463179.68,19.89,60.99,0.39,16.47,97.73,1.89,4.83,0,0,0,1,0,0,0,Esc1
262,23.73,39.2,32.83,6.12,9.32,0.25,10.78,99.3,64.32,4424243.7,20.06,59.63,0.38,17.63,97.75,2.88,5.41,0,0,0,1,0,0,0,Esc1
263,24.38,39.4,33.62,6.18,9.44,0.25,10.93,99.58,66.64,4499282.15,19.73,60.07,0.38,17.57,97.71,1.68,4.62,0,0,0,1,0,0,0,Esc1
264,24.12,39.03,33.45,6.16,9.36,0.25,10.36,99.68,66.24,4439837.22,19.99,60.48,0.39,16.86,97.74,1.99,5.09,0,0,0,1,0,0,0,Esc1
265,23.59,39.37,32.77,6.11,9.3,0.25,10.52,99.3,64.25,4399709.15,20.18,59.85,0.38,17.29,97.77,2.25,5.14,0,0,0,1,0,0,0,Esc1
266,23.33,38.73,32.93,6.02,9.16,0.25,9.62,99.56,63.96,4312325.19,20.58,60.71,0.38,15.97,97.82,1.72,4.17,0,1,0,1,0,0,0,Esc1
267,25.25,39.56,33.93,6.35,9.68,0.25,12.65,99.48,68.6,4707201.87,18.86,58.87,0.38,19.76,97.59,1.87,5.69,0,0,0,1,0,0,0,Esc1
268,25.19,39.76,33.75,6.35,9.68,0.25,12.98,99.47,68.58,4739943.51,18.73,58.52,0.37,20.25,97.57,2.1,6.12,0,0,0,1,0,0,0,Esc1
269,24.96,38.98,33.84,6.29,9.59,0.25,11.94,99.62,68.0,4628094.9,19.18,59.4,0.38,18.86,97.63,1.91,5.52,0,0,0,1,0,0,0,Esc1
270,24.26,38.24,33.68,6.19,9.4,0.25,10.3,99.74,67.11,4461130.62,19.9,60.74,0.39,16.71,97.73,1.29,4.31,0,0,0,1,0,0,0,Esc1
271,24.69,39.23,33.75,6.27,9.56,0.25,11.68,99.73,68.06,4612990.58,19.24,59.62,0.38,18.57,97.64,1.46,4.99,0,0,0,1,0,0,0,Esc1
272,24.61,39.44,33.57,6.25,9.5,0.25,11.37,99.42,66.61,4536749.78,19.57,59.64,0.38,18.18,97.68,2.75,5.38,0,0,0,1,0,0,0,Esc1
273,25.68,38.88,34.66,6.36,9.66,0.25,11.87,99.84,70.57,4691014.68,18.92,60.04,0.39,18.51,97.6,1.02,5.07,0,0,0,1,0,0,0,Esc1
274,24.65,38.39,33.96,6.18,9.4,0.25,10.39,99.67,67.49,4471963.41,19.85,60.77,0.39,16.74,97.72,1.53,4.92,0,0,0,1,0,0,0,Esc1
275,24.52,38.61,33.48,6.21,9.48,0.25,11.38,99.53,67.02,4553147.5,19.5,59.65,0.38,18.25,97.68,1.97,5.28,0,0,0,1,0,0,0,Esc1
276,24.66,39.07,33.8,6.25,9.51,0.25,11.15,99.57,67.5,4542826.8,19.54,60.02,0.39,17.83,97.68,1.56,4.75,0,0,0,1,0,0,0,Esc1
277,25.76,38.64,34.54,6.37,9.71,0.25,12.58,99.75,70.72,4760681.47,18.65,59.4,0.39,19.47,97.56,0.93,5.17,0,0,0,1,0,0,0,Esc1
278,24.75,39.63,33.98,6.25,9.49,0.25,10.91,99.65,67.69,4525064.08,19.62,60.33,0.39,17.44,97.69,1.65,5.0,0,0,0,1,0,0,0,Esc1
279,24.5,39.43,33.7,6.17,9.41,0.25,10.66,99.43,66.73,4472637.39,19.85,60.34,0.39,17.17,97.72,1.82,5.04,0,0,0,1,0,0,0,Esc1
280,25.76,39.64,34.71,6.34,9.66,0.25,11.89,99.76,70.65,4692279.22,18.92,60.05,0.39,18.51,97.6,1.03,5.38,0,0,0,1,0,0,0,Esc1
281,25.9,39.5,34.52,6.4,9.76,0.25,13.09,99.61,70.44,4797780.96,18.5,58.93,0.38,20.1,97.54,1.57,5.15,0,0,0,1,0,0,0,Esc1
282,25.04,38.9,33.81,6.3,9.6,0.25,12.22,99.49,68.43,4667176.79,19.02,59.19,0.38,19.25,97.61,1.74,5.38,0,0,0,1,0,0,0,Esc1
283,25.15,39.7,34.05,6.31,9.6,0.25,11.84,99.54,68.33,4624677.34,19.19,59.6,0.38,18.65,97.63,2.15,5.17,0,0,0,1,0,0,0,Esc1
284,24.56,38.85,33.58,6.27,9.55,0.25,11.56,99.59,67.43,4583818.44,19.37,59.6,0.38,18.46,97.66,2.02,5.06,0,0,0,1,0,0,0,Esc1
285,24.47,39.0,33.23,6.26,9.52,0.25,11.85,99.17,66.02,4562052.91,19.46,59.01,0.38,18.94,97.67,2.85,6.23,0,0,0,1,0,0,0,Esc1
286,24.56,39.0,33.65,6.25,9.49,0.25,11.19,99.59,67.71,4555624.6,19.49,59.97,0.39,17.94,97.68,1.27,5.05,0,0,0,1,0,0,0,Esc1
287,25.61,39.43,34.34,6.4,9.73,0.25,12.47,99.76,70.52,4749997.81,18.69,59.4,0.38,19.42,97.56,1.11,5.74,0,0,0,1,0,0,0,Esc1
288,25.35,39.3,34.2,6.33,9.68,0.25,12.43,99.74,69.71,4724476.88,18.79,59.31,0.38,19.4,97.58,1.05,4.64,0,0,0,1,0,0,0,Esc1
289,25.16,39.41,33.85,6.39,9.69,0.25,12.67,99.65,68.91,4725638.43,18.78,58.87,0.38,19.84,97.58,1.88,5.66,0,0,0,1,0,0,0,Esc1
290,24.56,39.0,33.76,6.24,9.44,0.25,10.77,99.53,67.17,4496423.55,19.74,60.31,0.39,17.31,97.71,1.6,5.15,0,0,0,1,0,0,0,Esc1
291,25.19,39.02,33.98,6.31,9.66,0.25,12.81,99.74,68.97,4736518.17,18.74,58.81,0.38,19.95,97.57,1.12,5.39,0,0,0,1,0,0,0,Esc1
292,25.37,39.4,34.08,6.36,9.69,0.25,12.59,99.65,68.99,4714498.17,18.83,59.03,0.38,19.63,97.58,1.91,5.33,0,0,0,1,0,0,0,Esc1
293,24.05,39.28,33.08,6.19,9.4,0.25,11.05,99.37,65.62,4484795.31,19.79,59.64,0.38,17.93,97.72,2.57,5.46,0,0,0,1,0,0,0,Esc1
294,24.85,39.01,33.7,6.28,9.54,0.25,11.83,99.4,67.57,4604285.93,19.28,59.39,0.38,18.77,97.65,2.05,5.46,0,0,0,1,0,0,0,Esc1
295,24.64,39.22,33.67,6.25,9.53,0.25,11.8,99.73,67.65,4610044.17,19.26,59.44,0.38,18.74,97.65,1.53,4.87,0,0,0,1,0,0,0,Esc1
296,24.75,38.66,33.75,6.27,9.55,0.25,11.61,99.55,67.67,4590451.13,19.34,59.62,0.38,18.46,97.65,1.98,4.95,0,0,0,1,0,0,0,Esc1
297,24.42,38.91,33.24,6.26,9.48,0.25,11.44,99.25,66.21,4533630.42,19.58,59.41,0.38,18.4,97.69,2.88,5.84,0,0,0,1,0,0,0,Esc1
298,24.26,39.2,33.43,6.11,9.4,0.25,11.63,99.76,66.47,4561089.88,19.46,59.36,0.38,18.58,97.68,1.19,4.55,0,0,0,1,0,0,0,Esc1
299,24.49,38.89,33.48,6.26,9.5,0.25,11.42,99.49,67.06,4557177.24,19.48,59.62,0.38,18.3,97.67,1.92,5.32,0,0,0,1,0,0,0,Esc1
300,24.57,39.06,33.56,6.22,9.5,0.25,11.41,99.33,66.5,4534477.33,19.58,59.59,0.38,18.23,97.69,2.17,5.18,0,0,0,1,0,0,0,Esc1
301,24.84,39.47,33.87,6.26,9.52,0.25,11.47,99.46,67.41,4563817.34,19.45,59.75,0.38,18.21,97.67,2.08,5.49,0,0,0,1,0,0,0,Esc1
302,23.67,38.78,32.98,6.11,9.28,0.25,10.38,99.45,64.2,4382908.19,20.25,60.04,0.38,17.01,97.78,2.45,5.06,0,0,0,1,0,0,0,Esc1
303,24.48,39.27,33.51,6.24,9.47,0.25,11.14,99.48,66.49,4511455.06,19.68,59.81,0.38,17.89,97.7,2.1,5.46,0,0,0,1,0,0,0,Esc1
304,25.31,39.68,33.86,6.39,9.74,0.25,13.12,99.54,68.88,4764970.33,18.63,58.49,0.37,20.4,97.55,2.17,5.63,0,0,0,1,0,0,0,Esc1
305,25.59,39.46,34.44,6.37,9.69,0.25,12.06,99.62,69.92,4691649.11,18.92,59.73,0.39,18.83,97.59,1.51,4.9,0,0,0,1,0,0,0,Esc1
306,24.34,38.96,33.27,6.23,9.45,0.25,11.28,99.37,66.27,4520860.79,19.64,59.56,0.38,18.18,97.7,2.51,5.95,0,0,0,1,0,0,0,Esc1
307,24.87,39.51,33.85,6.28,9.53,0.25,11.48,99.52,67.94,4584726.85,19.36,59.8,0.38,18.26,97.66,1.72,4.9,0,0,0,1,0,0,0,Esc1
308,24.63,39.26,33.52,6.24,9.56,0.25,12.0,99.56,67.68,4632321.28,19.16,59.21,0.38,19.07,97.63,1.62,5.26,0,0,0,1,0,0,0,Esc1
309,23.86,38.75,32.92,6.16,9.38,0.25,11.1,99.22,64.89,4465469.77,19.88,59.43,0.38,18.04,97.73,2.44,5.75,0,0,0,1,0,0,0,Esc1
310,24.87,39.15,33.94,6.23,9.54,0.25,11.61,99.67,68.47,4613795.26,19.24,59.79,0.38,18.4,97.64,0.9,4.84,0,0,0,1,0,0,0,Esc1
311,24.85,39.44,33.72,6.26,9.58,0.25,12.13,99.54,67.88,4643960.24,19.11,59.18,0.38,19.15,97.63,1.58,5.15,0,0,0,1,0,0,0,Esc1
312,25.05,39.17,33.79,6.33,9.64,0.25,12.58,99.65,68.58,4706345.46,18.86,58.9,0.38,19.73,97.59,1.74,5.67,0,0,0,1,0,0,0,Esc1
313,24.78,38.69,33.64,6.32,9.61,0.25,12.03,99.59,67.9,4640059.83,19.13,59.25,0.38,19.07,97.63,1.95,5.3,0,0,0,1,0,0,0,Esc1
314,24.41,38.82,33.45,6.21,9.47,0.25,11.52,99.55,66.8,4561453.72,19.46,59.5,0.38,18.45,97.67,1.86,5.24,0,0,0,1,0,0,0,Esc1
315,23.96,38.94,33.45,6.12,9.27,0.25,9.53,99.55,65.21,4333828.94,20.48,61.11,0.39,15.68,97.8,2.12,4.4,0,1,0,1,0,0,0,Esc1
316,25.05,39.23,34.04,6.27,9.59,0.25,11.89,99.63,68.68,4643148.91,19.12,59.6,0.38,18.74,97.62,1.4,5.02,0,0,0,1,0,0,0,Esc1
317,25.09,39.51,34.08,6.28,9.55,0.25,11.44,99.46,68.28,4588084.76,19.35,59.96,0.39,18.11,97.66,1.91,4.69,0,0,0,1,0,0,0,Esc1
318,24.75,38.9,33.76,6.26,9.54,0.25,11.71,99.71,68.04,4612240.82,19.25,59.59,0.38,18.6,97.64,1.35,5.06,0,0,0,1,0,0,0,Esc1
319,24.52,39.25,33.49,6.28,9.56,0.25,11.85,99.63,67.16,4600909.46,19.29,59.26,0.38,18.88,97.65,2.02,5.18,0,0,0,1,0,0,0,Esc1
320,25.12,38.88,34.36,6.28,9.5,0.25,10.33,99.53,68.69,4498711.15,19.73,61.1,0.4,16.54,97.7,1.67,4.46,0,0,0,1,0,0,0,Esc1
321,24.57,38.78,33.56,6.26,9.51,0.25,11.53,99.48,67.02,4563984.52,19.45,59.55,0.38,18.4,97.67,2.16,5.37,0,0,0,1,0,0,0,Esc1
322,24.33,38.82,33.46,6.23,9.44,0.25,10.57,99.36,66.4,4462726.44,19.89,60.32,0.39,17.14,97.73,2.41,4.6,0,0,0,1,0,0,0,Esc1
323,24.53,39.12,33.39,6.29,9.55,0.25,12.0,99.45,67.15,4614408.11,19.24,59.08,0.38,19.11,97.64,2.09,5.49,0,0,0,1,0,0,0,Esc1
324,24.31,38.99,33.42,6.2,9.45,0.25,11.22,99.46,66.38,4521856.5,19.63,59.71,0.38,18.05,97.7,1.93,4.64,0,0,0,1,0,0,0,Esc1
325,24.24,38.83,33.58,6.18,9.39,0.25,10.29,99.65,66.89,4455231.97,19.92,60.69,0.39,16.73,97.73,1.59,4.37,0,0,0,1,0,0,0,Esc1
326,24.42,38.94,33.43,6.2,9.44,0.25,11.24,99.28,66.27,4511829.74,19.67,59.65,0.38,18.05,97.7,2.38,6.02,0,0,0,1,0,0,0,Esc1
327,25.47,39.76,34.03,6.42,9.71,0.25,12.22,99.2,69.08,4683566.15,18.95,59.34,0.38,19.18,97.6,2.7,5.43,0,0,0,1,0,0,0,Esc1
328,24.24,39.02,33.15,6.25,9.53,0.25,12.1,99.63,66.86,4621149.03,19.21,58.88,0.38,19.35,97.64,1.62,5.85,0,0,0,1,0,0,0,Esc1
329,25.03,39.16,33.96,6.32,9.65,0.25,12.2,99.71,68.77,4677558.52,18.98,59.32,0.38,19.18,97.6,1.53,5.39,0,0,0,1,0,0,0,Esc1
330,25.4,39.17,34.23,6.36,9.64,0.25,11.98,99.6,69.36,4669097.85,19.01,59.66,0.39,18.79,97.61,1.72,5.2,0,0,0,1,0,0,0,Esc1
331,24.7,38.79,33.86,6.22,9.48,0.25,10.93,99.66,67.92,4537972.84,19.56,60.31,0.39,17.52,97.69,1.5,4.64,0,0,0,1,0,0,0,Esc1
332,25.6,39.37,33.9,6.45,9.82,0.25,13.69,99.46,69.55,4838143.11,18.35,58.09,0.37,21.11,97.51,2.24,6.07,0,0,0,1,0,0,0,Esc1
333,25.07,39.74,34.06,6.31,9.64,0.25,12.02,99.79,69.14,4671678.32,19.0,59.55,0.38,18.91,97.61,1.09,4.67,0,0,0,1,0,0,0,Esc1
334,25.51,38.98,34.26,6.36,9.72,0.25,12.44,99.56,70.03,4733014.7,18.75,59.35,0.38,19.4,97.57,1.28,5.1,0,0,0,1,0,0,0,Esc1
335,24.18,38.71,33.51,6.18,9.37,0.25,10.25,99.44,65.99,4417910.63,20.09,60.56,0.39,16.67,97.75,2.07,4.76,0,0,0,1,0,0,0,Esc1
336,24.96,39.02,34.26,6.25,9.49,0.25,10.58,99.68,68.33,4510090.41,19.68,60.8,0.39,16.9,97.7,1.47,4.73,0,0,0,1,0,0,0,Esc1
337,25.08,38.57,33.93,6.32,9.6,0.25,11.79,99.65,68.89,4644319.98,19.11,59.67,0.38,18.67,97.62,1.76,5.41,0,0,0,1,0,0,0,Esc1
338,24.14,38.71,33.24,6.19,9.39,0.25,11.05,99.4,65.34,4471269.99,19.85,59.65,0.38,17.85,97.72,2.69,5.48,0,0,0,1,0,0,0,Esc1
339,24.94,39.6,33.76,6.29,9.6,0.25,12.24,99.59,67.99,4656993.71,19.06,59.1,0.38,19.29,97.62,1.84,5.27,0,0,0,1,0,0,0,Esc1
340,24.3,39.1,33.29,6.23,9.44,0.25,11.25,99.25,65.67,4498456.56,19.73,59.53,0.38,18.11,97.71,3.08,5.37,0,0,0,1,0,0,0,Esc1
341,24.59,39.45,33.54,6.25,9.55,0.25,12.0,99.72,67.66,4633709.98,19.16,59.22,0.38,19.07,97.63,1.71,5.07,0,0,0,1,0,0,0,Esc1
342,24.88,38.52,33.78,6.3,9.59,0.25,12.07,99.61,68.24,4649674.5,19.09,59.3,0.38,19.07,97.62,1.6,5.37,0,0,0,1,0,0,0,Esc1
343,23.51,39.27,32.92,6.09,9.26,0.25,10.35,99.54,64.28,4385075.95,20.24,60.06,0.38,17.0,97.78,1.95,4.83,0,0,0,1,0,0,0,Esc1
344,24.41,38.74,33.31,6.24,9.53,0.25,12.12,99.62,66.91,4624522.37,19.19,58.95,0.38,19.3,97.64,2.16,4.91,0,0,0,1,0,0,0,Esc1
345,24.71,39.13,33.72,6.28,9.55,0.25,11.57,99.6,67.79,4591967.58,19.33,59.67,0.38,18.42,97.65,1.83,5.07,0,0,0,1,0,0,0,Esc1
346,24.37,39.14,33.62,6.17,9.42,0.25,11.07,99.54,66.57,4509203.67,19.69,59.93,0.38,17.76,97.7,1.33,4.46,0,0,0,1,0,0,0,Esc1
347,24.9,38.79,33.58,6.3,9.64,0.25,12.72,99.32,67.95,4699942.33,18.89,58.62,0.37,19.98,97.59,2.07,5.63,0,0,0,1,0,0,0,Esc1
348,23.49,39.03,32.92,6.04,9.23,0.25,10.33,99.54,63.89,4370372.49,20.31,60.03,0.38,16.96,97.78,2.24,4.79,0,0,0,1,0,0,0,Esc1
349,25.38,38.88,34.33,6.35,9.65,0.25,11.58,99.76,69.89,4652550.27,19.08,60.13,0.39,18.25,97.62,1.43,4.64,0,0,0,1,0,0,0,Esc1
350,23.89,38.67,33.36,6.11,9.28,0.25,10.04,99.67,65.09,4377101.17,20.28,60.6,0.39,16.41,97.78,1.96,4.32,0,0,0,1,0,0,0,Esc1
351,23.92,38.53,33.26,6.11,9.27,0.25,10.1,99.6,65.43,4394139.96,20.2,60.55,0.39,16.56,97.77,2.13,4.85,0,0,0,1,0,0,0,Esc1
352,24.56,39.19,33.49,6.26,9.55,0.25,12.11,99.58,67.0,4617451.68,19.22,59.01,0.38,19.2,97.64,2.19,5.55,0,0,0,1,0,0,0,Esc1
353,24.18,39.13,33.59,6.16,9.35,0.25,10.26,99.66,66.17,4427061.32,20.05,60.61,0.39,16.67,97.75,1.79,4.32,0,0,0,1,0,0,0,Esc1
354,25.4,39.19,34.05,6.35,9.66,0.25,12.44,99.36,69.14,4703515.41,18.87,59.16,0.38,19.45,97.59,1.86,5.49,0,0,0,1,0,0,0,Esc1
355,24.7,38.86,33.72,6.24,9.55,0.25,11.79,99.57,67.4,4597171.39,19.31,59.42,0.38,18.7,97.65,1.54,5.06,0,0,0,1,0,0,0,Esc1
356,24.78,39.46,34.12,6.24,9.47,0.25,10.5,99.71,67.63,4483732.41,19.8,60.74,0.39,16.83,97.71,1.87,4.93,0,0,0,1,0,0,0,Esc1
357,23.65,38.81,33.16,6.07,9.27,0.25,9.89,99.56,64.76,4358772.85,20.37,60.64,0.39,16.28,97.79,1.83,4.12,0,1,0,1,0,0,0,Esc1
358,24.0,38.66,32.98,6.19,9.38,0.25,10.92,99.08,64.54,4435569.56,20.01,59.56,0.38,17.75,97.74,3.29,5.6,0,0,0,1,0,0,0,Esc1
359,25.53,39.63,34.0,6.38,9.73,0.25,13.42,99.48,69.34,4800174.88,18.49,58.32,0.37,20.72,97.54,1.89,6.19,0,0,0,1,0,0,0,Esc1
360,24.5,39.04,33.55,6.24,9.46,0.25,11.18,99.55,66.58,4517703.82,19.65,59.8,0.38,17.93,97.7,2.38,5.32,0,0,0,1,0,0,0,Esc1
361,25.37,39.17,34.18,6.37,9.67,0.25,12.08,99.45,69.05,4667376.44,19.02,59.52,0.38,18.93,97.61,1.68,5.09,0,0,0,1,0,0,0,Esc1
362,24.18,38.74,33.32,6.19,9.4,0.25,10.57,99.47,66.16,4456420.13,19.92,60.23,0.38,17.2,97.73,2.36,5.67,0,0,0,1,0,0,0,Esc1
363,24.3,38.85,33.4,6.21,9.47,0.25,11.09,99.66,66.64,4521409.91,19.63,59.87,0.38,17.88,97.69,2.13,4.67,0,0,0,1,0,0,0,Esc1
364,24.95,38.91,33.71,6.32,9.6,0.25,11.98,99.49,68.46,4650986.41,19.09,59.37,0.38,19.0,97.62,1.99,5.68,0,0,0,1,0,0,0,Esc1
365,25.13,39.12,33.96,6.3,9.64,0.25,12.4,99.63,68.94,4698243.72,18.89,59.14,0.38,19.44,97.59,1.26,5.62,0,0,0,1,0,0,0,Esc1
366,25.54,39.09,34.25,6.33,9.68,0.25,12.69,99.69,69.61,4742026.03,18.72,59.08,0.38,19.71,97.57,1.35,5.03,0,0,0,1,0,0,0,Esc1
367,25.23,39.11,34.46,6.29,9.58,0.25,11.04,99.75,69.33,4583920.6,19.36,60.58,0.39,17.47,97.66,1.12,4.14,0,0,0,1,0,0,0,Esc1
368,24.43,38.73,33.8,6.18,9.34,0.25,9.86,99.42,65.9,4374252.37,20.29,60.99,0.39,16.01,97.78,2.44,4.54,0,1,0,1,0,0,0,Esc1
369,24.01,38.59,32.97,6.21,9.47,0.25,11.81,99.28,65.15,4537984.75,19.56,58.86,0.37,18.97,97.69,2.47,5.31,0,0,0,1,0,0,0,Esc1
370,24.28,38.94,33.71,6.17,9.37,0.25,10.17,99.7,66.5,4428016.03,20.05,60.78,0.39,16.5,97.75,1.72,4.38,0,0,0,1,0,0,0,Esc1
371,25.04,38.89,34.01,6.3,9.56,0.25,11.28,99.47,68.14,4568743.59,19.43,60.05,0.39,17.93,97.67,1.93,5.18,0,0,0,1,0,0,0,Esc1
372,25.16,39.52,33.87,6.33,9.64,0.25,12.49,99.46,68.48,4688938.54,18.93,58.97,0.38,19.58,97.6,1.82,5.92,0,0,0,1,0,0,0,Esc1
373,25.4,39.21,34.04,6.34,9.68,0.25,12.5,99.4,69.4,4719094.0,18.81,59.13,0.38,19.55,97.58,1.72,5.08,0,0,0,1,0,0,0,Esc1
374,24.08,39.01,33.48,6.17,9.34,0.25,10.12,99.59,65.74,4400596.03,20.17,60.64,0.39,16.5,97.76,2.02,4.77,0,0,0,1,0,0,0,Esc1
375,25.32,39.32,34.43,6.35,9.62,0.25,11.15,99.57,69.3,4588012.99,19.35,60.45,0.39,17.62,97.65,1.3,4.95,0,0,0,1,0,0,0,Esc1
376,24.74,39.6,33.84,6.27,9.53,0.25,11.44,99.71,67.41,4563120.68,19.45,59.77,0.38,18.18,97.67,1.7,5.15,0,0,0,1,0,0,0,Esc1
377,23.78,38.76,32.97,6.12,9.3,0.25,10.43,99.03,64.0,4375604.08,20.29,59.94,0.38,17.07,97.78,3.02,5.17,0,0,0,1,0,0,0,Esc1
378,24.75,38.78,33.79,6.23,9.51,0.25,11.57,99.61,67.85,4591420.75,19.33,59.7,0.38,18.39,97.66,1.53,5.07,0,0,0,1,0,0,0,Esc1
379,24.03,38.71,33.1,6.19,9.46,0.25,11.56,99.51,65.76,4537417.04,19.56,59.22,0.38,18.61,97.69,1.88,4.68,0,0,0,1,0,0,0,Esc1
380,24.88,39.25,33.61,6.28,9.57,0.25,12.42,99.4,67.33,4648812.14,19.09,58.81,0.38,19.55,97.62,2.2,5.82,0,0,0,1,0,0,0,Esc1
381,25.67,39.23,34.52,6.4,9.73,0.25,12.33,99.82,70.67,4742147.19,18.72,59.62,0.39,19.17,97.57,1.02,4.92,0,0,0,1,0,0,0,Esc1
382,23.98,38.84,33.03,6.17,9.36,0.25,10.83,99.38,64.65,4434810.31,20.02,59.69,0.38,17.62,97.74,3.08,5.55,0,0,0,1,0,0,0,Esc1
383,24.7,38.76,33.89,6.24,9.5,0.25,10.96,99.61,67.79,4532839.17,19.58,60.27,0.39,17.54,97.69,1.39,4.76,0,0,0,1,0,0,0,Esc1
384,23.59,38.71,32.81,6.09,9.29,0.25,11.04,99.47,64.48,4452903.2,19.93,59.42,0.38,17.99,97.74,1.93,4.9,0,0,0,1,0,0,0,Esc1
385,24.79,38.98,34.02,6.29,9.52,0.25,10.71,99.64,68.24,4525349.35,19.62,60.6,0.39,17.17,97.69,1.74,4.96,0,0,0,1,0,0,0,Esc1
386,25.47,39.66,34.23,6.43,9.73,0.25,12.22,99.75,69.88,4707405.22,18.86,59.51,0.38,19.12,97.58,1.74,5.68,0,0,0,1,0,0,0,Esc1
387,25.13,39.13,34.22,6.3,9.56,0.25,11.36,99.66,68.88,4598635.3,19.3,60.15,0.39,17.97,97.65,1.67,4.64,0,0,0,1,0,0,0,Esc1
388,24.61,39.08,33.6,6.24,9.48,0.25,11.31,99.33,66.89,4534903.33,19.57,59.72,0.38,18.09,97.69,1.98,5.52,0,0,0,1,0,0,0,Esc1
389,23.98,39.22,33.0,6.16,9.43,0.25,11.7,99.44,65.23,4534076.61,19.58,58.99,0.37,18.82,97.69,2.26,5.59,0,0,0,1,0,0,0,Esc1
390,25.35,39.38,34.02,6.33,9.65,0.25,12.55,99.61,69.24,4719206.56,18.81,59.07,0.38,19.61,97.58,1.7,5.9,0,0,0,1,0,0,0,Esc1
391,25.28,39.38,34.04,6.32,9.66,0.25,12.8,99.74,69.24,4744354.23,18.71,58.88,0.38,19.92,97.57,1.26,5.34,0,0,0,1,0,0,0,Esc1
392,24.37,38.96,33.56,6.2,9.41,0.25,10.65,99.47,66.49,4469259.15,19.86,60.27,0.39,17.22,97.72,2.23,5.27,0,0,0,1,0,0,0,Esc1
393,24.65,39.34,33.64,6.29,9.49,0.25,11.02,99.51,67.19,4523560.93,19.62,60.05,0.38,17.71,97.69,2.44,5.33,0,0,0,1,0,0,0,Esc1
394,24.56,38.99,33.76,6.28,9.5,0.25,10.73,99.6,67.44,4504711.91,19.71,60.39,0.39,17.28,97.7,1.74,5.19,0,0,0,1,0,0,0,Esc1
395,24.98,39.2,33.56,6.36,9.67,0.25,12.65,99.43,68.11,4700860.78,18.88,58.69,0.38,19.91,97.59,2.37,5.86,0,0,0,1,0,0,0,Esc1
396,25.31,39.56,34.17,6.31,9.63,0.25,11.87,99.6,69.44,4664306.53,19.03,59.75,0.39,18.68,97.61,1.37,4.95,0,0,0,1,0,0,0,Esc1
397,25.57,38.89,34.39,6.35,9.66,0.25,11.99,99.64,70.13,4691954.8,18.92,59.79,0.39,18.77,97.6,1.35,5.05,0,0,0,1,0,0,0,Esc1
398,24.15,39.17,33.5,6.12,9.31,0.25,10.25,99.63,65.94,4417206.61,20.1,60.55,0.39,16.67,97.76,1.7,4.59,0,0,0,1,0,0,0,Esc1
399,24.3,38.99,33.48,6.16,9.43,0.25,11.32,99.78,66.93,4548035.03,19.52,59.71,0.38,18.17,97.68,1.07,4.83,0,0,0,1,0,0,0,Esc1
400,24.44,38.94,33.73,6.19,9.45,0.25,11.0,99.69,66.97,4515208.1,19.66,60.08,0.38,17.64,97.7,1.23,4.66,0,0,0,1,0,0,0,Esc1
401,23.83,39.01,33.22,6.12,9.29,0.25,10.29,99.46,64.89,4390959.69,20.22,60.28,0.38,16.81,97.77,1.89,5.04,0,0,0,1,0,0,0,Esc1
402,24.41,39.17,33.46,6.19,9.48,0.25,11.56,99.59,66.86,4566588.92,19.44,59.48,0.38,18.49,97.67,1.74,4.91,0,0,0,1,0,0,0,Esc1
403,24.34,39.41,33.37,6.15,9.43,0.25,11.43,99.45,65.97,4525840.2,19.61,59.44,0.38,18.33,97.69,2.15,4.9,0,0,0,1,0,0,0,Esc1
404,25.79,39.43,34.25,6.42,9.78,0.25,13.23,99.46,70.14,4803658.61,18.48,58.67,0.38,20.39,97.53,1.98,6.16,0,0,0,1,0,0,0,Esc1
405,24.57,39.38,33.61,6.24,9.51,0.25,11.76,99.63,66.82,4577014.06,19.39,59.34,0.38,18.68,97.66,1.8,5.26,0,0,0,1,0,0,0,Esc1
406,25.44,39.21,34.44,6.33,9.66,0.25,11.61,99.7,69.97,4652625.88,19.08,60.13,0.39,18.25,97.62,1.02,4.97,0,0,0,1,0,0,0,Esc1
407,24.31,39.03,33.24,6.19,9.43,0.25,11.63,99.39,66.02,4545192.72,19.53,59.22,0.38,18.65,97.68,2.65,5.31,0,0,0,1,0,0,0,Esc1
408,24.2,39.0,33.17,6.21,9.41,0.25,11.07,99.32,65.65,4485648.9,19.79,59.65,0.38,17.92,97.72,2.7,5.17,0,0,0,1,0,0,0,Esc1
409,25.01,39.27,34.19,6.23,9.47,0.25,10.82,99.5,67.86,4516563.12,19.65,60.49,0.39,17.24,97.7,1.68,4.55,0,0,0,1,0,0,0,Esc1
410,24.89,39.66,33.65,6.31,9.62,0.25,12.53,99.61,67.81,4676117.22,18.98,58.79,0.38,19.7,97.61,2.01,6.24,0,0,0,1,0,0,0,Esc1
411,24.43,38.65,33.38,6.23,9.5,0.25,11.56,99.44,66.66,4560379.98,19.46,59.42,0.38,18.52,97.67,2.39,5.03,0,0,0,1,0,0,0,Esc1
412,24.91,39.29,33.87,6.25,9.49,0.25,11.12,99.25,67.39,4530628.89,19.59,60.05,0.39,17.75,97.69,2.45,5.52,0,0,0,1,0,0,0,Esc1
413,24.1,39.01,33.52,6.15,9.35,0.25,10.13,99.61,65.91,4408219.9,20.14,60.68,0.39,16.5,97.76,2.16,4.62,0,0,0,1,0,0,0,Esc1
414,24.95,38.58,34.07,6.31,9.56,0.25,10.95,99.68,68.77,4563500.97,19.45,60.47,0.39,17.49,97.67,1.57,4.81,0,0,0,1,0,0,0,Esc1
415,24.83,38.9,34.17,6.25,9.48,0.25,10.4,99.81,68.43,4499744.19,19.73,60.94,0.39,16.7,97.7,1.16,4.71,0,0,0,1,0,0,0,Esc1
416,23.5,38.69,32.9,6.1,9.23,0.25,9.71,99.4,63.64,4307179.5,20.61,60.55,0.38,16.09,97.82,2.98,5.05,0,1,0,1,0,0,0,Esc1
417,25.29,39.33,34.05,6.35,9.68,0.25,12.51,99.73,69.31,4719861.57,18.81,59.14,0.38,19.55,97.58,1.42,5.35,0,0,0,1,0,0,0,Esc1
418,24.09,39.1,33.49,6.14,9.32,0.25,10.04,99.6,65.71,4394405.32,20.2,60.72,0.39,16.38,97.77,2.14,4.44,0,0,0,1,0,0,0,Esc1
419,25.54,39.11,34.12,6.43,9.76,0.25,12.64,99.53,70.22,4760793.09,18.65,59.14,0.38,19.72,97.55,1.73,5.49,0,0,0,1,0,0,0,Esc1
420,24.77,39.46,33.53,6.31,9.63,0.25,12.51,99.59,67.88,4682341.99,18.96,58.78,0.38,19.73,97.6,1.86,5.56,0,0,0,1,0,0,0,Esc1
421,24.68,39.03,33.6,6.26,9.54,0.25,12.11,99.6,67.27,4625479.6,19.19,59.08,0.38,19.17,97.64,1.89,5.08,0,0,0,1,0,0,0,Esc1
422,24.2,38.45,33.26,6.21,9.43,0.25,11.13,99.5,65.92,4498871.21,19.73,59.67,0.38,17.97,97.71,2.3,5.55,0,0,0,1,0,0,0,Esc1
423,24.83,39.16,33.63,6.29,9.57,0.25,12.21,99.51,67.58,4642313.86,19.12,59.04,0.38,19.29,97.63,2.1,5.58,0,0,0,1,0,0,0,Esc1
424,24.92,38.65,33.97,6.3,9.59,0.25,11.32,99.61,68.41,4587428.3,19.35,60.05,0.39,18.02,97.65,1.41,4.69,0,0,0,1,0,0,0,Esc1
425,24.9,38.97,33.91,6.26,9.54,0.25,11.59,99.5,67.68,4583252.46,19.37,59.69,0.38,18.36,97.66,1.66,5.02,0,0,0,1,0,0,0,Esc1
426,24.87,38.9,33.97,6.33,9.56,0.25,11.02,99.6,68.01,4545016.9,19.53,60.27,0.39,17.59,97.68,1.97,4.88,0,0,0,1,0,0,0,Esc1
427,24.7,39.89,33.7,6.26,9.54,0.25,11.78,99.56,67.6,4604339.08,19.28,59.45,0.38,18.7,97.65,1.74,5.05,0,0,0,1,0,0,0,Esc1
428,25.0,39.67,33.91,6.28,9.58,0.25,12.0,99.64,68.36,4644210.47,19.11,59.41,0.38,18.93,97.63,1.35,5.35,0,0,0,1,0,0,0,Esc1
429,23.79,38.75,33.14,6.13,9.35,0.25,10.75,99.77,65.43,4456856.45,19.92,59.93,0.38,17.5,97.73,1.53,4.82,0,0,0,1,0,0,0,Esc1
430,25.25,38.49,34.24,6.35,9.65,0.25,11.52,99.69,69.75,4644511.25,19.11,60.12,0.39,18.22,97.62,1.25,4.58,0,0,0,1,0,0,0,Esc1
431,24.54,39.18,33.7,6.21,9.45,0.25,10.83,99.49,66.46,4481756.54,19.81,60.15,0.38,17.4,97.72,2.17,4.92,0,0,0,1,0,0,0,Esc1
432,24.66,38.78,33.6,6.26,9.52,0.25,11.73,99.6,67.7,4606458.83,19.27,59.47,0.38,18.69,97.65,1.95,5.29,0,0,0,1,0,0,0,Esc1
433,24.4,39.58,33.29,6.29,9.5,0.25,11.18,99.05,65.95,4496656.45,19.74,59.61,0.38,18.01,97.71,3.22,6.11,0,0,0,1,0,0,0,Esc1
434,24.84,39.24,33.87,6.23,9.54,0.25,11.87,99.63,67.66,4609967.49,19.26,59.44,0.38,18.74,97.65,1.54,5.09,0,0,0,1,0,0,0,Esc1
435,24.5,39.2,33.53,6.28,9.51,0.25,11.3,99.69,67.3,4557219.11,19.48,59.79,0.38,18.14,97.67,1.97,5.17,0,0,0,1,0,0,0,Esc1
436,24.51,38.97,33.45,6.27,9.52,0.25,11.55,99.59,67.33,4580854.07,19.38,59.54,0.38,18.5,97.66,1.94,5.4,0,0,0,1,0,0,0,Esc1
437,24.27,38.75,33.57,6.13,9.35,0.25,10.53,99.57,66.16,4447135.04,19.96,60.34,0.39,17.03,97.74,1.91,5.02,0,0,0,1,0,0,0,Esc1
438,25.15,39.27,33.98,6.33,9.62,0.25,12.05,99.58,68.87,4663068.21,19.04,59.45,0.38,18.98,97.61,1.63,5.5,0,0,0,1,0,0,0,Esc1
439,24.69,39.29,33.93,6.19,9.45,0.25,11.01,99.78,67.57,4530683.66,19.59,60.22,0.39,17.58,97.69,1.35,4.73,0,0,0,1,0,0,0,Esc1
440,24.68,38.95,33.42,6.28,9.56,0.25,12.13,99.24,67.07,4617973.38,19.22,58.95,0.38,19.26,97.64,2.31,6.08,0,0,0,1,0,0,0,Esc1
441,24.77,39.34,33.53,6.31,9.6,0.25,12.2,99.58,67.84,4654650.5,19.07,59.05,0.38,19.34,97.62,1.85,5.57,0,0,0,1,0,0,0,Esc1
442,24.13,39.01,33.26,6.18,9.41,0.25,11.12,99.59,65.81,4495696.45,19.74,59.67,0.38,17.95,97.71,2.16,5.06,0,0,0,1,0,0,0,Esc1
443,24.95,38.8,33.99,6.28,9.58,0.25,11.84,99.65,68.73,4644461.4,19.11,59.64,0.38,18.7,97.63,1.14,4.66,0,0,0,1,0,0,0,Esc1
444,25.56,39.16,34.35,6.38,9.73,0.25,12.57,99.8,70.37,4754969.6,18.67,59.32,0.38,19.53,97.56,0.95,5.03,0,0,0,1,0,0,0,Esc1
445,24.77,39.0,33.58,6.27,9.55,0.25,12.11,99.56,67.68,4636983.66,19.14,59.12,0.38,19.18,97.63,1.79,5.41,0,0,0,1,0,0,0,Esc1
446,25.3,38.93,34.05,6.38,9.66,0.25,12.07,99.38,68.84,4658699.24,19.05,59.44,0.38,18.96,97.61,1.91,5.47,0,0,0,1,0,0,0,Esc1
447,25.0,39.12,33.93,6.3,9.6,0.25,11.88,99.59,68.49,4637057.59,19.14,59.54,0.38,18.76,97.63,1.63,5.61,0,0,0,1,0,0,0,Esc1
448,24.94,38.98,33.99,6.25,9.56,0.25,11.57,99.84,69.09,4633031.25,19.16,59.93,0.39,18.36,97.63,0.9,4.57,0,0,0,1,0,0,0,Esc1
449,25.2,39.3,34.12,6.31,9.61,0.25,11.7,99.65,69.28,4644095.71,19.11,59.86,0.39,18.48,97.62,1.46,5.28,0,0,0,1,0,0,0,Esc1
450,24.39,38.91,33.34,6.23,9.44,0.25,11.18,99.15,65.63,4486985.36,19.78,59.59,0.38,17.99,97.71,3.14,5.84,0,0,0,1,0,0,0,Esc1
451,24.99,39.56,33.75,6.27,9.62,0.25,12.73,99.64,68.28,4711138.89,18.84,58.71,0.38,19.93,97.59,1.4,5.57,0,0,0,1,0,0,0,Esc1
452,24.64,39.37,33.64,6.23,9.53,0.25,11.72,99.66,67.56,4599540.59,19.3,59.47,0.38,18.65,97.65,1.42,5.27,0,0,0,1,0,0,0,Esc1
453,25.01,39.47,33.97,6.27,9.57,0.25,11.66,99.64,68.43,4615317.83,19.23,59.74,0.38,18.46,97.64,1.51,5.13,0,0,0,1,0,0,0,Esc1
454,25.35,39.11,33.96,6.35,9.72,0.25,13.0,99.6,69.28,4763163.76,18.64,58.66,0.38,20.22,97.56,1.61,5.83,0,0,0,1,0,0,0,Esc1
455,23.81,39.02,33.17,6.18,9.31,0.25,9.74,99.35,64.34,4327902.44,20.51,60.71,0.39,16.05,97.8,2.89,4.88,0,1,0,1,0,0,0,Esc1
456,25.01,38.64,34.07,6.28,9.55,0.25,11.29,99.66,68.53,4585200.05,19.36,60.13,0.39,17.93,97.66,1.44,4.65,0,0,0,1,0,0,0,Esc1
457,25.15,38.89,34.11,6.31,9.59,0.25,11.77,99.77,68.79,4633771.08,19.16,59.74,0.38,18.55,97.63,1.65,5.48,0,0,0,1,0,0,0,Esc1
458,24.54,39.04,33.34,6.22,9.5,0.25,12.21,99.29,66.07,4594459.91,19.32,58.74,0.37,19.36,97.66,2.7,5.79,0,0,0,1,0,0,0,Esc1
459,24.24,39.28,33.33,6.23,9.45,0.25,10.89,99.39,65.8,4471951.53,19.85,59.89,0.38,17.61,97.72,2.42,5.1,0,0,0,1,0,0,0,Esc1
460,23.64,38.84,33.06,6.08,9.27,0.25,10.22,99.56,64.82,4389406.78,20.22,60.3,0.38,16.78,97.77,1.67,4.48,0,0,0,1,0,0,0,Esc1
461,24.13,38.96,33.47,6.17,9.36,0.25,10.18,99.46,65.77,4405446.67,20.15,60.58,0.39,16.58,97.76,2.09,4.76,0,0,0,1,0,0,0,Esc1
462,24.13,38.76,33.4,6.17,9.38,0.25,10.55,99.67,66.37,4462407.36,19.89,60.31,0.39,17.14,97.73,2.06,5.01,0,0,0,1,0,0,0,Esc1
463,24.96,39.04,33.77,6.32,9.61,0.25,12.18,99.46,67.93,4648132.8,19.1,59.16,0.38,19.2,97.62,2.17,5.32,0,0,0,1,0,0,0,Esc1
464,24.75,38.76,33.93,6.28,9.51,0.25,11.11,99.71,67.92,4550580.6,19.51,60.16,0.39,17.73,97.68,1.3,4.9,0,0,0,1,0,0,0,Esc1
465,24.95,39.2,33.98,6.31,9.59,0.25,11.67,99.66,68.53,4620021.57,19.21,59.75,0.38,18.47,97.64,1.32,4.88,0,0,0,1,0,0,0,Esc1
466,24.57,39.03,33.82,6.2,9.43,0.25,10.55,99.6,67.45,4489962.64,19.77,60.59,0.39,17.0,97.71,1.71,4.41,0,0,0,1,0,0,0,Esc1
467,25.04,39.36,33.93,6.32,9.61,0.25,11.93,99.53,68.2,4632254.12,19.16,59.47,0.38,18.81,97.63,1.86,4.95,0,0,0,1,0,0,0,Esc1
468,23.96,38.85,33.26,6.16,9.35,0.25,10.34,99.42,65.25,4409475.18,20.13,60.31,0.38,16.87,97.76,2.21,4.48,0,0,0,1,0,0,0,Esc1
469,24.47,38.4,33.39,6.28,9.52,0.25,11.4,99.33,66.89,4553680.14,19.49,59.59,0.38,18.31,97.68,2.29,5.31,0,0,0,1,0,0,0,Esc1
470,25.25,38.98,34.28,6.33,9.58,0.25,11.18,99.48,68.51,4567389.99,19.43,60.27,0.39,17.7,97.66,1.96,5.37,0,0,0,1,0,0,0,Esc1
471,24.11,39.27,33.49,6.16,9.34,0.25,10.29,99.58,65.65,4412861.39,20.12,60.48,0.39,16.72,97.76,2.14,4.52,0,0,0,1,0,0,0,Esc1
472,24.13,39.1,33.28,6.16,9.37,0.25,10.79,99.39,65.44,4452119.18,19.94,59.92,0.38,17.49,97.74,2.26,4.78,0,0,0,1,0,0,0,Esc1
473,24.78,38.45,33.71,6.33,9.6,0.25,11.36,99.45,68.15,4584167.46,19.36,59.89,0.39,18.16,97.65,1.75,5.32,0,0,0,1,0,0,0,Esc1
474,25.61,39.12,34.41,6.35,9.68,0.25,12.42,99.63,69.97,4724705.93,18.79,59.4,0.38,19.3,97.58,1.28,5.15,0,0,0,1,0,0,0,Esc1
475,25.29,38.95,34.11,6.33,9.63,0.25,11.74,99.54,68.9,4633911.05,19.16,59.77,0.39,18.52,97.63,1.98,5.19,0,0,0,1,0,0,0,Esc1
476,23.85,38.8,33.12,6.12,9.38,0.25,11.14,99.67,65.45,4491222.39,19.76,59.56,0.38,18.04,97.71,1.46,4.75,0,0,0,1,0,0,0,Esc1
477,24.91,39.03,33.81,6.3,9.54,0.25,11.39,99.3,67.65,4564900.98,19.45,59.82,0.38,18.14,97.67,2.28,5.55,0,0,0,1,0,0,0,Esc1
478,24.78,38.94,34.11,6.22,9.43,0.25,10.19,99.53,67.81,4461310.87,19.9,61.04,0.39,16.41,97.73,1.6,4.47,0,0,0,1,0,0,0,Esc1
479,24.98,39.18,34.09,6.29,9.53,0.25,11.01,99.71,68.61,4562427.91,19.46,60.39,0.39,17.56,97.67,1.65,5.07,0,0,0,1,0,0,0,Esc1
480,24.79,39.04,34.14,6.26,9.49,0.25,10.26,99.78,68.65,4499569.23,19.73,61.11,0.4,16.53,97.7,1.25,4.41,0,0,0,1,0,0,0,Esc1
481,25.35,38.95,33.85,6.36,9.71,0.25,13.23,99.57,69.14,4781314.7,18.57,58.41,0.37,20.55,97.55,1.82,6.28,0,0,0,1,0,0,0,Esc1
482,25.14,38.81,34.11,6.33,9.63,0.25,11.76,99.59,68.99,4641513.51,19.12,59.78,0.39,18.55,97.62,1.56,4.61,0,0,0,1,0,0,0,Esc1
483,23.97,38.84,32.79,6.21,9.41,0.25,11.48,99.02,64.65,4493128.54,19.76,59.01,0.37,18.6,97.71,3.59,6.14,0,0,0,1,0,0,0,Esc1
484,25.99,40.17,34.42,6.43,9.82,0.25,13.68,99.66,70.96,4871053.07,18.22,58.44,0.38,20.91,97.49,1.31,5.95,0,0,0,1,0,0,0,Esc1
485,24.72,38.94,33.53,6.29,9.53,0.25,11.63,99.37,66.92,4568642.11,19.43,59.43,0.38,18.55,97.67,2.91,5.85,0,0,0,1,0,0,0,Esc1
486,25.33,39.68,34.17,6.39,9.66,0.25,12.03,99.67,69.05,4664948.78,19.03,59.56,0.38,18.87,97.61,2.05,5.45,0,0,0,1,0,0,0,Esc1
487,24.54,39.3,33.47,6.23,9.49,0.25,11.79,99.57,67.05,4589784.36,19.34,59.29,0.38,18.79,97.66,2.07,5.58,0,0,0,1,0,0,0,Esc1
488,25.07,38.78,33.71,6.33,9.65,0.25,12.54,99.5,68.31,4695430.92,18.91,58.86,0.38,19.71,97.6,2.07,5.61,0,0,0,1,0,0,0,Esc1
489,25.36,39.22,34.23,6.33,9.61,0.25,11.74,99.41,68.55,4617823.32,19.22,59.76,0.38,18.45,97.64,2.15,5.17,0,0,0,1,0,0,0,Esc1
490,24.51,38.95,33.77,6.22,9.45,0.25,10.59,99.67,67.79,4508111.46,19.69,60.58,0.39,17.1,97.7,1.38,4.41,0,0,0,1,0,0,0,Esc1
491,23.86,39.23,32.75,6.11,9.37,0.25,11.81,99.03,64.32,4512712.3,19.67,58.66,0.37,19.05,97.7,2.64,5.48,0,0,0,1,0,0,0,Esc1
492,24.79,39.06,33.65,6.27,9.56,0.25,12.2,99.6,67.41,4634058.9,19.16,59.03,0.38,19.26,97.63,1.87,5.54,0,0,0,1,0,0,0,Esc1
493,25.32,38.81,34.16,6.32,9.63,0.25,12.22,99.69,69.43,4694549.85,18.91,59.43,0.38,19.14,97.6,1.32,5.0,0,0,0,1,0,0,0,Esc1
494,25.45,39.18,34.42,6.39,9.66,0.25,11.56,99.72,69.85,4645116.5,19.11,60.16,0.39,18.18,97.62,1.32,4.99,0,0,0,1,0,0,0,Esc1
495,24.87,39.58,33.73,6.29,9.58,0.25,12.02,99.52,67.86,4632343.98,19.16,59.27,0.38,19.01,97.63,1.93,5.42,0,0,0,1,0,0,0,Esc1
496,24.55,38.77,33.78,6.24,9.44,0.25,10.74,99.71,67.14,4497284.28,19.74,60.35,0.39,17.28,97.71,1.81,4.83,0,0,0,1,0,0,0,Esc1
497,24.5,39.18,33.62,6.17,9.44,0.25,11.64,99.84,67.12,4579454.77,19.38,59.49,0.38,18.54,97.67,1.33,5.24,0,0,0,1,0,0,0,Esc1
498,23.68,38.68,32.94,6.13,9.34,0.25,10.69,99.38,64.8,4430383.22,20.04,59.82,0.38,17.47,97.75,2.39,4.97,0,0,0,1,0,0,0,Esc1
499,24.48,39.26,33.4,6.22,9.47,0.25,11.67,99.46,66.66,4567426.33,19.43,59.32,0.38,18.65,97.67,2.09,5.55,0,0,0,1,0,0,0,Esc1
500,24.56,39.06,33.22,6.27,9.57,0.25,12.33,99.23,66.43,4623578.94,19.2,58.65,0.37,19.6,97.64,3.03,5.57,0,0,0,1,0,0,0,Esc1
501,24.77,39.06,33.94,6.23,9.46,0.25,10.67,99.64,67.59,4500364.12,19.72,60.51,0.39,17.13,97.71,1.79,4.88,0,0,0,1,0,0,0,Esc1
502,25.18,39.16,34.31,6.31,9.56,0.25,10.99,99.7,68.99,4565953.36,19.44,60.52,0.39,17.44,97.67,1.6,5.15,0,0,0,1,0,0,0,Esc1
503,23.22,38.83,32.46,6.07,9.16,0.25,9.61,99.15,62.17,4256741.2,20.85,60.3,0.38,16.07,97.85,4.27,5.12,0,1,0,1,0,0,0,Esc1
504,24.5,39.26,33.56,6.25,9.51,0.25,11.43,99.62,67.16,4561361.17,19.46,59.66,0.38,18.28,97.67,2.11,5.04,0,0,0,1,0,0,0,Esc1
505,24.63,39.58,33.47,6.28,9.58,0.25,12.12,99.64,67.7,4643198.49,19.12,59.08,0.38,19.25,97.63,1.74,5.82,0,0,0,1,0,0,0,Esc1
506,24.27,38.69,33.27,6.22,9.42,0.25,10.79,99.33,66.08,4472318.56,19.85,60.0,0.38,17.51,97.72,2.76,5.44,0,0,0,1,0,0,0,Esc1
507,24.14,39.44,33.1,6.17,9.4,0.25,11.46,99.3,65.16,4503626.21,19.71,59.21,0.38,18.45,97.71,2.8,5.4,0,0,0,1,0,0,0,Esc1
508,24.92,39.61,33.73,6.27,9.58,0.25,12.55,99.62,67.77,4677976.2,18.98,58.81,0.38,19.69,97.61,1.59,4.99,0,0,0,1,0,0,0,Esc1
509,24.08,38.43,33.55,6.13,9.28,0.25,9.68,99.36,65.07,4337807.78,20.46,60.97,0.39,15.84,97.8,2.11,4.27,0,1,0,1,0,0,0,Esc1
510,23.95,38.94,32.85,6.17,9.38,0.25,11.57,99.2,64.55,4496656.12,19.74,58.95,0.37,18.68,97.71,2.71,5.91,0,0,0,1,0,0,0,Esc1
511,24.66,39.49,33.69,6.2,9.5,0.25,11.98,99.72,67.52,4620085.55,19.21,59.26,0.38,18.96,97.64,1.21,4.92,0,0,0,1,0,0,0,Esc1
512,24.34,38.91,33.27,6.24,9.49,0.25,11.56,99.48,66.32,4551474.0,19.5,59.34,0.38,18.55,97.68,2.76,5.36,0,0,0,1,0,0,0,Esc1
513,24.28,39.03,33.46,6.17,9.41,0.25,11.02,99.53,66.0,4488493.68,19.78,59.84,0.38,17.75,97.71,2.19,5.15,0,0,0,1,0,0,0,Esc1
514,25.69,39.49,34.47,6.37,9.71,0.25,12.49,99.75,70.74,4757604.39,18.66,59.46,0.39,19.39,97.56,0.86,5.16,0,0,0,1,0,0,0,Esc1
515,25.41,39.17,34.26,6.35,9.62,0.25,11.63,99.51,69.28,4633140.12,19.16,59.96,0.39,18.32,97.63,2.05,5.43,0,0,0,1,0,0,0,Esc1
516,24.99,39.26,33.87,6.31,9.57,0.25,11.37,99.54,67.96,4575164.9,19.4,59.91,0.38,18.1,97.66,2.6,5.37,0,0,0,1,0,0,0,Esc1
517,23.89,38.47,33.02,6.12,9.29,0.25,10.24,99.24,64.67,4382808.14,20.25,60.24,0.38,16.8,97.78,2.83,5.13,0,0,0,1,0,0,0,Esc1
518,24.37,38.84,33.51,6.24,9.5,0.25,11.17,99.65,66.84,4529953.72,19.6,59.84,0.38,17.95,97.69,1.81,4.92,0,0,0,1,0,0,0,Esc1
519,25.5,39.32,34.3,6.36,9.68,0.25,12.21,99.73,70.18,4715844.32,18.82,59.58,0.39,19.08,97.58,1.21,5.47,0,0,0,1,0,0,0,Esc1
520,24.55,39.36,33.62,6.24,9.48,0.25,11.5,99.58,67.2,4568487.41,19.43,59.62,0.38,18.35,97.67,1.6,4.87,0,0,0,1,0,0,0,Esc1
521,24.37,39.25,33.16,6.21,9.49,0.25,12.36,99.4,66.05,4613497.5,19.24,58.56,0.37,19.64,97.65,2.54,5.79,0,0,0,1,0,0,0,Esc1
522,24.36,38.79,33.57,6.22,9.46,0.25,10.87,99.67,67.04,4509214.21,19.69,60.16,0.39,17.53,97.7,1.43,4.97,0,0,0,1,0,0,0,Esc1
523,25.51,38.9,34.13,6.4,9.75,0.25,12.85,99.6,69.9,4769030.05,18.61,58.93,0.38,19.97,97.55,1.58,5.44,0,0,0,1,0,0,0,Esc1
524,25.21,39.35,34.29,6.32,9.59,0.25,11.39,99.61,68.64,4590189.22,19.34,60.11,0.39,17.97,97.65,1.5,4.85,0,0,0,1,0,0,0,Esc1
525,23.87,39.36,33.15,6.15,9.28,0.25,9.99,99.32,64.54,4353330.23,20.39,60.49,0.38,16.4,97.79,2.96,5.48,0,1,0,1,0,0,0,Esc1
526,24.89,39.04,33.81,6.3,9.58,0.25,11.87,99.63,68.11,4628529.7,19.18,59.47,0.38,18.8,97.63,1.88,5.3,0,0,0,1,0,0,0,Esc1
527,24.75,39.69,33.66,6.27,9.57,0.25,12.02,99.62,67.69,4631800.74,19.16,59.24,0.38,19.04,97.63,1.77,5.05,0,0,0,1,0,0,0,Esc1
528,24.87,39.17,33.86,6.27,9.56,0.25,11.68,99.71,68.13,4609119.72,19.26,59.66,0.38,18.52,97.64,1.58,5.5,0,0,0,1,0,0,0,Esc1
529,25.54,39.38,34.31,6.39,9.72,0.25,12.69,99.82,70.33,4765491.41,18.63,59.19,0.38,19.7,97.55,1.02,5.29,0,0,0,1,0,0,0,Esc1
530,24.19,39.53,33.27,6.22,9.43,0.25,11.39,99.4,65.46,4503079.49,19.71,59.37,0.38,18.29,97.71,2.57,5.41,0,0,0,1,0,0,0,Esc1
531,24.89,38.95,34.06,6.25,9.52,0.25,11.3,99.85,68.51,4586333.83,19.35,60.11,0.39,17.96,97.66,1.18,4.94,0,0,0,1,0,0,0,Esc1
532,24.07,39.09,33.26,6.17,9.36,0.25,10.25,99.33,65.4,4405546.72,20.15,60.41,0.38,16.75,97.76,2.76,5.1,0,0,0,1,0,0,0,Esc1
533,24.54,38.86,33.91,6.17,9.38,0.25,10.32,99.58,66.87,4446588.27,19.96,60.74,0.39,16.63,97.74,1.66,4.33,0,0,0,1,0,0,0,Esc1
534,24.77,39.06,33.82,6.26,9.53,0.25,11.42,99.45,67.66,4571131.67,19.42,59.81,0.38,18.18,97.67,1.68,4.87,0,0,0,1,0,0,0,Esc1
535,25.75,39.6,34.13,6.43,9.79,0.25,13.25,99.51,70.34,4817607.13,18.43,58.63,0.38,20.49,97.52,1.93,5.76,0,0,0,1,0,0,0,Esc1
536,23.91,38.92,33.44,6.1,9.31,0.25,10.16,99.76,65.93,4415963.54,20.1,60.64,0.39,16.58,97.76,1.27,4.02,0,0,0,1,0,0,0,Esc1
537,23.65,38.6,32.75,6.15,9.3,0.25,10.5,99.1,63.85,4381588.3,20.26,59.79,0.38,17.25,97.77,3.28,5.54,0,0,0,1,0,0,0,Esc1
538,24.34,39.24,33.54,6.16,9.41,0.25,10.98,99.61,66.54,4500262.71,19.72,59.98,0.38,17.67,97.71,1.49,5.12,0,0,0,1,0,0,0,Esc1
539,24.54,39.15,33.37,6.28,9.51,0.25,11.8,99.48,66.68,4579039.09,19.39,59.19,0.38,18.84,97.66,2.56,5.83,0,0,0,1,0,0,0,Esc1
540,24.88,38.97,33.97,6.27,9.56,0.25,11.6,99.56,68.23,4604289.11,19.28,59.78,0.38,18.37,97.65,1.07,4.55,0,0,0,1,0,0,0,Esc1
541,25.19,39.25,33.82,6.34,9.66,0.25,12.66,99.37,68.53,4707778.03,18.86,58.81,0.38,19.82,97.59,1.93,5.9,0,0,0,1,0,0,0,Esc1
542,24.55,39.21,33.72,6.22,9.47,0.25,11.15,99.58,66.96,4525796.28,19.61,59.94,0.38,17.83,97.69,1.84,5.16,0,0,0,1,0,0,0,Esc1
543,24.32,39.35,33.44,6.16,9.38,0.25,11.02,99.29,65.69,4474431.66,19.84,59.78,0.38,17.73,97.72,2.2,5.38,0,0,0,1,0,0,0,Esc1
544,24.33,39.06,33.76,6.13,9.34,0.25,10.04,99.63,66.39,4408774.66,20.13,60.88,0.39,16.3,97.76,1.49,4.8,0,0,0,1,0,0,0,Esc1
545,25.8,39.42,34.56,6.4,9.71,0.25,12.32,99.68,70.49,4729000.56,18.77,59.6,0.39,19.13,97.57,1.45,5.27,0,0,0,1,0,0,0,Esc1
546,24.5,38.86,33.55,6.24,9.5,0.25,11.38,99.73,67.5,4571306.99,19.42,59.75,0.38,18.24,97.67,1.48,4.89,0,0,0,1,0,0,0,Esc1
547,25.2,39.02,33.85,6.37,9.67,0.25,12.56,99.46,68.73,4707826.68,18.86,58.94,0.38,19.69,97.59,2.0,5.51,0,0,0,1,0,0,0,Esc1
548,25.19,38.95,33.97,6.33,9.6,0.25,11.83,99.5,68.46,4628057.96,19.18,59.59,0.38,18.67,97.63,2.31,5.73,0,0,0,1,0,0,0,Esc1
549,25.65,38.8,34.12,6.41,9.82,0.25,13.39,99.62,70.33,4833651.75,18.36,58.52,0.38,20.67,97.51,1.67,5.85,0,0,0,1,0,0,0,Esc1
550,24.95,38.99,33.77,6.28,9.58,0.25,12.32,99.5,68.07,4665302.06,19.03,59.05,0.38,19.39,97.61,1.89,5.52,0,0,0,1,0,0,0,Esc1
551,24.95,39.64,33.7,6.27,9.6,0.25,12.63,99.61,68.28,4703810.68,18.87,58.78,0.38,19.83,97.59,1.51,5.59,0,0,0,1,0,0,0,Esc1
552,24.86,38.87,33.56,6.29,9.62,0.25,12.88,99.67,68.08,4722278.19,18.8,58.49,0.37,20.2,97.58,1.77,5.91,0,0,0,1,0,0,0,Esc1
553,25.02,39.4,34.11,6.29,9.56,0.25,11.4,99.71,68.71,4599622.4,19.3,60.06,0.39,18.07,97.65,1.51,5.08,0,0,0,1,0,0,0,Esc1
554,24.12,38.57,33.69,6.13,9.31,0.25,9.77,99.69,66.41,4388979.93,20.23,61.12,0.39,15.96,97.77,1.16,4.44,0,1,0,1,0,0,0,Esc1
555,24.12,39.33,33.13,6.19,9.4,0.25,10.83,99.32,65.42,4457752.37,19.91,59.83,0.38,17.6,97.73,2.88,5.55,0,0,0,1,0,0,0,Esc1
556,24.9,39.19,33.73,6.3,9.62,0.25,12.28,99.55,68.41,4676113.9,18.98,59.11,0.38,19.38,97.61,1.41,5.45,0,0,0,1,0,0,0,Esc1
557,24.92,39.26,34.08,6.25,9.49,0.25,10.96,99.66,68.31,4548549.38,19.52,60.4,0.39,17.48,97.68,1.56,4.76,0,0,0,1,0,0,0,Esc1
558,25.15,39.21,34.14,6.27,9.57,0.25,11.77,99.72,69.0,4641748.54,19.12,59.78,0.39,18.55,97.63,1.26,4.92,0,0,0,1,0,0,0,Esc1
559,23.8,39.0,33.12,6.1,9.32,0.25,10.59,99.44,64.95,4423286.47,20.07,60.0,0.38,17.26,97.75,1.98,4.85,0,0,0,1,0,0,0,Esc1
560,24.82,39.11,34.01,6.27,9.51,0.25,10.84,99.52,67.55,4510845.11,19.68,60.37,0.39,17.32,97.7,1.94,4.85,0,0,0,1,0,0,0,Esc1
561,24.59,39.19,33.8,6.17,9.44,0.25,11.42,99.72,67.5,4568991.14,19.43,59.79,0.38,18.19,97.67,1.26,4.45,0,0,0,1,0,0,0,Esc1
562,24.32,38.7,33.61,6.16,9.4,0.25,10.67,99.74,67.01,4490161.31,19.77,60.36,0.39,17.24,97.71,1.55,4.67,0,0,0,1,0,0,0,Esc1
563,24.83,38.74,33.93,6.26,9.52,0.25,11.31,99.46,67.54,4554381.42,19.49,59.93,0.38,17.98,97.67,1.92,4.56,0,0,0,1,0,0,0,Esc1
564,24.78,39.71,33.97,6.28,9.54,0.25,11.16,99.68,67.76,4548797.79,19.51,60.11,0.39,17.77,97.68,1.35,4.66,0,0,0,1,0,0,0,Esc1
565,24.83,38.56,33.92,6.24,9.51,0.25,11.4,99.65,67.97,4577623.4,19.39,59.9,0.38,18.12,97.66,1.47,5.17,0,0,0,1,0,0,0,Esc1
566,24.43,38.91,33.66,6.2,9.43,0.25,10.8,99.64,66.64,4487012.14,19.78,60.2,0.38,17.38,97.71,1.89,4.82,0,0,0,1,0,0,0,Esc1
567,25.97,39.15,34.45,6.39,9.8,0.25,13.74,99.82,71.65,4900982.7,18.11,58.48,0.38,21.0,97.48,0.7,5.91,0,0,0,1,0,0,0,Esc1
568,24.1,38.78,33.42,6.14,9.33,0.25,10.17,99.57,65.8,4409787.09,20.13,60.59,0.39,16.6,97.76,2.09,5.02,0,0,0,1,0,0,0,Esc1
569,24.36,38.81,33.45,6.23,9.48,0.25,11.31,99.66,66.94,4547989.72,19.52,59.71,0.38,18.17,97.68,1.71,5.24,0,0,0,1,0,0,0,Esc1
570,23.84,39.24,33.09,6.16,9.35,0.25,10.46,99.37,65.0,4413727.78,20.11,60.11,0.38,17.09,97.76,2.41,4.82,0,0,0,1,0,0,0,Esc1
571,24.61,38.79,33.66,6.22,9.5,0.25,11.45,99.47,67.26,4563552.65,19.45,59.68,0.38,18.28,97.67,1.61,4.96,0,0,0,1,0,0,0,Esc1
572,24.55,38.99,33.49,6.25,9.5,0.25,11.49,99.36,66.59,4547101.13,19.52,59.5,0.38,18.37,97.68,2.42,5.34,0,0,0,1,0,0,0,Esc1
573,24.39,39.05,33.48,6.23,9.47,0.25,11.16,99.24,66.19,4503160.24,19.71,59.74,0.38,17.92,97.7,2.22,5.14,0,0,0,1,0,0,0,Esc1
574,24.61,39.27,33.64,6.21,9.47,0.25,11.32,99.46,67.05,4543496.99,19.54,59.77,0.38,18.09,97.68,1.98,5.14,0,0,0,1,0,0,0,Esc1
575,25.75,39.33,34.47,6.41,9.74,0.25,12.4,99.68,70.68,4746021.64,18.7,59.52,0.39,19.28,97.56,1.39,5.23,0,0,0,1,0,0,0,Esc1
576,25.37,38.91,34.17,6.35,9.68,0.25,12.17,99.51,69.52,4694751.48,18.91,59.5,0.38,19.07,97.59,1.56,4.49,0,0,0,1,0,0,0,Esc1
577,23.93,39.23,33.26,6.16,9.31,0.25,9.92,99.29,65.2,4366378.87,20.33,60.68,0.39,16.28,97.78,2.14,5.0,0,1,0,1,0,0,0,Esc1
578,24.64,38.73,33.61,6.26,9.54,0.25,11.56,99.55,67.57,4585448.39,19.36,59.61,0.38,18.45,97.66,1.83,5.12,0,0,0,1,0,0,0,Esc1
579,24.54,39.55,33.49,6.21,9.47,0.25,11.43,99.24,66.54,4536812.17,19.57,59.54,0.38,18.28,97.69,2.4,5.54,0,0,0,1,0,0,0,Esc1
580,24.27,38.88,33.12,6.18,9.47,0.25,12.03,99.26,65.36,4561084.62,19.46,58.74,0.37,19.21,97.67,2.62,5.36,0,0,0,1,0,0,0,Esc1
581,24.73,39.0,33.7,6.29,9.55,0.25,11.35,99.62,68.35,4591565.98,19.33,59.93,0.39,18.16,97.65,1.8,5.39,0,0,0,1,0,0,0,Esc1
582,24.68,39.01,33.69,6.23,9.56,0.25,11.89,99.78,68.42,4646659.59,19.1,59.46,0.38,18.88,97.63,0.92,4.73,0,0,0,1,0,0,0,Esc1
583,24.69,38.91,33.47,6.33,9.64,0.25,12.32,99.46,67.59,4658614.38,19.05,58.89,0.38,19.51,97.61,2.18,5.51,0,0,0,1,0,0,0,Esc1
584,25.28,39.58,34.3,6.28,9.58,0.25,11.99,99.72,69.26,4665458.74,19.03,59.66,0.38,18.78,97.61,0.79,4.64,0,0,0,1,0,0,0,Esc1
585,24.53,38.93,33.68,6.23,9.46,0.25,10.78,99.61,67.06,4499994.51,19.73,60.28,0.39,17.37,97.71,2.27,4.82,0,0,0,1,0,0,0,Esc1
586,24.95,38.99,34.01,6.32,9.56,0.25,10.75,99.47,68.14,4521303.71,19.63,60.53,0.39,17.22,97.69,2.27,5.53,0,0,0,1,0,0,0,Esc1
587,23.66,38.56,32.75,6.11,9.28,0.25,10.81,99.18,63.68,4405365.61,20.15,59.49,0.37,17.67,97.76,2.94,5.37,0,0,0,1,0,0,0,Esc1
588,23.94,39.08,33.06,6.17,9.29,0.25,10.19,98.92,64.05,4350586.84,20.4,60.19,0.38,16.69,97.79,3.26,5.77,0,0,0,1,0,0,0,Esc1
589,24.85,39.05,34.23,6.27,9.47,0.25,10.09,99.41,67.78,4446828.13,19.96,61.15,0.4,16.23,97.73,1.8,4.68,0,0,0,1,0,0,0,Esc1
590,24.75,39.34,33.52,6.27,9.61,0.25,12.79,99.46,67.63,4697686.96,18.9,58.5,0.37,20.08,97.6,1.42,5.41,0,0,0,1,0,0,0,Esc1
591,24.1,39.31,33.15,6.18,9.42,0.25,11.48,99.6,65.58,4521765.49,19.63,59.27,0.38,18.48,97.7,2.28,5.4,0,0,0,1,0,0,0,Esc1
592,24.4,38.76,33.47,6.21,9.42,0.25,10.63,99.47,66.43,4468554.36,19.86,60.27,0.39,17.22,97.72,2.55,5.2,0,0,0,1,0,0,0,Esc1
593,24.49,38.89,33.68,6.2,9.44,0.25,10.82,99.49,66.53,4483910.63,19.8,60.17,0.38,17.4,97.72,1.89,4.72,0,0,0,1,0,0,0,Esc1
594,24.67,38.69,33.74,6.24,9.49,0.25,11.0,99.48,67.55,4530934.65,19.59,60.15,0.39,17.65,97.69,1.78,5.08,0,0,0,1,0,0,0,Esc1
595,24.29,39.65,33.2,6.26,9.53,0.25,11.88,99.47,66.24,4578299.66,19.39,59.02,0.38,19.0,97.66,2.51,5.38,0,0,0,1,0,0,0,Esc1
596,24.86,39.25,33.68,6.27,9.6,0.25,12.53,99.69,68.45,4702456.3,18.88,58.89,0.38,19.71,97.59,1.2,5.13,0,0,0,1,0,0,0,Esc1
597,25.06,39.3,33.88,6.34,9.67,0.25,12.36,99.61,68.63,4688654.3,18.93,59.12,0.38,19.42,97.6,1.49,5.13,0,0,0,1,0,0,0,Esc1
598,25.02,39.13,33.94,6.33,9.58,0.25,11.66,99.56,68.59,4619579.94,19.22,59.75,0.38,18.48,97.64,1.76,5.53,0,0,0,1,0,0,0,Esc1
599,25.67,39.06,34.4,6.38,9.69,0.25,12.29,99.57,70.11,4717093.35,18.82,59.53,0.39,19.14,97.58,1.58,5.51,0,0,0,1,0,0,0,Esc1
600,25.53,39.18,34.04,6.42,9.77,0.25,13.21,99.62,70.03,4807770.26,18.46,58.61,0.38,20.47,97.53,1.62,5.44,0,0,0,1,0,0,0,Esc1
601,24.15,38.77,33.31,6.17,9.4,0.25,11.21,99.6,66.03,4509568.03,19.68,59.63,0.38,18.06,97.7,1.77,5.0,0,0,0,1,0,0,0,Esc1
602,24.6,38.8,33.6,6.21,9.49,0.25,11.38,99.52,67.32,4563056.51,19.45,59.74,0.38,18.21,97.67,1.76,4.99,0,0,0,1,0,0,0,Esc1
603,24.22,38.99,33.29,6.17,9.45,0.25,11.59,99.62,66.46,4558705.49,19.47,59.34,0.38,18.59,97.68,1.6,5.11,0,0,0,1,0,0,0,Esc1
604,24.42,39.22,33.13,6.26,9.53,0.25,12.3,99.06,65.67,4592658.83,19.33,58.53,0.37,19.56,97.65,2.72,5.71,0,0,0,1,0,0,0,Esc1
605,24.44,38.89,33.25,6.23,9.5,0.25,11.84,99.5,66.64,4585697.65,19.36,59.12,0.38,18.94,97.66,2.41,5.7,0,0,0,1,0,0,0,Esc1
606,24.66,38.69,33.72,6.25,9.53,0.25,11.39,99.7,68.13,4589448.38,19.34,59.87,0.38,18.2,97.66,1.34,4.7,0,0,0,1,0,0,0,Esc1
607,24.94,39.76,33.99,6.26,9.51,0.25,11.19,99.56,68.13,4562923.21,19.45,60.13,0.39,17.82,97.67,1.86,4.93,0,0,0,1,0,0,0,Esc1
608,25.67,38.88,34.48,6.35,9.68,0.25,12.34,99.8,70.77,4743222.51,18.71,59.59,0.39,19.2,97.57,0.93,5.59,0,0,0,1,0,0,0,Esc1
609,24.97,39.27,34.19,6.3,9.53,0.25,10.77,99.55,68.04,4517617.25,19.65,60.56,0.39,17.17,97.69,1.7,4.52,0,0,0,1,0,0,0,Esc1
610,24.73,39.46,33.59,6.26,9.57,0.25,12.13,99.52,67.18,4625613.59,19.19,59.05,0.38,19.2,97.64,1.91,4.8,0,0,0,1,0,0,0,Esc1
611,25.1,39.11,33.91,6.29,9.63,0.25,12.54,99.63,68.75,4706870.78,18.86,59.0,0.38,19.63,97.59,1.23,5.07,0,0,0,1,0,0,0,Esc1
612,24.83,39.19,33.58,6.27,9.54,0.25,12.04,99.16,67.16,4609520.13,19.26,59.11,0.38,19.07,97.65,2.31,5.42,0,0,0,1,0,0,0,Esc1
613,23.56,38.78,32.93,6.12,9.27,0.25,10.02,99.29,63.73,4335239.53,20.48,60.29,0.38,16.5,97.8,3.08,5.44,0,0,0,1,0,0,0,Esc1
614,24.65,38.81,33.73,6.2,9.48,0.25,11.61,99.58,67.06,4569728.96,19.43,59.54,0.38,18.45,97.67,1.64,4.98,0,0,0,1,0,0,0,Esc1
615,24.66,39.23,33.51,6.26,9.57,0.25,12.21,99.66,67.33,4639105.78,19.13,58.98,0.38,19.34,97.63,2.09,5.37,0,0,0,1,0,0,0,Esc1
616,24.83,39.62,33.78,6.27,9.52,0.25,11.62,99.66,67.97,4602507.25,19.29,59.66,0.38,18.48,97.65,1.58,4.88,0,0,0,1,0,0,0,Esc1
617,24.56,39.32,33.24,6.22,9.54,0.25,12.69,99.47,66.99,4672212.97,19.0,58.4,0.37,20.07,97.61,1.84,6.15,0,0,0,1,0,0,0,Esc1
618,24.55,38.91,33.63,6.24,9.45,0.25,10.78,99.34,66.47,4476392.3,19.83,60.17,0.38,17.36,97.72,2.82,5.08,0,0,0,1,0,0,0,Esc1
619,23.55,38.98,32.8,6.1,9.32,0.25,10.82,99.58,64.14,4425756.4,20.06,59.58,0.38,17.69,97.75,2.3,4.81,0,0,0,1,0,0,0,Esc1
620,24.64,38.94,33.37,6.27,9.6,0.25,12.53,99.7,68.09,4700886.61,18.88,58.75,0.38,19.85,97.6,1.4,5.18,0,0,0,1,0,0,0,Esc1
621,24.75,39.57,33.68,6.3,9.54,0.25,11.25,99.19,66.7,4522365.44,19.63,59.78,0.38,17.98,97.69,2.81,5.32,0,0,0,1,0,0,0,Esc1
622,25.48,39.39,34.24,6.38,9.71,0.25,12.49,99.76,70.01,4738664.86,18.73,59.3,0.38,19.47,97.57,1.42,5.28,0,0,0,1,0,0,0,Esc1
623,23.78,38.86,33.01,6.17,9.37,0.25,10.56,99.47,65.18,4434622.91,20.02,60.03,0.38,17.28,97.74,2.47,4.34,0,0,0,1,0,0,0,Esc1
624,24.05,38.86,33.41,6.17,9.34,0.25,10.02,99.57,65.48,4386160.95,20.24,60.68,0.39,16.38,97.77,2.77,4.83,0,0,0,1,0,0,0,Esc1
625,24.2,38.41,33.31,6.18,9.38,0.25,10.7,99.29,66.09,4463631.37,19.89,60.09,0.38,17.37,97.73,2.27,5.17,0,0,0,1,0,0,0,Esc1
626,23.37,38.81,32.32,6.13,9.38,0.25,11.85,99.31,63.44,4501037.11,19.72,58.39,0.37,19.26,97.71,3.14,5.64,0,0,0,1,0,0,0,Esc1
627,24.14,38.58,33.51,6.16,9.36,0.25,10.2,99.37,65.61,4403529.29,20.16,60.57,0.39,16.59,97.76,2.15,4.4,0,0,0,1,0,0,0,Esc1
628,24.86,39.15,33.71,6.27,9.53,0.25,11.71,99.41,67.63,4595814.93,19.31,59.51,0.38,18.6,97.65,2.35,5.57,0,0,0,1,0,0,0,Esc1
629,25.08,38.79,33.95,6.34,9.65,0.25,12.03,99.66,68.86,4664907.15,19.03,59.46,0.38,18.97,97.61,1.51,4.92,0,0,0,1,0,0,0,Esc1
630,26.06,39.16,34.59,6.46,9.82,0.25,12.96,99.68,71.74,4830444.79,18.38,59.21,0.38,19.97,97.52,1.07,5.46,0,0,0,1,0,0,0,Esc1
631,24.48,38.68,33.48,6.24,9.47,0.25,11.27,99.43,66.8,4534833.78,19.57,59.72,0.38,18.09,97.69,2.53,5.23,0,0,0,1,0,0,0,Esc1
632,24.09,38.47,33.03,6.22,9.49,0.25,11.69,99.38,65.62,4545021.32,19.53,59.05,0.37,18.81,97.68,2.3,5.25,0,0,0,1,0,0,0,Esc1
633,24.54,38.59,33.49,6.26,9.49,0.25,11.2,99.32,66.75,4526825.26,19.61,59.78,0.38,17.99,97.69,2.46,5.3,0,0,0,1,0,0,0,Esc1
634,23.94,39.19,33.01,6.15,9.39,0.25,11.52,99.48,65.2,4515157.66,19.66,59.15,0.37,18.57,97.7,2.1,5.29,0,0,0,1,0,0,0,Esc1
635,24.69,39.21,33.4,6.28,9.58,0.25,12.53,99.48,67.07,4660328.41,19.05,58.62,0.37,19.79,97.62,2.4,5.58,0,0,0,1,0,0,0,Esc1
636,24.84,39.07,34.0,6.27,9.55,0.25,11.25,99.7,67.96,4562204.2,19.46,60.06,0.39,17.89,97.67,1.42,5.36,0,0,0,1,0,0,0,Esc1
637,23.88,38.63,33.12,6.17,9.37,0.25,10.73,99.54,65.53,4454976.49,19.93,59.94,0.38,17.47,97.73,1.9,5.13,0,0,0,1,0,0,0,Esc1
638,25.17,39.16,33.5,6.37,9.79,0.25,14.12,99.62,68.63,4857381.83,18.27,57.49,0.37,21.8,97.5,1.86,6.14,0,0,0,1,0,0,0,Esc1
639,24.86,38.88,33.57,6.33,9.63,0.25,12.22,99.45,67.86,4653543.76,19.08,59.04,0.38,19.34,97.62,2.23,5.64,0,0,0,1,0,0,0,Esc1
640,24.17,39.13,33.17,6.19,9.43,0.25,11.61,99.46,65.77,4537840.33,19.56,59.19,0.38,18.64,97.69,2.42,5.64,0,0,0,1,0,0,0,Esc1
641,24.06,39.06,33.29,6.12,9.36,0.25,11.02,99.66,65.43,4474767.25,19.84,59.72,0.38,17.8,97.72,1.82,5.04,0,0,0,1,0,0,0,Esc1
642,24.75,39.07,33.53,6.24,9.52,0.25,11.9,99.34,67.0,4594182.92,19.32,59.2,0.38,18.9,97.65,2.4,5.67,0,0,0,1,0,0,0,Esc1
643,25.12,39.3,33.78,6.31,9.66,0.25,13.1,99.66,68.69,4757773.78,18.66,58.46,0.37,20.4,97.56,1.3,5.61,0,0,0,1,0,0,0,Esc1
644,24.92,38.98,33.59,6.33,9.64,0.25,12.56,99.55,68.14,4693862.78,18.91,58.79,0.38,19.78,97.6,2.23,6.13,0,0,0,1,0,0,0,Esc1
645,24.61,38.68,33.65,6.25,9.52,0.25,11.48,99.61,67.32,4568424.69,19.43,59.66,0.38,18.32,97.67,1.91,5.27,0,0,0,1,0,0,0,Esc1
646,24.54,39.08,33.53,6.26,9.55,0.25,11.84,99.76,67.8,4625419.65,19.19,59.38,0.38,18.87,97.64,1.5,4.74,0,0,0,1,0,0,0,Esc1
647,25.0,39.19,33.92,6.31,9.63,0.25,12.09,99.7,68.74,4667106.19,19.02,59.39,0.38,19.06,97.61,1.32,5.06,0,0,0,1,0,0,0,Esc1
648,24.94,39.44,33.82,6.31,9.53,0.25,11.43,99.37,67.39,4561759.83,19.46,59.76,0.38,18.18,97.67,2.85,5.4,0,0,0,1,0,0,0,Esc1
649,25.09,39.41,34.18,6.28,9.56,0.25,11.5,99.74,68.57,4601267.94,19.29,59.98,0.39,18.16,97.65,1.24,5.02,0,0,0,1,0,0,0,Esc1
650,23.74,38.6,33.19,6.08,9.2,0.25,9.25,99.02,63.9,4266101.03,20.81,61.09,0.39,15.33,97.84,2.67,4.73,0,1,0,1,0,0,0,Esc1
651,24.6,39.06,33.51,6.24,9.48,0.25,11.47,99.2,66.76,4547921.91,19.52,59.54,0.38,18.34,97.68,2.19,5.44,0,0,0,1,0,0,0,Esc1
652,24.15,39.15,33.5,6.16,9.39,0.25,10.67,99.56,65.92,4454331.11,19.93,60.17,0.38,17.24,97.73,1.54,4.33,0,0,0,1,0,0,0,Esc1
653,24.3,39.4,33.41,6.19,9.42,0.25,11.05,99.5,66.16,4497886.28,19.74,59.82,0.38,17.81,97.71,2.47,4.93,0,0,0,1,0,0,0,Esc1
654,24.27,39.09,33.37,6.22,9.4,0.25,10.65,99.33,65.64,4441874.97,19.98,60.1,0.38,17.26,97.74,2.94,5.65,0,0,0,1,0,0,0,Esc1
655,24.43,38.88,33.65,6.23,9.48,0.25,11.28,99.66,66.72,4532903.46,19.58,59.77,0.38,18.03,97.69,1.66,5.05,0,0,0,1,0,0,0,Esc1
656,23.06,38.99,32.51,6.03,9.18,0.25,10.15,99.36,62.67,4323342.01,20.53,59.9,0.38,16.83,97.81,2.51,4.73,0,0,0,1,0,0,0,Esc1
657,24.54,39.09,33.61,6.26,9.54,0.25,11.53,99.82,67.97,4599279.39,19.3,59.7,0.38,18.43,97.65,1.15,5.33,0,0,0,1,0,0,0,Esc1
658,25.33,39.48,33.87,6.39,9.7,0.25,12.74,99.55,68.61,4718636.98,18.81,58.78,0.38,19.9,97.58,2.5,6.17,0,0,0,1,0,0,0,Esc1
659,25.18,39.47,33.96,6.31,9.64,0.25,12.47,99.51,69.09,4708748.65,18.85,59.11,0.38,19.53,97.59,1.35,5.06,0,0,0,1,0,0,0,Esc1
660,24.78,39.48,33.63,6.31,9.6,0.25,11.97,99.45,67.39,4615764.86,19.23,59.23,0.38,18.98,97.64,2.19,5.62,0,0,0,1,0,0,0,Esc1
661,24.5,39.17,33.55,6.27,9.47,0.25,10.96,99.42,66.27,4485954.23,19.79,59.95,0.38,17.62,97.71,2.92,5.86,0,0,0,1,0,0,0,Esc1
662,24.78,39.23,33.63,6.33,9.56,0.25,11.56,99.37,67.11,4568082.07,19.43,59.56,0.38,18.42,97.67,2.75,5.32,0,0,0,1,0,0,0,Esc1
663,24.59,38.64,33.96,6.19,9.4,0.25,9.87,99.43,67.34,4419926.47,20.08,61.22,0.39,16.02,97.75,1.62,4.69,0,1,0,1,0,0,0,Esc1
664,24.44,39.08,33.69,6.19,9.37,0.25,10.22,99.43,66.44,4426563.34,20.05,60.7,0.39,16.57,97.75,2.33,4.47,0,0,0,1,0,0,0,Esc1
665,24.64,39.03,33.53,6.28,9.51,0.25,11.62,99.58,67.21,4578567.73,19.39,59.48,0.38,18.54,97.66,2.41,5.68,0,0,0,1,0,0,0,Esc1
666,24.23,38.57,33.51,6.18,9.42,0.25,10.67,99.62,66.47,4474468.24,19.84,60.25,0.39,17.26,97.72,1.74,4.47,0,0,0,1,0,0,0,Esc1
667,25.25,39.76,33.89,6.39,9.7,0.25,12.58,99.55,69.09,4719876.12,18.81,58.98,0.38,19.7,97.58,1.83,5.6,0,0,0,1,0,0,0,Esc1
668,25.0,39.3,33.79,6.34,9.68,0.25,12.56,99.7,68.7,4715064.75,18.83,58.94,0.38,19.72,97.58,1.55,4.72,0,0,0,1,0,0,0,Esc1
669,24.35,39.37,33.39,6.22,9.42,0.25,10.85,99.18,65.66,4459024.73,19.91,59.91,0.38,17.53,97.73,2.83,5.25,0,0,0,1,0,0,0,Esc1
670,23.96,39.1,32.99,6.18,9.37,0.25,11.02,99.31,65.05,4464215.49,19.88,59.56,0.38,17.91,97.73,2.7,5.94,0,0,0,1,0,0,0,Esc1
671,26.01,39.21,34.56,6.44,9.77,0.25,12.73,99.58,70.94,4778059.25,18.58,59.29,0.38,19.65,97.55,1.65,6.12,0,0,0,1,0,0,0,Esc1
672,25.72,39.32,34.57,6.38,9.71,0.25,12.16,99.7,70.53,4717431.75,18.82,59.76,0.39,18.92,97.58,1.12,4.7,0,0,0,1,0,0,0,Esc1
673,24.49,38.89,33.6,6.22,9.43,0.25,10.63,99.31,66.16,4451659.57,19.94,60.25,0.39,17.15,97.73,2.41,5.2,0,0,0,1,0,0,0,Esc1
674,25.44,39.62,34.08,6.37,9.7,0.25,12.82,99.59,69.0,4735324.3,18.75,58.83,0.38,19.92,97.57,2.03,5.61,0,0,0,1,0,0,0,Esc1
675,24.94,39.56,33.89,6.27,9.56,0.25,11.92,99.43,67.71,4613426.41,19.24,59.4,0.38,18.79,97.64,1.71,5.11,0,0,0,1,0,0,0,Esc1
676,25.23,39.06,34.13,6.29,9.57,0.25,11.71,99.51,68.74,4623432.38,19.2,59.78,0.39,18.46,97.64,1.66,5.29,0,0,0,1,0,0,0,Esc1
677,24.07,38.84,33.33,6.14,9.32,0.25,10.39,99.46,65.6,4422796.68,20.07,60.33,0.38,16.92,97.75,2.25,4.91,0,0,0,1,0,0,0,Esc1
678,23.89,38.33,33.12,6.16,9.35,0.25,10.55,99.49,65.36,4433153.22,20.02,60.08,0.38,17.22,97.75,2.2,5.16,0,0,0,1,0,0,0,Esc1
679,24.45,38.81,33.11,6.25,9.53,0.25,12.23,99.28,66.27,4612621.84,19.24,58.68,0.37,19.51,97.64,2.72,5.67,0,0,0,1,0,0,0,Esc1
680,24.66,38.77,33.69,6.25,9.53,0.25,11.4,99.53,67.59,4571705.33,19.42,59.78,0.38,18.21,97.67,1.74,4.7,0,0,0,1,0,0,0,Esc1
681,25.14,39.17,34.02,6.31,9.62,0.25,12.08,99.62,68.72,4661317.37,19.04,59.43,0.38,18.99,97.61,1.77,5.67,0,0,0,1,0,0,0,Esc1
682,24.48,39.32,33.42,6.24,9.51,0.25,11.64,99.49,66.78,4569968.74,19.42,59.38,0.38,18.61,97.67,2.11,5.01,0,0,0,1,0,0,0,Esc1
683,24.97,38.87,34.07,6.28,9.54,0.25,11.25,99.5,68.39,4574972.51,19.4,60.14,0.39,17.87,97.66,1.65,4.66,0,0,0,1,0,0,0,Esc1
684,25.44,39.01,34.24,6.35,9.7,0.25,12.74,99.81,69.81,4755698.66,18.67,59.07,0.38,19.78,97.56,1.23,5.08,0,0,0,1,0,0,0,Esc1
685,25.22,39.34,34.06,6.3,9.57,0.25,12.03,99.58,68.13,4632598.54,19.16,59.41,0.38,18.88,97.63,2.23,5.28,0,0,0,1,0,0,0,Esc1
686,25.41,38.89,34.36,6.34,9.65,0.25,11.77,99.68,69.74,4660143.79,19.05,59.94,0.39,18.48,97.61,1.28,4.88,0,0,0,1,0,0,0,Esc1
687,25.67,38.78,34.57,6.34,9.69,0.25,12.24,99.73,70.52,4724229.9,18.79,59.69,0.39,19.02,97.58,0.81,4.92,0,0,0,1,0,0,0,Esc1
688,24.81,39.24,33.64,6.28,9.6,0.25,12.64,99.63,67.78,4687004.92,18.94,58.69,0.37,19.84,97.6,1.7,5.69,0,0,0,1,0,0,0,Esc1
689,25.43,38.75,34.07,6.39,9.71,0.25,12.35,99.46,69.2,4700538.99,18.88,59.26,0.38,19.34,97.59,2.12,4.93,0,0,0,1,0,0,0,Esc1
690,24.43,38.97,33.34,6.23,9.51,0.25,11.82,99.58,66.98,4596364.04,19.31,59.22,0.38,18.9,97.65,2.11,5.27,0,0,0,1,0,0,0,Esc1
691,25.6,39.46,34.14,6.38,9.73,0.25,13.22,99.53,69.62,4791290.99,18.53,58.59,0.38,20.41,97.54,1.94,5.7,0,0,0,1,0,0,0,Esc1
692,24.89,39.41,33.62,6.3,9.63,0.25,12.52,99.57,68.03,4686205.5,18.94,58.81,0.38,19.72,97.6,1.91,6.0,0,0,0,1,0,0,0,Esc1
693,26.05,39.54,34.41,6.45,9.86,0.25,13.95,99.76,71.63,4922550.14,18.03,58.29,0.38,21.27,97.47,1.0,5.66,0,0,0,1,0,0,0,Esc1
694,25.16,38.91,34.08,6.3,9.58,0.25,11.81,99.65,69.04,4646280.95,19.1,59.72,0.39,18.63,97.62,1.42,5.24,0,0,0,1,0,0,0,Esc1
695,24.92,38.71,34.13,6.26,9.55,0.25,11.02,99.6,68.41,4556224.68,19.48,60.37,0.39,17.55,97.67,0.98,4.2,0,0,0,1,0,0,0,Esc1
696,25.3,39.34,34.16,6.37,9.7,0.25,12.49,99.81,69.78,4731732.96,18.76,59.24,0.38,19.5,97.57,0.91,5.42,0,0,0,1,0,0,0,Esc1
697,24.17,38.65,33.54,6.14,9.33,0.25,9.67,99.38,66.15,4371141.23,20.31,61.13,0.39,15.85,97.78,1.83,4.87,0,1,0,1,0,0,0,Esc1
698,24.37,38.69,33.37,6.19,9.42,0.25,11.22,99.4,66.37,4518252.5,19.65,59.67,0.38,18.06,97.7,2.46,5.22,0,0,0,1,0,0,0,Esc1
699,24.48,39.22,33.39,6.26,9.54,0.25,12.01,99.54,66.54,4594308.46,19.32,59.0,0.38,19.1,97.65,2.01,5.87,0,0,0,1,0,0,0,Esc1
700,24.57,38.94,33.8,6.23,9.44,0.25,10.58,99.55,66.99,4474023.37,19.84,60.48,0.39,17.03,97.72,1.98,4.87,0,0,0,1,0,0,0,Esc1
701,25.02,39.24,33.83,6.31,9.56,0.25,11.35,99.28,67.62,4557406.49,19.48,59.86,0.38,18.07,97.67,2.87,6.06,0,0,0,1,0,0,0,Esc1
702,24.81,39.2,33.82,6.27,9.56,0.25,11.75,99.69,68.16,4620544.66,19.21,59.59,0.38,18.63,97.64,1.53,5.02,0,0,0,1,0,0,0,Esc1
703,23.47,38.37,33.17,6.07,9.22,0.25,9.19,99.63,64.31,4282483.81,20.73,61.24,0.39,15.27,97.83,2.04,4.26,0,1,0,1,0,0,0,Esc1
704,24.97,39.52,33.92,6.29,9.62,0.25,12.08,99.79,68.63,4663505.94,19.03,59.39,0.38,19.04,97.61,1.07,5.14,0,0,0,1,0,0,0,Esc1
705,24.75,39.34,33.73,6.25,9.52,0.25,11.61,99.37,67.18,4570667.14,19.42,59.55,0.38,18.44,97.67,2.1,5.43,0,0,0,1,0,0,0,Esc1
706,25.37,38.82,33.71,6.41,9.73,0.25,13.21,99.18,68.62,4762239.64,18.64,58.31,0.37,20.57,97.56,2.68,6.6,0,0,0,1,0,0,0,Esc1
707,25.17,39.25,33.84,6.35,9.71,0.25,12.79,99.42,69.09,4741450.2,18.72,58.79,0.38,19.99,97.57,1.6,5.18,0,0,0,1,0,0,0,Esc1
708,24.66,39.58,33.77,6.27,9.54,0.25,11.54,99.59,67.4,4576711.91,19.4,59.66,0.38,18.35,97.66,1.63,4.51,0,0,0,1,0,0,0,Esc1
709,25.11,39.27,34.08,6.27,9.58,0.25,11.89,99.55,68.7,4640340.05,19.13,59.6,0.38,18.72,97.63,1.31,5.38,0,0,0,1,0,0,0,Esc1
710,24.38,39.24,33.69,6.23,9.44,0.25,10.73,99.76,67.01,4493209.54,19.76,60.32,0.39,17.29,97.71,1.49,5.16,0,0,0,1,0,0,0,Esc1
711,24.75,39.35,33.26,6.32,9.67,0.25,13.21,99.49,67.39,4736725.79,18.74,58.02,0.37,20.74,97.57,2.32,5.85,0,0,0,1,0,0,0,Esc1
712,24.05,39.09,33.3,6.18,9.39,0.25,10.66,99.53,65.88,4459405.24,19.91,60.12,0.38,17.32,97.73,2.18,4.68,0,0,0,1,0,0,0,Esc1
713,24.8,39.11,33.7,6.34,9.55,0.25,11.38,99.33,67.26,4552572.45,19.5,59.75,0.38,18.15,97.67,2.77,5.49,0,0,0,1,0,0,0,Esc1
714,25.15,38.73,34.05,6.35,9.67,0.25,12.0,99.84,69.94,4699842.71,18.89,59.67,0.39,18.93,97.59,1.03,4.84,0,0,0,1,0,0,0,Esc1
715,24.84,39.13,34.06,6.22,9.46,0.25,10.79,99.61,67.98,4520983.11,19.63,60.49,0.39,17.25,97.7,1.47,5.11,0,0,0,1,0,0,0,Esc1
716,24.56,39.08,34.01,6.24,9.46,0.25,10.37,99.86,67.78,4482696.85,19.8,60.86,0.39,16.7,97.71,0.93,4.22,0,0,0,1,0,0,0,Esc1
717,25.85,39.3,34.32,6.41,9.79,0.25,13.25,99.44,70.54,4816242.77,18.43,58.71,0.38,20.4,97.52,1.54,5.93,0,0,0,1,0,0,0,Esc1
718,25.14,39.71,33.94,6.29,9.6,0.25,11.98,99.4,68.14,4633736.89,19.16,59.42,0.38,18.87,97.63,2.03,5.12,0,0,0,1,0,0,0,Esc1
719,24.47,39.38,33.65,6.18,9.45,0.25,11.16,99.7,67.28,4541730.32,19.54,59.95,0.38,17.9,97.69,1.58,5.01,0,0,0,1,0,0,0,Esc1
720,24.74,39.39,33.52,6.27,9.56,0.25,12.16,99.25,66.76,4608301.69,19.26,58.93,0.38,19.24,97.64,2.48,5.8,0,0,0,1,0,0,0,Esc1
721,25.52,39.36,34.02,6.38,9.77,0.25,13.25,99.65,70.07,4814148.48,18.44,58.57,0.38,20.53,97.53,1.41,5.79,0,0,0,1,0,0,0,Esc1
722,25.14,39.4,33.96,6.32,9.66,0.25,12.15,99.73,69.25,4688510.66,18.93,59.41,0.38,19.13,97.6,1.41,5.02,0,0,0,1,0,0,0,Esc1
723,24.76,38.91,33.86,6.26,9.5,0.25,11.07,99.59,67.42,4530287.48,19.59,60.11,0.39,17.68,97.69,1.84,5.06,0,0,0,1,0,0,0,Esc1
724,24.42,39.09,33.29,6.23,9.49,0.25,11.67,99.37,65.64,4533615.38,19.58,59.15,0.38,18.66,97.69,3.0,5.9,0,0,0,1,0,0,0,Esc1
725,24.71,38.9,33.65,6.27,9.53,0.25,11.83,99.41,66.93,4582978.73,19.37,59.29,0.38,18.75,97.66,2.32,5.49,0,0,0,1,0,0,0,Esc1
726,24.92,38.64,33.93,6.28,9.53,0.25,11.58,99.59,68.01,4593139.37,19.33,59.74,0.38,18.35,97.65,1.79,5.21,0,0,0,1,0,0,0,Esc1
727,25.18,39.3,34.32,6.29,9.55,0.25,11.08,99.57,68.74,4564445.54,19.45,60.41,0.39,17.55,97.67,1.17,4.77,0,0,0,1,0,0,0,Esc1
728,25.05,39.33,33.58,6.32,9.69,0.25,13.16,99.54,68.53,4763430.02,18.64,58.32,0.37,20.56,97.56,2.0,5.84,0,0,0,1,0,0,0,Esc1
729,24.48,39.19,33.46,6.25,9.46,0.25,11.08,99.22,66.31,4501146.76,19.72,59.82,0.38,17.83,97.71,2.42,5.01,0,0,0,1,0,0,0,Esc1
730,24.18,38.89,33.43,6.15,9.38,0.25,10.86,99.59,66.29,4486714.63,19.78,60.03,0.38,17.55,97.72,1.37,4.82,0,0,0,1,0,0,0,Esc1
731,25.13,39.21,33.84,6.34,9.61,0.25,11.86,99.16,67.63,4602434.73,19.29,59.4,0.38,18.74,97.64,2.81,5.84,0,0,0,1,0,0,0,Esc1
732,25.02,39.32,33.94,6.33,9.62,0.25,12.14,99.67,68.25,4652522.83,19.08,59.29,0.38,19.09,97.62,1.54,5.43,0,0,0,1,0,0,0,Esc1
733,24.7,38.81,33.92,6.23,9.44,0.25,10.54,99.25,66.91,4464075.54,19.88,60.53,0.39,16.94,97.73,1.8,4.18,0,0,0,1,0,0,0,Esc1
734,23.78,38.76,33.22,6.08,9.25,0.25,9.71,99.43,64.9,4340782.2,20.45,60.82,0.39,16.0,97.8,2.18,4.72,0,1,0,1,0,0,0,Esc1
735,24.12,39.05,33.17,6.24,9.47,0.25,11.58,99.71,66.05,4549714.31,19.51,59.26,0.38,18.63,97.68,2.23,5.13,0,0,0,1,0,0,0,Esc1
736,25.33,39.12,33.99,6.33,9.71,0.25,12.83,99.67,69.76,4768011.5,18.62,58.89,0.38,20.01,97.55,1.2,5.49,0,0,0,1,0,0,0,Esc1
737,23.95,38.89,33.37,6.13,9.3,0.25,9.69,99.61,65.76,4366163.95,20.33,61.02,0.39,15.94,97.78,2.08,4.99,0,1,0,1,0,0,0,Esc1
738,24.76,39.27,33.55,6.3,9.61,0.25,12.54,99.45,67.45,4669907.93,19.01,58.7,0.37,19.75,97.61,2.03,5.53,0,0,0,1,0,0,0,Esc1
739,24.22,39.19,33.19,6.19,9.45,0.25,11.68,99.47,66.08,4554865.71,19.49,59.17,0.38,18.74,97.68,2.02,5.5,0,0,0,1,0,0,0,Esc1
740,25.06,39.3,33.82,6.32,9.67,0.25,12.63,99.61,68.5,4708762.31,18.85,58.85,0.38,19.78,97.59,1.58,5.02,0,0,0,1,0,0,0,Esc1
741,25.05,39.8,33.75,6.32,9.63,0.25,12.5,99.71,68.53,4701573.81,18.88,58.95,0.38,19.65,97.59,1.88,5.64,0,0,0,1,0,0,0,Esc1
742,24.68,39.31,33.84,6.23,9.53,0.25,11.51,99.75,67.76,4584227.07,19.36,59.76,0.38,18.29,97.66,1.23,4.94,0,0,0,1,0,0,0,Esc1
743,24.72,39.71,33.58,6.26,9.55,0.25,12.01,99.46,67.12,4609368.68,19.26,59.14,0.38,19.04,97.64,2.22,5.61,0,0,0,1,0,0,0,Esc1
744,25.89,39.38,34.84,6.38,9.69,0.25,11.85,99.79,71.1,4699621.82,18.89,60.18,0.39,18.42,97.59,0.82,5.09,0,0,0,1,0,0,0,Esc1
745,24.04,38.74,33.21,6.2,9.44,0.25,11.34,99.6,65.79,4516213.28,19.66,59.46,0.38,18.27,97.7,1.79,5.05,0,0,0,1,0,0,0,Esc1
746,23.86,38.76,33.23,6.13,9.31,0.25,10.0,99.47,64.88,4369141.75,20.32,60.56,0.38,16.41,97.78,2.53,4.96,0,0,0,1,0,0,0,Esc1
747,25.56,39.24,34.49,6.34,9.66,0.25,11.56,99.69,70.27,4655498.76,19.07,60.22,0.39,18.17,97.61,1.23,5.02,0,0,0,1,0,0,0,Esc1
748,24.15,39.11,33.36,6.17,9.34,0.25,10.24,99.31,65.24,4395166.99,20.2,60.42,0.38,16.69,97.77,2.92,4.92,0,0,0,1,0,0,0,Esc1
749,24.02,38.2,33.31,6.13,9.33,0.25,10.52,99.37,65.5,4429033.5,20.04,60.18,0.38,17.1,97.75,2.26,5.08,0,0,0,1,0,0,0,Esc1
750,24.32,39.49,33.34,6.24,9.46,0.25,11.33,99.58,66.49,4535377.6,19.57,59.59,0.38,18.22,97.69,2.43,5.37,0,0,0,1,0,0,0,Esc1
751,25.27,39.36,34.3,6.35,9.63,0.25,11.46,99.72,69.66,4633391.03,19.16,60.19,0.39,18.1,97.63,1.32,4.51,0,0,0,1,0,0,0,Esc1
752,24.64,38.87,33.85,6.21,9.43,0.25,10.81,99.49,66.98,4492684.19,19.76,60.28,0.39,17.33,97.71,1.92,4.85,0,0,0,1,0,0,0,Esc1
753,24.59,39.73,33.73,6.25,9.49,0.25,11.35,99.65,67.03,4547470.21,19.52,59.77,0.38,18.11,97.68,1.77,4.47,0,0,0,1,0,0,0,Esc1
754,25.07,39.19,33.78,6.3,9.58,0.25,12.23,99.45,68.36,4666918.58,19.02,59.16,0.38,19.28,97.61,2.16,5.63,0,0,0,1,0,0,0,Esc1
755,24.7,38.43,33.93,6.22,9.47,0.25,10.71,99.64,67.59,4504665.56,19.71,60.48,0.39,17.18,97.7,1.49,4.82,0,0,0,1,0,0,0,Esc1
756,25.54,39.16,34.29,6.35,9.71,0.25,12.61,99.7,70.42,4764620.21,18.63,59.27,0.38,19.61,97.56,0.9,4.63,0,0,0,1,0,0,0,Esc1
757,24.15,38.85,33.66,6.14,9.34,0.25,10.26,99.82,66.46,4435076.93,20.01,60.68,0.39,16.64,97.75,1.16,4.44,0,0,0,1,0,0,0,Esc1
758,24.3,39.09,33.28,6.2,9.43,0.25,11.39,99.42,66.16,4528758.28,19.6,59.47,0.38,18.32,97.69,2.39,5.27,0,0,0,1,0,0,0,Esc1
759,24.39,39.02,33.65,6.18,9.42,0.25,10.66,99.62,66.88,4482301.66,19.8,60.35,0.39,17.2,97.72,1.58,4.83,0,0,0,1,0,0,0,Esc1
760,24.62,38.93,33.62,6.22,9.53,0.25,11.8,99.8,68.15,4630360.2,19.17,59.48,0.38,18.79,97.64,0.85,4.94,0,0,0,1,0,0,0,Esc1
761,25.1,39.0,34.12,6.33,9.59,0.25,11.19,99.51,68.4,4565993.55,19.44,60.19,0.39,17.77,97.66,1.93,5.48,0,0,0,1,0,0,0,Esc1
762,24.85,38.88,33.76,6.29,9.59,0.25,12.18,99.78,68.29,4664774.63,19.03,59.2,0.38,19.23,97.61,1.46,5.26,0,0,0,1,0,0,0,Esc1
763,24.79,39.06,34.09,6.26,9.51,0.25,10.67,99.77,68.24,4521808.25,19.63,60.67,0.39,17.08,97.69,1.3,4.06,0,0,0,1,0,0,0,Esc1
764,24.81,39.58,33.73,6.27,9.55,0.25,11.98,99.43,67.46,4615707.03,19.23,59.26,0.38,18.95,97.64,1.77,4.99,0,0,0,1,0,0,0,Esc1
765,23.95,39.08,33.21,6.16,9.32,0.25,10.14,99.37,65.03,4381882.01,20.26,60.44,0.38,16.6,97.77,2.58,5.27,0,0,0,1,0,0,0,Esc1
766,24.34,38.83,33.37,6.22,9.48,0.25,11.57,99.6,66.3,4549861.82,19.51,59.36,0.38,18.53,97.68,2.03,5.29,0,0,0,1,0,0,0,Esc1
767,24.59,39.28,33.72,6.23,9.49,0.25,11.25,99.65,67.24,4546814.1,19.52,59.89,0.38,17.98,97.68,1.93,4.81,0,0,0,1,0,0,0,Esc1
768,23.83,38.79,32.96,6.18,9.37,0.25,10.89,99.46,64.96,4454406.28,19.93,59.67,0.38,17.75,97.73,2.78,5.54,0,0,0,1,0,0,0,Esc1
769,24.3,38.56,33.41,6.22,9.46,0.25,11.08,99.57,66.8,4523104.33,19.63,59.88,0.38,17.87,97.69,1.78,4.77,0,0,0,1,0,0,0,Esc1
770,24.8,38.55,34.11,6.26,9.51,0.25,10.64,99.73,68.34,4522559.59,19.63,60.71,0.39,17.05,97.69,1.34,4.58,0,0,0,1,0,0,0,Esc1
771,24.87,39.58,33.7,6.28,9.57,0.25,12.04,99.34,67.47,4619082.2,19.22,59.19,0.38,19.03,97.64,2.06,5.46,0,0,0,1,0,0,0,Esc1
772,24.98,38.94,33.79,6.3,9.6,0.25,12.01,99.62,68.5,4651926.68,19.08,59.38,0.38,18.99,97.62,1.88,5.67,0,0,0,1,0,0,0,Esc1
773,24.6,39.08,33.6,6.24,9.46,0.25,11.06,99.42,66.88,4516936.78,19.65,59.96,0.38,17.77,97.7,2.6,5.44,0,0,0,1,0,0,0,Esc1
774,24.34,38.84,33.75,6.13,9.37,0.25,10.34,99.6,66.94,4456361.25,19.92,60.7,0.39,16.73,97.73,1.28,4.28,0,0,0,1,0,0,0,Esc1
775,25.03,39.48,33.93,6.27,9.55,0.25,11.37,99.34,67.87,4567758.43,19.43,59.91,0.39,18.06,97.67,2.31,5.7,0,0,0,1,0,0,0,Esc1
776,23.95,38.65,33.31,6.16,9.35,0.25,10.08,99.56,65.58,4397382.6,20.19,60.61,0.39,16.51,97.76,2.02,4.67,0,0,0,1,0,0,0,Esc1
777,25.29,39.65,33.97,6.35,9.67,0.25,12.74,99.52,68.71,4720014.09,18.81,58.82,0.38,19.86,97.58,1.87,5.16,0,0,0,1,0,0,0,Esc1
778,24.5,38.72,33.5,6.26,9.46,0.25,11.14,99.39,66.4,4510178.72,19.68,59.8,0.38,17.89,97.7,2.63,5.4,0,0,0,1,0,0,0,Esc1
779,25.39,39.04,34.18,6.35,9.62,0.25,11.72,99.45,69.13,4636751.41,19.14,59.83,0.39,18.47,97.63,2.0,5.54,0,0,0,1,0,0,0,Esc1
780,24.46,39.12,33.58,6.25,9.5,0.25,11.18,99.58,66.54,4519327.4,19.64,59.82,0.38,17.92,97.69,2.19,4.82,0,0,0,1,0,0,0,Esc1
781,25.0,38.89,34.04,6.28,9.57,0.25,11.65,99.81,69.01,4636344.3,19.15,59.86,0.39,18.44,97.63,1.04,4.42,0,0,0,1,0,0,0,Esc1
782,25.57,39.39,34.34,6.33,9.7,0.25,12.9,99.86,70.33,4782652.82,18.56,59.02,0.38,19.95,97.55,0.86,5.39,0,0,0,1,0,0,0,Esc1
783,24.53,38.82,33.5,6.22,9.48,0.25,11.75,99.69,67.39,4599826.96,19.3,59.38,0.38,18.75,97.65,1.53,5.44,0,0,0,1,0,0,0,Esc1
784,24.73,39.26,33.89,6.25,9.49,0.25,10.87,99.65,67.81,4527997.82,19.6,60.36,0.39,17.42,97.69,1.92,5.13,0,0,0,1,0,0,0,Esc1
785,23.58,39.11,32.84,6.14,9.3,0.25,10.39,99.38,64.12,4382646.92,20.25,59.97,0.38,17.08,97.77,2.9,5.5,0,0,0,1,0,0,0,Esc1
786,24.79,38.51,34.03,6.28,9.51,0.25,10.36,99.59,68.02,4486265.41,19.79,60.89,0.39,16.68,97.71,1.99,4.77,0,0,0,1,0,0,0,Esc1
787,24.66,39.33,33.53,6.29,9.59,0.25,11.98,99.54,67.31,4617717.43,19.22,59.18,0.38,19.04,97.64,2.23,5.19,0,0,0,1,0,0,0,Esc1
788,24.81,38.86,33.85,6.26,9.53,0.25,11.45,99.43,67.84,4578873.56,19.39,59.81,0.38,18.21,97.66,1.56,4.51,0,0,0,1,0,0,0,Esc1
789,24.72,39.12,33.61,6.24,9.59,0.25,12.51,99.63,67.7,4677249.54,18.98,58.8,0.38,19.69,97.61,1.44,4.99,0,0,0,1,0,0,0,Esc1
790,24.53,39.43,33.48,6.28,9.51,0.25,11.33,99.29,66.63,4533654.54,19.58,59.65,0.38,18.16,97.69,2.72,5.53,0,0,0,1,0,0,0,Esc1
791,25.02,39.28,33.93,6.3,9.59,0.25,11.81,99.53,68.08,4615733.43,19.23,59.55,0.38,18.65,97.64,1.96,5.2,0,0,0,1,0,0,0,Esc1
792,25.06,39.32,33.88,6.32,9.62,0.25,12.22,99.52,68.13,4654763.98,19.07,59.18,0.38,19.21,97.62,1.7,5.57,0,0,0,1,0,0,0,Esc1
793,25.12,39.05,33.88,6.32,9.65,0.25,12.15,99.57,68.92,4676422.92,18.98,59.34,0.38,19.15,97.6,1.58,5.37,0,0,0,1,0,0,0,Esc1
794,25.15,39.34,34.19,6.31,9.61,0.25,11.48,99.68,69.12,4619423.67,19.22,60.07,0.39,18.15,97.64,1.16,4.5,0,0,0,1,0,0,0,Esc1
795,24.85,39.36,33.9,6.27,9.5,0.25,10.91,99.45,67.38,4513616.68,19.67,60.26,0.39,17.45,97.7,2.47,5.26,0,0,0,1,0,0,0,Esc1
796,23.56,38.88,32.64,6.14,9.33,0.25,11.14,99.33,63.56,4432795.79,20.03,59.13,0.37,18.17,97.75,2.85,5.42,0,0,0,1,0,0,0,Esc1
797,24.32,39.59,33.48,6.2,9.41,0.25,11.13,99.56,66.15,4503214.15,19.71,59.77,0.38,17.89,97.71,2.22,5.43,0,0,0,1,0,0,0,Esc1
798,23.86,39.22,32.97,6.13,9.29,0.25,10.15,99.05,64.45,4365972.17,20.33,60.26,0.38,16.7,97.78,3.37,5.74,0,0,0,1,0,0,0,Esc1
799,24.03,39.02,33.17,6.18,9.39,0.25,11.07,99.54,65.16,4472451.4,19.85,59.6,0.38,17.91,97.72,2.47,5.08,0,0,0,1,0,0,0,Esc1
800,25.48,39.32,34.55,6.33,9.64,0.25,11.65,99.82,70.18,4660022.76,19.05,60.16,0.39,18.25,97.61,0.65,4.91,0,0,0,1,0,0,0,Esc1
801,24.89,38.93,33.96,6.26,9.55,0.25,11.16,99.54,67.93,4554680.62,19.49,60.13,0.39,17.78,97.67,1.79,5.04,0,0,0,1,0,0,0,Esc1
802,24.88,39.15,33.9,6.29,9.55,0.25,11.19,99.36,67.71,4548802.47,19.51,60.04,0.39,17.84,97.68,2.19,5.19,0,0,0,1,0,0,0,Esc1
803,24.53,39.08,33.86,6.22,9.42,0.25,10.25,99.59,67.05,4446976.89,19.96,60.82,0.39,16.56,97.74,1.88,4.86,0,0,0,1,0,0,0,Esc1
804,24.62,39.6,33.78,6.25,9.48,0.25,10.83,99.53,67.16,4501888.06,19.72,60.26,0.39,17.39,97.7,2.05,5.27,0,0,0,1,0,0,0,Esc1
805,24.8,39.51,33.91,6.26,9.48,0.25,10.96,99.32,67.37,4514659.03,19.66,60.21,0.39,17.51,97.7,2.01,4.8,0,0,0,1,0,0,0,Esc1
806,24.34,39.02,33.56,6.17,9.38,0.25,10.73,99.59,66.45,4476670.54,19.83,60.2,0.38,17.32,97.72,1.86,4.55,0,0,0,1,0,0,0,Esc1
807,23.59,38.47,32.96,6.13,9.29,0.25,10.12,99.43,64.54,4372243.06,20.3,60.32,0.38,16.67,97.78,2.57,5.08,0,0,0,1,0,0,0,Esc1
808,24.45,39.2,33.64,6.18,9.49,0.25,11.57,99.81,67.25,4579351.6,19.38,59.59,0.38,18.44,97.66,1.09,4.46,0,0,0,1,0,0,0,Esc1
809,24.46,39.24,33.44,6.23,9.5,0.25,11.79,99.72,67.56,4611189.42,19.25,59.35,0.38,18.83,97.65,1.34,5.36,0,0,0,1,0,0,0,Esc1
810,24.42,39.27,33.34,6.21,9.51,0.25,12.04,99.38,66.59,4601287.71,19.29,58.97,0.38,19.17,97.65,1.96,5.47,0,0,0,1,0,0,0,Esc1
811,24.96,39.42,34.01,6.29,9.53,0.25,11.22,99.5,67.71,4549949.8,19.51,60.05,0.39,17.84,97.68,2.41,5.17,0,0,0,1,0,0,0,Esc1
812,24.25,38.95,33.33,6.19,9.41,0.25,10.88,99.37,65.49,4460855.38,19.9,59.86,0.38,17.59,97.73,2.75,5.01,0,0,0,1,0,0,0,Esc1
813,24.94,39.36,33.76,6.29,9.59,0.25,12.44,99.63,68.2,4681035.84,18.96,58.96,0.38,19.55,97.61,1.56,5.55,0,0,0,1,0,0,0,Esc1
814,23.58,39.35,33.15,6.08,9.21,0.25,9.18,99.52,64.24,4277967.57,20.75,61.23,0.39,15.25,97.83,2.48,4.43,0,1,0,1,0,0,0,Esc1
815,24.16,38.55,33.56,6.18,9.37,0.25,9.68,99.58,66.69,4391496.23,20.21,61.21,0.39,15.88,97.77,1.82,4.91,0,1,0,1,0,0,0,Esc1
816,24.55,39.17,33.69,6.23,9.49,0.25,11.31,99.77,67.56,4561989.37,19.46,59.86,0.38,18.08,97.67,1.44,5.37,0,0,0,1,0,0,0,Esc1
817,24.76,39.22,33.79,6.26,9.47,0.25,11.21,99.35,67.05,4528382.03,19.6,59.9,0.38,17.89,97.69,2.08,5.38,0,0,0,1,0,0,0,Esc1
818,26.14,39.42,34.62,6.49,9.83,0.25,13.0,99.56,71.57,4823745.21,18.4,59.15,0.38,19.99,97.52,1.35,5.95,0,0,0,1,0,0,0,Esc1
819,24.87,39.09,33.75,6.29,9.56,0.25,11.83,99.5,67.71,4609152.86,19.26,59.43,0.38,18.75,97.64,2.28,5.67,0,0,0,1,0,0,0,Esc1
820,25.46,39.11,34.32,6.37,9.7,0.25,12.05,99.68,70.39,4710091.72,18.85,59.76,0.39,18.88,97.58,0.97,4.88,0,0,0,1,0,0,0,Esc1
821,25.47,39.11,34.33,6.36,9.68,0.25,12.02,99.67,70.18,4699769.48,18.89,59.76,0.39,18.83,97.59,1.23,4.79,0,0,0,1,0,0,0,Esc1
822,25.31,38.93,34.0,6.34,9.62,0.25,11.99,99.32,68.52,4641868.52,19.12,59.46,0.38,18.87,97.62,2.26,5.61,0,0,0,1,0,0,0,Esc1
823,24.91,39.23,33.87,6.3,9.59,0.25,11.79,99.72,67.99,4615843.59,19.23,59.55,0.38,18.65,97.64,1.86,5.22,0,0,0,1,0,0,0,Esc1
824,24.99,39.45,34.42,6.27,9.51,0.25,10.42,99.89,68.88,4514603.62,19.66,61.07,0.4,16.65,97.7,0.95,4.33,0,0,0,1,0,0,0,Esc1
825,24.38,39.19,33.23,6.27,9.54,0.25,11.65,99.41,66.46,4563842.07,19.45,59.26,0.38,18.7,97.67,2.53,5.67,0,0,0,1,0,0,0,Esc1
826,23.43,38.45,32.58,6.1,9.28,0.25,10.48,99.23,63.61,4378911.67,20.27,59.73,0.38,17.3,97.78,2.9,5.17,0,0,0,1,0,0,0,Esc1
827,25.01,39.17,33.83,6.34,9.61,0.25,11.84,99.55,68.21,4625869.91,19.19,59.51,0.38,18.74,97.63,2.18,5.71,0,0,0,1,0,0,0,Esc1
828,24.44,39.2,33.54,6.19,9.44,0.25,11.24,99.47,66.54,4521753.68,19.63,59.74,0.38,18.01,97.7,1.77,4.99,0,0,0,1,0,0,0,Esc1
829,24.47,38.67,33.28,6.23,9.48,0.25,11.74,99.17,66.58,4571429.5,19.42,59.19,0.38,18.8,97.67,2.58,5.9,0,0,0,1,0,0,0,Esc1
830,23.95,39.0,33.26,6.15,9.31,0.25,9.86,99.39,64.62,4346666.97,20.42,60.67,0.39,16.18,97.79,3.31,4.94,0,1,0,1,0,0,0,Esc1
831,23.79,39.16,32.81,6.1,9.37,0.25,11.54,99.56,65.07,4519166.16,19.64,59.05,0.37,18.69,97.7,2.22,5.43,0,0,0,1,0,0,0,Esc1
832,24.29,39.06,33.46,6.19,9.4,0.25,10.54,99.33,66.14,4448975.86,19.95,60.29,0.39,17.09,97.74,2.51,5.16,0,0,0,1,0,0,0,Esc1
833,24.91,39.12,33.52,6.34,9.66,0.25,12.6,99.4,67.79,4684933.13,18.95,58.68,0.38,19.85,97.6,2.63,6.02,0,0,0,1,0,0,0,Esc1
834,25.23,39.03,34.33,6.27,9.55,0.25,11.42,99.75,69.2,4612434.84,19.25,60.17,0.39,18.02,97.64,0.86,5.01,0,0,0,1,0,0,0,Esc1
835,25.15,39.05,33.91,6.34,9.62,0.25,11.96,99.51,68.94,4658868.64,19.05,59.51,0.38,18.9,97.62,2.04,5.77,0,0,0,1,0,0,0,Esc1
836,24.3,38.7,33.47,6.21,9.42,0.25,10.9,99.55,65.93,4474361.8,19.84,59.95,0.38,17.57,97.72,2.38,5.26,0,0,0,1,0,0,0,Esc1
837,24.73,39.6,33.75,6.31,9.59,0.25,11.78,99.6,67.7,4606815.23,19.27,59.47,0.38,18.69,97.64,1.7,5.42,0,0,0,1,0,0,0,Esc1
838,25.19,38.91,34.04,6.34,9.63,0.25,11.9,99.69,69.0,4654712.92,19.07,59.63,0.38,18.76,97.62,1.79,5.52,0,0,0,1,0,0,0,Esc1
839,24.17,38.76,33.52,6.15,9.35,0.25,10.2,99.47,65.8,4409525.66,20.13,60.58,0.39,16.6,97.76,1.98,4.45,0,0,0,1,0,0,0,Esc1
840,24.48,38.46,33.34,6.29,9.58,0.25,12.42,99.67,66.99,4650308.45,19.09,58.69,0.37,19.68,97.62,1.81,5.93,0,0,0,1,0,0,0,Esc1
841,24.78,39.21,33.76,6.25,9.63,0.25,12.26,99.82,68.57,4683514.97,18.95,59.18,0.38,19.34,97.6,0.49,4.61,0,0,0,1,0,0,0,Esc1
842,24.48,39.31,33.56,6.25,9.43,0.25,10.47,99.19,66.22,4441523.44,19.99,60.4,0.39,16.95,97.74,2.91,5.32,0,0,0,1,0,0,0,Esc1
843,25.08,39.78,34.05,6.3,9.58,0.25,11.78,99.54,67.99,4607128.79,19.27,59.61,0.38,18.56,97.64,1.87,5.04,0,0,0,1,0,0,0,Esc1
844,24.98,39.11,33.72,6.31,9.64,0.25,12.69,99.62,68.07,4699498.48,18.89,58.71,0.38,19.89,97.59,1.89,5.66,0,0,0,1,0,0,0,Esc1
845,25.83,39.64,34.43,6.44,9.8,0.25,12.91,99.68,70.76,4797789.89,18.5,59.08,0.38,19.95,97.53,1.42,5.04,0,0,0,1,0,0,0,Esc1
846,24.9,39.09,33.97,6.26,9.52,0.25,11.19,99.47,67.88,4553859.53,19.49,60.09,0.39,17.82,97.68,1.72,5.09,0,0,0,1,0,0,0,Esc1
847,25.57,39.23,34.18,6.38,9.71,0.25,12.82,99.68,69.89,4763365.56,18.64,58.98,0.38,19.9,97.56,1.81,5.7,0,0,0,1,0,0,0,Esc1
848,24.78,39.68,33.68,6.29,9.56,0.25,11.8,99.54,67.59,4604185.49,19.28,59.42,0.38,18.73,97.65,2.14,5.56,0,0,0,1,0,0,0,Esc1
849,24.95,38.79,33.72,6.29,9.61,0.25,12.22,99.47,68.1,4658825.13,19.05,59.12,0.38,19.29,97.62,1.79,5.26,0,0,0,1,0,0,0,Esc1
850,25.01,38.94,33.98,6.29,9.6,0.25,11.87,99.72,69.02,4655503.01,19.07,59.64,0.38,18.75,97.62,1.13,5.02,0,0,0,1,0,0,0,Esc1
851,25.08,38.88,34.09,6.29,9.58,0.25,11.65,99.72,68.95,4629095.81,19.18,59.86,0.39,18.41,97.63,1.25,5.21,0,0,0,1,0,0,0,Esc1
852,24.69,38.64,33.83,6.23,9.5,0.25,11.29,99.73,67.56,4558551.88,19.47,59.93,0.38,18.0,97.67,1.65,4.69,0,0,0,1,0,0,0,Esc1
853,25.26,39.19,34.13,6.31,9.64,0.25,12.39,99.81,69.75,4722418.54,18.8,59.32,0.38,19.38,97.58,0.81,5.36,0,0,0,1,0,0,0,Esc1
854,25.38,38.74,34.39,6.33,9.59,0.25,10.9,99.49,69.42,4568490.07,19.43,60.68,0.39,17.3,97.66,1.6,5.23,0,0,0,1,0,0,0,Esc1
855,24.12,38.47,33.54,6.15,9.33,0.25,10.26,99.71,66.15,4425466.41,20.06,60.59,0.39,16.68,97.75,1.6,4.67,0,0,0,1,0,0,0,Esc1
856,24.86,38.66,34.05,6.26,9.55,0.25,11.13,99.76,68.62,4575169.18,19.4,60.27,0.39,17.74,97.66,1.11,4.73,0,0,0,1,0,0,0,Esc1
857,24.15,38.75,33.23,6.17,9.41,0.25,11.02,99.48,66.09,4498001.58,19.73,59.79,0.38,17.84,97.71,2.68,5.19,0,0,0,1,0,0,0,Esc1
858,24.94,39.26,34.33,6.27,9.49,0.25,10.29,99.61,68.01,4472478.28,19.85,61.04,0.39,16.47,97.72,1.47,4.36,0,0,0,1,0,0,0,Esc1
859,24.22,39.67,33.06,6.25,9.45,0.25,11.14,99.22,65.29,4481404.87,19.81,59.51,0.38,18.04,97.72,3.56,5.66,0,0,0,1,0,0,0,Esc1
860,25.57,39.44,34.37,6.33,9.67,0.25,12.11,99.58,70.02,4700478.77,18.88,59.67,0.39,18.92,97.59,1.56,4.96,0,0,0,1,0,0,0,Esc1
861,24.71,39.36,33.69,6.28,9.51,0.25,11.15,99.43,67.01,4528563.31,19.6,59.93,0.38,17.85,97.69,2.61,5.21,0,0,0,1,0,0,0,Esc1
862,24.1,39.03,33.36,6.16,9.38,0.25,10.65,99.59,66.09,4461496.8,19.9,60.17,0.38,17.28,97.73,1.74,5.14,0,0,0,1,0,0,0,Esc1
863,25.18,39.57,34.06,6.33,9.64,0.25,12.39,99.79,69.34,4709948.88,18.85,59.25,0.38,19.4,97.59,1.3,5.53,0,0,0,1,0,0,0,Esc1
864,24.8,38.9,33.75,6.3,9.55,0.25,11.53,99.5,67.73,4584040.84,19.36,59.7,0.38,18.36,97.66,2.0,5.12,0,0,0,1,0,0,0,Esc1
865,24.32,38.87,33.25,6.24,9.5,0.25,11.76,99.43,66.44,4572452.37,19.41,59.17,0.38,18.83,97.67,2.27,5.51,0,0,0,1,0,0,0,Esc1
866,24.67,38.83,33.79,6.23,9.49,0.25,10.98,99.65,67.78,4539452.96,19.55,60.23,0.39,17.61,97.68,1.69,4.84,0,0,0,1,0,0,0,Esc1
867,24.88,39.2,33.79,6.34,9.62,0.25,12.0,99.57,67.87,4629932.78,19.17,59.32,0.38,18.95,97.63,1.93,5.35,0,0,0,1,0,0,0,Esc1
868,24.79,39.69,33.67,6.26,9.52,0.25,12.0,99.52,67.1,4601942.55,19.29,59.17,0.38,18.97,97.65,2.18,5.92,0,0,0,1,0,0,0,Esc1
869,24.51,39.3,33.61,6.25,9.5,0.25,11.18,99.57,67.26,4540350.49,19.55,59.9,0.38,17.94,97.68,1.69,4.98,0,0,0,1,0,0,0,Esc1
870,25.05,38.86,33.9,6.34,9.66,0.25,12.37,99.7,68.94,4701931.36,18.88,59.18,0.38,19.43,97.59,1.34,4.49,0,0,0,1,0,0,0,Esc1
871,24.6,39.23,33.68,6.23,9.48,0.25,11.23,99.62,67.52,4554509.75,19.49,59.93,0.38,17.98,97.68,1.6,5.14,0,0,0,1,0,0,0,Esc1
872,24.23,38.8,33.41,6.2,9.39,0.25,10.45,99.28,65.68,4427213.1,20.05,60.3,0.38,16.97,97.75,2.68,4.82,0,0,0,1,0,0,0,Esc1
873,25.06,39.06,33.96,6.31,9.57,0.25,11.25,99.33,67.94,4559506.99,19.47,60.04,0.39,17.9,97.67,2.42,5.4,0,0,0,1,0,0,0,Esc1
874,24.97,38.91,33.69,6.34,9.67,0.25,12.62,99.61,68.39,4707026.37,18.86,58.81,0.38,19.82,97.59,1.76,5.58,0,0,0,1,0,0,0,Esc1
875,23.56,38.85,32.76,6.12,9.29,0.25,10.19,99.22,63.73,4352638.42,20.39,60.07,0.38,16.82,97.79,3.05,5.1,0,0,0,1,0,0,0,Esc1
876,24.82,38.84,33.99,6.26,9.52,0.25,11.21,99.73,68.28,4571477.7,19.42,60.14,0.39,17.85,97.67,1.28,4.82,0,0,0,1,0,0,0,Esc1
877,25.01,39.36,33.87,6.3,9.59,0.25,11.85,99.41,68.2,4626261.67,19.19,59.51,0.38,18.74,97.63,1.88,4.72,0,0,0,1,0,0,0,Esc1
878,25.04,39.24,34.03,6.28,9.6,0.25,11.91,99.71,68.63,4643371.61,19.12,59.57,0.38,18.77,97.62,1.37,5.06,0,0,0,1,0,0,0,Esc1
879,23.91,39.03,33.08,6.14,9.33,0.25,10.38,99.16,64.34,4379164.63,20.27,60.07,0.38,16.96,97.77,3.06,5.62,0,0,0,1,0,0,0,Esc1
880,24.74,39.39,33.72,6.27,9.54,0.25,11.69,99.62,67.95,4607231.42,19.27,59.57,0.38,18.59,97.65,1.83,5.53,0,0,0,1,0,0,0,Esc1
881,23.97,38.86,33.19,6.19,9.42,0.25,11.15,99.75,65.81,4502663.36,19.71,59.63,0.38,18.02,97.71,2.04,5.05,0,0,0,1,0,0,0,Esc1
882,24.02,38.83,33.11,6.16,9.38,0.25,10.88,99.44,65.63,4470382.28,19.86,59.81,0.38,17.68,97.73,2.18,5.24,0,0,0,1,0,0,0,Esc1
883,23.92,38.62,33.28,6.13,9.33,0.25,10.28,99.53,65.57,4412935.47,20.12,60.41,0.39,16.79,97.76,1.97,4.95,0,0,0,1,0,0,0,Esc1
884,23.71,39.01,32.84,6.18,9.37,0.25,10.78,99.42,64.53,4432690.04,20.03,59.67,0.38,17.63,97.75,3.15,5.19,0,0,0,1,0,0,0,Esc1
885,24.58,39.26,33.52,6.3,9.54,0.25,11.53,99.43,66.83,4559770.14,19.47,59.51,0.38,18.42,97.67,2.68,5.23,0,0,0,1,0,0,0,Esc1
886,24.97,39.05,33.84,6.33,9.65,0.25,12.27,99.73,68.65,4681451.01,18.96,59.19,0.38,19.32,97.6,1.28,5.6,0,0,0,1,0,0,0,Esc1
887,24.31,38.87,33.08,6.27,9.52,0.25,11.9,99.1,65.95,4570373.38,19.42,58.92,0.37,19.07,97.67,2.84,5.36,0,0,0,1,0,0,0,Esc1
888,23.68,38.8,32.93,6.14,9.3,0.25,10.41,99.53,64.54,4398687.01,20.18,60.04,0.38,17.08,97.77,2.78,5.46,0,0,0,1,0,0,0,Esc1
889,24.57,39.64,33.51,6.24,9.54,0.25,12.09,99.7,67.31,4627504.65,19.18,59.07,0.38,19.19,97.64,1.77,5.54,0,0,0,1,0,0,0,Esc1
890,24.87,39.4,33.95,6.26,9.56,0.25,11.6,99.72,68.31,4608738.9,19.26,59.78,0.38,18.39,97.64,0.98,4.64,0,0,0,1,0,0,0,Esc1
891,23.97,39.26,33.2,6.17,9.39,0.25,11.03,99.61,65.62,4485264.96,19.79,59.71,0.38,17.86,97.72,2.11,4.71,0,0,0,1,0,0,0,Esc1
892,24.75,39.13,33.81,6.25,9.49,0.25,10.88,99.37,67.2,4505492.14,19.7,60.23,0.39,17.45,97.7,2.33,5.19,0,0,0,1,0,0,0,Esc1
893,24.26,38.9,33.59,6.19,9.39,0.25,10.67,99.73,66.31,4466314.62,19.87,60.25,0.38,17.23,97.73,1.86,4.97,0,0,0,1,0,0,0,Esc1
894,24.5,38.74,33.54,6.23,9.47,0.25,11.26,99.52,66.8,4534417.76,19.58,59.75,0.38,18.06,97.69,1.84,5.03,0,0,0,1,0,0,0,Esc1
895,25.06,39.34,34.13,6.32,9.57,0.25,11.33,99.53,68.53,4584873.88,19.36,60.1,0.39,17.96,97.66,1.44,4.87,0,0,0,1,0,0,0,Esc1
896,23.92,38.53,33.5,6.07,9.26,0.25,9.74,99.6,65.24,4353743.94,20.39,60.94,0.39,15.95,97.79,1.8,4.21,0,1,0,1,0,0,0,Esc1
897,25.35,38.77,34.39,6.35,9.59,0.25,10.88,99.51,69.15,4558907.04,19.47,60.66,0.39,17.27,97.67,2.02,5.14,0,0,0,1,0,0,0,Esc1
898,24.23,38.8,33.53,6.19,9.43,0.25,10.69,99.68,66.55,4477672.41,19.82,60.25,0.39,17.29,97.72,1.86,4.99,0,0,0,1,0,0,0,Esc1
899,24.58,38.95,33.55,6.28,9.53,0.25,11.67,99.49,67.14,4580450.23,19.38,59.44,0.38,18.6,97.66,2.02,5.61,0,0,0,1,0,0,0,Esc1
900,24.32,39.21,33.6,6.19,9.39,0.25,10.43,99.54,66.18,4440128.97,19.99,60.45,0.39,16.89,97.74,2.28,4.88,0,0,0,1,0,0,0,Esc1
901,25.18,39.5,34.05,6.31,9.64,0.25,12.53,99.77,69.2,4720112.09,18.81,59.11,0.38,19.58,97.58,1.14,4.76,0,0,0,1,0,0,0,Esc1
902,25.29,38.95,34.19,6.36,9.67,0.25,11.75,99.68,69.35,4650246.46,19.09,59.85,0.39,18.52,97.62,1.65,5.08,0,0,0,1,0,0,0,Esc1
903,23.37,38.74,32.8,6.04,9.22,0.25,9.74,99.41,63.84,4319383.85,20.55,60.53,0.38,16.18,97.81,2.29,4.68,0,1,0,1,0,0,0,Esc1
904,24.78,39.05,34.06,6.24,9.43,0.25,10.43,99.59,67.65,4478118.82,19.82,60.79,0.39,16.75,97.72,1.54,4.82,0,0,0,1,0,0,0,Esc1
905,24.35,39.1,33.57,6.22,9.42,0.25,10.31,99.55,66.9,4454516.95,19.93,60.65,0.39,16.77,97.73,1.94,5.09,0,0,0,1,0,0,0,Esc1
906,24.67,39.54,33.52,6.28,9.55,0.25,11.86,99.36,66.91,4589628.53,19.34,59.22,0.38,18.86,97.66,2.33,5.71,0,0,0,1,0,0,0,Esc1
907,24.68,39.03,33.45,6.25,9.54,0.25,12.11,99.44,67.44,4632420.79,19.16,59.05,0.38,19.23,97.63,2.04,5.75,0,0,0,1,0,0,0,Esc1
908,25.43,39.0,34.46,6.3,9.61,0.25,11.77,99.84,69.94,4667175.78,19.02,60.0,0.39,18.45,97.61,0.74,4.53,0,0,0,1,0,0,0,Esc1
909,24.39,39.2,33.72,6.15,9.39,0.25,10.54,99.69,66.97,4476013.08,19.83,60.5,0.39,17.02,97.72,1.42,4.25,0,0,0,1,0,0,0,Esc1
910,24.56,39.17,33.27,6.25,9.59,0.25,12.88,99.58,67.3,4704903.69,18.87,58.31,0.37,20.31,97.59,1.67,5.44,0,0,0,1,0,0,0,Esc1
911,25.28,39.24,34.12,6.32,9.68,0.25,12.77,99.8,69.28,4743209.35,18.71,58.93,0.38,19.86,97.57,1.31,5.07,0,0,0,1,0,0,0,Esc1
912,24.12,38.94,33.7,6.15,9.27,0.25,9.24,99.5,65.37,4309144.13,20.6,61.48,0.39,15.18,97.81,2.27,4.13,0,1,0,1,0,0,0,Esc1
913,24.84,38.97,33.74,6.29,9.58,0.25,11.91,99.51,67.79,4621051.32,19.21,59.37,0.38,18.86,97.64,1.77,5.31,0,0,0,1,0,0,0,Esc1
914,25.88,39.18,34.26,6.47,9.84,0.25,13.42,99.57,70.73,4844610.44,18.32,58.58,0.38,20.65,97.51,1.74,5.73,0,0,0,1,0,0,0,Esc1
915,22.8,38.25,32.28,6.0,9.12,0.25,9.48,99.42,62.0,4248232.57,20.9,60.36,0.38,15.96,97.85,3.29,4.95,0,1,0,1,0,0,0,Esc1
916,24.69,39.3,33.48,6.28,9.61,0.25,12.59,99.62,67.7,4689057.47,18.93,58.68,0.37,19.87,97.6,1.67,5.23,0,0,0,1,0,0,0,Esc1
917,25.65,39.61,34.41,6.4,9.74,0.25,12.52,99.73,70.12,4740256.57,18.73,59.35,0.38,19.43,97.57,1.7,5.3,0,0,0,1,0,0,0,Esc1
918,25.16,39.21,34.27,6.28,9.57,0.25,11.61,99.87,69.36,4639267.55,19.13,60.01,0.39,18.3,97.63,0.91,4.39,0,0,0,1,0,0,0,Esc1
919,24.77,38.68,33.96,6.27,9.48,0.25,10.71,99.55,67.32,4492967.67,19.76,60.45,0.39,17.16,97.71,2.1,5.11,0,0,0,1,0,0,0,Esc1
920,25.04,39.32,34.08,6.31,9.59,0.25,11.57,99.52,68.49,4608003.54,19.26,59.87,0.39,18.29,97.64,1.56,4.71,0,0,0,1,0,0,0,Esc1
921,24.48,38.97,33.79,6.2,9.43,0.25,10.6,99.65,67.07,4481189.64,19.81,60.48,0.39,17.07,97.72,1.58,4.8,0,0,0,1,0,0,0,Esc1
922,24.01,38.61,33.09,6.15,9.38,0.25,11.1,99.44,65.13,4473577.47,19.84,59.54,0.38,17.97,97.72,2.56,5.36,0,0,0,1,0,0,0,Esc1
923,24.87,38.98,33.94,6.3,9.55,0.25,10.98,99.62,68.54,4558499.83,19.47,60.36,0.39,17.57,97.67,1.48,5.32,0,0,0,1,0,0,0,Esc1
924,24.43,39.66,33.26,6.26,9.55,0.25,12.31,99.43,66.39,4620031.36,19.21,58.68,0.37,19.55,97.64,2.31,5.44,0,0,0,1,0,0,0,Esc1
925,24.96,38.98,33.74,6.3,9.57,0.25,11.92,99.37,67.26,4598471.22,19.3,59.27,0.38,18.85,97.65,2.83,6.4,0,0,0,1,0,0,0,Esc1
926,24.64,39.65,33.4,6.25,9.54,0.25,12.46,99.36,66.93,4644962.72,19.11,58.64,0.37,19.7,97.63,1.98,5.93,0,0,0,1,0,0,0,Esc1
927,25.38,39.56,34.46,6.33,9.62,0.25,11.61,99.85,70.02,4654889.58,19.07,60.15,0.39,18.24,97.62,0.84,4.92,0,0,0,1,0,0,0,Esc1
928,24.48,39.25,33.5,6.22,9.48,0.25,11.62,99.6,67.22,4581292.04,19.38,59.48,0.38,18.56,97.66,1.41,5.2,0,0,0,1,0,0,0,Esc1
929,24.72,39.0,33.79,6.26,9.53,0.25,11.04,99.47,67.64,4536724.13,19.57,60.14,0.39,17.69,97.68,1.76,4.95,0,0,0,1,0,0,0,Esc1
930,24.99,39.25,33.71,6.34,9.62,0.25,12.35,99.49,67.76,4658460.22,19.06,58.96,0.38,19.45,97.62,2.47,5.65,0,0,0,1,0,0,0,Esc1
931,24.64,38.92,33.72,6.23,9.52,0.25,11.55,99.59,67.58,4583820.02,19.37,59.66,0.38,18.39,97.66,1.77,5.12,0,0,0,1,0,0,0,Esc1
932,24.41,39.25,33.68,6.16,9.37,0.25,10.36,99.53,66.55,4444208.79,19.97,60.59,0.39,16.77,97.74,1.81,5.0,0,0,0,1,0,0,0,Esc1
933,24.81,39.3,33.72,6.3,9.57,0.25,11.76,99.59,67.63,4603888.69,19.28,59.48,0.38,18.67,97.65,2.16,5.09,0,0,0,1,0,0,0,Esc1
934,24.21,38.92,33.2,6.2,9.44,0.25,11.24,99.29,65.9,4506980.99,19.7,59.54,0.38,18.14,97.7,2.62,5.73,0,0,0,1,0,0,0,Esc1
935,25.0,38.93,33.76,6.32,9.65,0.25,12.62,99.63,68.9,4724702.13,18.79,58.9,0.38,19.81,97.58,1.46,5.42,0,0,0,1,0,0,0,Esc1
936,25.28,39.2,34.06,6.34,9.67,0.25,12.39,99.68,69.68,4722818.18,18.8,59.29,0.38,19.41,97.58,1.34,5.07,0,0,0,1,0,0,0,Esc1
937,24.39,38.85,33.69,6.18,9.41,0.25,10.72,99.75,66.97,4490635.91,19.77,60.33,0.39,17.27,97.71,1.46,5.08,0,0,0,1,0,0,0,Esc1
938,24.29,38.74,33.47,6.23,9.39,0.25,10.17,99.31,66.09,4414124.73,20.11,60.63,0.39,16.58,97.75,2.55,5.48,0,0,0,1,0,0,0,Esc1
939,24.19,39.06,33.47,6.19,9.38,0.25,10.49,99.49,66.01,4441563.19,19.99,60.33,0.39,17.02,97.74,2.05,5.0,0,0,0,1,0,0,0,Esc1
940,24.82,38.94,33.9,6.28,9.52,0.25,11.18,99.62,67.88,4556996.12,19.48,60.08,0.39,17.84,97.67,1.74,4.95,0,0,0,1,0,0,0,Esc1
941,25.41,38.94,34.75,6.31,9.58,0.25,10.42,99.86,70.17,4548785.66,19.51,61.33,0.4,16.55,97.67,0.83,4.38,0,0,0,1,0,0,0,Esc1
942,24.69,38.88,33.66,6.24,9.53,0.25,11.73,99.48,67.36,4592410.29,19.33,59.44,0.38,18.65,97.65,1.89,4.99,0,0,0,1,0,0,0,Esc1
943,24.58,39.23,33.66,6.26,9.51,0.25,10.98,99.45,67.22,4522631.74,19.63,60.11,0.39,17.64,97.69,2.13,4.46,0,0,0,1,0,0,0,Esc1
944,24.57,39.19,33.58,6.24,9.49,0.25,11.46,99.38,66.6,4542790.93,19.54,59.56,0.38,18.29,97.68,2.17,5.23,0,0,0,1,0,0,0,Esc1
945,24.8,39.2,34.0,6.26,9.51,0.25,10.82,99.71,68.4,4542139.28,19.54,60.51,0.39,17.34,97.68,1.36,4.58,0,0,0,1,0,0,0,Esc1
946,25.04,39.25,33.79,6.34,9.64,0.25,12.36,99.47,68.33,4677006.5,18.98,59.05,0.38,19.44,97.6,1.98,5.61,0,0,0,1,0,0,0,Esc1
947,24.35,38.52,33.57,6.2,9.43,0.25,10.72,99.67,66.78,4487950.19,19.78,60.27,0.39,17.31,97.71,1.92,4.55,0,0,0,1,0,0,0,Esc1
948,24.39,39.34,33.81,6.15,9.39,0.25,10.67,99.84,66.94,4483916.85,19.8,60.4,0.39,17.16,97.72,0.98,4.56,0,0,0,1,0,0,0,Esc1
949,24.23,39.4,33.58,6.18,9.41,0.25,10.8,99.7,66.39,4482106.53,19.8,60.15,0.38,17.4,97.72,1.26,4.65,0,0,0,1,0,0,0,Esc1
950,25.3,39.01,34.14,6.36,9.66,0.25,12.17,99.54,68.93,4673490.7,18.99,59.41,0.38,19.06,97.61,1.84,5.14,0,0,0,1,0,0,0,Esc1
951,24.13,38.9,33.38,6.18,9.37,0.25,10.45,99.43,65.84,4432553.5,20.03,60.32,0.38,16.99,97.75,2.3,4.87,0,0,0,1,0,0,0,Esc1
952,23.64,38.83,32.63,6.16,9.36,0.25,11.17,99.38,64.24,4459192.27,19.91,59.21,0.37,18.23,97.73,3.06,5.87,0,0,0,1,0,0,0,Esc1
953,25.05,39.55,33.88,6.3,9.58,0.25,12.08,99.48,67.97,4637012.04,19.14,59.28,0.38,19.02,97.63,2.22,5.75,0,0,0,1,0,0,0,Esc1
954,25.38,39.41,33.93,6.4,9.73,0.25,12.95,99.59,69.26,4759870.53,18.65,58.7,0.38,20.17,97.56,2.0,5.97,0,0,0,1,0,0,0,Esc1
955,24.5,38.31,33.57,6.24,9.51,0.25,11.46,99.61,67.15,4562086.82,19.46,59.63,0.38,18.31,97.67,1.49,5.22,0,0,0,1,0,0,0,Esc1
956,25.31,38.63,33.96,6.34,9.65,0.25,12.25,99.36,68.96,4683482.84,18.95,59.27,0.38,19.25,97.6,2.16,5.52,0,0,0,1,0,0,0,Esc1
957,24.5,38.58,33.6,6.23,9.48,0.25,10.83,99.31,66.66,4487828.25,19.78,60.14,0.39,17.45,97.71,2.19,5.4,0,0,0,1,0,0,0,Esc1
958,24.47,39.6,33.38,6.21,9.49,0.25,12.29,99.53,66.4,4615921.74,19.23,58.74,0.37,19.47,97.64,1.97,5.58,0,0,0,1,0,0,0,Esc1
959,24.72,39.18,33.94,6.26,9.49,0.25,10.78,99.56,67.94,4522415.33,19.63,60.47,0.39,17.28,97.69,1.48,4.55,0,0,0,1,0,0,0,Esc1
960,25.01,39.59,33.84,6.27,9.61,0.25,12.63,99.77,68.58,4711102.44,18.84,58.87,0.38,19.77,97.59,1.16,5.33,0,0,0,1,0,0,0,Esc1
961,24.14,38.69,33.62,6.17,9.33,0.25,9.85,99.47,65.79,4376956.83,20.28,60.94,0.39,16.07,97.78,1.89,4.28,0,1,0,1,0,0,0,Esc1
962,25.44,39.07,34.21,6.36,9.66,0.25,11.84,99.55,69.35,4655068.04,19.07,59.76,0.39,18.62,97.61,1.79,5.41,0,0,0,1,0,0,0,Esc1
963,24.06,38.89,33.2,6.19,9.42,0.25,11.11,99.59,65.93,4499451.34,19.73,59.67,0.38,17.97,97.71,2.29,5.67,0,0,0,1,0,0,0,Esc1
964,25.29,38.95,34.21,6.32,9.65,0.25,12.14,99.67,69.39,4685657.24,18.94,59.51,0.38,19.02,97.6,1.26,5.07,0,0,0,1,0,0,0,Esc1
965,24.61,39.12,33.45,6.22,9.51,0.25,12.09,99.49,66.83,4611030.23,19.25,58.99,0.38,19.19,97.65,2.05,5.76,0,0,0,1,0,0,0,Esc1
966,24.38,38.82,33.5,6.22,9.44,0.25,11.08,99.69,67.08,4530088.28,19.6,59.94,0.38,17.85,97.69,1.85,5.06,0,0,0,1,0,0,0,Esc1
967,24.2,38.3,33.54,6.14,9.33,0.25,9.94,99.45,66.08,4396908.56,20.19,60.88,0.39,16.24,97.77,2.32,4.26,0,1,0,1,0,0,0,Esc1
968,24.24,39.78,33.28,6.2,9.44,0.25,11.24,99.44,65.89,4505975.44,19.7,59.56,0.38,18.11,97.7,2.72,5.54,0,0,0,1,0,0,0,Esc1
969,24.73,38.73,34.08,6.25,9.49,0.25,10.35,99.84,68.53,4506873.03,19.7,61.0,0.39,16.67,97.7,1.2,4.05,0,0,0,1,0,0,0,Esc1
970,24.12,38.44,33.43,6.19,9.34,0.25,10.04,99.44,65.66,4390575.58,20.22,60.69,0.39,16.4,97.77,2.46,4.68,0,0,0,1,0,0,0,Esc1
971,24.11,39.09,33.26,6.16,9.37,0.25,10.73,99.35,65.62,4451952.89,19.94,59.98,0.38,17.42,97.74,2.26,5.02,0,0,0,1,0,0,0,Esc1
972,23.79,39.06,32.85,6.12,9.32,0.25,10.82,99.22,64.51,4430712.51,20.03,59.62,0.38,17.67,97.75,2.95,5.55,0,0,0,1,0,0,0,Esc1
973,24.94,39.37,33.75,6.28,9.58,0.25,12.12,99.59,68.05,4647093.78,19.1,59.21,0.38,19.14,97.62,1.93,5.64,0,0,0,1,0,0,0,Esc1
974,25.31,38.82,34.15,6.35,9.68,0.25,12.32,99.78,69.76,4715128.75,18.83,59.39,0.38,19.28,97.58,1.11,5.24,0,0,0,1,0,0,0,Esc1
975,24.26,39.47,33.4,6.21,9.44,0.25,11.23,99.61,66.31,4519230.83,19.64,59.68,0.38,18.06,97.7,1.86,5.08,0,0,0,1,0,0,0,Esc1
976,24.31,38.58,33.46,6.19,9.43,0.25,11.3,99.72,66.74,4539259.55,19.56,59.7,0.38,18.14,97.69,2.04,5.12,0,0,0,1,0,0,0,Esc1
977,23.46,38.81,32.93,6.07,9.23,0.25,9.69,99.46,63.96,4316272.36,20.57,60.64,0.38,16.06,97.81,2.41,4.84,0,1,0,1,0,0,0,Esc1
978,24.64,38.63,33.75,6.23,9.47,0.25,10.89,99.45,67.12,4505766.48,19.7,60.19,0.39,17.48,97.7,1.93,4.87,0,0,0,1,0,0,0,Esc1
979,24.47,39.3,33.53,6.21,9.49,0.25,11.36,99.57,66.96,4549617.9,19.51,59.69,0.38,18.2,97.68,1.97,5.06,0,0,0,1,0,0,0,Esc1
980,24.6,39.16,33.77,6.24,9.45,0.25,10.81,99.52,67.05,4494660.2,19.75,60.26,0.39,17.35,97.71,2.03,5.47,0,0,0,1,0,0,0,Esc1
981,24.17,39.5,32.97,6.18,9.46,0.25,12.21,99.17,65.29,4575956.53,19.4,58.51,0.37,19.5,97.67,2.27,5.3,0,0,0,1,0,0,0,Esc1
982,23.76,39.51,32.81,6.15,9.42,0.25,11.42,99.49,64.73,4497220.68,19.74,59.12,0.37,18.51,97.71,2.39,5.04,0,0,0,1,0,0,0,Esc1
983,24.69,39.28,33.68,6.28,9.51,0.25,11.38,99.41,67.31,4556918.59,19.48,59.75,0.38,18.17,97.67,2.23,5.44,0,0,0,1,0,0,0,Esc1
984,24.03,38.31,33.29,6.18,9.38,0.25,10.02,99.39,66.2,4412142.77,20.12,60.74,0.39,16.45,97.76,2.19,4.84,0,0,0,1,0,0,0,Esc1
985,24.32,38.86,33.5,6.21,9.43,0.25,10.79,99.45,66.35,4477439.96,19.83,60.11,0.38,17.42,97.72,2.14,4.9,0,0,0,1,0,0,0,Esc1
986,24.06,38.94,33.17,6.16,9.39,0.25,10.99,99.29,65.42,4473433.47,19.84,59.71,0.38,17.81,97.72,2.12,4.66,0,0,0,1,0,0,0,Esc1
987,23.0,39.0,32.54,5.97,9.07,0.25,9.13,99.07,61.47,4190160.58,21.18,60.67,0.38,15.32,97.88,3.5,5.01,0,1,0,1,0,0,0,Esc1
988,24.81,39.26,33.42,6.32,9.58,0.25,12.2,99.17,66.88,4615106.49,19.23,58.86,0.38,19.34,97.64,2.87,6.58,0,0,0,1,0,0,0,Esc1
989,25.81,39.03,34.63,6.39,9.72,0.25,12.11,99.69,70.71,4715969.01,18.82,59.84,0.39,18.83,97.58,1.28,5.09,0,0,0,1,0,0,0,Esc1
990,23.46,39.21,32.7,6.12,9.25,0.25,9.79,98.88,62.82,4284167.98,20.72,60.27,0.38,16.25,97.83,3.58,5.51,0,1,0,1,0,0,0,Esc1
991,24.78,39.1,33.95,6.23,9.48,0.25,11.23,99.78,68.33,4575039.18,19.4,60.11,0.39,17.9,97.67,0.81,5.19,0,0,0,1,0,0,0,Esc1
992,25.04,39.71,34.2,6.3,9.58,0.25,11.42,99.7,68.61,4596484.94,19.31,60.07,0.39,18.05,97.65,1.03,4.58,0,0,0,1,0,0,0,Esc1
993,23.54,38.78,32.94,6.08,9.27,0.25,10.36,99.63,64.63,4398116.89,20.18,60.11,0.38,17.02,97.77,1.99,5.13,0,0,0,1,0,0,0,Esc1
994,25.44,39.04,34.36,6.33,9.66,0.25,12.16,99.83,70.23,4712992.53,18.83,59.65,0.39,19.0,97.59,0.72,5.11,0,0,0,1,0,0,0,Esc1
995,24.45,39.01,33.41,6.25,9.52,0.25,11.67,99.44,66.44,4561802.15,19.46,59.3,0.38,18.64,97.67,2.28,4.8,0,0,0,1,0,0,0,Esc1
996,25.83,38.98,34.52,6.39,9.77,0.25,12.82,99.74,71.06,4796645.37,18.51,59.23,0.38,19.8,97.54,0.79,5.12,0,0,0,1,0,0,0,Esc1
997,24.28,38.65,33.56,6.14,9.35,0.25,10.68,99.72,66.7,4481245.67,19.81,60.28,0.39,17.27,97.72,1.48,5.11,0,0,0,1,0,0,0,Esc1
998,24.29,39.16,33.67,6.19,9.36,0.25,10.07,99.55,66.19,4406880.88,20.14,60.8,0.39,16.37,97.76,2.24,4.92,0,0,0,1,0,0,0,Esc1
999,24.57,38.94,33.58,6.26,9.5,0.25,11.1,99.57,67.42,4539456.07,19.55,59.99,0.38,17.84,97.68,2.03,5.88,0,0,0,1,0,0,0,Esc1
0,5.93,13.53,15.89,1.81,5.22,0.29,6.64,88.16,29.99,3165642.28,37.39,45.51,0.11,17.11,98.54,41.71,21.93,0,1,0,0,0,0,0,Esc2
1,5.63,13.36,15.62,1.74,5.03,0.29,5.66,87.61,27.32,3026338.04,39.11,45.92,0.1,14.97,98.61,44.57,22.79,0,1,0,0,0,1,0,Esc2
2,5.79,13.21,15.77,1.79,5.14,0.29,6.16,87.83,28.86,3098478.11,38.2,45.73,0.11,16.07,98.57,42.52,22.7,0,1,0,0,0,0,0,Esc2
3,5.77,13.49,15.83,1.77,5.13,0.29,5.79,87.71,29.05,3060497.15,38.67,46.13,0.11,15.19,98.59,41.76,22.18,0,1,0,0,0,0,0,Esc2
4,5.74,13.2,15.74,1.77,5.15,0.29,5.87,87.73,28.93,3070788.23,38.54,46.02,0.11,15.44,98.58,42.26,21.96,0,1,0,0,0,0,0,Esc2
5,5.73,13.55,15.72,1.77,5.12,0.29,6.04,88.22,28.83,3092612.71,38.27,45.87,0.11,15.86,98.58,42.73,23.04,0,1,0,0,0,0,0,Esc2
6,5.72,13.29,15.72,1.73,5.05,0.29,5.63,87.22,28.04,3023871.71,39.14,46.03,0.11,14.83,98.61,42.89,23.25,0,1,0,0,0,1,0,Esc2
7,5.52,13.36,15.56,1.7,4.99,0.29,5.42,87.26,26.79,2992785.8,39.55,46.02,0.1,14.43,98.63,44.68,23.24,0,1,0,0,0,1,0,Esc2
8,5.89,13.22,15.82,1.8,5.17,0.29,5.88,87.82,29.77,3081767.51,38.41,46.17,0.11,15.43,98.58,41.39,22.58,0,1,0,0,0,0,0,Esc2
9,5.66,13.44,15.65,1.75,5.05,0.29,5.61,88.18,28.4,3046215.85,38.85,46.23,0.11,14.92,98.6,43.23,22.92,0,1,0,0,0,1,0,Esc2
10,5.9,13.41,15.91,1.8,5.24,0.29,6.85,88.44,29.71,3185875.86,37.15,45.29,0.11,17.56,98.53,41.47,21.37,0,1,0,0,0,0,0,Esc2
11,5.92,13.58,15.8,1.82,5.2,0.29,6.54,87.93,29.56,3146066.63,37.62,45.45,0.11,16.93,98.55,42.17,22.04,0,1,0,0,0,0,0,Esc2
12,5.45,13.26,15.47,1.69,4.89,0.29,4.63,86.9,25.99,2901664.41,40.79,46.65,0.1,12.56,98.67,45.79,23.56,0,1,0,0,0,1,0,Esc2
13,5.72,13.63,15.72,1.75,5.17,0.29,6.5,88.16,28.79,3136749.31,37.73,45.39,0.11,16.88,98.55,43.02,23.08,0,1,0,0,0,0,0,Esc2
14,5.81,13.53,15.75,1.81,5.25,0.29,7.1,88.25,29.33,3205377.2,36.92,44.87,0.11,18.2,98.52,42.99,22.57,0,1,0,0,1,0,0,Esc2
15,5.62,13.55,15.59,1.77,5.11,0.3,6.06,88.85,28.08,3098937.51,38.19,45.79,0.1,16.02,98.57,44.29,23.46,0,1,0,0,0,0,0,Esc2
16,5.73,13.33,15.72,1.8,5.18,0.29,6.2,88.07,28.79,3106982.86,38.09,45.68,0.11,16.22,98.57,43.31,23.06,0,1,0,0,0,0,0,Esc2
17,5.69,13.78,15.64,1.75,5.11,0.29,6.32,87.93,28.11,3106825.99,38.1,45.39,0.1,16.51,98.57,43.73,22.88,0,1,0,0,0,0,0,Esc2
18,5.81,13.78,15.76,1.79,5.17,0.29,6.55,87.71,28.82,3134063.25,37.76,45.29,0.11,16.94,98.56,42.88,23.48,0,1,0,0,0,0,0,Esc2
19,5.8,13.44,15.8,1.77,5.15,0.29,6.41,87.98,28.87,3123762.07,37.89,45.5,0.11,16.61,98.56,42.22,22.1,0,1,0,0,0,0,0,Esc2
20,6.03,13.48,16.18,1.84,5.39,0.3,7.15,89.54,32.09,3261673.94,36.29,45.59,0.11,18.12,98.49,38.73,20.24,0,1,0,0,0,0,0,Esc2
21,5.66,13.38,15.71,1.74,5.08,0.29,5.56,88.09,28.16,3034557.84,39.0,46.27,0.11,14.73,98.6,43.5,22.96,0,1,0,0,0,1,0,Esc2
22,5.58,13.73,15.63,1.74,5.06,0.29,5.7,88.03,27.68,3041841.26,38.91,46.0,0.1,15.09,98.6,43.6,22.65,0,1,0,0,0,0,0,Esc2
23,5.93,13.66,15.9,1.81,5.28,0.29,7.12,88.06,30.23,3215394.46,36.81,45.04,0.11,18.15,98.51,40.82,22.42,0,1,0,0,0,0,0,Esc2
24,5.65,13.42,15.68,1.76,5.1,0.29,5.74,88.18,28.56,3059666.02,38.68,46.12,0.11,15.2,98.59,43.22,22.23,0,1,0,0,0,0,0,Esc2
25,5.64,13.19,15.49,1.76,5.07,0.29,6.51,86.47,26.65,3080182.34,38.43,44.68,0.1,16.9,98.58,45.68,24.49,0,1,0,0,1,0,0,Esc2
26,5.82,13.51,15.73,1.79,5.16,0.29,6.37,87.85,28.74,3116173.67,37.98,45.46,0.11,16.56,98.56,43.37,23.43,0,1,0,0,0,0,0,Esc2
27,5.93,13.56,15.96,1.84,5.35,0.3,7.44,89.33,31.47,3284400.47,36.04,45.06,0.11,18.91,98.48,40.14,21.25,0,1,0,0,0,0,0,Esc2
28,5.77,13.43,15.71,1.77,5.09,0.29,6.04,87.41,28.22,3069098.87,38.56,45.65,0.11,15.79,98.59,43.93,22.65,0,1,0,0,0,0,0,Esc2
29,5.76,13.36,15.67,1.77,5.08,0.29,6.29,87.16,28.02,3089044.35,38.31,45.32,0.1,16.36,98.58,44.16,22.71,0,1,0,0,0,0,0,Esc2
30,5.82,13.53,15.82,1.78,5.18,0.29,6.34,88.16,29.48,3130308.77,37.81,45.71,0.11,16.48,98.56,41.8,21.76,0,1,0,0,0,0,0,Esc2
31,5.61,13.5,15.59,1.72,5.06,0.29,5.89,87.76,27.74,3058083.72,38.7,45.75,0.1,15.55,98.59,43.6,23.2,0,1,0,0,0,0,0,Esc2
32,5.82,13.39,15.82,1.79,5.14,0.29,5.9,87.8,28.68,3068900.0,38.57,45.99,0.11,15.45,98.59,42.97,21.51,0,1,0,0,0,0,0,Esc2
33,5.68,13.56,15.53,1.77,5.05,0.29,6.16,86.61,27.02,3054581.49,38.75,45.15,0.1,16.11,98.6,45.93,25.0,0,1,0,0,0,0,0,Esc2
34,5.78,13.5,15.86,1.79,5.19,0.29,6.33,88.8,29.5,3136682.73,37.73,45.82,0.11,16.45,98.55,41.72,21.43,0,1,0,0,0,0,0,Esc2
35,5.67,13.66,15.63,1.74,5.12,0.3,5.82,88.11,28.42,3066699.52,38.59,46.0,0.11,15.41,98.59,42.87,23.71,0,1,0,0,0,0,0,Esc2
36,5.72,13.34,15.61,1.78,5.13,0.29,6.46,87.01,27.75,3101050.39,38.17,45.05,0.1,16.78,98.57,44.23,23.62,0,1,0,0,0,0,0,Esc2
37,5.93,13.64,16.05,1.81,5.32,0.3,7.06,89.4,31.56,3246110.57,36.46,45.52,0.11,18.02,98.5,39.44,21.05,0,1,0,0,0,0,0,Esc2
38,5.68,13.39,15.74,1.77,5.11,0.29,6.02,88.14,28.39,3082105.29,38.4,45.83,0.11,15.77,98.58,43.15,22.44,0,1,0,0,0,0,0,Esc2
39,5.61,13.35,15.69,1.72,5.07,0.29,5.87,88.45,28.09,3071036.3,38.54,45.98,0.11,15.48,98.59,42.98,22.24,0,1,0,0,0,0,0,Esc2
40,5.72,13.52,15.9,1.76,5.21,0.3,6.58,89.38,29.72,3172889.41,37.3,45.68,0.11,17.02,98.54,41.06,21.32,0,1,0,0,0,0,0,Esc2
41,5.71,13.59,15.74,1.75,5.1,0.29,5.83,87.5,28.7,3056278.21,38.73,45.96,0.11,15.31,98.59,42.15,22.4,0,1,0,0,0,0,0,Esc2
42,5.8,13.64,15.74,1.81,5.08,0.29,5.69,87.24,28.32,3035612.7,38.99,46.04,0.11,14.97,98.6,43.57,22.33,0,1,0,0,0,1,0,Esc2
43,5.87,13.67,15.78,1.8,5.11,0.29,5.68,87.57,28.96,3047771.36,38.83,46.2,0.11,14.96,98.6,43.37,23.09,0,1,0,0,0,1,0,Esc2
44,5.71,13.57,15.75,1.76,5.17,0.29,6.52,88.33,29.07,3145475.44,37.63,45.44,0.11,16.93,98.55,42.52,22.56,0,1,0,0,0,0,0,Esc2
45,5.84,13.13,15.89,1.78,5.21,0.29,6.61,87.97,29.81,3156021.61,37.5,45.48,0.11,17.02,98.54,40.51,21.24,0,1,0,0,0,0,0,Esc2
46,5.74,13.44,15.78,1.73,5.1,0.29,5.46,88.27,29.09,3041461.17,38.91,46.59,0.11,14.5,98.6,41.76,21.37,0,1,0,0,0,1,0,Esc2
47,5.73,13.45,15.69,1.8,5.1,0.29,6.0,88.12,28.47,3082702.21,38.39,45.84,0.11,15.77,98.58,44.14,22.88,0,1,0,0,0,0,0,Esc2
48,5.91,13.55,15.85,1.82,5.23,0.29,6.6,88.14,30.2,3165074.6,37.39,45.54,0.11,17.06,98.54,41.11,22.36,0,1,0,0,0,0,0,Esc2
49,5.73,13.54,15.75,1.77,5.1,0.29,5.91,87.79,28.18,3062170.39,38.65,45.87,0.11,15.48,98.59,43.37,22.09,0,1,0,0,0,0,0,Esc2
50,5.83,13.35,15.68,1.76,5.07,0.29,5.85,87.42,27.99,3051902.37,38.78,45.84,0.11,15.38,98.6,44.38,23.41,0,1,0,0,0,0,0,Esc2
51,5.78,13.45,15.72,1.78,5.16,0.29,6.77,87.67,28.41,3148754.33,37.59,44.98,0.1,17.44,98.55,43.36,23.02,0,1,0,0,1,0,0,Esc2
52,5.64,13.63,15.64,1.76,5.09,0.29,6.09,88.01,27.85,3080738.19,38.42,45.61,0.1,15.97,98.58,44.14,23.27,0,1,0,0,0,0,0,Esc2
53,5.78,13.77,15.72,1.77,5.17,0.29,6.76,87.3,28.23,3139353.69,37.7,44.91,0.1,17.39,98.55,43.46,23.28,0,1,0,0,1,0,0,Esc2
54,5.72,13.34,15.67,1.77,5.14,0.29,6.44,87.75,28.26,3117087.88,37.97,45.28,0.1,16.75,98.56,42.82,22.93,0,1,0,0,0,0,0,Esc2
55,5.71,13.33,15.71,1.75,5.13,0.29,6.27,87.64,28.56,3102597.13,38.15,45.51,0.11,16.34,98.57,43.04,22.75,0,1,0,0,0,0,0,Esc2
56,5.78,13.88,15.74,1.78,5.13,0.29,6.25,87.75,27.89,3091305.67,38.29,45.46,0.1,16.26,98.58,44.59,23.03,0,1,0,0,0,0,0,Esc2
57,5.66,13.22,15.67,1.76,5.1,0.29,5.95,87.83,28.03,3067740.14,38.58,45.77,0.11,15.65,98.59,43.94,22.68,0,1,0,0,0,0,0,Esc2
58,6.03,13.69,16.11,1.84,5.43,0.3,7.9,89.17,31.77,3328896.98,35.55,44.71,0.11,19.74,98.46,39.21,21.03,0,1,0,0,1,0,0,Esc2
59,5.6,13.08,15.67,1.7,5.01,0.29,5.42,88.12,27.7,3015528.48,39.25,46.33,0.11,14.43,98.61,43.59,22.68,0,1,0,0,0,1,0,Esc2
60,5.75,13.5,15.6,1.76,5.04,0.29,5.86,87.14,27.58,3041498.38,38.91,45.65,0.1,15.44,98.6,44.85,23.51,0,1,0,0,0,0,0,Esc2
61,5.75,13.4,15.88,1.75,5.24,0.3,6.6,89.33,30.15,3183826.68,37.17,45.72,0.11,17.1,98.53,40.18,20.85,0,1,0,0,0,0,0,Esc2
62,5.68,13.47,15.74,1.75,5.07,0.29,5.47,88.01,28.42,3027749.93,39.09,46.39,0.11,14.52,98.61,43.53,22.48,0,1,0,0,0,1,0,Esc2
63,5.61,13.21,15.66,1.73,5.15,0.29,6.69,88.25,28.22,3150038.84,37.57,45.09,0.1,17.33,98.55,42.87,22.76,0,1,0,0,0,0,0,Esc2
64,5.6,13.0,15.69,1.74,5.08,0.29,5.51,88.3,28.1,3033257.35,39.02,46.34,0.11,14.64,98.6,44.07,22.41,0,1,0,0,0,1,0,Esc2
65,5.74,13.7,15.65,1.76,5.1,0.29,6.28,87.03,27.69,3082012.75,38.4,45.24,0.1,16.35,98.58,44.0,22.55,0,1,0,0,0,0,0,Esc2
66,5.78,13.5,15.73,1.79,5.17,0.29,6.36,88.22,28.79,3123670.79,37.89,45.54,0.11,16.57,98.56,42.99,22.68,0,1,0,0,0,0,0,Esc2
67,5.77,13.64,15.85,1.78,5.21,0.3,6.52,88.49,29.98,3159650.0,37.46,45.64,0.11,16.9,98.54,40.89,21.63,0,1,0,0,0,0,0,Esc2
68,5.63,13.49,15.55,1.71,5.01,0.29,5.92,87.41,27.17,3047052.1,38.84,45.55,0.1,15.61,98.6,45.27,23.86,0,1,0,0,0,0,0,Esc2
69,5.81,13.37,15.65,1.78,5.12,0.29,6.26,87.13,28.04,3086798.36,38.34,45.33,0.1,16.33,98.58,44.17,23.97,0,1,0,0,0,0,0,Esc2
70,5.79,13.26,15.7,1.8,5.17,0.3,6.09,88.32,29.34,3108454.58,38.08,45.9,0.11,16.02,98.57,42.19,22.58,0,1,0,0,0,0,0,Esc2
71,5.92,13.35,15.89,1.81,5.27,0.29,6.83,87.8,30.05,3177597.54,37.25,45.24,0.11,17.51,98.53,40.83,22.4,0,1,0,0,0,0,0,Esc2
72,5.64,13.53,15.69,1.71,5.1,0.29,5.68,88.33,28.4,3056499.86,38.72,46.21,0.11,15.07,98.59,43.33,23.2,0,1,0,0,0,0,0,Esc2
73,5.7,13.11,15.59,1.77,5.08,0.29,5.88,87.54,27.79,3054517.65,38.75,45.73,0.1,15.52,98.59,44.51,23.53,0,1,0,0,0,0,0,Esc2
74,5.68,13.57,15.64,1.73,5.06,0.29,5.63,87.7,28.01,3034153.08,39.01,46.06,0.11,14.93,98.6,42.91,22.89,0,1,0,0,0,1,0,Esc2
75,5.81,13.46,15.82,1.8,5.16,0.29,6.4,88.43,29.3,3134448.08,37.76,45.63,0.11,16.61,98.56,42.41,22.43,0,1,0,0,0,0,0,Esc2
76,5.78,13.58,15.63,1.79,5.2,0.29,7.03,87.5,28.08,3171300.83,37.32,44.61,0.1,18.07,98.54,44.28,24.17,0,1,0,0,1,0,0,Esc2
77,5.58,13.14,15.47,1.71,4.96,0.29,5.24,86.72,26.38,2962351.03,39.95,46.02,0.1,14.03,98.64,45.83,23.83,0,1,0,0,0,1,0,Esc2
78,5.75,13.43,15.81,1.77,5.16,0.29,6.31,88.48,29.47,3129918.1,37.81,45.75,0.11,16.44,98.56,41.24,21.76,0,1,0,0,0,0,0,Esc2
79,5.46,13.42,15.56,1.69,5.07,0.3,6.0,88.7,27.6,3082983.84,38.39,45.75,0.1,15.86,98.58,44.41,23.49,0,1,0,0,0,0,0,Esc2
80,5.58,13.29,15.54,1.74,5.01,0.29,5.38,87.3,27.19,2995324.82,39.51,46.11,0.1,14.37,98.62,45.51,23.49,0,1,0,0,0,1,0,Esc2
81,5.71,13.33,15.69,1.76,5.13,0.3,5.97,88.75,29.15,3100234.2,38.18,46.05,0.11,15.77,98.57,42.65,22.87,0,1,0,0,0,0,0,Esc2
82,5.85,13.46,15.89,1.79,5.17,0.29,6.21,88.37,29.34,3114508.19,38.0,45.86,0.11,16.13,98.56,42.19,22.35,0,1,0,0,0,0,0,Esc2
83,5.77,13.23,15.74,1.79,5.14,0.29,6.1,87.9,28.72,3091453.69,38.28,45.75,0.11,15.96,98.58,42.92,22.22,0,1,0,0,0,0,0,Esc2
84,5.56,13.58,15.63,1.76,5.14,0.3,6.39,88.81,28.11,3129114.71,37.82,45.45,0.1,16.73,98.56,43.52,22.11,0,1,0,0,0,0,0,Esc2
85,5.79,13.17,15.75,1.78,5.16,0.3,5.98,88.27,29.23,3092970.84,38.27,46.02,0.11,15.71,98.57,41.98,22.8,0,1,0,0,0,0,0,Esc2
86,5.69,13.43,15.72,1.77,5.14,0.29,6.16,87.92,28.29,3093163.05,38.26,45.64,0.11,16.1,98.57,43.5,22.07,0,1,0,0,0,0,0,Esc2
87,5.77,13.34,15.77,1.78,5.22,0.3,6.37,88.69,29.33,3142004.14,37.67,45.72,0.11,16.61,98.55,42.96,22.69,0,1,0,0,0,0,0,Esc2
88,5.86,13.51,15.88,1.8,5.22,0.29,6.56,88.66,29.66,3159809.81,37.46,45.6,0.11,16.95,98.54,41.67,21.27,0,1,0,0,0,0,0,Esc2
89,5.92,13.33,15.9,1.79,5.18,0.29,6.27,87.66,29.7,3114312.68,38.0,45.76,0.11,16.23,98.56,41.41,21.55,0,1,0,0,0,0,0,Esc2
90,5.79,13.2,15.79,1.79,5.19,0.3,6.36,89.17,29.7,3151768.14,37.55,45.84,0.11,16.61,98.55,42.28,21.99,0,1,0,0,0,0,0,Esc2
91,5.67,13.27,15.65,1.77,5.12,0.3,5.9,88.21,28.92,3083861.92,38.38,46.01,0.11,15.61,98.58,42.31,22.96,0,1,0,0,0,0,0,Esc2
92,5.78,13.29,15.8,1.79,5.19,0.3,6.08,88.55,29.66,3114391.12,38.0,46.05,0.11,15.94,98.56,41.52,21.52,0,1,0,0,0,0,0,Esc2
93,5.78,13.41,15.93,1.77,5.26,0.3,6.84,88.88,30.43,3201513.81,36.97,45.46,0.11,17.57,98.52,40.4,21.29,0,1,0,0,0,0,0,Esc2
94,5.8,13.6,15.76,1.81,5.17,0.29,6.48,87.49,28.66,3121109.29,37.92,45.31,0.11,16.77,98.56,43.33,22.97,0,1,0,0,0,0,0,Esc2
95,5.58,13.28,15.57,1.74,4.99,0.29,4.97,87.6,27.54,2965538.88,39.91,46.69,0.11,13.4,98.64,43.87,23.04,0,1,0,0,0,1,0,Esc2
96,5.71,13.24,15.73,1.78,5.12,0.29,5.6,88.27,28.74,3050071.65,38.8,46.34,0.11,14.85,98.6,42.71,22.63,0,1,0,0,0,1,0,Esc2
97,5.85,13.47,15.8,1.8,5.19,0.29,6.32,88.08,29.73,3131697.32,37.79,45.73,0.11,16.48,98.56,41.81,21.75,0,1,0,0,0,0,0,Esc2
98,5.58,13.3,15.63,1.71,5.09,0.29,6.34,87.38,27.53,3091150.71,38.29,45.21,0.1,16.5,98.58,43.64,22.67,0,1,0,0,0,0,0,Esc2
99,5.84,13.68,15.91,1.79,5.28,0.3,7.09,89.22,30.48,3233585.92,36.6,45.26,0.11,18.14,98.51,40.86,21.98,0,1,0,0,0,0,0,Esc2
100,5.68,13.26,15.61,1.75,5.08,0.29,6.13,87.79,27.6,3078684.91,38.44,45.48,0.1,16.08,98.58,44.72,23.21,0,1,0,0,0,0,0,Esc2
101,5.78,13.18,15.75,1.76,5.14,0.29,5.83,87.77,29.07,3068390.19,38.57,46.08,0.11,15.35,98.59,41.92,21.89,0,1,0,0,0,0,0,Esc2
102,5.85,13.42,15.86,1.79,5.24,0.29,6.58,88.1,29.97,3157883.01,37.48,45.52,0.11,17.01,98.54,41.13,22.16,0,1,0,0,0,0,0,Esc2
103,5.77,13.16,15.64,1.77,5.08,0.29,5.98,87.14,27.92,3058376.77,38.7,45.61,0.11,15.69,98.59,44.13,22.89,0,1,0,0,0,0,0,Esc2
104,5.8,13.8,15.71,1.78,5.18,0.29,6.78,88.36,28.81,3168354.85,37.36,45.13,0.1,17.52,98.54,43.45,23.14,0,1,0,0,0,0,0,Esc2
105,5.61,13.56,15.56,1.74,5.03,0.29,5.77,87.03,26.96,3023242.07,39.15,45.62,0.1,15.23,98.61,44.49,23.42,0,1,0,0,0,0,0,Esc2
106,5.85,13.7,15.83,1.79,5.21,0.3,6.54,88.53,29.84,3158814.69,37.47,45.58,0.11,16.95,98.54,41.91,22.88,0,1,0,0,0,0,0,Esc2
107,5.78,13.47,15.77,1.77,5.16,0.29,6.24,88.29,28.89,3113683.08,38.01,45.71,0.11,16.28,98.56,43.07,22.35,0,1,0,0,0,0,0,Esc2
108,5.64,13.32,15.46,1.73,4.98,0.29,5.65,86.94,26.51,3007801.68,39.35,45.64,0.1,15.01,98.62,45.91,23.9,0,1,0,0,0,0,0,Esc2
109,5.88,13.46,15.89,1.81,5.23,0.3,6.15,88.75,30.49,3134091.46,37.76,46.15,0.11,16.08,98.55,40.55,21.06,0,1,0,0,0,0,0,Esc2
110,5.65,13.52,15.75,1.75,5.12,0.29,5.83,88.2,28.75,3069139.87,38.56,46.09,0.11,15.35,98.59,42.83,21.89,0,1,0,0,0,0,0,Esc2
111,5.8,13.68,15.68,1.79,5.14,0.29,6.51,87.62,28.37,3123652.89,37.89,45.21,0.1,16.9,98.56,43.84,23.37,0,1,0,0,0,0,0,Esc2
112,5.87,13.72,15.81,1.81,5.27,0.29,7.1,87.73,29.9,3204414.92,36.94,44.9,0.11,18.16,98.52,41.67,23.15,0,1,0,0,1,0,0,Esc2
113,5.61,13.28,15.7,1.72,5.06,0.29,5.61,87.52,27.91,3026817.03,39.1,46.08,0.11,14.82,98.61,43.52,22.09,0,1,0,0,0,1,0,Esc2
114,5.66,13.23,15.66,1.77,5.16,0.3,6.29,88.88,28.72,3128265.96,37.83,45.67,0.11,16.49,98.56,43.48,23.35,0,1,0,0,0,0,0,Esc2
115,5.69,13.36,15.7,1.74,5.07,0.29,5.57,87.55,28.31,3029983.28,39.06,46.19,0.11,14.75,98.61,42.96,22.68,0,1,0,0,0,1,0,Esc2
116,5.94,13.48,15.81,1.83,5.24,0.29,7.1,87.22,29.69,3191125.45,37.09,44.81,0.11,18.1,98.53,42.02,22.17,0,1,0,0,1,0,0,Esc2
117,5.87,13.45,15.91,1.79,5.28,0.29,6.97,88.46,30.15,3205461.23,36.92,45.25,0.11,17.83,98.52,40.76,21.36,0,1,0,0,0,0,0,Esc2
118,6.02,13.71,16.08,1.87,5.4,0.3,7.4,89.37,32.05,3287635.5,36.0,45.25,0.11,18.75,98.48,39.84,21.11,0,1,0,0,0,0,0,Esc2
119,5.99,13.43,15.91,1.79,5.22,0.29,6.61,88.24,30.28,3167096.04,37.37,45.58,0.11,17.05,98.54,41.08,22.15,0,1,0,0,0,0,0,Esc2
120,5.59,13.17,15.43,1.73,4.9,0.29,5.04,86.57,25.87,2933657.19,40.34,46.11,0.1,13.55,98.66,46.75,24.22,0,1,0,0,0,1,0,Esc2
121,5.89,13.33,15.87,1.81,5.26,0.3,6.76,88.65,30.36,3191247.3,37.09,45.47,0.11,17.44,98.53,40.73,21.31,0,1,0,0,0,0,0,Esc2
122,5.67,13.78,15.56,1.74,5.0,0.29,5.71,87.48,26.7,3020528.82,39.18,45.72,0.1,15.1,98.61,46.48,23.39,0,1,0,0,0,0,0,Esc2
123,5.67,13.28,15.64,1.76,5.11,0.29,6.01,87.43,28.05,3068054.29,38.58,45.63,0.11,15.79,98.59,44.07,23.14,0,1,0,0,0,0,0,Esc2
124,5.81,13.53,15.89,1.78,5.2,0.29,6.32,87.91,29.69,3125027.08,37.87,45.76,0.11,16.37,98.56,40.68,21.29,0,1,0,0,0,0,0,Esc2
125,5.72,13.06,15.85,1.78,5.19,0.3,6.24,88.55,29.74,3128543.36,37.83,45.92,0.11,16.25,98.56,41.23,21.22,0,1,0,0,0,0,0,Esc2
126,5.71,13.51,15.53,1.76,5.02,0.29,5.79,87.07,27.0,3027951.19,39.09,45.6,0.1,15.31,98.61,46.07,25.3,0,1,0,0,0,0,0,Esc2
127,5.75,13.5,15.62,1.78,5.07,0.29,6.4,86.14,26.93,3066014.3,38.6,44.86,0.1,16.54,98.59,45.41,23.06,0,1,0,0,1,0,0,Esc2
128,5.82,13.54,15.76,1.79,5.19,0.29,6.84,87.85,28.96,3165109.83,37.39,45.02,0.11,17.58,98.54,43.14,23.32,0,1,0,0,0,0,0,Esc2
129,5.62,13.3,15.63,1.73,5.04,0.29,5.79,87.58,27.21,3037602.03,38.96,45.78,0.1,15.26,98.6,44.99,22.65,0,1,0,0,0,0,0,Esc2
130,5.76,13.45,15.72,1.81,5.19,0.29,6.77,87.81,28.65,3154698.02,37.52,45.03,0.1,17.45,98.55,43.27,22.25,0,1,0,0,0,0,0,Esc2
131,5.71,13.58,15.76,1.75,5.17,0.3,6.53,88.72,28.85,3150505.22,37.57,45.48,0.11,16.95,98.55,42.7,22.61,0,1,0,0,0,0,0,Esc2
132,5.78,13.49,15.88,1.78,5.25,0.3,6.74,89.06,30.35,3196190.45,37.03,45.56,0.11,17.41,98.52,40.18,21.91,0,1,0,0,0,0,0,Esc2
133,5.75,13.45,15.71,1.76,5.09,0.29,5.97,88.08,28.45,3079680.25,38.43,45.89,0.11,15.68,98.58,43.72,23.12,0,1,0,0,0,0,0,Esc2
134,5.83,13.66,15.79,1.82,5.2,0.29,6.46,87.86,29.38,3135083.23,37.75,45.5,0.11,16.75,98.55,42.17,22.59,0,1,0,0,0,0,0,Esc2
135,5.61,13.29,15.74,1.75,5.16,0.3,6.13,89.1,29.04,3119556.96,37.94,45.95,0.11,16.11,98.56,42.43,22.31,0,1,0,0,0,0,0,Esc2
136,5.92,13.74,15.84,1.84,5.27,0.29,7.31,87.99,29.64,3223924.61,36.71,44.72,0.11,18.56,98.51,42.35,21.96,0,1,0,0,1,0,0,Esc2
137,5.57,13.61,15.63,1.7,5.05,0.29,5.85,87.72,27.47,3047699.54,38.83,45.76,0.1,15.41,98.6,43.86,23.18,0,1,0,0,0,0,0,Esc2
138,5.85,13.43,15.88,1.79,5.18,0.29,6.27,88.5,30.2,3134448.01,37.76,45.92,0.11,16.32,98.55,40.38,21.26,0,1,0,0,0,0,0,Esc2
139,5.72,13.62,15.68,1.79,5.18,0.3,6.46,88.32,28.98,3141303.11,37.68,45.47,0.11,16.86,98.55,42.83,22.96,0,1,0,0,0,0,0,Esc2
140,5.55,13.09,15.57,1.72,5.0,0.29,5.68,87.33,26.75,3016045.57,39.24,45.74,0.1,15.02,98.61,45.15,23.51,0,1,0,0,0,0,0,Esc2
141,5.53,13.58,15.51,1.7,5.01,0.29,5.84,87.96,26.76,3043575.94,38.89,45.64,0.1,15.48,98.6,45.8,23.99,0,1,0,0,0,0,0,Esc2
142,5.72,13.33,15.81,1.77,5.21,0.3,6.53,89.0,29.61,3164672.27,37.4,45.63,0.11,16.97,98.54,41.59,21.88,0,1,0,0,0,0,0,Esc2
143,5.76,13.37,15.61,1.76,5.06,0.29,6.0,87.22,27.49,3057052.77,38.72,45.53,0.1,15.75,98.59,45.49,23.75,0,1,0,0,0,0,0,Esc2
144,5.45,13.16,15.46,1.69,4.98,0.29,5.38,88.43,26.62,3006393.51,39.37,46.16,0.1,14.47,98.62,46.04,24.08,0,1,0,0,0,1,0,Esc2
145,5.85,13.49,15.94,1.84,5.33,0.3,7.16,89.23,30.81,3246881.45,36.45,45.25,0.11,18.29,98.5,40.4,21.74,0,1,0,0,0,0,0,Esc2
146,5.68,13.27,15.57,1.76,5.02,0.29,5.68,86.7,26.97,3009223.74,39.33,45.67,0.1,15.0,98.62,45.17,23.85,0,1,0,0,0,0,0,Esc2
147,5.72,13.74,15.74,1.74,5.14,0.29,6.33,87.89,28.73,3115131.83,37.99,45.54,0.11,16.47,98.56,42.35,22.19,0,1,0,0,0,0,0,Esc2
148,5.73,13.07,15.71,1.76,5.09,0.29,5.84,87.69,28.3,3057075.27,38.72,45.93,0.11,15.36,98.59,43.46,23.0,0,1,0,0,0,0,0,Esc2
149,5.69,13.53,15.75,1.76,5.15,0.29,6.05,88.29,29.07,3098609.63,38.2,45.93,0.11,15.88,98.57,41.84,22.74,0,1,0,0,0,0,0,Esc2
150,5.67,13.39,15.62,1.73,5.06,0.29,5.94,87.46,27.86,3059652.96,38.68,45.68,0.1,15.64,98.59,44.63,23.53,0,1,0,0,0,0,0,Esc2
151,5.81,13.52,15.66,1.8,5.12,0.29,6.36,86.79,27.78,3084031.6,38.38,45.13,0.1,16.49,98.58,44.75,23.61,0,1,0,0,0,0,0,Esc2
152,5.64,13.57,15.69,1.76,5.02,0.29,5.28,87.58,27.51,2990927.44,39.57,46.39,0.11,14.04,98.63,44.57,21.99,0,1,0,0,0,1,0,Esc2
153,5.79,13.24,15.74,1.78,5.16,0.29,6.3,88.2,29.04,3120056.24,37.93,45.62,0.11,16.44,98.56,42.24,23.58,0,1,0,0,0,0,0,Esc2
154,5.93,13.32,15.95,1.82,5.3,0.3,6.77,89.0,31.04,3207324.82,36.9,45.65,0.11,17.44,98.52,40.21,21.22,0,1,0,0,0,0,0,Esc2
155,5.69,13.5,15.67,1.8,5.22,0.3,6.97,88.85,28.96,3199061.14,37.0,45.0,0.1,18.01,98.52,42.38,23.19,0,1,0,0,1,0,0,Esc2
156,5.68,13.33,15.78,1.75,5.14,0.29,6.03,88.63,28.98,3100455.28,38.17,46.01,0.11,15.82,98.57,42.0,22.43,0,1,0,0,0,0,0,Esc2
157,5.71,13.46,15.59,1.77,5.04,0.29,5.97,87.17,27.1,3045042.04,38.87,45.47,0.1,15.66,98.6,45.58,23.79,0,1,0,0,0,0,0,Esc2
158,5.92,13.69,15.86,1.8,5.22,0.29,6.98,87.88,29.27,3181769.23,37.2,44.98,0.11,17.82,98.53,42.34,22.11,0,1,0,0,1,0,0,Esc2
159,5.65,13.28,15.63,1.75,5.09,0.29,6.59,87.52,27.41,3118919.14,37.95,44.98,0.1,17.07,98.56,44.98,22.32,0,1,0,0,1,0,0,Esc2
160,5.66,13.31,15.7,1.77,5.12,0.3,6.1,89.09,28.57,3111001.48,38.04,45.9,0.11,16.06,98.57,42.92,22.38,0,1,0,0,0,0,0,Esc2
161,5.43,13.2,15.56,1.68,5.0,0.3,5.25,88.58,27.31,3005110.16,39.38,46.49,0.1,14.13,98.62,44.06,22.87,0,1,0,0,0,1,0,Esc2
162,5.68,13.32,15.69,1.76,5.11,0.29,6.26,86.95,27.86,3078725.64,38.44,45.28,0.1,16.27,98.58,43.51,22.3,0,1,0,0,0,0,0,Esc2
163,5.8,13.22,15.67,1.8,5.16,0.29,6.56,86.71,27.89,3106918.16,38.09,44.96,0.1,16.95,98.57,43.99,22.67,0,1,0,0,1,0,0,Esc2
164,5.57,13.33,15.59,1.69,5.03,0.29,5.71,87.92,27.57,3041174.08,38.92,45.94,0.1,15.14,98.6,43.74,22.88,0,1,0,0,0,0,0,Esc2
165,5.83,13.3,15.67,1.78,5.12,0.29,6.62,86.64,27.65,3105008.11,38.12,44.83,0.1,17.05,98.57,44.52,22.68,0,1,0,0,1,0,0,Esc2
166,5.9,13.59,15.95,1.83,5.33,0.3,7.05,89.41,31.22,3245413.07,36.47,45.46,0.11,18.07,98.5,39.82,21.46,0,1,0,0,0,0,0,Esc2
167,5.73,13.41,15.77,1.77,5.12,0.29,6.01,88.61,28.52,3092182.86,38.28,45.96,0.11,15.77,98.58,43.67,22.58,0,1,0,0,0,0,0,Esc2
168,5.86,13.55,15.86,1.8,5.3,0.3,7.57,88.89,30.12,3271096.13,36.18,44.65,0.11,19.17,98.49,41.58,22.01,0,1,0,0,1,0,0,Esc2
169,5.7,13.37,15.66,1.79,5.12,0.3,5.84,88.29,28.86,3076193.18,38.47,46.07,0.11,15.46,98.58,42.92,23.91,0,1,0,0,0,0,0,Esc2
170,5.64,13.51,15.77,1.72,5.07,0.29,5.78,88.4,28.86,3069543.33,38.56,46.2,0.11,15.25,98.59,41.82,21.72,0,1,0,0,0,0,0,Esc2
171,5.81,13.69,15.87,1.8,5.28,0.3,6.8,89.13,30.45,3203960.21,36.94,45.5,0.11,17.56,98.52,40.48,21.74,0,1,0,0,0,0,0,Esc2
172,5.63,13.31,15.42,1.74,4.98,0.29,5.92,86.54,26.0,3018461.93,39.21,45.19,0.1,15.6,98.61,46.9,24.96,0,1,0,0,0,0,0,Esc2
173,5.74,13.5,15.71,1.77,5.11,0.29,5.97,87.14,27.83,3054963.34,38.74,45.64,0.1,15.61,98.59,43.86,22.86,0,1,0,0,0,0,0,Esc2
174,5.69,13.49,15.6,1.73,5.03,0.29,5.76,87.35,27.56,3036194.46,38.98,45.8,0.1,15.22,98.6,43.83,23.59,0,1,0,0,0,0,0,Esc2
175,5.84,13.74,15.83,1.8,5.22,0.3,6.86,88.61,29.8,3193253.79,37.06,45.27,0.11,17.66,98.53,41.73,22.7,0,1,0,0,0,0,0,Esc2
176,5.81,13.64,15.83,1.79,5.18,0.29,6.43,88.22,29.54,3140071.63,37.69,45.64,0.11,16.67,98.55,41.95,22.21,0,1,0,0,0,0,0,Esc2
177,5.57,13.79,15.67,1.73,5.11,0.29,5.98,88.38,28.43,3085032.13,38.36,45.88,0.11,15.75,98.58,43.18,23.02,0,1,0,0,0,0,0,Esc2
178,5.72,13.44,15.74,1.75,5.11,0.29,6.03,87.43,28.31,3071969.37,38.53,45.7,0.11,15.77,98.59,42.9,22.21,0,1,0,0,0,0,0,Esc2
179,5.66,13.53,15.6,1.76,5.1,0.29,6.13,87.53,27.95,3079333.13,38.44,45.49,0.1,16.07,98.58,43.97,23.65,0,1,0,0,0,0,0,Esc2
180,5.73,13.24,15.66,1.79,5.16,0.29,6.64,87.64,28.42,3138721.84,37.71,45.09,0.1,17.2,98.55,43.1,22.31,0,1,0,0,0,0,0,Esc2
181,5.54,13.22,15.49,1.71,5.03,0.29,5.9,87.42,27.05,3045740.25,38.86,45.53,0.1,15.61,98.6,44.51,23.58,0,1,0,0,0,0,0,Esc2
182,5.59,13.3,15.52,1.73,5.0,0.29,5.76,86.37,26.26,3004217.52,39.4,45.42,0.1,15.18,98.62,46.51,23.57,0,1,0,0,0,0,0,Esc2
183,5.76,13.49,15.76,1.79,5.18,0.29,6.47,88.12,28.88,3133813.2,37.77,45.43,0.11,16.8,98.55,42.92,23.11,0,1,0,0,0,0,0,Esc2
184,5.63,13.69,15.52,1.74,4.98,0.29,5.42,86.8,26.64,2982907.25,39.68,45.89,0.1,14.43,98.63,45.49,24.07,0,1,0,0,0,1,0,Esc2
185,5.59,13.37,15.56,1.73,5.04,0.29,5.72,86.85,27.11,3018278.21,39.21,45.68,0.1,15.11,98.61,44.64,22.9,0,1,0,0,0,0,0,Esc2
186,5.57,13.53,15.5,1.72,5.01,0.29,5.75,87.78,26.95,3035524.38,38.99,45.74,0.1,15.27,98.61,45.91,23.96,0,1,0,0,0,0,0,Esc2
187,5.69,13.41,15.54,1.75,5.05,0.29,5.92,87.59,27.27,3051997.6,38.78,45.59,0.1,15.63,98.6,45.63,24.12,0,1,0,0,0,0,0,Esc2
188,5.64,13.32,15.57,1.71,4.98,0.29,5.55,87.3,27.02,3005517.22,39.38,45.9,0.1,14.72,98.62,45.3,23.25,0,1,0,0,0,1,0,Esc2
189,5.63,13.38,15.57,1.78,5.06,0.29,5.97,86.85,26.83,3037642.1,38.96,45.38,0.1,15.65,98.6,45.29,23.35,0,1,0,0,0,0,0,Esc2
190,5.81,13.59,15.79,1.77,5.1,0.29,5.73,88.54,29.19,3071179.59,38.54,46.32,0.11,15.14,98.59,42.04,21.99,0,1,0,0,0,0,0,Esc2
191,5.68,13.53,15.56,1.77,5.11,0.29,6.24,87.37,27.48,3083669.6,38.38,45.27,0.1,16.34,98.58,45.69,24.3,0,1,0,0,0,0,0,Esc2
192,5.87,13.72,15.94,1.82,5.23,0.3,6.44,88.96,30.4,3162764.41,37.42,45.88,0.11,16.69,98.54,41.33,21.6,0,1,0,0,0,0,0,Esc2
193,5.71,13.52,15.63,1.76,5.1,0.29,6.21,87.4,27.92,3086271.66,38.35,45.42,0.1,16.23,98.58,44.0,23.42,0,1,0,0,0,0,0,Esc2
194,5.41,13.07,15.52,1.71,4.99,0.29,5.3,88.32,27.24,3002979.52,39.41,46.35,0.1,14.24,98.62,44.75,23.92,0,1,0,0,0,1,0,Esc2
195,5.75,13.63,15.65,1.77,5.08,0.29,6.15,87.13,27.9,3072836.15,38.52,45.42,0.1,16.06,98.59,44.16,23.13,0,1,0,0,0,0,0,Esc2
196,5.59,13.35,15.52,1.71,4.97,0.29,5.51,86.7,26.46,2986985.98,39.62,45.76,0.1,14.61,98.63,46.16,23.96,0,1,0,0,0,1,0,Esc2
197,5.8,13.45,15.9,1.77,5.25,0.3,6.76,89.46,30.38,3204550.81,36.93,45.61,0.11,17.46,98.52,40.98,21.44,0,1,0,0,0,0,0,Esc2
198,5.78,13.39,15.76,1.74,5.1,0.29,6.06,87.7,28.62,3080424.86,38.42,45.75,0.11,15.83,98.58,42.36,21.52,0,1,0,0,0,0,0,Esc2
199,5.97,13.55,15.98,1.79,5.33,0.3,7.56,89.02,31.22,3287580.19,36.0,44.88,0.11,19.12,98.48,39.75,21.66,0,1,0,0,1,0,0,Esc2
200,5.83,13.22,15.83,1.79,5.3,0.3,7.43,88.47,30.12,3253294.77,36.38,44.72,0.11,18.9,98.5,41.06,22.25,0,1,0,0,1,0,0,Esc2
201,5.81,13.43,15.63,1.8,5.09,0.29,6.02,87.06,27.51,3054529.8,38.75,45.49,0.1,15.76,98.59,45.64,24.11,0,1,0,0,0,0,0,Esc2
202,5.62,13.38,15.41,1.75,4.93,0.29,5.21,85.66,26.13,2940247.22,40.25,45.82,0.1,13.93,98.65,47.09,25.53,0,1,0,0,0,1,0,Esc2
203,5.64,13.44,15.55,1.75,5.07,0.29,6.02,87.76,27.25,3064331.52,38.62,45.52,0.1,15.86,98.59,45.64,25.26,0,1,0,0,0,0,0,Esc2
204,5.72,13.4,15.66,1.74,5.07,0.29,5.67,87.26,27.71,3026475.81,39.11,45.93,0.11,14.97,98.61,43.94,21.93,0,1,0,0,0,1,0,Esc2
205,5.83,13.72,15.84,1.82,5.24,0.3,6.73,88.78,29.92,3183884.85,37.17,45.44,0.11,17.38,98.53,42.16,22.74,0,1,0,0,0,0,0,Esc2
206,5.91,13.84,15.83,1.81,5.25,0.29,7.03,87.58,29.53,3189549.0,37.11,44.93,0.11,17.96,98.53,41.33,21.41,0,1,0,0,1,0,0,Esc2
207,5.69,13.38,15.55,1.78,5.07,0.29,6.06,87.03,27.15,3055634.91,38.73,45.36,0.1,15.91,98.59,45.84,23.99,0,1,0,0,0,0,0,Esc2
208,5.54,13.6,15.63,1.74,5.04,0.29,5.56,87.56,27.58,3019478.03,39.2,46.05,0.11,14.75,98.61,44.34,23.21,0,1,0,0,0,1,0,Esc2
209,5.87,13.49,15.88,1.76,5.15,0.3,6.14,88.8,29.86,3123607.36,37.89,46.07,0.11,16.04,98.56,41.2,22.01,0,1,0,0,0,0,0,Esc2
210,5.47,12.84,15.5,1.69,4.96,0.29,5.11,87.26,26.46,2958732.43,40.0,46.26,0.1,13.74,98.64,45.7,23.87,0,1,0,0,0,1,0,Esc2
211,5.73,13.41,15.74,1.78,5.15,0.29,6.25,87.91,28.53,3104103.76,38.13,45.59,0.11,16.28,98.57,43.46,22.45,0,1,0,0,0,0,0,Esc2
212,5.82,13.63,15.7,1.8,5.17,0.29,6.72,87.55,28.38,3142530.88,37.66,45.01,0.1,17.33,98.55,44.49,23.7,0,1,0,0,0,0,0,Esc2
213,5.83,13.48,15.91,1.77,5.24,0.29,6.55,88.18,29.87,3153963.72,37.53,45.59,0.11,16.88,98.54,40.92,21.13,0,1,0,0,0,0,0,Esc2
214,5.58,13.46,15.45,1.73,5.03,0.29,6.34,86.43,26.15,3058778.92,38.69,44.78,0.1,16.53,98.59,46.49,24.38,0,1,0,0,1,0,0,Esc2
215,5.75,13.53,15.67,1.75,5.09,0.29,6.1,87.31,28.02,3073729.91,38.51,45.54,0.11,15.96,98.59,43.33,22.7,0,1,0,0,0,0,0,Esc2
216,5.84,13.68,15.74,1.79,5.2,0.29,6.57,87.95,29.09,3144662.53,37.64,45.33,0.11,17.03,98.55,42.61,22.44,0,1,0,0,0,0,0,Esc2
217,5.82,13.64,15.73,1.79,5.17,0.29,6.51,87.42,28.97,3128385.24,37.83,45.29,0.11,16.88,98.56,42.57,23.39,0,1,0,0,0,0,0,Esc2
218,5.72,13.55,15.67,1.74,5.13,0.29,6.33,87.61,28.17,3103040.59,38.14,45.37,0.1,16.48,98.57,43.45,22.54,0,1,0,0,0,0,0,Esc2
219,5.54,13.24,15.59,1.72,5.08,0.29,5.97,87.54,27.32,3057156.72,38.71,45.58,0.1,15.7,98.59,44.01,22.93,0,1,0,0,0,0,0,Esc2
220,5.74,13.39,15.74,1.76,5.16,0.29,6.46,87.64,29.12,3130021.56,37.81,45.41,0.11,16.77,98.56,41.79,22.08,0,1,0,0,0,0,0,Esc2
221,5.86,13.34,16.0,1.79,5.19,0.3,5.95,89.19,30.69,3122294.42,37.91,46.53,0.11,15.57,98.56,40.57,20.15,0,1,0,0,0,0,0,Esc2
222,5.8,13.3,15.67,1.8,5.18,0.29,6.69,86.91,28.26,3129016.31,37.83,44.92,0.1,17.26,98.56,43.78,23.33,0,1,0,0,1,0,0,Esc2
223,5.88,13.39,15.96,1.78,5.23,0.29,6.5,88.57,30.54,3163207.09,37.42,45.8,0.11,16.79,98.54,40.16,21.02,0,1,0,0,0,0,0,Esc2
224,5.95,13.52,15.87,1.79,5.27,0.29,7.29,87.48,29.79,3215014.24,36.81,44.71,0.11,18.48,98.51,41.05,21.86,0,1,0,0,1,0,0,Esc2
225,5.68,13.41,15.67,1.73,5.11,0.29,6.57,87.9,27.98,3126537.73,37.86,45.11,0.1,17.03,98.56,43.68,23.13,0,1,0,0,0,0,0,Esc2
226,5.78,13.56,15.93,1.8,5.26,0.3,6.57,88.99,30.07,3172119.11,37.31,45.71,0.11,16.98,98.53,41.22,21.67,0,1,0,0,0,0,0,Esc2
227,5.69,13.39,15.71,1.76,5.09,0.29,6.12,87.93,28.13,3084652.51,38.37,45.63,0.11,16.0,98.58,43.98,22.53,0,1,0,0,0,0,0,Esc2
228,5.69,13.36,15.77,1.74,5.09,0.29,5.73,88.45,28.78,3063873.19,38.63,46.24,0.11,15.13,98.59,42.33,21.26,0,1,0,0,0,0,0,Esc2
229,5.9,13.27,15.98,1.77,5.3,0.29,7.19,88.65,30.68,3234404.98,36.59,45.13,0.11,18.27,98.5,39.74,21.36,0,1,0,0,0,0,0,Esc2
230,5.84,13.68,15.88,1.8,5.27,0.3,6.5,89.35,30.51,3177710.46,37.25,45.86,0.11,16.9,98.53,41.11,22.44,0,1,0,0,0,0,0,Esc2
231,5.77,13.63,15.8,1.79,5.24,0.3,6.84,89.0,29.63,3195726.54,37.04,45.32,0.11,17.65,98.52,42.51,22.0,0,1,0,0,0,0,0,Esc2
232,5.67,13.36,15.68,1.76,5.06,0.29,5.77,87.61,27.61,3039455.04,38.94,45.86,0.1,15.2,98.6,44.88,21.99,0,1,0,0,0,0,0,Esc2
233,5.75,13.5,15.78,1.77,5.2,0.29,6.44,88.41,29.42,3142658.5,37.66,45.59,0.11,16.75,98.55,41.41,22.43,0,1,0,0,0,0,0,Esc2
234,5.69,13.52,15.74,1.77,5.07,0.29,5.49,88.09,28.34,3029949.61,39.06,46.38,0.11,14.55,98.61,43.76,22.55,0,1,0,0,0,1,0,Esc2
235,5.76,13.42,15.71,1.79,5.15,0.29,6.13,87.18,28.72,3082861.48,38.39,45.6,0.11,16.01,98.58,43.34,23.26,0,1,0,0,0,0,0,Esc2
236,5.79,13.36,15.79,1.76,5.15,0.29,6.48,88.29,28.86,3134939.07,37.75,45.45,0.11,16.79,98.56,43.19,23.25,0,1,0,0,0,0,0,Esc2
237,5.74,13.46,15.79,1.77,5.19,0.29,6.56,88.31,28.88,3144680.2,37.64,45.38,0.11,16.98,98.55,43.11,22.46,0,1,0,0,0,0,0,Esc2
238,5.64,13.5,15.52,1.74,5.07,0.29,6.3,86.84,27.26,3078518.85,38.45,45.09,0.1,16.47,98.58,44.4,24.2,0,1,0,0,0,0,0,Esc2
239,5.62,13.34,15.65,1.7,5.07,0.29,5.76,87.72,27.78,3044885.76,38.87,45.91,0.11,15.22,98.6,43.71,23.02,0,1,0,0,0,0,0,Esc2
240,5.68,13.31,15.66,1.73,5.09,0.29,5.99,88.18,28.43,3082298.35,38.4,45.83,0.11,15.77,98.58,43.3,23.26,0,1,0,0,0,0,0,Esc2
241,5.95,13.55,15.81,1.83,5.2,0.29,6.8,87.48,29.14,3156075.58,37.5,45.06,0.11,17.44,98.54,43.15,22.72,0,1,0,0,0,0,0,Esc2
242,5.65,13.4,15.53,1.74,4.99,0.29,5.53,86.92,27.01,3000195.38,39.45,45.85,0.1,14.7,98.62,44.99,23.12,0,1,0,0,0,1,0,Esc2
243,5.84,13.61,15.96,1.8,5.34,0.3,7.28,89.47,31.23,3270575.7,36.19,45.24,0.11,18.57,98.49,39.86,21.5,0,1,0,0,0,0,0,Esc2
244,5.65,13.79,15.72,1.74,5.12,0.29,5.92,87.81,28.2,3067088.64,38.59,45.86,0.11,15.55,98.59,42.96,22.31,0,1,0,0,0,0,0,Esc2
245,5.71,13.69,15.66,1.79,5.17,0.29,6.66,87.59,28.19,3135196.85,37.75,45.03,0.1,17.22,98.55,43.81,23.09,0,1,0,0,0,0,0,Esc2
246,5.72,13.45,15.71,1.75,5.13,0.29,6.3,88.43,28.47,3117275.72,37.97,45.58,0.11,16.46,98.56,43.63,22.78,0,1,0,0,0,0,0,Esc2
247,5.67,13.19,15.68,1.76,5.2,0.3,6.79,88.61,28.72,3174346.06,37.29,45.14,0.1,17.58,98.54,43.13,23.46,0,1,0,0,0,0,0,Esc2
248,5.58,13.07,15.51,1.72,5.03,0.29,5.72,87.3,27.11,3026183.18,39.11,45.72,0.1,15.17,98.61,44.69,23.75,0,1,0,0,0,0,0,Esc2
249,5.76,13.59,15.85,1.78,5.2,0.3,6.28,88.86,29.82,3139822.25,37.7,45.92,0.11,16.39,98.55,41.2,21.87,0,1,0,0,0,0,0,Esc2
250,5.82,13.56,15.75,1.77,5.14,0.29,6.53,86.96,28.16,3109583.0,38.06,45.1,0.1,16.84,98.57,43.66,22.69,0,1,0,0,0,0,0,Esc2
251,5.52,13.31,15.48,1.72,5.02,0.29,5.87,87.51,26.89,3041724.29,38.91,45.56,0.1,15.53,98.6,45.5,24.19,0,1,0,0,0,0,0,Esc2
252,5.85,13.66,15.95,1.81,5.22,0.3,6.16,89.04,30.42,3137453.13,37.72,46.21,0.11,16.06,98.55,41.12,21.47,0,1,0,0,0,0,0,Esc2
253,5.57,13.02,15.5,1.72,5.02,0.29,6.02,87.77,26.86,3060227.79,38.68,45.44,0.1,15.88,98.59,45.58,23.46,0,1,0,0,0,0,0,Esc2
254,5.78,13.36,15.75,1.76,5.16,0.29,6.6,88.53,28.66,3149369.88,37.58,45.32,0.1,17.1,98.55,43.77,22.53,0,1,0,0,0,0,0,Esc2
255,5.63,13.14,15.65,1.75,5.05,0.29,5.47,87.44,27.92,3013045.57,39.28,46.18,0.11,14.54,98.61,43.6,22.92,0,1,0,0,0,1,0,Esc2
256,5.79,13.42,15.68,1.8,5.14,0.29,6.12,87.87,28.58,3092873.83,38.27,45.68,0.11,16.05,98.58,44.12,23.12,0,1,0,0,0,0,0,Esc2
257,5.7,13.53,15.82,1.79,5.26,0.3,6.45,89.54,30.38,3177886.19,37.24,45.91,0.11,16.85,98.53,40.75,21.81,0,1,0,0,0,0,0,Esc2
258,5.86,13.59,15.84,1.8,5.19,0.3,6.22,88.43,30.04,3131436.63,37.8,45.97,0.11,16.24,98.56,42.15,21.55,0,1,0,0,0,0,0,Esc2
259,5.7,13.44,15.63,1.8,5.13,0.29,6.41,87.75,28.3,3114870.95,38.0,45.29,0.1,16.71,98.57,43.61,23.21,0,1,0,0,0,0,0,Esc2
260,5.72,13.51,15.64,1.75,5.12,0.29,6.29,87.28,28.26,3096256.42,38.23,45.35,0.11,16.42,98.57,43.69,23.66,0,1,0,0,0,0,0,Esc2
261,5.67,13.19,15.64,1.75,5.16,0.29,6.62,87.79,28.27,3136526.05,37.73,45.1,0.1,17.17,98.55,44.1,23.24,0,1,0,0,0,0,0,Esc2
262,5.73,13.44,15.64,1.77,5.09,0.29,6.2,87.56,27.75,3082459.6,38.4,45.4,0.1,16.2,98.58,44.83,22.77,0,1,0,0,0,0,0,Esc2
263,5.67,13.44,15.61,1.77,5.08,0.29,5.51,87.5,28.22,3025594.71,39.12,46.21,0.11,14.67,98.61,43.21,23.53,0,1,0,0,0,1,0,Esc2
264,5.81,13.71,15.82,1.79,5.19,0.29,6.57,87.97,29.47,3147544.01,37.6,45.43,0.11,16.97,98.55,42.16,22.5,0,1,0,0,0,0,0,Esc2
265,5.7,13.39,15.64,1.75,5.05,0.29,5.71,88.01,27.85,3044202.44,38.88,45.99,0.11,15.13,98.6,44.32,22.84,0,1,0,0,0,0,0,Esc2
266,5.81,13.51,15.7,1.8,5.18,0.29,6.93,87.25,28.46,3156364.9,37.5,44.73,0.1,17.77,98.54,43.76,22.85,0,1,0,0,1,0,0,Esc2
267,5.84,13.54,15.67,1.78,5.18,0.29,6.79,87.35,28.78,3151909.14,37.55,44.94,0.11,17.51,98.55,42.22,22.91,0,1,0,0,1,0,0,Esc2
268,5.74,13.24,15.7,1.76,5.1,0.29,6.03,86.91,27.86,3057138.29,38.71,45.54,0.1,15.75,98.59,43.05,22.12,0,1,0,0,0,0,0,Esc2
269,5.68,13.62,15.67,1.77,5.15,0.29,6.35,87.95,28.41,3115236.61,37.99,45.44,0.11,16.56,98.56,43.39,22.86,0,1,0,0,0,0,0,Esc2
270,5.78,13.76,15.85,1.79,5.17,0.29,6.27,88.18,29.3,3121320.97,37.92,45.79,0.11,16.29,98.56,43.09,21.87,0,1,0,0,0,0,0,Esc2
271,5.63,13.64,15.68,1.74,5.09,0.29,5.93,88.3,27.89,3072533.76,38.52,45.86,0.1,15.62,98.59,44.5,22.31,0,1,0,0,0,0,0,Esc2
272,5.89,13.79,15.91,1.8,5.18,0.29,6.02,88.24,29.79,3102015.2,38.15,46.13,0.11,15.72,98.57,41.26,22.16,0,1,0,0,0,0,0,Esc2
273,5.67,13.44,15.63,1.74,5.09,0.29,6.01,87.81,27.96,3074437.97,38.5,45.7,0.1,15.81,98.59,43.65,22.72,0,1,0,0,0,0,0,Esc2
274,5.49,13.25,15.6,1.74,5.05,0.29,5.5,87.86,27.66,3020827.2,39.18,46.17,0.11,14.65,98.61,43.91,22.78,0,1,0,0,0,1,0,Esc2
275,5.68,13.46,15.71,1.78,5.18,0.3,6.59,88.43,28.83,3152551.63,37.54,45.33,0.11,17.13,98.55,43.07,23.19,0,1,0,0,0,0,0,Esc2
276,5.71,13.59,15.7,1.77,5.16,0.29,6.32,87.73,28.5,3107965.56,38.08,45.46,0.11,16.46,98.57,43.31,22.55,0,1,0,0,0,0,0,Esc2
277,5.65,13.25,15.61,1.75,5.12,0.29,6.21,87.79,28.44,3100915.35,38.17,45.53,0.11,16.3,98.57,43.46,23.15,0,1,0,0,0,0,0,Esc2
278,5.83,13.32,15.9,1.8,5.3,0.3,7.1,89.15,30.47,3234405.8,36.59,45.23,0.11,18.18,98.5,40.58,21.61,0,1,0,0,0,0,0,Esc2
279,5.72,13.15,15.68,1.75,5.08,0.29,5.95,87.83,28.03,3068273.03,38.57,45.78,0.11,15.64,98.59,43.87,22.19,0,1,0,0,0,0,0,Esc2
280,5.94,13.65,16.07,1.82,5.35,0.3,7.1,89.94,31.94,3267110.41,36.23,45.64,0.11,18.14,98.49,38.75,20.69,0,1,0,0,0,0,0,Esc2
281,5.89,13.28,15.93,1.81,5.31,0.3,7.1,88.66,30.63,3227139.43,36.68,45.2,0.11,18.13,98.51,40.17,21.01,0,1,0,0,0,0,0,Esc2
282,5.61,13.6,15.54,1.75,5.08,0.29,6.4,87.1,27.34,3091069.17,38.29,45.02,0.1,16.69,98.58,44.23,23.51,0,1,0,0,0,0,0,Esc2
283,5.71,13.37,15.72,1.73,5.06,0.29,5.67,87.69,28.09,3037613.89,38.96,46.07,0.11,14.96,98.6,43.18,22.82,0,1,0,0,0,1,0,Esc2
284,5.83,13.54,15.92,1.77,5.22,0.29,6.31,88.55,30.24,3140806.18,37.68,45.94,0.11,16.38,98.55,39.97,21.51,0,1,0,0,0,0,0,Esc2
285,5.8,13.41,15.87,1.77,5.17,0.29,6.16,88.22,29.5,3112733.28,38.02,45.93,0.11,16.05,98.56,41.55,22.11,0,1,0,0,0,0,0,Esc2
286,5.67,13.46,15.64,1.77,5.14,0.29,6.0,88.04,28.6,3084163.8,38.38,45.82,0.11,15.81,98.58,43.07,23.72,0,1,0,0,0,0,0,Esc2
287,5.75,13.36,15.77,1.79,5.13,0.29,6.09,88.13,28.96,3096465.07,38.22,45.84,0.11,15.94,98.57,42.38,22.21,0,1,0,0,0,0,0,Esc2
288,5.68,13.37,15.69,1.73,5.1,0.29,5.98,87.95,28.13,3073253.04,38.51,45.77,0.11,15.72,98.59,42.97,22.15,0,1,0,0,0,0,0,Esc2
289,5.74,13.51,15.76,1.75,5.1,0.29,5.9,87.95,28.97,3075545.87,38.48,46.01,0.11,15.51,98.58,42.4,22.8,0,1,0,0,0,0,0,Esc2
290,5.89,13.44,15.68,1.83,5.19,0.29,6.32,87.53,29.27,3117635.49,37.96,45.53,0.11,16.5,98.56,42.87,24.14,0,1,0,0,0,0,0,Esc2
291,5.94,13.7,15.92,1.82,5.23,0.29,6.82,88.19,30.08,3183654.58,37.18,45.34,0.11,17.48,98.53,41.11,21.53,0,1,0,0,0,0,0,Esc2
292,5.76,13.4,15.89,1.77,5.24,0.3,6.37,89.38,30.36,3164181.96,37.4,46.0,0.11,16.59,98.54,40.12,20.87,0,1,0,0,0,0,0,Esc2
293,5.72,13.37,15.54,1.75,5.03,0.29,5.79,87.21,27.17,3034012.25,39.01,45.66,0.1,15.33,98.61,45.44,23.25,0,1,0,0,0,0,0,Esc2
294,5.89,13.45,15.84,1.81,5.31,0.3,7.23,88.52,30.84,3244556.44,36.48,45.03,0.11,18.49,98.5,39.16,22.29,0,1,0,0,0,0,0,Esc2
295,5.75,13.51,15.7,1.78,5.14,0.29,6.55,87.4,28.26,3122771.91,37.9,45.14,0.1,16.96,98.56,43.51,22.47,0,1,0,0,0,0,0,Esc2
296,5.82,13.42,15.81,1.81,5.23,0.3,6.41,88.77,29.96,3153056.53,37.54,45.76,0.11,16.7,98.54,41.47,22.24,0,1,0,0,0,0,0,Esc2
297,5.63,13.45,15.56,1.72,5.06,0.29,6.14,88.05,27.47,3084228.42,38.37,45.48,0.1,16.15,98.58,45.17,24.45,0,1,0,0,0,0,0,Esc2
298,5.78,13.58,15.82,1.78,5.17,0.29,6.3,88.25,29.46,3126924.4,37.85,45.74,0.11,16.41,98.56,42.2,22.1,0,1,0,0,0,0,0,Esc2
299,5.68,13.21,15.7,1.74,5.1,0.3,5.56,88.93,29.2,3063741.83,38.63,46.53,0.11,14.83,98.59,41.93,23.03,0,1,0,0,0,1,0,Esc2
300,5.79,13.38,15.68,1.77,5.11,0.29,5.86,86.96,28.3,3048802.52,38.82,45.78,0.11,15.4,98.6,43.23,24.19,0,1,0,0,0,0,0,Esc2
301,5.82,13.61,15.65,1.82,5.14,0.29,6.42,86.64,27.9,3091135.07,38.29,45.07,0.1,16.64,98.58,44.17,24.19,0,1,0,0,0,0,0,Esc2
302,5.66,13.49,15.58,1.75,5.05,0.3,5.74,88.71,27.42,3056334.74,38.72,46.01,0.1,15.26,98.59,45.2,23.49,0,1,0,0,0,0,0,Esc2
303,5.94,13.56,15.81,1.81,5.25,0.29,7.1,88.06,29.58,3204655.72,36.93,44.91,0.11,18.16,98.52,42.25,22.52,0,1,0,0,1,0,0,Esc2
304,5.82,13.43,15.83,1.81,5.21,0.29,6.32,88.19,29.71,3130031.7,37.81,45.75,0.11,16.44,98.56,41.81,22.28,0,1,0,0,0,0,0,Esc2
305,5.99,13.71,15.87,1.83,5.24,0.29,6.98,87.58,29.54,3183111.38,37.18,45.0,0.11,17.81,98.53,42.76,22.68,0,1,0,0,0,0,0,Esc2
306,5.83,13.23,15.67,1.75,5.06,0.29,6.17,87.22,27.96,3076646.41,38.47,45.44,0.1,16.09,98.58,44.13,21.94,0,1,0,0,0,0,0,Esc2
307,5.93,13.48,15.89,1.82,5.29,0.29,7.4,88.08,30.24,3241570.58,36.51,44.75,0.11,18.74,98.5,41.57,21.64,0,1,0,0,1,0,0,Esc2
308,5.87,13.27,16.02,1.79,5.27,0.3,6.55,89.02,30.93,3180583.54,37.21,45.9,0.11,16.88,98.53,40.7,20.74,0,1,0,0,0,0,0,Esc2
309,5.53,13.22,15.48,1.73,5.01,0.29,5.61,87.43,26.88,3018202.94,39.21,45.83,0.1,14.96,98.61,45.3,23.76,0,1,0,0,0,1,0,Esc2
310,5.78,13.47,15.78,1.79,5.23,0.3,6.67,88.53,29.61,3170587.93,37.33,45.4,0.11,17.27,98.54,41.46,22.4,0,1,0,0,0,0,0,Esc2
311,5.76,13.53,15.77,1.77,5.16,0.29,6.16,88.02,28.7,3097929.48,38.2,45.72,0.11,16.08,98.57,42.74,23.0,0,1,0,0,0,0,0,Esc2
312,5.59,13.32,15.63,1.72,4.97,0.29,4.79,87.79,27.9,2953768.63,40.07,46.98,0.11,12.95,98.64,43.15,22.19,0,1,0,0,0,1,0,Esc2
313,5.75,13.35,15.77,1.74,5.12,0.29,6.1,87.6,28.42,3082225.04,38.4,45.69,0.11,15.91,98.58,42.64,21.73,0,1,0,0,0,0,0,Esc2
314,5.64,13.36,15.57,1.72,5.03,0.29,5.75,86.59,26.78,3011558.77,39.3,45.56,0.1,15.14,98.62,45.28,23.17,0,1,0,0,0,0,0,Esc2
315,5.79,13.56,15.84,1.77,5.2,0.3,6.28,89.13,29.86,3146248.7,37.62,45.98,0.11,16.4,98.55,41.89,22.05,0,1,0,0,0,0,0,Esc2
316,5.77,13.42,15.77,1.77,5.16,0.29,6.41,88.45,29.09,3137597.52,37.72,45.59,0.11,16.68,98.55,42.41,22.65,0,1,0,0,0,0,0,Esc2
317,5.75,13.64,15.75,1.77,5.09,0.29,5.77,88.23,28.46,3058622.79,38.7,46.1,0.11,15.2,98.59,43.45,22.09,0,1,0,0,0,0,0,Esc2
318,5.98,13.59,15.92,1.82,5.25,0.29,7.07,88.35,30.17,3211314.35,36.86,45.11,0.11,18.03,98.52,41.26,21.66,0,1,0,0,0,0,0,Esc2
319,5.95,13.58,15.99,1.82,5.28,0.29,6.92,88.49,30.16,3196829.83,37.02,45.33,0.11,17.64,98.52,41.28,21.28,0,1,0,0,0,0,0,Esc2
320,5.56,13.33,15.47,1.71,5.01,0.29,6.05,86.96,26.38,3043876.2,38.88,45.2,0.1,15.92,98.6,46.57,24.48,0,1,0,0,0,0,0,Esc2
321,5.71,13.64,15.72,1.75,5.07,0.29,5.83,87.18,27.86,3040474.24,38.93,45.78,0.11,15.29,98.6,43.78,21.96,0,1,0,0,0,0,0,Esc2
322,5.75,13.45,15.66,1.79,5.1,0.29,5.59,87.08,28.09,3021782.97,39.17,46.04,0.11,14.79,98.61,43.37,23.49,0,1,0,0,0,1,0,Esc2
323,5.76,13.45,15.7,1.77,5.11,0.29,6.15,87.69,28.43,3089431.04,38.31,45.62,0.11,16.07,98.58,43.26,23.0,0,1,0,0,0,0,0,Esc2
324,5.82,13.59,15.94,1.78,5.21,0.3,6.4,89.08,30.23,3156175.03,37.5,45.91,0.11,16.59,98.54,40.69,20.73,0,1,0,0,0,0,0,Esc2
325,5.82,13.55,15.73,1.79,5.15,0.29,6.4,87.6,28.58,3115189.47,37.99,45.39,0.11,16.61,98.56,43.7,22.18,0,1,0,0,0,0,0,Esc2
326,5.84,13.55,15.78,1.8,5.2,0.3,6.45,88.31,29.79,3146946.05,37.61,45.61,0.11,16.78,98.55,42.0,23.73,0,1,0,0,0,0,0,Esc2
327,5.78,13.28,15.88,1.79,5.23,0.3,5.99,89.33,30.69,3130925.03,37.8,46.44,0.11,15.76,98.55,39.62,21.68,0,1,0,0,0,0,0,Esc2
328,5.57,13.59,15.45,1.75,5.02,0.29,5.77,87.78,27.02,3042467.61,38.9,45.72,0.1,15.38,98.6,46.51,24.99,0,1,0,0,0,0,0,Esc2
329,5.65,13.73,15.54,1.75,5.06,0.29,6.17,86.46,26.89,3052470.95,38.77,45.11,0.1,16.12,98.6,45.31,23.27,0,1,0,0,0,0,0,Esc2
330,5.83,13.71,15.84,1.77,5.13,0.29,5.95,87.95,28.88,3077923.82,38.45,46.0,0.11,15.55,98.58,42.4,21.35,0,1,0,0,0,0,0,Esc2
331,5.72,13.49,15.67,1.76,5.06,0.29,5.72,87.44,27.99,3038607.63,38.95,45.94,0.11,15.11,98.6,43.5,22.54,0,1,0,0,0,0,0,Esc2
332,5.76,13.24,15.79,1.75,5.12,0.29,6.15,88.28,28.92,3102840.19,38.14,45.81,0.11,16.05,98.57,42.64,21.72,0,1,0,0,0,0,0,Esc2
333,5.66,13.17,15.59,1.73,4.99,0.29,5.5,88.02,27.67,3021216.38,39.18,46.18,0.11,14.65,98.61,44.45,23.42,0,1,0,0,0,1,0,Esc2
334,5.78,13.53,15.73,1.82,5.18,0.29,6.57,87.2,28.79,3127462.75,37.84,45.18,0.11,16.98,98.56,42.25,22.16,0,1,0,0,0,0,0,Esc2
335,5.65,13.5,15.68,1.76,5.19,0.3,6.91,88.53,28.78,3185863.62,37.15,45.01,0.1,17.84,98.53,43.09,22.73,0,1,0,0,0,0,0,Esc2
336,5.67,13.5,15.65,1.73,5.15,0.29,6.93,87.75,27.78,3157362.5,37.49,44.7,0.1,17.82,98.54,44.48,23.16,0,1,0,0,1,0,0,Esc2
337,5.69,13.45,15.67,1.76,5.08,0.29,6.0,87.51,27.76,3063349.96,38.64,45.65,0.1,15.72,98.59,44.91,23.22,0,1,0,0,0,0,0,Esc2
338,5.83,13.43,15.92,1.77,5.16,0.29,5.88,88.22,29.79,3088245.94,38.32,46.28,0.11,15.4,98.58,40.83,21.31,0,1,0,0,0,0,0,Esc2
339,5.86,13.51,15.85,1.8,5.19,0.29,6.46,88.36,29.6,3144558.1,37.64,45.62,0.11,16.74,98.55,41.63,21.54,0,1,0,0,0,0,0,Esc2
340,5.77,13.5,15.85,1.8,5.26,0.3,6.86,89.12,30.12,3206240.82,36.91,45.4,0.11,17.68,98.52,41.08,21.09,0,1,0,0,0,0,0,Esc2
341,5.81,13.5,15.79,1.74,5.19,0.29,6.84,88.03,29.18,3172220.56,37.31,45.1,0.11,17.59,98.54,42.15,23.15,0,1,0,0,0,0,0,Esc2
342,5.66,13.42,15.69,1.75,5.08,0.29,5.67,87.84,28.03,3040580.21,38.93,46.08,0.11,15.0,98.6,44.19,22.6,0,1,0,0,0,1,0,Esc2
343,5.72,13.32,15.74,1.76,5.12,0.29,6.07,87.79,28.6,3086392.75,38.35,45.76,0.11,15.89,98.58,43.07,21.81,0,1,0,0,0,0,0,Esc2
344,5.72,13.6,15.72,1.79,5.14,0.29,6.33,87.84,28.44,3107276.04,38.09,45.45,0.11,16.46,98.57,43.56,22.31,0,1,0,0,0,0,0,Esc2
345,5.98,13.46,15.98,1.83,5.27,0.3,6.51,88.82,30.88,3174505.15,37.28,45.9,0.11,16.82,98.53,40.6,21.91,0,1,0,0,0,0,0,Esc2
346,5.78,13.69,15.7,1.79,5.18,0.29,6.74,87.43,28.65,3148571.53,37.59,45.02,0.1,17.39,98.55,43.22,23.2,0,1,0,0,0,0,0,Esc2
347,5.64,13.45,15.53,1.74,5.08,0.29,5.97,87.11,27.76,3057862.77,38.71,45.55,0.1,15.75,98.59,44.0,24.41,0,1,0,0,0,0,0,Esc2
348,5.9,13.57,15.9,1.8,5.24,0.3,6.62,88.52,30.52,3175516.6,37.27,45.63,0.11,17.1,98.53,40.25,21.82,0,1,0,0,0,0,0,Esc2
349,5.83,13.63,15.72,1.82,5.15,0.29,6.38,86.66,28.17,3090155.02,38.3,45.19,0.11,16.5,98.58,44.18,23.04,0,1,0,0,0,0,0,Esc2
350,5.83,13.35,15.67,1.77,5.16,0.29,6.95,86.97,28.23,3154019.93,37.53,44.64,0.1,17.83,98.55,43.79,23.85,0,1,0,0,1,0,0,Esc2
351,5.53,13.29,15.62,1.71,5.08,0.29,5.89,87.73,28.01,3060920.48,38.67,45.8,0.11,15.53,98.59,42.47,22.73,0,1,0,0,0,0,0,Esc2
352,5.82,13.73,15.95,1.8,5.26,0.3,6.56,89.35,30.58,3182440.47,37.19,45.84,0.11,16.97,98.53,40.26,21.1,0,1,0,0,0,0,0,Esc2
353,5.85,13.52,15.85,1.79,5.18,0.29,6.15,88.45,29.84,3119278.12,37.94,46.0,0.11,16.06,98.56,41.19,22.47,0,1,0,0,0,0,0,Esc2
354,5.75,13.59,15.7,1.77,5.2,0.3,6.84,88.5,29.06,3180293.98,37.22,45.1,0.11,17.69,98.53,43.1,23.43,0,1,0,0,0,0,0,Esc2
355,5.86,13.83,15.85,1.82,5.25,0.29,6.96,88.48,29.84,3200510.52,36.98,45.16,0.11,17.86,98.52,42.0,21.92,0,1,0,0,0,0,0,Esc2
356,5.78,13.46,15.73,1.76,5.17,0.3,6.44,88.64,29.28,3146002.63,37.62,45.6,0.11,16.78,98.55,42.3,22.72,0,1,0,0,0,0,0,Esc2
357,5.66,13.25,15.66,1.73,5.08,0.29,5.69,88.4,28.21,3053368.05,38.76,46.16,0.11,15.08,98.6,43.7,23.08,0,1,0,0,0,0,0,Esc2
358,5.83,13.35,15.81,1.78,5.18,0.29,6.5,87.57,29.29,3133242.59,37.77,45.42,0.11,16.8,98.56,41.74,22.64,0,1,0,0,0,0,0,Esc2
359,5.71,13.27,15.69,1.76,5.13,0.29,6.06,88.24,28.66,3092038.06,38.28,45.81,0.11,15.91,98.58,42.62,22.43,0,1,0,0,0,0,0,Esc2
360,5.78,13.71,15.8,1.78,5.11,0.29,5.95,87.92,28.7,3073931.85,38.5,45.93,0.11,15.57,98.58,42.78,22.85,0,1,0,0,0,0,0,Esc2
361,5.63,12.92,15.72,1.72,5.06,0.29,5.43,87.96,28.53,3024983.8,39.13,46.44,0.11,14.43,98.61,42.05,21.84,0,1,0,0,0,1,0,Esc2
362,5.72,13.32,15.74,1.72,5.12,0.29,6.37,87.82,28.27,3109595.13,38.06,45.39,0.1,16.55,98.57,42.51,21.87,0,1,0,0,0,0,0,Esc2
363,5.86,13.44,15.84,1.77,5.21,0.29,6.59,88.28,29.76,3160267.4,37.45,45.51,0.11,17.04,98.54,41.19,22.23,0,1,0,0,0,0,0,Esc2
364,5.84,13.62,15.84,1.79,5.17,0.29,6.52,87.4,28.99,3125075.42,37.87,45.33,0.11,16.8,98.56,42.14,22.17,0,1,0,0,0,0,0,Esc2
365,5.63,13.45,15.51,1.76,5.03,0.29,5.8,87.21,27.05,3031544.72,39.04,45.62,0.1,15.34,98.61,45.37,24.64,0,1,0,0,0,0,0,Esc2
366,5.72,13.37,15.69,1.78,5.14,0.29,6.5,87.37,27.95,3110890.6,38.05,45.13,0.1,16.83,98.57,44.06,22.72,0,1,0,0,0,0,0,Esc2
367,5.9,13.62,15.85,1.82,5.24,0.29,6.63,87.77,29.71,3157068.2,37.49,45.41,0.11,17.1,98.54,41.8,21.82,0,1,0,0,0,0,0,Esc2
368,5.71,13.54,15.67,1.75,5.08,0.29,6.15,87.91,27.97,3086282.87,38.35,45.56,0.1,16.09,98.58,43.96,23.08,0,1,0,0,0,0,0,Esc2
369,5.73,13.34,15.72,1.76,5.12,0.29,6.35,88.46,28.58,3124403.99,37.88,45.56,0.11,16.56,98.56,43.31,22.69,0,1,0,0,0,0,0,Esc2
370,5.67,13.3,15.64,1.74,5.05,0.29,5.79,87.52,27.89,3045344.53,38.86,45.87,0.11,15.27,98.6,44.4,23.05,0,1,0,0,0,0,0,Esc2
371,5.77,13.44,15.78,1.78,5.14,0.29,6.1,87.66,28.86,3089677.04,38.31,45.77,0.11,15.92,98.58,42.44,22.52,0,1,0,0,0,0,0,Esc2
372,5.77,13.6,15.85,1.8,5.24,0.3,6.59,89.39,30.17,3183725.86,37.18,45.72,0.11,17.1,98.53,41.0,21.47,0,1,0,0,0,0,0,Esc2
373,5.84,13.47,15.86,1.8,5.18,0.29,6.12,88.03,29.58,3104224.52,38.13,45.93,0.11,15.95,98.57,41.48,21.98,0,1,0,0,0,0,0,Esc2
374,5.58,13.33,15.62,1.72,5.05,0.29,5.85,87.84,27.39,3050649.02,38.8,45.76,0.1,15.44,98.6,44.46,23.55,0,1,0,0,0,0,0,Esc2
375,5.72,13.53,15.63,1.77,5.03,0.29,5.36,87.14,27.74,2996254.89,39.5,46.23,0.11,14.27,98.62,44.47,23.47,0,1,0,0,0,1,0,Esc2
376,5.54,13.07,15.46,1.69,4.97,0.29,5.6,87.22,26.65,3007672.14,39.35,45.74,0.1,14.91,98.62,45.2,23.95,0,1,0,0,0,1,0,Esc2
377,5.88,13.21,15.86,1.78,5.31,0.3,7.43,88.6,30.51,3261490.7,36.29,44.81,0.11,18.9,98.49,40.47,21.63,0,1,0,0,1,0,0,Esc2
378,5.82,13.47,15.78,1.79,5.21,0.29,6.59,88.12,29.15,3148541.69,37.59,45.35,0.11,17.06,98.55,42.14,22.83,0,1,0,0,0,0,0,Esc2
379,5.86,13.39,15.89,1.79,5.23,0.3,6.54,88.66,30.16,3164333.11,37.4,45.67,0.11,16.92,98.54,41.25,21.81,0,1,0,0,0,0,0,Esc2
380,5.77,13.73,15.6,1.79,5.14,0.29,6.61,86.51,27.66,3107568.25,38.09,44.83,0.1,17.09,98.57,44.9,23.98,0,1,0,0,1,0,0,Esc2
381,5.86,13.42,15.83,1.83,5.24,0.29,6.73,88.28,29.73,3172446.49,37.31,45.34,0.11,17.35,98.54,42.25,21.63,0,1,0,0,0,0,0,Esc2
382,5.6,13.23,15.64,1.74,5.04,0.29,6.13,87.09,27.16,3059219.17,38.69,45.33,0.1,15.98,98.59,43.99,21.85,0,1,0,0,0,0,0,Esc2
383,5.91,13.38,15.93,1.81,5.25,0.29,6.89,88.72,30.44,3202260.74,36.96,45.38,0.11,17.66,98.52,40.91,21.63,0,1,0,0,0,0,0,Esc2
384,5.65,13.36,15.57,1.73,5.06,0.29,6.15,87.39,27.39,3071249.46,38.54,45.35,0.1,16.12,98.59,44.31,22.92,0,1,0,0,0,0,0,Esc2
385,5.58,13.3,15.51,1.74,5.0,0.29,5.22,87.12,26.69,2970690.42,39.84,46.17,0.1,13.99,98.64,46.03,24.5,0,1,0,0,0,1,0,Esc2
386,5.94,13.55,16.03,1.81,5.28,0.3,6.36,90.1,32.01,3195247.34,37.04,46.39,0.12,16.57,98.52,38.7,21.12,0,1,0,1,0,0,0,Esc2
387,5.57,13.12,15.57,1.73,5.01,0.29,5.53,87.72,27.08,3014951.87,39.26,46.02,0.1,14.73,98.62,45.31,22.96,0,1,0,0,0,1,0,Esc2
388,5.76,13.53,15.7,1.73,5.13,0.29,6.27,87.87,28.51,3107072.23,38.09,45.54,0.11,16.37,98.57,43.33,23.15,0,1,0,0,0,0,0,Esc2
389,5.74,13.83,15.76,1.79,5.19,0.29,6.31,88.24,29.18,3125137.31,37.87,45.66,0.11,16.46,98.56,42.37,22.38,0,1,0,0,0,0,0,Esc2
390,5.58,13.7,15.58,1.75,5.02,0.29,5.49,87.31,26.92,3001309.04,39.43,45.97,0.1,14.59,98.62,45.17,23.42,0,1,0,0,0,1,0,Esc2
391,5.8,13.25,15.78,1.8,5.28,0.29,7.29,88.13,29.81,3227432.09,36.67,44.74,0.11,18.59,98.51,41.1,22.51,0,1,0,0,1,0,0,Esc2
392,5.77,13.41,15.62,1.79,5.12,0.29,6.45,87.17,27.9,3103950.62,38.13,45.1,0.1,16.77,98.57,44.27,23.71,0,1,0,0,0,0,0,Esc2
393,5.75,13.33,15.79,1.77,5.18,0.29,6.58,88.28,29.14,3151548.42,37.55,45.41,0.11,17.04,98.55,42.1,21.77,0,1,0,0,0,0,0,Esc2
394,5.8,13.44,15.84,1.77,5.15,0.29,6.14,88.14,29.47,3108189.16,38.08,45.9,0.11,16.02,98.57,41.62,21.56,0,1,0,0,0,0,0,Esc2
395,5.69,13.44,15.63,1.79,5.17,0.3,6.45,88.65,28.43,3138637.62,37.71,45.42,0.1,16.87,98.55,44.31,23.27,0,1,0,0,0,0,0,Esc2
396,5.59,13.37,15.44,1.73,5.03,0.29,6.01,86.89,26.9,3046352.34,38.85,45.29,0.1,15.86,98.6,45.44,24.58,0,1,0,0,0,0,0,Esc2
397,5.91,13.73,15.72,1.8,5.2,0.29,6.79,87.49,28.9,3156235.63,37.5,45.01,0.11,17.49,98.54,43.08,23.87,0,1,0,0,0,0,0,Esc2
398,5.56,13.26,15.48,1.72,5.01,0.29,5.88,87.0,26.74,3033377.37,39.02,45.45,0.1,15.53,98.61,45.54,23.96,0,1,0,0,0,0,0,Esc2
399,5.92,13.17,15.99,1.83,5.3,0.3,6.61,88.59,31.3,3185912.6,37.15,45.81,0.11,17.04,98.53,39.62,21.35,0,1,0,0,0,0,0,Esc2
400,5.74,13.28,15.77,1.8,5.18,0.3,6.43,88.71,29.26,3145495.72,37.63,45.63,0.11,16.74,98.55,42.44,22.23,0,1,0,0,0,0,0,Esc2
401,5.93,13.32,15.93,1.8,5.28,0.29,7.02,88.47,30.62,3216568.43,36.8,45.25,0.11,17.95,98.51,40.38,21.69,0,1,0,0,0,0,0,Esc2
402,5.74,13.4,15.62,1.76,5.08,0.29,5.71,87.77,28.39,3049470.67,38.81,46.04,0.11,15.15,98.6,43.45,23.78,0,1,0,0,0,0,0,Esc2
403,5.66,13.79,15.6,1.79,5.19,0.3,6.73,88.23,28.26,3157614.91,37.48,45.04,0.1,17.48,98.54,44.23,24.04,0,1,0,0,0,0,0,Esc2
404,5.79,13.48,15.77,1.75,5.13,0.29,6.33,87.35,28.53,3099787.95,38.18,45.41,0.11,16.4,98.57,42.48,21.92,0,1,0,0,0,0,0,Esc2
405,5.86,13.41,15.77,1.8,5.16,0.29,6.32,87.84,29.21,3118573.74,37.95,45.6,0.11,16.45,98.56,42.17,22.77,0,1,0,0,0,0,0,Esc2
406,5.74,13.38,15.7,1.77,5.11,0.29,6.33,88.23,28.38,3114902.54,38.0,45.49,0.1,16.52,98.57,43.68,22.51,0,1,0,0,0,0,0,Esc2
407,5.85,13.49,15.87,1.78,5.17,0.29,6.26,88.34,29.9,3129279.91,37.82,45.88,0.11,16.3,98.56,41.21,21.27,0,1,0,0,0,0,0,Esc2
408,5.8,13.58,15.75,1.82,5.27,0.29,7.13,87.82,29.26,3199207.92,37.0,44.77,0.11,18.24,98.52,42.9,22.63,0,1,0,0,1,0,0,Esc2
409,5.83,13.62,15.77,1.81,5.21,0.29,6.87,87.47,28.49,3158439.58,37.47,44.91,0.1,17.62,98.54,44.0,22.21,0,1,0,0,1,0,0,Esc2
410,5.83,13.38,15.84,1.78,5.13,0.3,5.83,88.71,29.57,3087428.57,38.33,46.31,0.11,15.35,98.58,41.61,22.53,0,1,0,0,0,0,0,Esc2
411,5.64,13.4,15.61,1.74,5.05,0.29,6.04,87.11,27.15,3052635.17,38.77,45.41,0.1,15.82,98.6,45.11,23.6,0,1,0,0,0,0,0,Esc2
412,5.84,13.75,15.89,1.8,5.19,0.29,6.52,88.19,29.36,3142349.13,37.66,45.53,0.11,16.8,98.55,41.79,21.26,0,1,0,0,0,0,0,Esc2
413,5.86,13.29,15.85,1.79,5.26,0.29,7.0,88.14,29.81,3198261.83,37.01,45.08,0.11,17.92,98.52,41.56,22.29,0,1,0,0,0,0,0,Esc2
414,5.48,13.31,15.34,1.71,4.91,0.29,5.4,86.17,24.93,2949160.65,40.13,45.47,0.1,14.39,98.65,47.88,24.48,0,1,0,0,0,1,0,Esc2
415,5.73,13.37,15.71,1.77,5.19,0.29,6.65,87.96,28.96,3152448.23,37.54,45.23,0.11,17.22,98.55,42.77,23.17,0,1,0,0,0,0,0,Esc2
416,5.75,13.45,15.75,1.77,5.14,0.29,6.45,87.73,28.64,3121487.89,37.92,45.36,0.11,16.72,98.56,42.96,22.99,0,1,0,0,0,0,0,Esc2
417,5.74,13.36,15.72,1.77,5.15,0.29,6.38,88.34,28.62,3124256.86,37.88,45.51,0.11,16.61,98.56,43.1,22.28,0,1,0,0,0,0,0,Esc2
418,5.68,13.27,15.66,1.75,5.12,0.29,6.16,88.22,28.31,3100277.64,38.18,45.66,0.11,16.16,98.57,43.58,22.88,0,1,0,0,0,0,0,Esc2
419,5.82,13.36,15.86,1.77,5.19,0.3,6.41,88.99,29.77,3151475.29,37.56,45.79,0.11,16.66,98.55,41.51,21.73,0,1,0,0,0,0,0,Esc2
420,5.67,13.44,15.78,1.74,5.19,0.29,6.73,88.56,29.0,3168319.9,37.36,45.27,0.11,17.38,98.54,42.1,21.76,0,1,0,0,0,0,0,Esc2
421,5.73,13.42,15.72,1.76,5.19,0.29,6.86,88.18,28.76,3173627.0,37.29,45.03,0.1,17.68,98.54,43.0,22.57,0,1,0,0,0,0,0,Esc2
422,5.81,13.64,15.7,1.78,5.11,0.29,5.96,87.24,28.33,3063596.71,38.63,45.75,0.11,15.62,98.59,43.82,23.1,0,1,0,0,0,0,0,Esc2
423,5.93,13.46,15.96,1.8,5.25,0.29,6.88,88.42,30.05,3190564.91,37.1,45.32,0.11,17.58,98.53,41.18,21.34,0,1,0,0,0,0,0,Esc2
424,5.68,13.1,15.82,1.73,5.1,0.29,5.73,88.67,28.93,3069396.9,38.56,46.34,0.11,15.1,98.59,42.19,21.59,0,1,0,0,0,0,0,Esc2
425,5.63,13.37,15.66,1.79,5.2,0.3,6.56,88.82,29.21,3162331.49,37.43,45.45,0.11,17.12,98.54,42.33,23.59,0,1,0,0,0,0,0,Esc2
426,5.7,13.38,15.6,1.73,5.07,0.29,6.09,87.24,27.46,3064537.04,38.62,45.42,0.1,15.96,98.59,44.91,23.48,0,1,0,0,0,0,0,Esc2
427,5.82,13.27,15.79,1.8,5.24,0.29,6.93,87.74,29.21,3175775.36,37.27,44.97,0.11,17.76,98.53,42.16,21.88,0,1,0,0,1,0,0,Esc2
428,5.72,13.83,15.73,1.77,5.16,0.29,6.31,88.15,28.72,3118011.66,37.96,45.59,0.11,16.45,98.56,43.12,22.94,0,1,0,0,0,0,0,Esc2
429,5.74,13.0,15.86,1.77,5.2,0.3,6.33,89.0,30.17,3152019.22,37.55,45.94,0.11,16.51,98.55,41.06,21.5,0,1,0,0,0,0,0,Esc2
430,5.66,13.26,15.67,1.75,5.12,0.3,5.94,88.39,28.47,3082824.47,38.39,45.94,0.11,15.67,98.58,43.19,23.05,0,1,0,0,0,0,0,Esc2
431,5.52,13.28,15.37,1.72,4.86,0.29,4.71,86.4,25.65,2897524.63,40.85,46.37,0.1,12.79,98.67,47.23,25.3,0,1,0,0,0,1,0,Esc2
432,5.79,13.43,15.74,1.8,5.29,0.3,7.39,88.66,29.49,3244512.64,36.48,44.66,0.1,18.86,98.5,42.37,22.9,0,1,0,0,1,0,0,Esc2
433,5.74,13.26,15.82,1.74,5.12,0.29,5.85,88.47,29.24,3081467.38,38.41,46.21,0.11,15.38,98.58,40.98,21.59,0,1,0,0,0,0,0,Esc2
434,5.85,13.45,15.87,1.81,5.2,0.29,6.13,88.12,29.97,3114503.61,38.0,46.01,0.11,15.99,98.56,41.44,21.65,0,1,0,0,0,0,0,Esc2
435,6.05,13.75,16.22,1.82,5.43,0.3,7.65,89.71,32.68,3323471.05,35.61,45.21,0.11,19.18,98.46,37.79,19.68,0,1,0,0,0,0,0,Esc2
436,5.49,13.48,15.49,1.74,5.01,0.29,5.37,87.16,26.73,2987410.34,39.62,46.02,0.1,14.36,98.63,46.08,24.4,0,1,0,0,0,1,0,Esc2
437,5.71,13.66,15.65,1.76,5.08,0.29,5.97,87.69,27.97,3066714.97,38.59,45.71,0.11,15.7,98.59,43.75,23.17,0,1,0,0,0,0,0,Esc2
438,5.84,13.35,15.86,1.8,5.22,0.3,6.3,88.92,29.95,3143611.08,37.65,45.94,0.11,16.41,98.55,41.03,21.88,0,1,0,0,0,0,0,Esc2
439,5.79,13.3,15.83,1.73,5.15,0.3,6.28,89.1,29.33,3134591.09,37.76,45.88,0.11,16.37,98.56,42.18,21.99,0,1,0,0,0,0,0,Esc2
440,5.9,13.42,15.87,1.79,5.23,0.29,6.95,88.24,29.96,3195674.52,37.04,45.17,0.11,17.79,98.52,41.34,21.68,0,1,0,0,0,0,0,Esc2
441,5.88,13.6,15.83,1.8,5.22,0.29,6.85,87.94,29.34,3173300.17,37.3,45.12,0.11,17.58,98.54,42.41,22.68,0,1,0,0,0,0,0,Esc2
442,5.56,13.4,15.54,1.73,5.02,0.29,5.43,87.36,27.07,3000441.55,39.45,46.06,0.1,14.5,98.62,45.2,24.32,0,1,0,0,0,1,0,Esc2
443,5.8,13.38,15.89,1.79,5.19,0.3,5.86,89.15,30.52,3111011.15,38.04,46.53,0.11,15.43,98.57,40.31,21.92,0,1,0,0,0,0,0,Esc2
444,5.87,13.62,15.91,1.8,5.21,0.3,6.41,88.72,30.33,3156088.5,37.5,45.86,0.11,16.63,98.54,40.86,21.93,0,1,0,0,0,0,0,Esc2
445,5.72,13.56,15.7,1.78,5.16,0.29,6.67,87.95,28.47,3146497.86,37.62,45.13,0.1,17.26,98.55,44.36,23.38,0,1,0,0,0,0,0,Esc2
446,5.65,13.74,15.58,1.77,5.08,0.29,5.97,87.0,27.37,3048844.65,38.82,45.49,0.1,15.69,98.6,44.52,23.01,0,1,0,0,0,0,0,Esc2
447,5.81,13.71,15.78,1.78,5.16,0.29,6.32,88.62,29.11,3130391.32,37.81,45.71,0.11,16.48,98.56,42.75,22.67,0,1,0,0,0,0,0,Esc2
448,5.58,13.18,15.61,1.7,4.98,0.29,5.38,87.71,27.28,3000982.82,39.44,46.22,0.1,14.35,98.62,44.4,23.56,0,1,0,0,0,1,0,Esc2
449,6.0,13.73,16.02,1.83,5.36,0.29,7.43,88.53,31.46,3266279.88,36.24,44.98,0.11,18.78,98.49,39.27,21.57,0,1,0,0,1,0,0,Esc2
450,5.65,13.28,15.57,1.79,5.03,0.29,5.76,86.82,27.08,3020241.74,39.19,45.61,0.1,15.2,98.61,45.18,23.27,0,1,0,0,0,0,0,Esc2
451,5.87,13.28,15.64,1.8,5.09,0.29,6.25,86.85,27.79,3076644.51,38.47,45.25,0.1,16.28,98.58,44.83,24.2,0,1,0,0,0,0,0,Esc2
452,5.67,13.36,15.58,1.74,5.01,0.29,5.7,87.08,27.02,3018788.06,39.21,45.74,0.1,15.06,98.61,45.04,23.21,0,1,0,0,0,0,0,Esc2
453,6.06,13.62,16.09,1.86,5.46,0.3,8.24,89.64,32.31,3383954.44,34.98,44.5,0.11,20.52,98.43,39.03,20.99,0,1,0,0,1,0,0,Esc2
454,5.72,13.43,15.72,1.77,5.21,0.3,6.65,89.05,29.65,3179580.93,37.22,45.46,0.11,17.31,98.53,42.09,23.0,0,1,0,0,0,0,0,Esc2
455,5.77,13.5,15.79,1.78,5.14,0.29,6.23,88.24,29.14,3113573.51,38.01,45.75,0.11,16.24,98.57,43.01,21.98,0,1,0,0,0,0,0,Esc2
456,5.82,13.55,15.78,1.8,5.15,0.29,6.27,87.06,28.67,3091587.89,38.28,45.46,0.11,16.25,98.58,43.69,21.67,0,1,0,0,0,0,0,Esc2
457,5.67,13.25,15.4,1.77,4.95,0.28,5.69,84.99,25.34,2962824.95,39.95,45.07,0.1,14.99,98.64,47.86,24.86,0,1,0,0,0,1,0,Esc2
458,5.58,13.4,15.52,1.73,4.97,0.29,5.3,87.38,26.82,2984021.0,39.66,46.16,0.1,14.18,98.63,45.33,23.76,0,1,0,0,0,1,0,Esc2
459,5.63,13.4,15.7,1.76,5.09,0.29,5.85,88.05,28.33,3065654.32,38.61,45.98,0.11,15.41,98.59,42.99,22.38,0,1,0,0,0,0,0,Esc2
460,5.59,13.42,15.65,1.71,5.07,0.29,6.01,88.21,28.23,3081455.61,38.41,45.77,0.11,15.82,98.58,42.76,22.88,0,1,0,0,0,0,0,Esc2
461,5.62,13.41,15.61,1.76,5.05,0.29,5.96,87.18,27.19,3044184.41,38.88,45.5,0.1,15.62,98.6,45.21,23.46,0,1,0,0,0,0,0,Esc2
462,6.05,13.55,16.02,1.82,5.29,0.29,6.92,88.6,31.11,3213658.81,36.83,45.48,0.11,17.69,98.51,40.56,21.65,0,1,0,0,0,0,0,Esc2
463,5.88,13.64,15.8,1.83,5.22,0.29,6.59,88.32,29.53,3157597.13,37.48,45.46,0.11,17.05,98.54,42.46,22.34,0,1,0,0,0,0,0,Esc2
464,5.64,13.37,15.62,1.74,5.14,0.29,6.75,87.69,27.97,3145038.19,37.63,44.91,0.1,17.46,98.55,43.0,22.93,0,1,0,0,1,0,0,Esc2
465,5.89,13.37,15.93,1.81,5.22,0.29,6.48,88.49,30.18,3154629.17,37.52,45.74,0.11,16.74,98.54,40.47,20.18,0,1,0,0,0,0,0,Esc2
466,5.75,13.42,15.74,1.8,5.21,0.3,6.41,88.51,29.51,3145883.25,37.62,45.64,0.11,16.74,98.55,42.12,22.67,0,1,0,0,0,0,0,Esc2
467,5.8,13.29,15.81,1.78,5.15,0.3,5.9,88.47,29.51,3093085.79,38.26,46.22,0.11,15.52,98.57,41.47,21.73,0,1,0,0,0,0,0,Esc2
468,5.65,13.6,15.72,1.74,5.12,0.29,5.94,88.28,28.57,3080359.91,38.42,45.95,0.11,15.63,98.58,41.83,21.98,0,1,0,0,0,0,0,Esc2
469,5.67,13.09,15.73,1.74,5.11,0.29,6.06,88.33,28.79,3094821.16,38.24,45.86,0.11,15.9,98.57,42.46,22.54,0,1,0,0,0,0,0,Esc2
470,5.71,13.26,15.73,1.78,5.17,0.29,6.39,88.4,28.71,3127556.83,37.84,45.51,0.11,16.64,98.56,43.14,22.65,0,1,0,0,0,0,0,Esc2
471,5.68,13.66,15.66,1.75,5.13,0.29,6.41,88.05,28.11,3118055.68,37.96,45.35,0.1,16.69,98.56,43.85,22.6,0,1,0,0,0,0,0,Esc2
472,5.45,13.13,15.47,1.66,4.87,0.29,4.84,87.3,25.89,2924838.89,40.47,46.46,0.1,13.08,98.66,46.2,24.08,0,1,0,0,0,1,0,Esc2
473,5.75,13.15,15.83,1.79,5.15,0.3,6.01,88.65,29.81,3108381.93,38.08,46.14,0.11,15.78,98.57,41.46,22.25,0,1,0,0,0,0,0,Esc2
474,5.66,13.37,15.6,1.76,5.11,0.29,6.41,87.33,27.74,3100912.62,38.17,45.14,0.1,16.69,98.57,44.12,22.57,0,1,0,0,0,0,0,Esc2
475,5.61,13.3,15.71,1.73,5.1,0.3,5.74,88.77,28.55,3069518.36,38.56,46.24,0.11,15.2,98.59,42.68,22.51,0,1,0,0,0,0,0,Esc2
476,5.78,13.43,15.67,1.77,5.11,0.29,6.08,87.27,28.33,3077987.45,38.45,45.61,0.11,15.94,98.58,44.2,22.88,0,1,0,0,0,0,0,Esc2
477,5.99,13.83,16.17,1.83,5.28,0.3,5.89,89.15,31.89,3128093.65,37.84,46.82,0.12,15.34,98.55,38.38,20.37,0,1,0,0,0,0,0,Esc2
478,5.54,13.25,15.65,1.71,5.08,0.29,5.99,88.31,27.78,3075636.87,38.48,45.77,0.1,15.75,98.58,43.6,22.02,0,1,0,0,0,0,0,Esc2
479,5.73,13.58,15.73,1.75,5.1,0.29,6.04,88.05,28.25,3082406.05,38.4,45.79,0.11,15.82,98.58,43.36,22.06,0,1,0,0,0,0,0,Esc2
480,5.82,13.74,15.63,1.8,5.14,0.29,6.79,86.64,27.6,3121744.83,37.91,44.64,0.1,17.44,98.56,45.06,23.81,0,1,0,0,1,0,0,Esc2
481,5.57,13.59,15.58,1.73,5.04,0.29,5.5,87.99,27.89,3026507.67,39.11,46.22,0.11,14.67,98.61,44.09,23.51,0,1,0,0,0,1,0,Esc2
482,5.94,13.56,15.93,1.81,5.2,0.29,6.15,88.43,29.92,3119342.18,37.94,46.04,0.11,16.01,98.56,41.65,22.44,0,1,0,0,0,0,0,Esc2
483,5.83,13.58,15.81,1.83,5.31,0.29,7.63,88.1,29.83,3263388.09,36.27,44.43,0.11,19.31,98.49,41.87,22.65,0,1,0,0,1,0,0,Esc2
484,5.71,13.47,15.66,1.76,5.09,0.29,6.12,87.72,27.56,3074753.78,38.49,45.51,0.1,16.0,98.59,44.74,22.51,0,1,0,0,0,0,0,Esc2
485,5.82,13.85,15.75,1.79,5.18,0.29,6.77,88.15,28.86,3162505.26,37.42,45.12,0.11,17.45,98.54,43.52,22.9,0,1,0,0,0,0,0,Esc2
486,5.83,13.67,15.87,1.8,5.27,0.3,7.08,88.85,30.25,3225435.43,36.69,45.17,0.11,18.14,98.51,40.76,21.79,0,1,0,0,0,0,0,Esc2
487,5.78,13.3,15.72,1.8,5.16,0.29,6.29,87.98,28.29,3105285.98,38.11,45.51,0.1,16.38,98.57,44.2,22.92,0,1,0,0,0,0,0,Esc2
488,5.93,13.79,16.02,1.79,5.23,0.29,6.58,88.44,30.57,3167105.92,37.37,45.72,0.11,16.91,98.54,40.41,20.92,0,1,0,0,0,0,0,Esc2
489,5.56,13.19,15.52,1.74,5.0,0.29,5.52,87.13,26.7,2996196.74,39.5,45.83,0.1,14.67,98.62,46.1,23.85,0,1,0,0,0,1,0,Esc2
490,5.85,13.55,15.81,1.81,5.22,0.3,6.45,88.39,29.66,3148411.85,37.59,45.64,0.11,16.77,98.55,42.02,21.65,0,1,0,0,0,0,0,Esc2
491,5.54,13.29,15.51,1.72,5.03,0.3,5.69,88.7,27.36,3050780.06,38.8,46.01,0.1,15.19,98.6,45.58,23.44,0,1,0,0,0,0,0,Esc2
492,5.84,13.71,15.85,1.82,5.29,0.3,7.18,89.03,30.23,3239121.07,36.54,45.08,0.11,18.38,98.5,41.68,22.0,0,1,0,0,0,0,0,Esc2
493,5.65,13.32,15.65,1.76,5.17,0.29,6.79,88.21,28.27,3159974.16,37.45,44.98,0.1,17.56,98.54,43.61,22.76,0,1,0,0,1,0,0,Esc2
494,5.92,13.75,15.9,1.79,5.26,0.29,6.95,88.48,30.15,3202518.76,36.96,45.24,0.11,17.8,98.52,41.66,21.91,0,1,0,0,0,0,0,Esc2
495,5.85,13.4,15.89,1.79,5.22,0.3,6.44,89.19,30.27,3165327.51,37.39,45.88,0.11,16.73,98.54,41.28,22.21,0,1,0,0,0,0,0,Esc2
496,5.71,13.11,15.78,1.75,5.17,0.3,5.88,88.5,29.54,3090288.3,38.3,46.22,0.11,15.48,98.58,40.59,21.77,0,1,0,0,0,0,0,Esc2
497,5.65,13.26,15.71,1.74,5.13,0.29,6.08,87.77,28.62,3087629.96,38.33,45.73,0.11,15.93,98.58,42.36,22.78,0,1,0,0,0,0,0,Esc2
498,5.75,13.45,15.64,1.76,5.07,0.29,6.0,87.15,27.88,3059488.33,38.68,45.58,0.1,15.74,98.59,43.93,22.99,0,1,0,0,0,0,0,Esc2
499,5.74,13.39,15.78,1.77,5.18,0.3,6.32,88.95,29.55,3143276.1,37.65,45.83,0.11,16.51,98.55,41.96,21.87,0,1,0,0,0,0,0,Esc2
500,5.77,13.55,15.78,1.78,5.19,0.29,6.51,87.69,28.82,3128043.77,37.84,45.33,0.11,16.83,98.56,43.01,22.48,0,1,0,0,0,0,0,Esc2
501,5.69,13.43,15.7,1.77,5.14,0.29,6.25,87.99,28.39,3105442.0,38.11,45.56,0.11,16.33,98.57,43.4,22.71,0,1,0,0,0,0,0,Esc2
502,5.95,13.62,15.9,1.84,5.28,0.29,6.81,87.77,30.25,3178997.17,37.23,45.31,0.11,17.46,98.53,40.5,22.25,0,1,0,0,0,0,0,Esc2
503,5.79,13.63,15.73,1.81,5.09,0.29,5.79,86.9,28.07,3034880.7,39.0,45.83,0.11,15.17,98.6,43.73,22.67,0,1,0,0,0,0,0,Esc2
504,5.83,13.29,15.92,1.77,5.19,0.29,6.48,88.49,29.83,3152128.29,37.55,45.7,0.11,16.75,98.55,40.86,20.99,0,1,0,0,0,0,0,Esc2
505,5.91,13.43,15.76,1.81,5.19,0.29,6.87,87.36,28.56,3154137.89,37.52,44.88,0.1,17.6,98.55,44.2,23.11,0,1,0,0,1,0,0,Esc2
506,5.63,13.38,15.74,1.73,5.07,0.29,5.59,88.11,27.95,3035231.88,38.99,46.23,0.11,14.78,98.6,43.39,22.12,0,1,0,0,0,1,0,Esc2
507,5.67,13.5,15.83,1.71,5.21,0.3,6.72,89.49,29.67,3191724.3,37.08,45.53,0.11,17.39,98.53,41.41,21.75,0,1,0,0,0,0,0,Esc2
508,5.75,13.57,15.67,1.78,5.12,0.29,6.22,87.47,28.07,3088008.14,38.33,45.45,0.1,16.22,98.58,44.21,23.2,0,1,0,0,0,0,0,Esc2
509,5.77,13.52,15.78,1.78,5.18,0.29,6.49,88.7,29.21,3148432.21,37.59,45.54,0.11,16.87,98.55,42.02,21.7,0,1,0,0,0,0,0,Esc2
510,5.87,13.35,15.91,1.81,5.32,0.3,7.33,88.46,30.56,3246686.92,36.45,44.93,0.11,18.62,98.5,39.88,21.78,0,1,0,0,1,0,0,Esc2
511,5.69,13.4,15.74,1.76,5.12,0.29,5.72,88.27,28.83,3063332.61,38.64,46.23,0.11,15.13,98.59,42.29,22.19,0,1,0,0,0,0,0,Esc2
512,5.9,13.79,15.87,1.79,5.21,0.29,6.99,88.02,29.72,3191909.6,37.08,45.06,0.11,17.86,98.53,41.74,21.72,0,1,0,0,0,0,0,Esc2
513,5.76,13.52,15.81,1.78,5.21,0.29,6.45,87.87,29.35,3133806.69,37.77,45.53,0.11,16.7,98.55,41.46,22.33,0,1,0,0,0,0,0,Esc2
514,5.72,13.7,15.72,1.76,5.08,0.29,5.74,87.54,27.89,3038705.58,38.95,45.95,0.11,15.11,98.6,43.49,22.79,0,1,0,0,0,0,0,Esc2
515,5.84,13.35,15.76,1.8,5.22,0.29,7.12,88.09,29.08,3201426.23,36.97,44.8,0.1,18.23,98.52,42.77,22.82,0,1,0,0,1,0,0,Esc2
516,5.7,13.3,15.75,1.76,5.16,0.3,6.51,88.71,29.0,3148834.44,37.59,45.5,0.11,16.91,98.55,42.85,22.3,0,1,0,0,0,0,0,Esc2
517,5.62,13.13,15.68,1.76,5.13,0.29,6.12,88.28,28.57,3099129.71,38.19,45.74,0.11,16.07,98.57,43.27,23.26,0,1,0,0,0,0,0,Esc2
518,5.74,13.34,15.64,1.77,5.13,0.29,6.58,87.14,27.86,3116372.07,37.98,44.98,0.1,17.04,98.56,44.08,23.34,0,1,0,0,1,0,0,Esc2
519,5.61,13.52,15.62,1.73,5.17,0.29,6.8,88.02,28.03,3155259.58,37.51,44.9,0.1,17.59,98.55,43.5,23.29,0,1,0,0,1,0,0,Esc2
520,5.8,13.48,15.81,1.79,5.18,0.29,6.4,88.34,29.58,3138979.26,37.71,45.67,0.11,16.63,98.55,41.67,22.39,0,1,0,0,0,0,0,Esc2
521,5.68,13.56,15.76,1.75,5.07,0.29,5.34,87.91,28.47,3013981.47,39.27,46.55,0.11,14.18,98.61,42.79,22.45,0,1,0,0,0,1,0,Esc2
522,5.73,13.37,15.63,1.79,5.18,0.3,6.54,87.93,29.16,3146011.77,37.62,45.31,0.11,17.07,98.55,42.19,24.31,0,1,0,0,0,0,0,Esc2
523,5.74,13.42,15.59,1.79,5.08,0.29,5.97,87.14,27.78,3056178.97,38.73,45.57,0.1,15.71,98.59,44.34,23.97,0,1,0,0,0,0,0,Esc2
524,5.92,13.53,15.94,1.8,5.28,0.29,7.03,88.02,30.49,3205505.96,36.92,45.15,0.11,17.92,98.52,40.24,21.3,0,1,0,0,0,0,0,Esc2
525,5.87,13.68,15.8,1.8,5.19,0.29,6.41,87.53,29.35,3124863.97,37.88,45.52,0.11,16.61,98.56,41.83,22.57,0,1,0,0,0,0,0,Esc2
526,5.77,13.39,15.73,1.78,5.15,0.29,6.27,88.1,28.5,3109665.14,38.06,45.59,0.11,16.35,98.57,43.32,22.54,0,1,0,0,0,0,0,Esc2
527,5.68,13.57,15.69,1.75,5.11,0.29,6.04,87.77,28.22,3077429.67,38.46,45.7,0.11,15.84,98.58,43.47,23.04,0,1,0,0,0,0,0,Esc2
528,5.58,13.34,15.61,1.73,4.99,0.29,5.41,86.93,26.75,2982426.99,39.68,45.98,0.1,14.33,98.63,45.43,23.18,0,1,0,0,0,1,0,Esc2
529,5.67,13.45,15.61,1.74,5.06,0.29,5.78,87.75,27.7,3044893.13,38.87,45.86,0.1,15.27,98.6,45.02,23.89,0,1,0,0,0,0,0,Esc2
530,5.62,13.19,15.63,1.77,5.11,0.29,6.0,87.55,27.95,3068956.37,38.57,45.65,0.1,15.79,98.59,43.65,22.94,0,1,0,0,0,0,0,Esc2
531,5.7,13.53,15.59,1.74,4.99,0.29,5.38,87.04,26.99,2987218.11,39.62,46.07,0.1,14.31,98.63,45.04,22.9,0,1,0,0,0,1,0,Esc2
532,5.32,13.09,15.31,1.66,4.92,0.29,5.27,87.38,25.73,2970432.62,39.84,45.91,0.1,14.24,98.64,46.78,24.6,0,1,0,0,0,1,0,Esc2
533,5.66,13.27,15.69,1.72,5.03,0.29,5.6,87.16,27.62,3016587.84,39.24,46.0,0.11,14.77,98.61,43.53,22.44,0,1,0,0,0,1,0,Esc2
534,5.77,13.4,15.64,1.78,5.12,0.29,6.51,87.59,28.05,3116517.81,37.98,45.13,0.1,16.89,98.56,44.36,23.6,0,1,0,0,0,0,0,Esc2
535,5.99,13.62,15.97,1.8,5.34,0.3,7.45,89.08,31.36,3278702.17,36.1,45.01,0.11,18.89,98.48,39.49,21.54,0,1,0,0,0,0,0,Esc2
536,5.94,13.54,15.82,1.83,5.24,0.29,7.1,87.14,29.32,3184748.84,37.16,44.75,0.11,18.09,98.53,42.12,22.15,0,1,0,0,1,0,0,Esc2
537,5.67,13.66,15.55,1.76,5.06,0.29,6.07,86.98,27.37,3059273.64,38.69,45.38,0.1,15.94,98.59,45.09,24.27,0,1,0,0,0,0,0,Esc2
538,5.96,13.59,16.02,1.8,5.36,0.3,7.3,89.42,31.46,3271796.55,36.17,45.26,0.11,18.57,98.49,39.78,21.24,0,1,0,0,0,0,0,Esc2
539,5.74,13.16,15.72,1.76,5.15,0.3,6.11,88.32,29.25,3110164.59,38.05,45.89,0.11,16.06,98.57,41.94,22.03,0,1,0,0,0,0,0,Esc2
540,5.72,13.53,15.68,1.75,5.1,0.29,6.26,87.51,28.22,3095068.69,38.24,45.43,0.11,16.33,98.58,43.4,22.88,0,1,0,0,0,0,0,Esc2
541,5.74,13.48,15.77,1.74,5.12,0.29,5.85,88.14,29.19,3077916.76,38.45,46.15,0.11,15.4,98.58,41.69,21.64,0,1,0,0,0,0,0,Esc2
542,5.76,13.49,15.85,1.77,5.2,0.3,6.07,88.95,30.16,3125916.0,37.86,46.21,0.11,15.93,98.56,40.47,21.68,0,1,0,0,0,0,0,Esc2
543,5.7,13.66,15.82,1.78,5.26,0.3,6.99,88.6,29.54,3203127.19,36.95,45.11,0.11,17.94,98.52,41.49,21.35,0,1,0,0,0,0,0,Esc2
544,5.85,13.7,15.8,1.84,5.33,0.3,7.55,88.56,30.16,3268629.96,36.21,44.61,0.11,19.18,98.49,41.57,23.12,0,1,0,0,1,0,0,Esc2
545,5.85,13.24,15.75,1.8,5.18,0.29,6.21,87.62,29.09,3102910.7,38.14,45.66,0.11,16.19,98.57,42.49,22.96,0,1,0,0,0,0,0,Esc2
546,5.74,13.43,15.76,1.77,5.15,0.3,5.79,88.55,29.38,3084591.57,38.37,46.31,0.11,15.32,98.58,42.8,22.34,0,1,0,0,0,0,0,Esc2
547,5.52,13.31,15.57,1.71,4.97,0.29,5.34,87.43,26.69,2983667.74,39.67,46.1,0.1,14.23,98.63,45.68,22.87,0,1,0,0,0,1,0,Esc2
548,5.61,13.35,15.61,1.74,5.01,0.29,5.51,87.41,27.56,3012218.39,39.29,46.07,0.11,14.64,98.62,44.56,23.75,0,1,0,0,0,1,0,Esc2
549,5.79,13.73,15.68,1.78,5.18,0.29,6.91,87.45,28.29,3159466.98,37.46,44.78,0.1,17.76,98.54,43.8,23.44,0,1,0,0,1,0,0,Esc2
550,5.86,13.77,15.7,1.81,5.17,0.29,6.57,87.08,28.18,3118555.96,37.95,45.07,0.1,16.98,98.56,44.64,23.11,0,1,0,0,0,0,0,Esc2
551,5.53,13.35,15.45,1.71,4.92,0.29,5.27,86.73,25.57,2952691.72,40.08,45.84,0.1,14.07,98.65,47.66,24.2,0,1,0,0,0,1,0,Esc2
552,5.8,13.55,15.93,1.79,5.18,0.3,5.9,89.45,30.26,3115772.44,37.99,46.51,0.11,15.5,98.56,41.71,21.33,0,1,0,0,0,0,0,Esc2
553,5.83,13.56,15.82,1.8,5.26,0.3,7.18,88.69,29.86,3226436.99,36.68,44.95,0.11,18.36,98.51,41.49,22.45,0,1,0,0,1,0,0,Esc2
554,5.81,13.52,15.79,1.78,5.13,0.29,6.19,87.79,28.87,3097645.68,38.21,45.67,0.11,16.13,98.57,43.35,23.31,0,1,0,0,0,0,0,Esc2
555,5.83,13.48,15.95,1.81,5.31,0.3,6.69,88.94,30.61,3192126.68,37.08,45.68,0.11,17.25,98.52,40.42,20.83,0,1,0,0,0,0,0,Esc2
556,5.71,13.14,15.79,1.75,5.16,0.29,6.26,87.84,28.87,3106953.61,38.09,45.64,0.11,16.27,98.57,41.37,22.15,0,1,0,0,0,0,0,Esc2
557,5.79,13.44,15.93,1.8,5.3,0.3,6.96,89.66,31.12,3239907.23,36.53,45.55,0.11,17.92,98.5,39.34,20.9,0,1,0,0,0,0,0,Esc2
558,5.52,13.34,15.47,1.67,4.95,0.29,5.56,87.47,26.13,3000042.52,39.45,45.75,0.1,14.8,98.62,46.58,23.85,0,1,0,0,0,1,0,Esc2
559,5.8,13.65,15.69,1.8,5.18,0.29,6.46,88.11,28.93,3136246.55,37.74,45.43,0.11,16.84,98.55,43.16,22.87,0,1,0,0,0,0,0,Esc2
560,5.75,13.27,15.83,1.78,5.11,0.29,5.37,88.36,29.38,3036704.53,38.98,46.75,0.11,14.28,98.6,41.7,21.83,0,1,0,0,0,1,0,Esc2
561,5.63,13.31,15.56,1.74,5.02,0.29,5.74,87.44,27.17,3029737.56,39.06,45.74,0.1,15.2,98.61,45.48,23.47,0,1,0,0,0,0,0,Esc2
562,5.69,13.37,15.48,1.78,5.06,0.29,6.35,86.51,26.72,3069220.92,38.56,44.87,0.1,16.57,98.59,46.54,25.04,0,1,0,0,1,0,0,Esc2
563,5.76,13.67,15.63,1.78,5.13,0.29,6.74,87.26,27.65,3130277.98,37.81,44.8,0.1,17.39,98.56,45.09,23.76,0,1,0,0,1,0,0,Esc2
564,5.68,13.3,15.5,1.74,5.02,0.29,5.76,87.45,26.95,3032126.48,39.03,45.68,0.1,15.29,98.61,45.83,24.65,0,1,0,0,0,0,0,Esc2
565,5.82,13.61,15.8,1.78,5.21,0.3,6.43,88.55,30.05,3154239.41,37.52,45.74,0.11,16.74,98.54,41.1,22.22,0,1,0,0,0,0,0,Esc2
566,5.94,13.49,15.96,1.8,5.28,0.3,6.82,89.03,31.14,3213299.93,36.83,45.61,0.11,17.55,98.51,39.38,20.76,0,1,0,0,0,0,0,Esc2
567,5.87,13.37,15.81,1.82,5.27,0.29,7.26,87.98,29.31,3214551.61,36.82,44.7,0.11,18.48,98.51,41.76,22.26,0,1,0,0,1,0,0,Esc2
568,5.73,13.63,15.7,1.77,5.15,0.3,6.25,88.62,28.8,3121695.44,37.91,45.7,0.11,16.39,98.56,42.77,22.69,0,1,0,0,0,0,0,Esc2
569,5.46,13.18,15.56,1.68,4.96,0.3,4.9,88.42,27.51,2969361.56,39.86,46.86,0.11,13.29,98.64,43.62,23.44,0,1,0,0,0,1,0,Esc2
570,5.81,13.46,15.77,1.8,5.2,0.29,6.42,88.22,29.23,3135163.15,37.75,45.55,0.11,16.7,98.55,42.64,22.6,0,1,0,0,0,0,0,Esc2
571,5.78,13.47,15.79,1.78,5.13,0.29,6.21,88.17,28.75,3104776.79,38.12,45.69,0.11,16.18,98.57,43.05,22.2,0,1,0,0,0,0,0,Esc2
572,5.81,13.54,15.68,1.81,5.15,0.29,6.45,87.09,28.42,3109405.9,38.06,45.2,0.11,16.74,98.57,43.72,23.79,0,1,0,0,0,0,0,Esc2
573,6.05,13.75,16.05,1.86,5.46,0.3,8.09,89.16,31.77,3351328.38,35.32,44.5,0.11,20.19,98.44,39.27,20.65,0,1,0,0,1,0,0,Esc2
574,5.83,13.76,15.81,1.83,5.26,0.3,6.79,88.96,30.26,3201185.48,36.97,45.46,0.11,17.57,98.52,41.64,22.02,0,1,0,0,0,0,0,Esc2
575,5.84,13.28,15.7,1.78,5.15,0.29,6.37,86.95,28.26,3096113.01,38.23,45.25,0.11,16.52,98.57,44.13,23.59,0,1,0,0,0,0,0,Esc2
576,5.84,13.64,15.86,1.75,5.12,0.29,6.41,87.71,28.66,3112662.52,38.02,45.45,0.11,16.53,98.57,43.12,21.56,0,1,0,0,0,0,0,Esc2
577,5.61,13.31,15.54,1.76,5.03,0.3,5.32,88.21,27.53,3010051.34,39.32,46.38,0.11,14.3,98.62,45.02,23.67,0,1,0,0,0,1,0,Esc2
578,6.01,13.74,15.86,1.83,5.26,0.29,6.94,87.87,30.02,3190582.34,37.1,45.13,0.11,17.77,98.53,41.61,22.5,0,1,0,0,0,0,0,Esc2
579,5.74,13.6,15.72,1.77,5.16,0.29,6.29,88.35,28.9,3120957.09,37.92,45.64,0.11,16.44,98.56,43.02,23.41,0,1,0,0,0,0,0,Esc2
580,5.93,13.41,15.91,1.8,5.18,0.29,5.96,88.04,30.21,3098372.98,38.2,46.21,0.11,15.59,98.57,40.8,22.42,0,1,0,0,0,0,0,Esc2
581,5.93,13.43,15.88,1.82,5.31,0.3,7.16,88.43,30.6,3230801.72,36.63,45.07,0.11,18.29,98.51,40.92,22.21,0,1,0,0,0,0,0,Esc2
582,5.66,13.49,15.68,1.75,5.09,0.29,6.28,87.82,27.6,3091984.24,38.28,45.37,0.1,16.35,98.58,45.2,22.94,0,1,0,0,0,0,0,Esc2
583,5.83,13.53,15.81,1.79,5.17,0.29,6.14,88.28,29.14,3105995.84,38.11,45.86,0.11,16.03,98.57,42.89,21.91,0,1,0,0,0,0,0,Esc2
584,5.69,13.31,15.61,1.75,5.04,0.29,6.01,86.28,26.78,3030447.13,39.06,45.25,0.1,15.69,98.61,45.12,23.45,0,1,0,0,0,0,0,Esc2
585,5.73,13.4,15.8,1.77,5.14,0.29,5.94,88.73,29.12,3093440.9,38.26,46.13,0.11,15.61,98.57,41.66,21.87,0,1,0,0,0,0,0,Esc2
586,5.64,13.29,15.67,1.74,5.06,0.29,5.5,88.48,27.93,3033409.28,39.02,46.35,0.11,14.64,98.61,44.0,22.95,0,1,0,0,0,1,0,Esc2
587,5.94,13.49,15.98,1.79,5.27,0.29,6.72,88.39,30.82,3187509.33,37.13,45.6,0.11,17.27,98.53,39.68,21.58,0,1,0,0,0,0,0,Esc2
588,5.69,13.47,15.66,1.75,5.07,0.29,6.08,87.4,27.31,3061338.98,38.66,45.46,0.1,15.88,98.59,45.1,23.01,0,1,0,0,0,0,0,Esc2
589,5.76,13.16,15.61,1.75,5.0,0.29,5.49,86.35,27.1,2987312.23,39.62,45.87,0.1,14.51,98.63,45.39,23.8,0,1,0,0,0,1,0,Esc2
590,5.81,13.56,15.84,1.78,5.16,0.29,6.08,88.29,29.41,3104865.97,38.12,45.99,0.11,15.89,98.57,41.46,21.33,0,1,0,0,0,0,0,Esc2
591,5.84,13.57,15.94,1.78,5.27,0.3,6.76,89.47,30.69,3207961.59,36.89,45.66,0.11,17.44,98.52,39.89,21.27,0,1,0,0,0,0,0,Esc2
592,5.54,13.07,15.47,1.72,5.06,0.3,6.0,88.01,27.55,3074140.24,38.5,45.59,0.1,15.91,98.59,44.43,24.18,0,1,0,0,0,0,0,Esc2
593,5.66,13.55,15.5,1.75,4.99,0.29,5.74,86.28,26.44,3002762.35,39.42,45.45,0.1,15.14,98.62,46.0,23.41,0,1,0,0,0,0,0,Esc2
594,5.77,13.18,15.81,1.78,5.13,0.29,5.69,88.36,28.85,3060342.19,38.67,46.33,0.11,15.0,98.59,42.94,22.28,0,1,0,0,0,1,0,Esc2
595,5.69,13.44,15.51,1.76,5.01,0.29,5.83,86.66,26.74,3022250.88,39.16,45.45,0.1,15.39,98.61,46.1,24.52,0,1,0,0,0,0,0,Esc2
596,5.72,13.37,15.66,1.75,5.11,0.29,6.13,87.89,28.36,3090812.85,38.29,45.64,0.11,16.06,98.58,42.89,23.13,0,1,0,0,0,0,0,Esc2
597,5.7,13.31,15.74,1.75,5.09,0.29,5.81,87.66,28.46,3055231.27,38.74,45.99,0.11,15.27,98.59,42.82,21.72,0,1,0,0,0,0,0,Esc2
598,5.79,13.51,15.75,1.81,5.16,0.29,6.2,88.07,28.98,3109023.77,38.07,45.72,0.11,16.21,98.57,42.95,22.91,0,1,0,0,0,0,0,Esc2
599,5.68,13.3,15.78,1.75,5.24,0.3,6.7,89.47,30.02,3197259.5,37.02,45.58,0.11,17.41,98.52,41.18,21.66,0,1,0,0,0,0,0,Esc2
600,5.67,13.44,15.66,1.76,5.12,0.29,6.09,88.02,28.62,3093998.77,38.25,45.75,0.11,16.0,98.58,43.74,23.52,0,1,0,0,0,0,0,Esc2
601,5.61,13.44,15.57,1.75,5.02,0.29,5.51,86.86,26.8,2991633.67,39.56,45.85,0.1,14.59,98.63,44.74,23.36,0,1,0,0,0,1,0,Esc2
602,5.7,13.32,15.69,1.76,5.11,0.29,6.24,87.75,28.29,3096955.68,38.22,45.51,0.11,16.27,98.57,43.23,22.64,0,1,0,0,0,0,0,Esc2
603,5.66,13.44,15.65,1.74,5.12,0.29,6.37,87.66,28.25,3108248.88,38.08,45.32,0.1,16.6,98.57,43.15,22.91,0,1,0,0,0,0,0,Esc2
604,5.99,13.55,15.95,1.82,5.19,0.29,6.05,88.63,30.42,3117444.05,37.97,46.25,0.11,15.78,98.56,40.92,21.61,0,1,0,0,0,0,0,Esc2
605,5.71,13.18,15.73,1.77,5.09,0.29,5.83,87.19,27.98,3042700.67,38.9,45.82,0.11,15.28,98.6,43.16,22.15,0,1,0,0,0,0,0,Esc2
606,6.0,13.67,15.92,1.83,5.28,0.29,7.35,87.15,29.44,3207207.9,36.9,44.58,0.11,18.52,98.52,42.1,22.0,0,1,0,0,1,0,0,Esc2
607,5.71,13.5,15.79,1.76,5.13,0.29,6.01,88.29,29.13,3094363.72,38.25,46.0,0.11,15.75,98.57,41.88,21.63,0,1,0,0,0,0,0,Esc2
608,5.78,13.39,15.78,1.79,5.22,0.29,6.81,88.0,29.02,3166880.43,37.37,45.1,0.11,17.53,98.54,42.42,23.18,0,1,0,0,0,0,0,Esc2
609,5.57,13.08,15.51,1.76,5.04,0.29,5.54,86.93,26.97,3002172.02,39.42,45.84,0.1,14.74,98.62,44.74,23.69,0,1,0,0,0,1,0,Esc2
610,5.85,13.53,15.79,1.8,5.25,0.3,7.01,88.89,30.01,3217920.03,36.78,45.18,0.11,18.04,98.51,41.04,22.25,0,1,0,0,0,0,0,Esc2
611,5.69,13.69,15.79,1.77,5.17,0.3,5.85,88.73,29.47,3092003.89,38.28,46.29,0.11,15.43,98.57,41.81,22.58,0,1,0,0,0,0,0,Esc2
612,5.62,13.08,15.78,1.73,5.12,0.3,5.55,89.1,29.29,3066368.68,38.6,46.63,0.11,14.77,98.59,41.37,21.86,0,1,0,0,0,1,0,Esc2
613,5.69,13.52,15.6,1.78,5.1,0.29,6.07,87.86,28.02,3080510.17,38.42,45.61,0.1,15.97,98.58,44.97,24.36,0,1,0,0,0,0,0,Esc2
614,5.6,13.26,15.67,1.74,5.06,0.29,5.49,88.46,28.23,3036004.24,38.98,46.39,0.11,14.62,98.6,43.4,22.68,0,1,0,0,0,1,0,Esc2
615,5.73,13.43,15.65,1.78,5.09,0.29,5.99,87.51,27.91,3063156.25,38.64,45.64,0.1,15.72,98.59,44.35,22.78,0,1,0,0,0,0,0,Esc2
616,5.73,13.19,15.73,1.78,5.11,0.29,5.73,87.95,28.31,3049707.39,38.81,46.09,0.11,15.1,98.6,44.12,22.94,0,1,0,0,0,0,0,Esc2
617,5.82,13.54,15.68,1.79,5.2,0.29,7.1,87.83,28.49,3188327.32,37.12,44.67,0.1,18.21,98.53,44.61,23.12,0,1,0,0,1,0,0,Esc2
618,5.58,13.07,15.6,1.73,5.09,0.29,6.04,88.05,27.77,3077061.28,38.46,45.64,0.1,15.89,98.58,43.68,23.88,0,1,0,0,0,0,0,Esc2
619,5.76,13.61,15.79,1.77,5.18,0.29,6.6,88.09,29.12,3148548.38,37.59,45.35,0.11,17.06,98.55,42.14,21.75,0,1,0,0,0,0,0,Esc2
620,5.89,13.75,15.84,1.82,5.25,0.3,6.8,88.67,30.28,3195505.87,37.04,45.41,0.11,17.56,98.52,41.02,21.29,0,1,0,0,0,0,0,Esc2
621,5.68,13.32,15.77,1.76,5.19,0.3,6.73,89.01,29.17,3178395.99,37.24,45.35,0.11,17.41,98.53,42.39,21.32,0,1,0,0,0,0,0,Esc2
622,5.73,13.63,15.74,1.75,5.18,0.3,6.22,88.41,29.35,3121490.16,37.92,45.79,0.11,16.29,98.56,41.26,22.65,0,1,0,0,0,0,0,Esc2
623,5.84,13.46,15.89,1.77,5.23,0.3,6.42,89.09,30.31,3164646.43,37.4,45.92,0.11,16.68,98.54,39.99,21.69,0,1,0,0,0,0,0,Esc2
624,5.71,13.42,15.55,1.74,5.07,0.29,6.18,86.74,27.22,3062518.99,38.65,45.19,0.1,16.16,98.59,45.04,24.01,0,1,0,0,0,0,0,Esc2
625,5.84,13.37,15.93,1.78,5.24,0.3,6.68,89.2,30.6,3193357.03,37.06,45.7,0.11,17.24,98.53,40.53,21.12,0,1,0,0,0,0,0,Esc2
626,5.63,13.57,15.6,1.74,5.09,0.29,5.89,88.01,27.97,3064855.07,38.62,45.82,0.11,15.56,98.59,43.59,23.31,0,1,0,0,0,0,0,Esc2
627,5.69,13.45,15.6,1.78,5.13,0.29,6.61,87.93,27.82,3134350.61,37.76,45.06,0.1,17.18,98.56,44.94,23.86,0,1,0,0,0,0,0,Esc2
628,5.82,13.45,15.8,1.82,5.21,0.29,6.58,88.35,29.24,3152387.44,37.54,45.42,0.11,17.03,98.55,42.75,22.38,0,1,0,0,0,0,0,Esc2
629,5.8,13.3,15.85,1.78,5.2,0.29,6.51,88.47,29.42,3150199.98,37.57,45.57,0.11,16.86,98.55,41.76,21.78,0,1,0,0,0,0,0,Esc2
630,5.75,13.68,15.78,1.74,5.15,0.3,6.06,88.83,29.32,3110479.32,38.05,46.04,0.11,15.91,98.57,41.25,22.06,0,1,0,0,0,0,0,Esc2
631,5.6,13.32,15.55,1.73,5.0,0.29,5.5,87.29,27.01,3003441.44,39.41,45.96,0.1,14.63,98.62,45.33,23.08,0,1,0,0,0,1,0,Esc2
632,5.68,13.5,15.63,1.79,5.09,0.29,5.96,87.2,27.48,3051155.83,38.79,45.58,0.1,15.63,98.6,44.92,23.23,0,1,0,0,0,0,0,Esc2
633,5.75,13.56,15.69,1.77,5.12,0.29,5.98,87.68,28.42,3073944.13,38.5,45.78,0.11,15.71,98.58,43.94,23.63,0,1,0,0,0,0,0,Esc2
634,5.74,13.23,15.61,1.76,5.1,0.29,6.23,87.4,27.81,3085164.01,38.36,45.35,0.1,16.29,98.58,43.99,23.91,0,1,0,0,0,0,0,Esc2
635,5.78,13.53,15.84,1.74,5.16,0.3,6.17,88.71,29.86,3125623.24,37.87,46.01,0.11,16.12,98.56,40.76,21.87,0,1,0,0,0,0,0,Esc2
636,5.85,13.51,15.71,1.79,5.19,0.29,7.23,87.21,28.53,3187179.15,37.14,44.46,0.1,18.4,98.53,43.37,23.18,0,1,0,0,1,0,0,Esc2
637,5.68,13.69,15.59,1.74,5.04,0.29,5.92,86.92,27.45,3043952.56,38.88,45.55,0.1,15.57,98.6,44.24,23.32,0,1,0,0,0,0,0,Esc2
638,5.57,13.31,15.62,1.71,5.02,0.29,5.49,87.67,27.45,3011808.03,39.3,46.11,0.11,14.59,98.62,43.92,23.39,0,1,0,0,0,1,0,Esc2
639,5.8,13.53,15.8,1.79,5.27,0.3,7.48,88.59,29.81,3256210.31,36.35,44.63,0.11,19.03,98.5,41.59,22.88,0,1,0,0,1,0,0,Esc2
640,5.78,13.5,15.72,1.81,5.18,0.29,6.74,88.01,28.58,3154931.1,37.51,45.08,0.1,17.4,98.55,43.75,23.26,0,1,0,0,0,0,0,Esc2
641,5.72,13.58,15.78,1.79,5.21,0.3,6.68,89.09,29.4,3179215.78,37.23,45.46,0.11,17.32,98.53,42.07,22.08,0,1,0,0,0,0,0,Esc2
642,5.74,13.72,15.6,1.77,5.16,0.29,6.95,87.79,28.31,3170709.66,37.33,44.74,0.1,17.93,98.54,44.6,23.82,0,1,0,0,1,0,0,Esc2
643,5.66,13.36,15.57,1.74,5.06,0.29,5.76,87.53,27.53,3039537.78,38.94,45.81,0.1,15.25,98.6,44.18,22.98,0,1,0,0,0,0,0,Esc2
644,5.64,13.13,15.46,1.75,4.99,0.29,5.62,86.55,26.64,3001683.51,39.43,45.63,0.1,14.94,98.62,45.85,23.89,0,1,0,0,0,1,0,Esc2
645,5.81,13.19,15.76,1.74,5.12,0.29,6.2,87.92,28.69,3099645.23,38.18,45.65,0.11,16.16,98.57,42.02,21.9,0,1,0,0,0,0,0,Esc2
646,5.69,13.59,15.63,1.76,5.08,0.29,6.02,87.3,27.77,3061084.94,38.66,45.56,0.1,15.78,98.59,44.6,23.3,0,1,0,0,0,0,0,Esc2
647,5.71,13.49,15.77,1.76,5.18,0.29,6.44,87.88,28.79,3125197.29,37.87,45.43,0.11,16.7,98.56,42.07,21.63,0,1,0,0,0,0,0,Esc2
648,5.83,13.5,15.76,1.79,5.22,0.3,6.52,88.18,29.58,3150757.45,37.56,45.49,0.11,16.95,98.55,41.69,22.75,0,1,0,0,0,0,0,Esc2
649,5.83,13.49,15.89,1.83,5.28,0.3,6.56,89.29,30.87,3187951.14,37.13,45.84,0.11,17.03,98.53,40.37,21.17,0,1,0,0,0,0,0,Esc2
650,5.56,13.33,15.45,1.73,4.92,0.29,5.24,86.69,25.57,2948668.54,40.14,45.87,0.1,13.99,98.65,46.93,23.7,0,1,0,0,0,1,0,Esc2
651,5.98,13.69,15.89,1.85,5.25,0.29,7.04,87.84,29.78,3194428.43,37.05,45.01,0.11,17.94,98.52,41.75,22.8,0,1,0,0,0,0,0,Esc2
652,5.6,13.05,15.54,1.73,5.0,0.29,5.76,88.15,26.76,3037169.82,38.97,45.77,0.1,15.26,98.6,46.05,23.57,0,1,0,0,0,0,0,Esc2
653,5.72,13.63,15.72,1.79,5.13,0.29,5.85,87.81,28.73,3066212.91,38.6,45.99,0.11,15.41,98.59,43.19,22.71,0,1,0,0,0,0,0,Esc2
654,5.84,13.43,15.9,1.77,5.2,0.3,6.43,89.19,30.6,3169036.56,37.35,45.94,0.11,16.71,98.54,39.84,21.7,0,1,0,0,0,0,0,Esc2
655,5.65,13.38,15.75,1.74,5.16,0.3,6.25,88.38,29.09,3121075.56,37.92,45.74,0.11,16.34,98.56,41.64,21.44,0,1,0,0,0,0,0,Esc2
656,5.7,13.34,15.76,1.73,5.11,0.29,6.26,87.88,28.2,3098092.75,38.2,45.53,0.1,16.27,98.57,42.99,22.33,0,1,0,0,0,0,0,Esc2
657,5.81,13.27,15.76,1.78,5.08,0.29,5.77,87.41,28.39,3046559.58,38.85,45.99,0.11,15.16,98.6,43.1,22.35,0,1,0,0,0,0,0,Esc2
658,5.78,13.24,15.85,1.78,5.15,0.29,5.86,88.06,29.27,3076917.88,38.47,46.18,0.11,15.36,98.58,42.15,21.83,0,1,0,0,0,0,0,Esc2
659,5.72,13.33,15.72,1.76,5.09,0.29,5.97,87.18,27.65,3050897.72,38.79,45.62,0.1,15.59,98.6,44.24,22.12,0,1,0,0,0,0,0,Esc2
660,5.86,13.46,15.91,1.78,5.23,0.3,6.43,88.63,30.48,3157550.13,37.48,45.84,0.11,16.67,98.54,40.2,21.5,0,1,0,0,0,0,0,Esc2
661,5.67,13.34,15.77,1.78,5.18,0.3,6.02,88.78,29.28,3106556.5,38.1,46.06,0.11,15.84,98.57,41.58,21.95,0,1,0,0,0,0,0,Esc2
662,5.63,13.5,15.59,1.78,5.09,0.29,5.92,87.65,27.93,3062586.51,38.65,45.73,0.11,15.62,98.59,43.99,23.34,0,1,0,0,0,0,0,Esc2
663,5.68,13.18,15.67,1.76,5.06,0.29,5.92,87.73,27.78,3058243.94,38.7,45.75,0.1,15.55,98.59,44.29,23.03,0,1,0,0,0,0,0,Esc2
664,5.72,13.32,15.73,1.75,5.15,0.3,6.12,88.28,29.17,3109067.46,38.07,45.87,0.11,16.07,98.57,41.84,22.55,0,1,0,0,0,0,0,Esc2
665,5.85,13.61,15.81,1.81,5.2,0.29,6.42,87.94,29.37,3133065.36,37.78,45.56,0.11,16.66,98.55,41.83,22.02,0,1,0,0,0,0,0,Esc2
666,5.67,13.31,15.73,1.78,5.19,0.3,6.17,88.88,29.37,3127429.15,37.84,45.94,0.11,16.21,98.56,42.4,22.6,0,1,0,0,0,0,0,Esc2
667,6.02,13.55,15.94,1.82,5.23,0.29,6.79,87.75,29.98,3170072.84,37.34,45.3,0.11,17.37,98.54,41.97,21.87,0,1,0,0,0,0,0,Esc2
668,5.82,13.5,15.69,1.79,5.16,0.29,6.59,87.11,28.19,3119742.03,37.94,45.04,0.1,17.02,98.56,43.22,22.77,0,1,0,0,0,0,0,Esc2
669,5.81,13.47,15.7,1.79,5.18,0.29,6.6,87.74,28.7,3139689.1,37.7,45.2,0.11,17.1,98.55,43.46,23.09,0,1,0,0,0,0,0,Esc2
670,5.82,13.31,15.84,1.77,5.14,0.29,6.15,88.81,29.04,3113226.22,38.02,45.94,0.11,16.04,98.57,43.17,21.87,0,1,0,0,0,0,0,Esc2
671,5.93,13.58,15.88,1.82,5.26,0.29,7.09,87.84,29.88,3202981.62,36.95,44.97,0.11,18.08,98.52,41.75,21.89,0,1,0,0,1,0,0,Esc2
672,5.9,13.36,15.91,1.8,5.21,0.29,6.63,87.75,29.72,3152196.45,37.55,45.42,0.11,17.04,98.55,41.13,21.8,0,1,0,0,0,0,0,Esc2
673,5.63,13.25,15.65,1.73,5.13,0.29,6.24,88.11,28.27,3103456.19,38.14,45.53,0.1,16.34,98.57,43.36,23.8,0,1,0,0,0,0,0,Esc2
674,5.82,13.58,15.82,1.79,5.19,0.29,6.26,87.82,29.39,3113808.73,38.01,45.71,0.11,16.28,98.56,42.13,22.23,0,1,0,0,0,0,0,Esc2
675,5.75,13.19,15.86,1.76,5.18,0.3,5.95,89.34,30.29,3121084.95,37.92,46.41,0.11,15.67,98.56,40.26,21.24,0,1,0,0,0,0,0,Esc2
676,5.84,13.85,15.81,1.79,5.18,0.29,6.55,87.09,28.91,3122449.41,37.9,45.23,0.11,16.86,98.56,42.52,22.18,0,1,0,0,0,0,0,Esc2
677,6.11,13.69,16.13,1.85,5.38,0.29,7.57,88.39,31.46,3275227.6,36.14,44.9,0.11,18.96,98.48,39.09,20.78,0,1,0,0,1,0,0,Esc2
678,5.85,13.37,15.86,1.76,5.2,0.3,6.28,88.49,30.06,3135958.5,37.74,45.9,0.11,16.36,98.55,40.6,22.16,0,1,0,0,0,0,0,Esc2
679,5.61,13.48,15.72,1.75,5.08,0.29,5.46,88.35,28.49,3033689.61,39.01,46.45,0.11,14.54,98.6,43.12,23.48,0,1,0,0,0,1,0,Esc2
680,5.6,13.41,15.71,1.76,5.13,0.3,5.5,88.95,28.93,3054925.97,38.74,46.58,0.11,14.68,98.59,42.42,23.03,0,1,0,0,0,1,0,Esc2
681,5.59,13.48,15.59,1.7,5.02,0.29,5.65,87.33,27.14,3019908.63,39.19,45.86,0.1,14.95,98.61,44.6,22.76,0,1,0,0,0,1,0,Esc2
682,5.9,13.8,15.74,1.78,5.17,0.29,6.56,87.17,28.72,3123556.92,37.89,45.16,0.11,16.95,98.56,43.19,23.51,0,1,0,0,0,0,0,Esc2
683,5.81,13.29,15.83,1.8,5.28,0.3,6.83,88.94,30.21,3201218.52,36.97,45.41,0.11,17.62,98.52,41.05,22.67,0,1,0,0,0,0,0,Esc2
684,5.73,13.65,15.85,1.77,5.2,0.3,6.26,89.29,29.75,3144886.62,37.63,46.01,0.11,16.36,98.55,41.86,21.62,0,1,0,0,0,0,0,Esc2
685,5.89,13.43,15.9,1.78,5.2,0.29,6.72,88.29,29.9,3171017.93,37.32,45.41,0.11,17.27,98.54,41.52,21.77,0,1,0,0,0,0,0,Esc2
686,5.7,13.52,15.73,1.78,5.15,0.3,6.03,89.0,29.12,3108570.96,38.07,46.05,0.11,15.88,98.57,43.11,22.56,0,1,0,0,0,0,0,Esc2
687,5.83,13.7,15.83,1.8,5.17,0.29,6.18,88.0,29.05,3104227.61,38.13,45.78,0.11,16.09,98.57,42.59,21.83,0,1,0,0,0,0,0,Esc2
688,5.9,13.49,15.83,1.81,5.22,0.29,6.85,87.87,29.29,3170078.04,37.34,45.11,0.11,17.55,98.54,42.52,22.1,0,1,0,0,0,0,0,Esc2
689,5.91,13.58,15.99,1.79,5.26,0.29,7.15,88.59,30.23,3221273.91,36.74,45.1,0.11,18.16,98.51,41.41,21.12,0,1,0,0,0,0,0,Esc2
690,5.85,13.56,15.82,1.8,5.26,0.29,7.06,88.02,29.57,3198959.13,37.0,44.95,0.11,18.05,98.52,41.93,21.9,0,1,0,0,1,0,0,Esc2
691,5.56,13.13,15.54,1.72,5.03,0.29,5.86,88.24,27.35,3059217.88,38.69,45.77,0.1,15.54,98.59,44.55,23.16,0,1,0,0,0,0,0,Esc2
692,5.63,13.37,15.67,1.74,5.07,0.29,6.04,88.43,28.28,3088932.53,38.32,45.8,0.11,15.88,98.58,43.41,22.37,0,1,0,0,0,0,0,Esc2
693,5.6,13.39,15.59,1.73,5.08,0.3,6.0,88.51,27.96,3085125.14,38.36,45.79,0.1,15.85,98.58,44.03,22.88,0,1,0,0,0,0,0,Esc2
694,5.78,13.06,15.72,1.76,5.12,0.29,6.34,87.73,28.84,3115772.37,37.99,45.5,0.11,16.51,98.57,42.6,22.38,0,1,0,0,0,0,0,Esc2
695,5.74,13.36,15.63,1.76,5.04,0.29,5.76,87.56,27.85,3039671.55,38.94,45.86,0.11,15.2,98.6,44.56,23.81,0,1,0,0,0,0,0,Esc2
696,5.59,13.46,15.55,1.73,5.01,0.29,5.71,87.91,27.41,3038385.38,38.95,45.89,0.1,15.16,98.6,45.1,24.5,0,1,0,0,0,0,0,Esc2
697,5.79,13.48,15.63,1.8,5.2,0.29,6.83,87.09,27.93,3139961.06,37.69,44.73,0.1,17.58,98.55,44.64,23.95,0,1,0,0,1,0,0,Esc2
698,5.9,13.35,15.79,1.8,5.18,0.29,6.64,87.19,29.1,3135290.89,37.75,45.17,0.11,17.08,98.55,42.15,22.84,0,1,0,0,0,0,0,Esc2
699,5.81,13.34,15.9,1.77,5.24,0.29,6.64,88.13,29.74,3159806.51,37.46,45.45,0.11,17.09,98.54,40.86,21.46,0,1,0,0,0,0,0,Esc2
700,5.81,13.5,15.67,1.77,5.14,0.29,6.39,87.18,28.44,3105935.71,38.11,45.28,0.11,16.61,98.57,43.1,23.12,0,1,0,0,0,0,0,Esc2
701,5.66,13.54,15.57,1.73,5.02,0.29,5.92,86.55,27.09,3031309.51,39.04,45.42,0.1,15.54,98.61,44.63,23.27,0,1,0,0,0,0,0,Esc2
702,5.9,13.37,15.83,1.82,5.24,0.29,6.93,87.62,29.53,3178665.23,37.23,45.02,0.11,17.74,98.53,42.19,21.85,0,1,0,0,0,0,0,Esc2
703,5.79,13.62,15.79,1.82,5.26,0.29,7.14,88.41,29.13,3206217.26,36.91,44.84,0.1,18.25,98.52,43.34,22.68,0,1,0,0,1,0,0,Esc2
704,5.75,13.6,15.76,1.77,5.2,0.3,6.67,88.5,29.41,3168710.27,37.35,45.37,0.11,17.28,98.54,42.23,21.93,0,1,0,0,0,0,0,Esc2
705,5.72,13.41,15.8,1.77,5.18,0.29,6.35,88.44,29.21,3131666.86,37.79,45.68,0.11,16.52,98.56,41.92,21.51,0,1,0,0,0,0,0,Esc2
706,5.58,13.2,15.59,1.72,5.02,0.29,5.49,87.93,27.72,3022772.82,39.15,46.21,0.11,14.64,98.61,43.65,22.47,0,1,0,0,0,1,0,Esc2
707,5.75,13.49,15.61,1.76,5.11,0.29,6.46,87.3,27.84,3107993.53,38.08,45.12,0.1,16.8,98.57,44.26,23.2,0,1,0,0,0,0,0,Esc2
708,5.74,13.42,15.71,1.77,5.16,0.29,6.46,87.58,28.59,3121407.26,37.92,45.31,0.11,16.77,98.56,43.3,22.91,0,1,0,0,0,0,0,Esc2
709,5.89,13.82,15.98,1.81,5.21,0.3,5.91,89.43,30.78,3122576.92,37.9,46.58,0.11,15.52,98.56,40.01,21.04,0,1,0,0,0,0,0,Esc2
710,5.93,13.53,15.88,1.81,5.22,0.29,6.5,87.85,29.56,3139839.82,37.69,45.54,0.11,16.77,98.55,41.97,22.34,0,1,0,0,0,0,0,Esc2
711,5.68,13.4,15.58,1.75,5.07,0.29,5.76,87.68,27.94,3046882.52,38.85,45.89,0.11,15.26,98.6,44.19,24.09,0,1,0,0,0,0,0,Esc2
712,5.81,13.58,15.7,1.78,5.1,0.29,6.18,87.31,28.03,3080638.53,38.42,45.46,0.1,16.12,98.58,44.93,22.86,0,1,0,0,0,0,0,Esc2
713,5.8,13.33,15.76,1.77,5.2,0.29,6.79,88.08,29.58,3174987.95,37.28,45.19,0.11,17.53,98.54,41.27,22.55,0,1,0,0,0,0,0,Esc2
714,5.93,13.43,15.94,1.8,5.27,0.29,7.05,88.77,30.23,3217214.09,36.79,45.21,0.11,18.0,98.51,41.34,21.51,0,1,0,0,0,0,0,Esc2
715,5.77,13.45,15.71,1.8,5.15,0.29,6.39,88.23,28.57,3125190.85,37.87,45.47,0.11,16.65,98.56,43.78,22.89,0,1,0,0,0,0,0,Esc2
716,5.76,13.28,15.68,1.75,5.11,0.29,6.21,86.83,27.74,3072543.74,38.52,45.32,0.1,16.16,98.59,43.91,22.92,0,1,0,0,0,0,0,Esc2
717,5.89,13.58,15.82,1.82,5.22,0.29,6.96,87.34,29.0,3167093.31,37.37,44.87,0.11,17.76,98.54,42.3,22.81,0,1,0,0,1,0,0,Esc2
718,5.62,13.78,15.65,1.74,5.11,0.29,6.52,87.46,27.6,3109628.81,38.06,45.06,0.1,16.88,98.57,44.13,23.21,0,1,0,0,0,0,0,Esc2
719,5.81,13.63,15.89,1.78,5.21,0.3,6.47,89.26,29.89,3163595.39,37.41,45.8,0.11,16.78,98.54,41.08,21.86,0,1,0,0,0,0,0,Esc2
720,5.52,13.7,15.43,1.71,4.98,0.29,5.84,87.37,26.04,3025854.35,39.11,45.42,0.1,15.47,98.61,47.17,23.97,0,1,0,0,0,0,0,Esc2
721,5.73,13.29,15.7,1.77,5.14,0.29,6.33,87.74,28.62,3110699.89,38.05,45.46,0.11,16.49,98.57,43.45,22.6,0,1,0,0,0,0,0,Esc2
722,5.71,13.4,15.69,1.78,5.17,0.29,6.4,87.86,28.64,3121885.67,37.91,45.42,0.11,16.67,98.56,43.06,23.1,0,1,0,0,0,0,0,Esc2
723,5.51,13.42,15.44,1.7,4.87,0.29,4.71,86.67,25.91,2903855.06,40.76,46.48,0.1,12.76,98.67,46.74,25.0,0,1,0,0,0,1,0,Esc2
724,5.98,13.8,16.03,1.82,5.29,0.3,6.69,89.03,31.23,3198994.28,37.0,45.79,0.11,17.21,98.52,40.23,21.63,0,1,0,0,0,0,0,Esc2
725,5.7,13.69,15.51,1.76,4.95,0.29,5.21,85.46,26.19,2934626.47,40.33,45.82,0.1,13.85,98.65,46.62,23.89,0,1,0,0,0,1,0,Esc2
726,5.81,13.48,15.77,1.78,5.18,0.29,6.67,88.01,29.08,3154103.63,37.52,45.26,0.11,17.22,98.55,42.99,22.61,0,1,0,0,0,0,0,Esc2
727,5.72,13.33,15.79,1.77,5.15,0.3,5.71,88.66,29.92,3082848.29,38.39,46.48,0.11,15.13,98.58,40.97,22.2,0,1,0,0,0,0,0,Esc2
728,5.88,13.37,15.93,1.8,5.24,0.3,6.55,88.83,30.33,3171108.94,37.32,45.74,0.11,16.93,98.54,41.04,21.72,0,1,0,0,0,0,0,Esc2
729,5.7,13.42,15.81,1.76,5.07,0.29,5.51,87.86,28.34,3025194.84,39.12,46.35,0.11,14.53,98.61,42.69,21.97,0,1,0,0,0,1,0,Esc2
730,5.86,13.16,15.92,1.78,5.23,0.3,6.44,89.25,30.42,3167768.68,37.36,45.92,0.11,16.72,98.54,40.93,21.55,0,1,0,0,0,0,0,Esc2
731,5.8,13.49,15.57,1.77,5.01,0.29,5.77,86.15,26.91,3006965.7,39.36,45.47,0.1,15.16,98.62,45.66,23.78,0,1,0,0,0,0,0,Esc2
732,5.78,13.34,15.67,1.78,5.13,0.29,6.14,87.77,28.61,3093656.93,38.26,45.64,0.11,16.1,98.58,42.63,22.83,0,1,0,0,0,0,0,Esc2
733,5.62,13.39,15.72,1.73,5.14,0.3,6.25,88.79,28.82,3124140.67,37.88,45.74,0.11,16.37,98.56,42.11,21.51,0,1,0,0,0,0,0,Esc2
734,6.09,13.89,15.98,1.87,5.32,0.29,7.46,87.6,30.08,3237137.81,36.56,44.67,0.11,18.77,98.5,41.88,21.42,0,1,0,0,1,0,0,Esc2
735,5.83,13.47,15.82,1.8,5.25,0.3,6.75,88.61,30.19,3188680.55,37.12,45.43,0.11,17.45,98.53,40.76,22.88,0,1,0,0,0,0,0,Esc2
736,5.84,13.24,15.86,1.79,5.23,0.3,6.67,88.78,30.09,3178914.59,37.23,45.55,0.11,17.22,98.53,40.83,22.28,0,1,0,0,0,0,0,Esc2
737,5.69,13.36,15.77,1.77,5.16,0.3,6.33,88.59,29.41,3134201.91,37.76,45.73,0.11,16.51,98.56,41.51,22.48,0,1,0,0,0,0,0,Esc2
738,5.76,13.68,15.81,1.78,5.2,0.29,6.32,88.25,29.4,3128080.53,37.84,45.72,0.11,16.45,98.56,41.77,22.45,0,1,0,0,0,0,0,Esc2
739,5.68,13.12,15.68,1.75,5.09,0.3,5.63,88.31,28.91,3057055.45,38.72,46.32,0.11,14.97,98.59,42.47,23.05,0,1,0,0,0,1,0,Esc2
740,5.71,13.52,15.6,1.73,5.05,0.29,6.31,86.95,27.14,3077474.56,38.46,45.12,0.1,16.43,98.59,45.29,23.5,0,1,0,0,0,0,0,Esc2
741,5.73,13.32,15.74,1.8,5.15,0.29,6.17,88.08,28.59,3098756.51,38.19,45.69,0.11,16.12,98.57,43.21,22.44,0,1,0,0,0,0,0,Esc2
742,5.79,13.66,15.66,1.8,5.16,0.29,6.66,87.7,28.26,3139482.55,37.7,45.05,0.1,17.25,98.55,44.02,23.04,0,1,0,0,0,0,0,Esc2
743,5.7,13.42,15.64,1.73,5.11,0.29,6.42,87.72,28.09,3113333.48,38.02,45.27,0.1,16.72,98.57,43.73,23.48,0,1,0,0,0,0,0,Esc2
744,5.85,13.42,15.71,1.79,5.08,0.29,5.93,87.12,28.4,3058029.18,38.7,45.75,0.11,15.55,98.59,43.45,22.76,0,1,0,0,0,0,0,Esc2
745,5.72,13.31,15.73,1.76,5.15,0.3,6.19,89.03,29.58,3132869.42,37.78,45.94,0.11,16.28,98.56,41.88,22.62,0,1,0,0,0,0,0,Esc2
746,5.61,13.19,15.5,1.74,4.93,0.29,5.21,86.01,25.98,2941305.45,40.24,45.89,0.1,13.87,98.65,46.78,23.87,0,1,0,0,0,1,0,Esc2
747,5.65,13.44,15.69,1.74,5.15,0.29,6.42,87.91,28.74,3127407.69,37.84,45.42,0.11,16.74,98.56,41.83,21.61,0,1,0,0,0,0,0,Esc2
748,5.66,13.48,15.66,1.73,5.13,0.29,6.27,87.59,28.43,3102096.24,38.15,45.45,0.11,16.39,98.57,42.47,23.06,0,1,0,0,0,0,0,Esc2
749,5.8,13.56,15.85,1.8,5.19,0.29,6.45,88.04,29.38,3135385.26,37.75,45.55,0.11,16.7,98.55,41.99,21.82,0,1,0,0,0,0,0,Esc2
750,5.93,13.55,16.01,1.82,5.31,0.3,6.89,89.4,31.6,3230936.42,36.63,45.68,0.11,17.69,98.51,39.09,21.08,0,1,0,0,0,0,0,Esc2
751,5.55,13.19,15.55,1.72,5.03,0.29,5.82,87.82,27.24,3046663.43,38.85,45.74,0.1,15.41,98.6,44.87,23.4,0,1,0,0,0,0,0,Esc2
752,5.86,13.44,15.93,1.8,5.28,0.29,7.15,88.28,30.19,3217837.42,36.78,45.04,0.11,18.18,98.51,40.62,20.98,0,1,0,0,0,0,0,Esc2
753,5.75,13.54,15.69,1.75,5.15,0.29,6.73,87.79,28.27,3145221.18,37.63,45.01,0.1,17.36,98.55,43.23,22.99,0,1,0,0,0,0,0,Esc2
754,5.74,13.56,15.59,1.77,5.0,0.29,5.48,86.35,26.79,2982180.7,39.69,45.83,0.1,14.49,98.63,45.94,23.66,0,1,0,0,0,1,0,Esc2
755,5.9,13.48,15.89,1.83,5.28,0.3,7.06,89.09,30.42,3227168.45,36.67,45.24,0.11,18.08,98.51,41.22,21.59,0,1,0,0,0,0,0,Esc2
756,5.62,13.36,15.63,1.72,5.13,0.29,6.49,87.94,27.82,3119366.17,37.94,45.18,0.1,16.88,98.56,44.23,22.7,0,1,0,0,0,0,0,Esc2
757,5.71,13.3,15.7,1.75,5.08,0.29,5.92,87.74,28.12,3065059.32,38.61,45.82,0.11,15.56,98.59,43.56,21.85,0,1,0,0,0,0,0,Esc2
758,5.76,13.36,15.85,1.78,5.21,0.29,6.67,88.78,29.59,3172081.98,37.31,45.48,0.11,17.21,98.54,41.74,21.56,0,1,0,0,0,0,0,Esc2
759,5.87,13.48,15.98,1.82,5.26,0.3,6.42,89.12,30.7,3166908.84,37.37,46.0,0.11,16.63,98.54,40.03,21.61,0,1,0,0,0,0,0,Esc2
760,5.81,13.67,15.87,1.77,5.22,0.3,6.45,89.18,29.97,3165169.46,37.39,45.83,0.11,16.78,98.54,41.43,22.26,0,1,0,0,0,0,0,Esc2
761,5.68,13.34,15.65,1.76,5.14,0.29,6.43,87.94,28.37,3123268.06,37.89,45.34,0.1,16.76,98.56,43.35,23.22,0,1,0,0,0,0,0,Esc2
762,5.72,13.64,15.49,1.8,5.11,0.29,6.57,86.77,26.96,3099287.98,38.19,44.73,0.1,17.08,98.57,46.66,25.4,0,1,0,0,1,0,0,Esc2
763,5.79,13.89,15.83,1.76,5.24,0.3,6.95,88.72,30.02,3206636.58,36.91,45.22,0.11,17.87,98.52,41.14,22.38,0,1,0,0,0,0,0,Esc2
764,5.63,13.32,15.57,1.73,5.05,0.3,5.68,88.19,27.87,3046797.66,38.85,46.04,0.11,15.11,98.6,44.54,23.97,0,1,0,0,0,0,0,Esc2
765,5.61,13.42,15.58,1.73,5.03,0.29,5.58,87.67,27.48,3023429.09,39.15,46.02,0.1,14.83,98.61,44.22,23.86,0,1,0,0,0,1,0,Esc2
766,5.94,13.46,15.95,1.83,5.28,0.3,6.75,88.71,30.86,3195522.11,37.04,45.59,0.11,17.37,98.52,40.37,22.23,0,1,0,0,0,0,0,Esc2
767,5.65,13.43,15.7,1.75,5.15,0.3,6.13,88.79,28.97,3115638.11,37.99,45.88,0.11,16.13,98.56,42.15,22.65,0,1,0,0,0,0,0,Esc2
768,5.78,13.48,15.72,1.76,5.15,0.29,6.23,88.05,28.67,3106650.6,38.1,45.63,0.11,16.27,98.57,43.39,23.73,0,1,0,0,0,0,0,Esc2
769,5.73,13.43,15.72,1.75,5.14,0.29,5.97,87.94,28.93,3085086.33,38.36,45.93,0.11,15.7,98.58,41.79,22.73,0,1,0,0,0,0,0,Esc2
770,6.03,13.31,16.08,1.82,5.34,0.29,7.34,88.5,31.24,3253594.47,36.38,45.09,0.11,18.53,98.49,39.19,20.07,0,1,0,0,0,0,0,Esc2
771,5.61,13.31,15.58,1.7,4.94,0.29,5.24,86.95,26.46,2964811.8,39.92,46.12,0.1,13.96,98.64,46.09,22.79,0,1,0,0,0,1,0,Esc2
772,5.56,13.48,15.54,1.73,5.0,0.29,5.6,86.69,27.01,3003304.21,39.41,45.76,0.1,14.83,98.62,45.08,23.8,0,1,0,0,0,1,0,Esc2
773,5.72,13.68,15.82,1.76,5.13,0.3,5.92,89.07,29.51,3101217.48,38.16,46.26,0.11,15.57,98.57,42.22,22.05,0,1,0,0,0,0,0,Esc2
774,5.82,13.48,15.65,1.79,5.11,0.29,6.41,87.42,27.95,3104372.9,38.13,45.2,0.1,16.67,98.57,44.55,23.94,0,1,0,0,0,0,0,Esc2
775,5.8,13.77,15.8,1.8,5.19,0.3,6.32,88.36,29.65,3133203.6,37.77,45.76,0.11,16.47,98.55,41.91,22.63,0,1,0,0,0,0,0,Esc2
776,5.85,13.51,15.79,1.78,5.17,0.29,6.36,88.32,29.58,3134261.26,37.76,45.68,0.11,16.56,98.56,42.34,22.75,0,1,0,0,0,0,0,Esc2
777,5.76,13.43,15.75,1.78,5.16,0.29,6.46,88.0,28.57,3124438.76,37.88,45.36,0.11,16.76,98.56,43.21,22.76,0,1,0,0,0,0,0,Esc2
778,5.67,13.49,15.66,1.76,5.13,0.3,6.13,88.56,28.6,3106011.08,38.11,45.76,0.11,16.13,98.57,43.35,22.82,0,1,0,0,0,0,0,Esc2
779,5.8,13.4,15.91,1.78,5.25,0.3,6.81,88.99,30.27,3200659.38,36.98,45.49,0.11,17.53,98.52,41.03,21.3,0,1,0,0,0,0,0,Esc2
780,5.73,13.44,15.68,1.78,5.13,0.29,6.24,87.43,27.96,3088066.56,38.33,45.4,0.1,16.27,98.58,44.45,22.93,0,1,0,0,0,0,0,Esc2
781,5.65,13.42,15.57,1.76,5.1,0.29,6.19,87.55,27.79,3085133.12,38.36,45.4,0.1,16.24,98.58,44.35,23.79,0,1,0,0,0,0,0,Esc2
782,5.86,13.5,15.92,1.77,5.2,0.29,6.31,88.27,30.15,3134944.54,37.75,45.88,0.11,16.36,98.55,41.32,21.43,0,1,0,0,0,0,0,Esc2
783,5.73,13.43,15.82,1.78,5.16,0.29,6.09,88.49,29.4,3108230.91,38.08,46.0,0.11,15.93,98.57,41.93,22.26,0,1,0,0,0,0,0,Esc2
784,5.58,13.46,15.65,1.74,5.07,0.29,5.64,88.31,28.06,3046652.3,38.85,46.18,0.11,14.97,98.6,43.49,22.86,0,1,0,0,0,1,0,Esc2
785,5.93,13.78,15.95,1.8,5.29,0.29,6.97,88.57,30.54,3209177.44,36.88,45.31,0.11,17.81,98.52,40.62,21.36,0,1,0,0,0,0,0,Esc2
786,5.71,13.33,15.59,1.76,5.0,0.29,5.39,86.82,27.44,2990589.41,39.58,46.08,0.11,14.34,98.63,44.87,23.2,0,1,0,0,0,1,0,Esc2
787,5.71,13.16,15.74,1.76,5.18,0.29,6.47,88.09,28.71,3131765.49,37.79,45.4,0.11,16.81,98.56,42.31,21.88,0,1,0,0,0,0,0,Esc2
788,5.74,13.45,15.78,1.78,5.16,0.29,6.23,88.58,29.12,3118731.71,37.95,45.79,0.11,16.26,98.56,42.27,22.4,0,1,0,0,0,0,0,Esc2
789,5.79,13.49,15.77,1.78,5.2,0.29,6.66,88.04,28.88,3150752.54,37.56,45.25,0.11,17.19,98.55,42.49,22.61,0,1,0,0,0,0,0,Esc2
790,5.57,12.9,15.72,1.72,5.02,0.29,5.21,88.18,27.97,2998307.56,39.47,46.62,0.11,13.91,98.62,43.11,22.21,0,1,0,0,0,1,0,Esc2
791,5.85,13.24,15.93,1.79,5.23,0.3,6.35,88.58,30.47,3148999.81,37.59,45.93,0.11,16.48,98.55,40.13,21.13,0,1,0,0,0,0,0,Esc2
792,5.77,13.21,15.68,1.73,5.12,0.29,6.48,87.9,28.45,3125850.95,37.86,45.29,0.1,16.84,98.56,42.95,23.26,0,1,0,0,0,0,0,Esc2
793,5.75,13.62,15.81,1.79,5.22,0.3,6.73,89.55,29.93,3198229.54,37.01,45.55,0.11,17.45,98.52,41.7,22.83,0,1,0,0,0,0,0,Esc2
794,5.91,13.36,15.91,1.78,5.19,0.29,6.34,88.17,30.22,3138275.1,37.71,45.84,0.11,16.44,98.55,40.93,22.06,0,1,0,0,0,0,0,Esc2
795,5.6,13.46,15.63,1.75,5.06,0.29,5.72,87.56,27.71,3036887.23,38.97,45.91,0.11,15.11,98.6,44.47,22.51,0,1,0,0,0,0,0,Esc2
796,5.74,13.5,15.66,1.8,5.21,0.29,6.74,87.73,28.56,3150635.97,37.57,45.01,0.1,17.43,98.55,43.53,23.65,0,1,0,0,0,0,0,Esc2
797,5.72,13.21,15.67,1.77,5.15,0.29,6.35,87.84,28.57,3114267.99,38.0,45.43,0.11,16.57,98.56,43.47,23.63,0,1,0,0,0,0,0,Esc2
798,5.75,13.49,15.81,1.78,5.18,0.3,6.19,88.68,29.48,3123377.97,37.89,45.92,0.11,16.18,98.56,42.7,22.44,0,1,0,0,0,0,0,Esc2
799,5.66,13.49,15.7,1.73,5.05,0.29,5.58,88.35,28.12,3039552.13,38.94,46.26,0.11,14.8,98.6,43.74,23.08,0,1,0,0,0,1,0,Esc2
800,5.97,13.51,15.94,1.81,5.29,0.29,7.28,88.39,30.39,3237667.75,36.56,44.96,0.11,18.49,98.5,41.21,20.74,0,1,0,0,1,0,0,Esc2
801,5.7,13.41,15.7,1.75,5.12,0.29,6.35,87.28,28.05,3094841.57,38.24,45.28,0.1,16.48,98.57,43.72,23.39,0,1,0,0,0,0,0,Esc2
802,5.92,13.81,16.09,1.8,5.3,0.3,6.86,90.14,31.53,3238811.19,36.54,45.86,0.11,17.6,98.5,39.46,20.61,0,1,0,1,0,0,0,Esc2
803,5.62,13.38,15.61,1.72,5.01,0.29,5.64,87.37,27.23,3018562.95,39.21,45.88,0.1,14.91,98.61,44.99,23.24,0,1,0,0,0,1,0,Esc2
804,5.64,13.6,15.66,1.76,5.08,0.29,5.67,87.66,28.2,3039863.28,38.93,46.06,0.11,15.0,98.6,43.43,23.0,0,1,0,0,0,0,0,Esc2
805,5.84,13.72,15.77,1.76,5.08,0.29,5.96,87.15,28.15,3056295.72,38.73,45.72,0.11,15.56,98.59,43.77,23.12,0,1,0,0,0,0,0,Esc2
806,5.71,13.47,15.9,1.77,5.27,0.3,7.07,89.53,30.3,3235067.46,36.59,45.29,0.11,18.13,98.51,40.58,20.91,0,1,0,0,0,0,0,Esc2
807,5.85,13.5,15.81,1.78,5.23,0.3,6.69,88.42,29.77,3174151.56,37.29,45.42,0.11,17.3,98.53,41.52,21.83,0,1,0,0,0,0,0,Esc2
808,5.56,13.23,15.71,1.69,5.05,0.29,5.75,88.19,28.21,3054781.97,38.74,46.08,0.11,15.17,98.6,42.52,22.6,0,1,0,0,0,0,0,Esc2
809,5.64,13.86,15.6,1.73,5.07,0.29,6.24,87.49,27.29,3081918.99,38.4,45.29,0.1,16.3,98.58,44.73,23.15,0,1,0,0,0,0,0,Esc2
810,5.66,13.35,15.58,1.76,5.04,0.29,5.69,87.46,27.43,3026690.32,39.1,45.83,0.1,15.07,98.61,44.27,23.21,0,1,0,0,0,0,0,Esc2
811,5.74,13.1,15.78,1.76,5.15,0.3,6.25,88.45,29.37,3124039.99,37.89,45.79,0.11,16.33,98.56,41.84,22.09,0,1,0,0,0,0,0,Esc2
812,5.52,13.18,15.67,1.7,4.98,0.29,4.69,88.33,27.69,2949960.57,40.12,47.17,0.11,12.71,98.65,43.14,22.14,0,1,0,0,0,1,0,Esc2
813,5.79,13.41,15.75,1.78,5.15,0.29,6.15,88.01,29.21,3104745.26,38.12,45.79,0.11,16.09,98.57,42.12,23.12,0,1,0,0,0,0,0,Esc2
814,5.87,13.3,15.85,1.82,5.2,0.29,6.55,87.69,29.22,3136433.21,37.74,45.38,0.11,16.88,98.55,42.51,21.82,0,1,0,0,0,0,0,Esc2
815,5.76,13.41,15.7,1.78,5.19,0.29,6.5,87.64,29.18,3134119.9,37.76,45.34,0.11,16.89,98.55,42.18,23.07,0,1,0,0,0,0,0,Esc2
816,5.71,13.35,15.73,1.75,5.14,0.29,6.48,87.91,28.77,3129096.97,37.82,45.35,0.11,16.83,98.56,42.32,22.91,0,1,0,0,0,0,0,Esc2
817,5.75,13.49,15.72,1.77,5.14,0.29,6.65,87.11,28.24,3124795.93,37.88,44.99,0.1,17.14,98.56,43.52,22.96,0,1,0,0,1,0,0,Esc2
818,5.81,13.37,15.91,1.77,5.19,0.3,6.27,88.99,30.26,3144061.32,37.64,46.04,0.11,16.32,98.55,39.87,21.18,0,1,0,0,0,0,0,Esc2
819,5.61,13.28,15.44,1.75,4.96,0.29,5.47,86.5,26.15,2977658.22,39.75,45.69,0.1,14.56,98.63,46.49,24.34,0,1,0,0,0,1,0,Esc2
820,5.74,13.25,15.81,1.78,5.14,0.29,5.88,88.33,28.96,3078990.41,38.44,46.12,0.11,15.44,98.58,41.81,21.53,0,1,0,0,0,0,0,Esc2
821,5.61,13.57,15.62,1.73,5.08,0.3,5.75,88.32,28.1,3058639.67,38.7,46.05,0.11,15.25,98.59,43.11,23.5,0,1,0,0,0,0,0,Esc2
822,5.7,13.49,15.51,1.75,5.04,0.29,5.68,87.15,27.28,3024146.37,39.14,45.78,0.1,15.08,98.61,44.92,24.3,0,1,0,0,0,0,0,Esc2
823,5.94,13.89,15.91,1.82,5.3,0.29,7.2,88.52,30.39,3231353.07,36.63,45.04,0.11,18.34,98.51,41.42,22.2,0,1,0,0,0,0,0,Esc2
824,5.48,13.55,15.57,1.71,5.08,0.29,6.25,88.35,27.45,3098413.01,38.2,45.39,0.1,16.41,98.57,44.3,22.95,0,1,0,0,0,0,0,Esc2
825,5.57,13.29,15.57,1.72,5.02,0.29,5.56,87.57,27.29,3015618.91,39.25,45.98,0.1,14.77,98.61,45.15,22.86,0,1,0,0,0,1,0,Esc2
826,5.71,13.39,15.74,1.73,5.12,0.29,6.27,87.72,28.27,3099409.91,38.19,45.5,0.11,16.31,98.57,42.76,22.71,0,1,0,0,0,0,0,Esc2
827,5.63,13.32,15.78,1.73,5.07,0.3,5.19,89.19,29.23,3029758.84,39.06,47.02,0.11,13.91,98.61,41.76,22.72,0,1,0,0,0,1,0,Esc2
828,5.72,13.36,15.66,1.77,5.07,0.29,5.93,87.77,27.78,3061069.56,38.66,45.75,0.1,15.58,98.59,44.22,22.66,0,1,0,0,0,0,0,Esc2
829,5.84,13.39,15.91,1.82,5.24,0.3,6.69,88.98,30.25,3187554.19,37.13,45.6,0.11,17.27,98.53,41.3,21.14,0,1,0,0,0,0,0,Esc2
830,5.86,13.67,15.85,1.82,5.28,0.29,7.28,88.5,30.16,3235405.32,36.58,44.87,0.11,18.54,98.5,40.75,22.1,0,1,0,0,1,0,0,Esc2
831,5.57,13.09,15.5,1.74,5.0,0.29,5.55,86.14,26.34,2981003.27,39.7,45.6,0.1,14.69,98.63,45.68,24.05,0,1,0,0,0,1,0,Esc2
832,5.88,13.62,15.75,1.8,5.15,0.29,6.57,87.76,28.89,3139064.5,37.7,45.28,0.11,17.01,98.55,42.91,22.6,0,1,0,0,0,0,0,Esc2
833,5.59,13.35,15.5,1.74,5.07,0.29,6.43,86.44,26.83,3076427.46,38.47,44.8,0.1,16.72,98.58,45.31,24.69,0,1,0,0,1,0,0,Esc2
834,5.8,13.46,15.89,1.8,5.18,0.3,6.14,88.76,30.1,3125906.36,37.86,46.11,0.11,16.03,98.56,40.84,22.06,0,1,0,0,0,0,0,Esc2
835,5.59,13.22,15.59,1.75,5.14,0.29,6.36,87.98,27.94,3110354.3,38.05,45.31,0.1,16.64,98.57,43.7,23.21,0,1,0,0,0,0,0,Esc2
836,5.72,13.5,15.78,1.78,5.15,0.29,6.17,88.59,29.12,3113504.36,38.01,45.85,0.11,16.14,98.57,42.6,21.77,0,1,0,0,0,0,0,Esc2
837,5.57,13.53,15.55,1.75,5.04,0.29,5.41,87.38,27.24,3000400.57,39.45,46.11,0.1,14.45,98.62,45.33,24.33,0,1,0,0,0,1,0,Esc2
838,5.89,13.53,15.79,1.8,5.21,0.29,6.99,86.99,28.77,3162798.01,37.42,44.75,0.1,17.83,98.54,42.73,22.8,0,1,0,0,1,0,0,Esc2
839,5.87,13.62,15.9,1.81,5.26,0.29,6.98,88.65,29.98,3206513.54,36.91,45.22,0.11,17.87,98.52,41.77,21.55,0,1,0,0,0,0,0,Esc2
840,5.43,13.31,15.41,1.68,4.98,0.29,5.49,87.82,26.79,3011378.25,39.3,45.95,0.1,14.74,98.62,45.1,25.21,0,1,0,0,0,1,0,Esc2
841,5.75,13.19,15.68,1.78,5.13,0.3,6.01,87.96,29.04,3090693.22,38.29,45.88,0.11,15.82,98.58,42.11,23.24,0,1,0,0,0,0,0,Esc2
842,5.67,13.45,15.77,1.74,5.11,0.3,5.68,88.92,29.13,3071792.04,38.53,46.43,0.11,15.04,98.59,42.05,21.54,0,1,0,0,0,0,0,Esc2
843,5.74,13.66,15.85,1.77,5.16,0.29,6.05,88.55,29.29,3102809.64,38.14,46.05,0.11,15.81,98.57,42.07,21.33,0,1,0,0,0,0,0,Esc2
844,5.62,13.41,15.66,1.74,5.04,0.29,5.56,87.7,27.86,3023739.18,39.14,46.12,0.11,14.73,98.61,43.86,22.11,0,1,0,0,0,1,0,Esc2
845,5.85,13.32,15.85,1.8,5.16,0.29,6.15,88.53,29.48,3114747.17,38.0,45.96,0.11,16.04,98.56,42.08,22.38,0,1,0,0,0,0,0,Esc2
846,5.66,13.62,15.67,1.77,5.12,0.29,6.06,88.32,28.3,3090350.08,38.3,45.78,0.11,15.92,98.58,44.12,23.04,0,1,0,0,0,0,0,Esc2
847,5.79,13.3,15.69,1.78,5.15,0.29,6.31,87.07,28.48,3096134.99,38.23,45.35,0.11,16.42,98.57,43.15,22.91,0,1,0,0,0,0,0,Esc2
848,5.78,13.46,15.74,1.76,5.15,0.29,6.52,88.2,28.89,3139733.99,37.7,45.39,0.11,16.91,98.55,42.8,22.19,0,1,0,0,0,0,0,Esc2
849,5.59,13.41,15.47,1.77,5.04,0.29,5.99,86.54,26.66,3035333.06,38.99,45.24,0.1,15.76,98.6,46.12,23.72,0,1,0,0,0,0,0,Esc2
850,5.84,13.26,15.88,1.76,5.23,0.3,6.57,88.65,30.11,3168851.81,37.35,45.66,0.11,16.99,98.54,40.5,21.67,0,1,0,0,0,0,0,Esc2
851,5.89,13.29,15.91,1.82,5.3,0.3,7.26,88.96,30.36,3245059.19,36.47,45.04,0.11,18.49,98.5,40.83,21.43,0,1,0,0,0,0,0,Esc2
852,5.57,13.26,15.56,1.72,4.93,0.29,4.98,87.35,26.62,2947686.43,40.15,46.46,0.1,13.38,98.65,45.74,23.02,0,1,0,0,0,1,0,Esc2
853,5.74,13.33,15.77,1.73,5.1,0.29,5.83,87.77,28.62,3063110.56,38.64,46.03,0.11,15.33,98.59,42.48,21.66,0,1,0,0,0,0,0,Esc2
854,5.55,13.4,15.5,1.75,5.0,0.29,5.48,87.13,26.77,2996681.27,39.5,45.89,0.1,14.62,98.62,45.73,23.5,0,1,0,0,0,1,0,Esc2
855,5.7,13.33,15.66,1.76,5.1,0.29,5.93,87.74,28.23,3066945.72,38.59,45.81,0.11,15.6,98.59,43.42,22.8,0,1,0,0,0,0,0,Esc2
856,5.8,13.43,15.8,1.78,5.16,0.29,6.09,87.49,29.12,3088289.1,38.32,45.79,0.11,15.88,98.58,42.51,22.51,0,1,0,0,0,0,0,Esc2
857,5.78,13.32,15.92,1.78,5.21,0.3,6.12,88.84,30.34,3127882.32,37.84,46.19,0.11,15.97,98.56,40.03,21.9,0,1,0,0,0,0,0,Esc2
858,5.79,13.38,15.58,1.78,5.14,0.29,6.66,86.83,27.69,3116587.04,37.98,44.79,0.1,17.23,98.56,44.71,24.57,0,1,0,0,1,0,0,Esc2
859,5.77,13.49,15.81,1.79,5.21,0.3,6.45,89.03,29.91,3161568.65,37.44,45.77,0.11,16.8,98.54,41.51,22.12,0,1,0,0,0,0,0,Esc2
860,5.85,13.79,15.91,1.77,5.22,0.29,6.55,88.56,30.11,3164112.41,37.41,45.67,0.11,16.92,98.54,40.85,21.1,0,1,0,0,0,0,0,Esc2
861,5.76,13.49,15.76,1.76,5.1,0.29,6.14,87.64,28.31,3083906.32,38.38,45.62,0.11,16.0,98.58,43.05,21.66,0,1,0,0,0,0,0,Esc2
862,5.93,13.46,15.94,1.8,5.16,0.3,5.77,88.56,30.47,3093459.37,38.26,46.56,0.11,15.18,98.57,40.04,20.48,0,1,0,0,0,0,0,Esc2
863,5.77,13.51,15.74,1.76,5.1,0.29,5.93,87.12,28.42,3055859.25,38.73,45.76,0.11,15.51,98.59,43.03,23.97,0,1,0,0,0,0,0,Esc2
864,5.73,13.54,15.7,1.77,5.13,0.29,6.74,87.49,28.03,3137118.79,37.73,44.92,0.1,17.36,98.55,44.46,23.17,0,1,0,0,1,0,0,Esc2
865,5.84,13.54,15.82,1.78,5.25,0.3,6.73,88.18,29.89,3176948.26,37.25,45.37,0.11,17.38,98.53,41.57,22.09,0,1,0,0,0,0,0,Esc2
866,5.72,13.08,15.77,1.77,5.22,0.3,6.55,88.47,29.43,3156999.5,37.49,45.5,0.11,17.01,98.54,42.0,21.83,0,1,0,0,0,0,0,Esc2
867,5.76,13.34,15.81,1.79,5.19,0.29,6.19,88.45,29.37,3117657.75,37.96,45.87,0.11,16.17,98.56,41.91,21.71,0,1,0,0,0,0,0,Esc2
868,5.79,13.79,15.84,1.81,5.28,0.3,6.78,88.38,30.04,3185379.75,37.16,45.37,0.11,17.47,98.53,41.42,22.12,0,1,0,0,0,0,0,Esc2
869,5.83,13.59,15.93,1.78,5.25,0.3,6.65,88.66,30.48,3182022.35,37.2,45.65,0.11,17.16,98.53,40.0,21.53,0,1,0,0,0,0,0,Esc2
870,5.66,13.46,15.58,1.76,5.05,0.29,5.86,86.81,27.44,3034767.21,39.0,45.58,0.1,15.42,98.6,44.64,23.87,0,1,0,0,0,0,0,Esc2
871,5.79,13.5,15.6,1.79,5.1,0.29,6.1,86.09,27.5,3045343.58,38.86,45.23,0.1,15.91,98.6,44.8,23.48,0,1,0,0,0,0,0,Esc2
872,5.83,13.32,15.82,1.81,5.25,0.3,6.78,88.87,29.6,3188301.18,37.12,45.38,0.11,17.5,98.53,42.07,21.56,0,1,0,0,0,0,0,Esc2
873,5.75,13.47,15.69,1.77,5.08,0.29,6.02,86.81,27.88,3054293.98,38.75,45.53,0.11,15.72,98.59,43.75,22.07,0,1,0,0,0,0,0,Esc2
874,5.71,13.12,15.71,1.76,5.15,0.3,6.28,89.31,29.13,3139257.28,37.7,45.81,0.11,16.48,98.55,43.07,22.76,0,1,0,0,0,0,0,Esc2
875,5.69,13.62,15.7,1.8,5.17,0.3,6.22,88.46,28.9,3117301.17,37.97,45.72,0.11,16.31,98.56,43.1,22.84,0,1,0,0,0,0,0,Esc2
876,5.84,13.36,15.7,1.78,5.15,0.29,6.41,87.03,28.42,3104088.79,38.13,45.25,0.11,16.62,98.57,43.23,22.89,0,1,0,0,0,0,0,Esc2
877,5.76,13.49,15.82,1.81,5.21,0.29,6.68,87.93,29.37,3155789.8,37.5,45.29,0.11,17.21,98.54,41.42,21.55,0,1,0,0,0,0,0,Esc2
878,5.81,13.34,15.82,1.78,5.2,0.29,6.74,88.25,29.23,3165243.13,37.39,45.26,0.11,17.34,98.54,42.48,22.44,0,1,0,0,0,0,0,Esc2
879,5.83,13.46,15.83,1.82,5.16,0.29,6.01,88.37,29.39,3097995.76,38.2,46.06,0.11,15.74,98.57,43.11,22.27,0,1,0,0,0,0,0,Esc2
880,5.69,13.44,15.75,1.74,5.14,0.29,6.18,88.13,28.73,3103885.5,38.13,45.73,0.11,16.14,98.57,42.55,22.23,0,1,0,0,0,0,0,Esc2
881,5.67,13.39,15.7,1.76,5.1,0.29,5.87,87.9,28.14,3060794.96,38.67,45.89,0.11,15.44,98.59,43.65,22.43,0,1,0,0,0,0,0,Esc2
882,5.81,13.34,15.71,1.77,5.14,0.29,6.66,87.4,28.42,3133944.7,37.77,45.05,0.1,17.18,98.56,43.29,22.88,0,1,0,0,0,0,0,Esc2
883,5.65,13.35,15.65,1.74,5.08,0.29,6.3,87.59,27.88,3095124.59,38.24,45.33,0.1,16.43,98.58,43.1,22.54,0,1,0,0,0,0,0,Esc2
884,5.74,13.37,15.69,1.76,5.22,0.3,6.91,88.45,29.25,3191773.0,37.08,45.06,0.11,17.86,98.53,42.08,23.18,0,1,0,0,0,0,0,Esc2
885,5.62,13.21,15.63,1.76,5.11,0.29,6.0,87.67,27.93,3069828.43,38.55,45.66,0.1,15.78,98.59,43.38,23.12,0,1,0,0,0,0,0,Esc2
886,5.9,13.52,16.02,1.82,5.32,0.3,6.98,89.29,30.93,3228064.15,36.66,45.49,0.11,17.84,98.51,40.02,20.91,0,1,0,0,0,0,0,Esc2
887,5.74,13.52,15.78,1.74,5.09,0.29,6.02,87.74,28.25,3072537.22,38.52,45.76,0.11,15.72,98.59,42.69,21.73,0,1,0,0,0,0,0,Esc2
888,5.72,13.67,15.9,1.74,5.18,0.3,6.39,88.9,29.89,3149118.08,37.58,45.84,0.11,16.58,98.55,40.48,20.72,0,1,0,0,0,0,0,Esc2
889,5.84,13.56,15.68,1.8,5.11,0.29,6.06,86.82,28.06,3062203.17,38.65,45.53,0.11,15.82,98.59,44.46,23.4,0,1,0,0,0,0,0,Esc2
890,5.66,13.58,15.63,1.78,5.1,0.29,5.97,87.21,27.86,3059194.25,38.69,45.62,0.1,15.69,98.59,43.97,23.11,0,1,0,0,0,0,0,Esc2
891,5.86,13.53,15.94,1.81,5.25,0.3,6.57,89.16,30.39,3179023.11,37.23,45.78,0.11,16.99,98.53,41.32,20.88,0,1,0,0,0,0,0,Esc2
892,5.35,13.42,15.38,1.7,4.96,0.29,5.42,87.45,25.6,2982788.96,39.68,45.79,0.1,14.53,98.63,46.69,23.94,0,1,0,0,0,1,0,Esc2
893,5.6,13.44,15.58,1.72,5.08,0.29,6.16,88.01,27.75,3087841.85,38.33,45.49,0.1,16.18,98.58,44.02,22.77,0,1,0,0,0,0,0,Esc2
894,5.71,13.43,15.68,1.76,5.14,0.29,6.42,87.73,28.02,3110219.34,38.05,45.26,0.1,16.69,98.57,44.16,23.09,0,1,0,0,0,0,0,Esc2
895,5.86,13.2,15.99,1.81,5.27,0.3,6.29,89.92,31.5,3179544.14,37.22,46.36,0.11,16.42,98.53,39.39,21.44,0,1,0,0,0,0,0,Esc2
896,5.66,13.51,15.66,1.77,5.07,0.29,5.35,88.38,28.08,3019938.92,39.19,46.5,0.11,14.3,98.61,44.13,23.16,0,1,0,0,0,1,0,Esc2
897,5.7,13.64,15.65,1.74,5.03,0.29,5.86,87.65,27.5,3046484.26,38.85,45.74,0.1,15.41,98.6,45.01,23.88,0,1,0,0,0,0,0,Esc2
898,5.5,13.1,15.37,1.73,4.99,0.29,5.55,86.99,26.08,2994666.13,39.52,45.65,0.1,14.83,98.62,45.88,24.53,0,1,0,0,0,1,0,Esc2
899,5.73,13.36,15.81,1.78,5.15,0.29,5.93,88.29,29.1,3085827.9,38.35,46.09,0.11,15.55,98.58,42.59,22.39,0,1,0,0,0,0,0,Esc2
900,6.18,13.62,16.07,1.88,5.38,0.3,7.55,88.9,32.04,3293963.04,35.93,45.03,0.11,19.03,98.47,39.76,21.72,0,1,0,0,0,0,0,Esc2
901,5.68,13.24,15.63,1.76,5.1,0.29,6.02,88.18,28.14,3083421.79,38.38,45.76,0.11,15.86,98.58,44.17,23.06,0,1,0,0,0,0,0,Esc2
902,5.93,13.44,16.06,1.78,5.28,0.3,6.69,90.01,31.56,3218797.64,36.77,45.99,0.11,17.24,98.51,38.57,20.53,0,1,0,1,0,0,0,Esc2
903,5.94,13.6,16.05,1.83,5.38,0.3,7.47,89.61,31.89,3297235.51,35.9,45.18,0.11,18.92,98.47,39.23,21.62,0,1,0,0,0,0,0,Esc2
904,5.9,13.51,15.86,1.8,5.24,0.3,6.87,88.62,30.08,3198772.31,37.0,45.32,0.11,17.68,98.52,41.17,21.95,0,1,0,0,0,0,0,Esc2
905,5.83,13.4,15.75,1.82,5.2,0.29,6.72,87.71,28.9,3151561.63,37.55,45.12,0.11,17.32,98.55,43.27,23.41,0,1,0,0,0,0,0,Esc2
906,5.65,13.44,15.73,1.75,5.08,0.29,5.4,88.45,28.53,3031868.36,39.04,46.57,0.11,14.4,98.61,42.4,21.78,0,1,0,0,0,1,0,Esc2
907,5.83,13.42,15.76,1.8,5.14,0.29,6.13,87.63,29.08,3093458.05,38.26,45.74,0.11,16.0,98.57,43.03,23.11,0,1,0,0,0,0,0,Esc2
908,5.77,13.76,15.75,1.81,5.22,0.29,7.13,87.79,28.92,3193029.25,37.07,44.71,0.1,18.23,98.53,42.91,22.2,0,1,0,0,1,0,0,Esc2
909,5.85,13.23,15.87,1.8,5.21,0.29,6.75,88.63,29.72,3177020.41,37.25,45.37,0.11,17.37,98.53,41.11,22.1,0,1,0,0,0,0,0,Esc2
910,5.63,13.31,15.76,1.71,5.09,0.3,5.82,89.11,28.6,3082699.09,38.39,46.23,0.11,15.38,98.58,42.19,21.07,0,1,0,0,0,0,0,Esc2
911,5.97,13.66,15.95,1.85,5.36,0.3,7.53,88.55,31.04,3275630.95,36.13,44.82,0.11,19.05,98.48,39.93,21.31,0,1,0,0,1,0,0,Esc2
912,5.66,13.48,15.63,1.75,5.15,0.29,6.7,88.06,27.98,3145034.31,37.63,45.01,0.1,17.36,98.55,44.17,23.44,0,1,0,0,0,0,0,Esc2
913,5.74,13.23,15.76,1.76,5.16,0.29,6.11,88.23,28.83,3101553.42,38.16,45.83,0.11,16.01,98.57,42.58,22.19,0,1,0,0,0,0,0,Esc2
914,5.46,13.13,15.49,1.67,4.92,0.29,5.25,87.41,25.96,2967148.74,39.89,46.06,0.1,14.05,98.64,45.98,23.92,0,1,0,0,0,1,0,Esc2
915,5.71,13.22,15.72,1.73,5.04,0.29,5.47,87.99,28.41,3026950.47,39.1,46.38,0.11,14.52,98.61,42.96,22.71,0,1,0,0,0,1,0,Esc2
916,5.53,13.07,15.44,1.7,4.99,0.29,5.49,87.92,26.84,3014194.46,39.27,46.0,0.1,14.73,98.62,46.49,24.21,0,1,0,0,0,1,0,Esc2
917,5.71,13.54,15.71,1.75,5.12,0.29,6.27,87.57,28.23,3096253.24,38.23,45.45,0.11,16.33,98.57,42.61,22.37,0,1,0,0,0,0,0,Esc2
918,5.84,13.54,15.83,1.81,5.17,0.29,6.38,87.94,28.96,3121241.9,37.92,45.55,0.11,16.53,98.56,42.88,22.1,0,1,0,0,0,0,0,Esc2
919,5.79,13.53,15.85,1.8,5.21,0.29,6.75,88.49,29.31,3170032.27,37.34,45.3,0.11,17.37,98.54,42.45,22.48,0,1,0,0,0,0,0,Esc2
920,5.85,13.4,15.88,1.78,5.25,0.3,6.64,88.89,30.53,3185447.73,37.16,45.66,0.11,17.19,98.53,40.17,21.89,0,1,0,0,0,0,0,Esc2
921,5.44,13.36,15.48,1.7,4.95,0.29,5.17,87.58,26.39,2967640.9,39.88,46.22,0.1,13.9,98.64,46.05,23.85,0,1,0,0,0,1,0,Esc2
922,5.94,13.51,16.0,1.83,5.3,0.29,6.99,88.45,30.75,3212806.18,36.84,45.33,0.11,17.83,98.51,40.26,21.62,0,1,0,0,0,0,0,Esc2
923,5.74,13.53,15.78,1.77,5.12,0.29,5.82,87.39,28.69,3055631.73,38.73,46.0,0.11,15.27,98.59,42.2,22.58,0,1,0,0,0,0,0,Esc2
924,5.48,13.2,15.48,1.73,5.03,0.29,5.65,87.97,26.98,3029006.76,39.07,45.87,0.1,15.05,98.61,45.22,23.72,0,1,0,0,0,0,0,Esc2
925,5.88,13.44,15.85,1.79,5.23,0.29,6.72,88.56,29.75,3177075.98,37.25,45.42,0.11,17.33,98.53,41.46,22.09,0,1,0,0,0,0,0,Esc2
926,5.74,13.35,15.67,1.76,5.09,0.29,5.86,87.44,27.93,3052556.02,38.77,45.8,0.11,15.43,98.6,43.97,22.84,0,1,0,0,0,0,0,Esc2
927,5.8,13.41,15.67,1.8,5.13,0.29,6.25,86.72,28.3,3080504.91,38.42,45.32,0.11,16.26,98.58,43.38,23.2,0,1,0,0,0,0,0,Esc2
928,5.66,13.47,15.56,1.74,5.1,0.29,6.54,87.55,27.35,3112401.64,38.03,44.96,0.1,17.01,98.57,45.28,23.88,0,1,0,0,1,0,0,Esc2
929,5.68,13.63,15.68,1.76,5.11,0.29,5.79,88.02,28.31,3059282.92,38.69,46.01,0.11,15.3,98.59,43.45,22.8,0,1,0,0,0,0,0,Esc2
930,5.6,13.14,15.52,1.73,5.0,0.29,5.37,87.65,27.39,3002703.92,39.42,46.2,0.11,14.39,98.62,44.84,23.9,0,1,0,0,0,1,0,Esc2
931,5.89,13.38,15.95,1.82,5.26,0.3,6.46,88.99,30.76,3170734.82,37.33,45.93,0.11,16.75,98.54,40.63,21.39,0,1,0,0,0,0,0,Esc2
932,5.7,13.53,15.66,1.75,5.09,0.29,6.13,87.96,28.24,3090161.45,38.3,45.63,0.11,16.07,98.58,43.21,22.84,0,1,0,0,0,0,0,Esc2
933,5.77,13.66,15.76,1.8,5.11,0.29,5.82,88.08,28.64,3065666.04,38.61,46.08,0.11,15.31,98.59,43.45,22.09,0,1,0,0,0,0,0,Esc2
934,5.71,13.4,15.56,1.75,5.05,0.29,6.56,86.78,26.68,3091382.63,38.29,44.73,0.1,16.98,98.58,46.02,23.36,0,1,0,0,1,0,0,Esc2
935,5.83,13.55,15.72,1.8,5.18,0.29,6.59,87.35,28.9,3133558.37,37.77,45.19,0.11,17.04,98.56,42.85,23.17,0,1,0,0,0,0,0,Esc2
936,5.57,13.29,15.61,1.73,5.06,0.29,5.62,87.97,27.71,3033657.55,39.01,46.05,0.11,14.93,98.6,43.84,22.98,0,1,0,0,0,1,0,Esc2
937,5.5,13.27,15.51,1.7,4.93,0.29,4.95,86.63,26.34,2931519.71,40.37,46.32,0.1,13.3,98.66,44.97,23.03,0,1,0,0,0,1,0,Esc2
938,5.97,13.61,15.88,1.82,5.34,0.29,7.86,88.27,30.15,3290664.69,35.97,44.3,0.11,19.74,98.48,41.18,22.1,0,1,0,0,1,0,0,Esc2
939,5.71,13.35,15.79,1.73,5.1,0.29,5.88,88.85,28.8,3084966.77,38.37,46.17,0.11,15.46,98.58,42.73,21.66,0,1,0,0,0,0,0,Esc2
940,5.68,13.42,15.75,1.75,5.1,0.29,5.56,88.17,28.71,3043386.67,38.89,46.37,0.11,14.74,98.6,42.8,22.47,0,1,0,0,0,1,0,Esc2
941,5.86,13.74,16.03,1.81,5.29,0.3,6.63,89.64,31.26,3203140.45,36.95,45.96,0.11,17.09,98.52,39.58,21.0,0,1,0,0,0,0,0,Esc2
942,5.7,13.45,15.81,1.77,5.19,0.3,6.12,88.57,29.51,3115767.26,37.99,45.98,0.11,16.03,98.56,41.57,21.77,0,1,0,0,0,0,0,Esc2
943,5.72,13.65,15.81,1.78,5.19,0.3,6.52,88.81,29.33,3155959.23,37.5,45.58,0.11,16.92,98.54,41.75,21.25,0,1,0,0,0,0,0,Esc2
944,5.82,13.64,15.72,1.8,5.2,0.29,6.6,87.74,29.2,3148109.5,37.6,45.3,0.11,17.11,98.55,42.63,23.15,0,1,0,0,0,0,0,Esc2
945,5.8,13.62,15.76,1.79,5.15,0.29,6.58,87.48,28.44,3126651.62,37.85,45.16,0.1,16.98,98.56,43.49,22.38,0,1,0,0,0,0,0,Esc2
946,5.84,13.44,15.84,1.81,5.23,0.29,6.72,88.59,29.62,3175686.66,37.27,45.4,0.11,17.33,98.53,42.26,22.13,0,1,0,0,0,0,0,Esc2
947,5.5,13.51,15.5,1.7,4.9,0.29,4.85,87.16,26.05,2925170.05,40.46,46.46,0.1,13.08,98.66,46.21,23.82,0,1,0,0,0,1,0,Esc2
948,5.8,13.43,15.82,1.77,5.16,0.29,6.11,88.08,29.32,3102243.47,38.15,45.89,0.11,15.96,98.57,41.85,21.74,0,1,0,0,0,0,0,Esc2
949,5.68,13.58,15.68,1.75,5.11,0.3,5.99,88.41,28.58,3089682.11,38.31,45.91,0.11,15.78,98.58,42.81,22.2,0,1,0,0,0,0,0,Esc2
950,5.59,13.27,15.73,1.7,5.04,0.3,5.19,88.84,28.38,3012573.12,39.29,46.82,0.11,13.89,98.62,42.62,22.34,0,1,0,0,0,1,0,Esc2
951,5.74,13.26,15.67,1.77,5.16,0.29,6.59,87.95,28.3,3139323.35,37.7,45.19,0.1,17.11,98.55,44.31,22.52,0,1,0,0,0,0,0,Esc2
952,5.66,13.46,15.74,1.75,5.17,0.29,6.58,88.34,28.52,3142634.36,37.66,45.3,0.1,17.04,98.55,42.7,22.74,0,1,0,0,0,0,0,Esc2
953,5.63,13.54,15.63,1.75,5.1,0.29,6.15,87.58,27.99,3082360.97,38.4,45.49,0.1,16.11,98.58,43.82,23.24,0,1,0,0,0,0,0,Esc2
954,5.86,13.51,15.88,1.79,5.27,0.29,6.97,88.31,30.06,3201494.85,36.97,45.18,0.11,17.85,98.52,40.92,21.76,0,1,0,0,0,0,0,Esc2
955,5.51,13.37,15.57,1.7,4.98,0.29,4.97,88.14,27.33,2970533.46,39.84,46.72,0.11,13.43,98.64,44.36,23.21,0,1,0,0,0,1,0,Esc2
956,5.82,13.45,15.84,1.8,5.2,0.29,6.59,88.34,29.51,3155520.79,37.51,45.47,0.11,17.02,98.54,42.02,22.19,0,1,0,0,0,0,0,Esc2
957,5.71,13.38,15.65,1.74,5.12,0.29,6.24,88.02,28.23,3103348.26,38.14,45.52,0.1,16.34,98.57,43.18,22.46,0,1,0,0,0,0,0,Esc2
958,5.81,13.61,15.72,1.81,5.17,0.29,6.55,87.71,28.51,3129927.48,37.81,45.22,0.1,16.97,98.56,43.51,22.85,0,1,0,0,0,0,0,Esc2
959,5.78,13.45,15.81,1.77,5.21,0.29,6.84,88.7,29.4,3186044.83,37.15,45.24,0.11,17.61,98.53,41.76,21.96,0,1,0,0,0,0,0,Esc2
960,5.75,13.52,15.74,1.78,5.13,0.29,5.95,87.58,28.88,3075361.19,38.49,45.91,0.11,15.61,98.58,42.58,22.54,0,1,0,0,0,0,0,Esc2
961,5.67,13.44,15.73,1.76,5.14,0.29,6.11,87.46,28.72,3084047.83,38.38,45.67,0.11,15.95,98.58,42.29,22.82,0,1,0,0,0,0,0,Esc2
962,5.78,13.48,15.62,1.79,5.11,0.29,6.58,87.07,27.73,3114525.33,38.0,44.95,0.1,17.05,98.57,44.44,23.71,0,1,0,0,1,0,0,Esc2
963,5.58,13.24,15.61,1.71,4.99,0.29,5.18,87.47,27.3,2977769.94,39.75,46.4,0.11,13.85,98.63,44.4,23.18,0,1,0,0,0,1,0,Esc2
964,5.84,13.6,15.84,1.79,5.28,0.3,6.99,88.81,30.13,3215226.32,36.81,45.23,0.11,17.96,98.51,41.18,22.04,0,1,0,0,0,0,0,Esc2
965,5.78,13.4,15.79,1.76,5.12,0.29,5.85,87.88,28.81,3066682.47,38.59,46.05,0.11,15.36,98.59,42.57,22.19,0,1,0,0,0,0,0,Esc2
966,5.64,13.72,15.61,1.76,5.1,0.29,6.2,87.0,27.55,3069685.47,38.56,45.27,0.1,16.17,98.59,44.62,23.37,0,1,0,0,0,0,0,Esc2
967,5.89,13.85,15.86,1.79,5.16,0.29,6.25,88.22,29.19,3114645.8,38.0,45.77,0.11,16.23,98.56,42.67,22.41,0,1,0,0,0,0,0,Esc2
968,5.83,13.58,15.97,1.81,5.26,0.3,5.99,89.13,30.81,3128040.44,37.84,46.48,0.11,15.68,98.55,39.87,20.91,0,1,0,0,0,0,0,Esc2
969,5.59,13.55,15.6,1.73,5.08,0.29,5.96,88.1,28.09,3077173.03,38.46,45.79,0.11,15.74,98.58,43.62,23.14,0,1,0,0,0,0,0,Esc2
970,5.62,13.49,15.67,1.74,5.04,0.29,5.26,87.24,27.89,2987856.85,39.61,46.38,0.11,14.01,98.63,43.41,23.2,0,1,0,0,0,1,0,Esc2
971,5.81,13.54,15.92,1.8,5.31,0.3,6.97,89.73,31.02,3242718.82,36.5,45.55,0.11,17.95,98.5,40.38,21.16,0,1,0,0,0,0,0,Esc2
972,5.65,13.43,15.71,1.74,5.15,0.29,6.43,88.39,28.44,3128280.97,37.83,45.43,0.1,16.73,98.56,42.85,21.43,0,1,0,0,0,0,0,Esc2
973,5.95,13.49,15.82,1.83,5.28,0.29,7.11,87.95,29.78,3204781.92,36.93,44.91,0.11,18.16,98.52,42.48,23.1,0,1,0,0,1,0,0,Esc2
974,5.65,13.42,15.66,1.76,5.1,0.3,5.65,88.49,28.4,3056248.52,38.73,46.26,0.11,15.02,98.59,43.53,22.83,0,1,0,0,0,0,0,Esc2
975,5.91,13.58,15.93,1.8,5.27,0.3,6.69,88.7,30.82,3190001.01,37.1,45.64,0.11,17.26,98.53,40.29,21.7,0,1,0,0,0,0,0,Esc2
976,5.83,13.64,15.77,1.78,5.2,0.29,6.7,87.76,28.98,3152083.05,37.55,45.18,0.11,17.27,98.55,42.01,22.58,0,1,0,0,0,0,0,Esc2
977,5.78,13.51,15.75,1.77,5.12,0.29,5.94,88.25,29.1,3084966.16,38.37,46.03,0.11,15.61,98.58,42.97,23.13,0,1,0,0,0,0,0,Esc2
978,5.77,13.43,15.75,1.78,5.2,0.3,6.56,88.65,29.27,3158679.33,37.47,45.48,0.11,17.05,98.54,42.91,22.51,0,1,0,0,0,0,0,Esc2
979,5.71,13.47,15.73,1.76,5.08,0.29,5.93,86.98,27.87,3047902.98,38.83,45.67,0.11,15.5,98.6,43.0,22.94,0,1,0,0,0,0,0,Esc2
980,5.81,13.5,15.64,1.78,5.09,0.29,6.15,86.57,28.01,3065777.52,38.61,45.35,0.11,16.05,98.59,43.43,22.94,0,1,0,0,0,0,0,Esc2
981,5.57,13.5,15.52,1.75,5.0,0.29,5.26,87.61,26.97,2986748.09,39.63,46.26,0.1,14.11,98.63,45.6,23.83,0,1,0,0,0,1,0,Esc2
982,5.82,13.77,15.86,1.78,5.2,0.29,6.66,88.64,29.6,3169271.85,37.34,45.47,0.11,17.18,98.54,41.75,21.68,0,1,0,0,0,0,0,Esc2
983,5.7,13.48,15.8,1.78,5.34,0.3,7.37,89.26,30.47,3267921.49,36.22,44.92,0.11,18.87,98.49,40.31,22.52,0,1,0,0,1,0,0,Esc2
984,5.93,13.68,15.9,1.84,5.24,0.29,6.77,88.15,30.04,3175496.5,37.27,45.35,0.11,17.38,98.53,41.54,22.07,0,1,0,0,0,0,0,Esc2
985,5.85,13.38,15.86,1.8,5.22,0.3,6.63,88.86,29.83,3171089.19,37.32,45.55,0.11,17.12,98.54,42.22,22.49,0,1,0,0,0,0,0,Esc2
986,5.65,13.37,15.63,1.78,5.09,0.3,5.4,88.78,28.37,3035856.51,38.99,46.54,0.11,14.48,98.6,44.14,23.21,0,1,0,0,0,1,0,Esc2
987,5.71,13.33,15.61,1.75,5.04,0.29,5.84,86.37,27.22,3022822.87,39.15,45.51,0.1,15.33,98.61,44.44,23.24,0,1,0,0,0,0,0,Esc2
988,5.75,13.61,15.72,1.76,5.1,0.29,5.99,88.16,28.71,3086487.24,38.35,45.91,0.11,15.75,98.58,43.19,23.81,0,1,0,0,0,0,0,Esc2
989,5.7,13.31,15.84,1.74,5.13,0.3,5.58,88.9,29.78,3070532.49,38.55,46.65,0.11,14.8,98.59,40.54,21.54,0,1,0,0,0,1,0,Esc2
990,5.76,13.37,15.78,1.79,5.23,0.3,6.76,89.29,29.98,3199064.15,37.0,45.47,0.11,17.54,98.52,41.57,22.25,0,1,0,0,0,0,0,Esc2
991,5.84,13.45,15.88,1.81,5.22,0.3,6.6,88.9,29.97,3172472.13,37.31,45.62,0.11,17.07,98.54,41.53,21.76,0,1,0,0,0,0,0,Esc2
992,5.89,13.37,15.75,1.81,5.21,0.29,6.89,87.78,29.22,3175494.89,37.27,45.01,0.11,17.71,98.53,42.64,22.83,0,1,0,0,0,0,0,Esc2
993,5.53,13.33,15.52,1.73,5.02,0.29,5.76,87.0,26.59,3017464.34,39.22,45.56,0.1,15.21,98.61,45.39,23.46,0,1,0,0,0,0,0,Esc2
994,5.81,13.36,15.89,1.79,5.28,0.3,6.83,89.01,30.0,3199447.68,36.99,45.43,0.11,17.58,98.52,41.51,21.5,0,1,0,0,0,0,0,Esc2
995,5.82,13.57,15.86,1.79,5.21,0.29,6.31,88.51,29.86,3135288.6,37.75,45.84,0.11,16.41,98.55,40.82,21.91,0,1,0,0,0,0,0,Esc2
996,5.59,13.23,15.66,1.74,5.12,0.3,6.21,88.67,28.23,3111083.72,38.04,45.66,0.1,16.3,98.57,43.52,22.7,0,1,0,0,0,0,0,Esc2
997,5.68,13.29,15.61,1.77,5.15,0.29,6.72,87.61,27.96,3139442.57,37.7,44.91,0.1,17.39,98.55,44.35,23.45,0,1,0,0,1,0,0,Esc2
998,5.76,13.54,15.94,1.79,5.21,0.3,5.92,89.73,30.8,3130107.01,37.81,46.61,0.11,15.57,98.56,40.02,21.3,0,1,0,0,0,0,0,Esc2
999,5.8,13.56,15.78,1.8,5.24,0.29,7.08,87.87,29.44,3197376.79,37.02,44.87,0.11,18.11,98.52,42.1,22.4,0,1,0,0,1,0,0,Esc2
0,7.12,16.35,15.36,2.0,4.97,0.28,10.85,93.24,41.21,3551540.4,24.99,39.06,0.13,24.83,98.37,25.69,28.52,0,0,0,1,1,0,0,Esc3
1,7.14,16.17,15.44,2.01,4.98,0.28,10.92,93.4,41.33,3558271.17,24.95,39.09,0.13,24.87,98.37,25.28,27.35,0,0,0,1,1,0,0,Esc3
2,7.18,16.37,15.36,2.01,4.93,0.28,10.61,92.67,40.96,3513084.58,25.27,39.16,0.13,24.34,98.39,26.42,28.56,0,0,0,1,1,0,0,Esc3
3,7.24,16.4,15.48,2.03,4.99,0.28,10.98,93.61,41.99,3580258.02,24.79,39.18,0.14,25.01,98.36,25.89,27.44,0,0,0,1,1,0,0,Esc3
4,7.29,16.21,15.4,2.07,5.1,0.28,11.97,93.05,41.67,3669715.15,24.19,38.29,0.13,26.77,98.31,26.48,28.72,0,0,0,1,1,0,0,Esc3
5,7.03,15.97,15.07,2.0,4.91,0.28,11.1,92.07,38.79,3532035.51,25.13,38.3,0.13,25.4,98.38,30.0,31.18,0,0,0,1,1,0,0,Esc3
6,6.9,16.01,15.15,1.96,4.81,0.28,9.78,91.79,38.55,3388475.6,26.2,39.32,0.13,22.84,98.45,28.44,29.2,0,1,0,1,1,0,0,Esc3
7,7.17,16.11,15.34,1.98,4.91,0.28,10.32,92.62,40.42,3477194.92,25.53,39.31,0.13,23.81,98.41,26.73,28.4,0,0,0,1,1,0,0,Esc3
8,7.13,16.12,15.31,2.01,4.99,0.28,11.02,93.24,41.24,3571044.22,24.86,38.89,0.13,25.2,98.36,26.18,29.06,0,0,0,1,1,0,0,Esc3
9,7.04,16.02,15.18,2.02,4.95,0.28,11.0,92.61,39.83,3543560.31,25.05,38.63,0.13,25.19,98.37,28.4,29.34,0,0,0,1,1,0,0,Esc3
10,6.97,16.12,15.08,1.98,4.85,0.28,10.26,91.82,38.46,3438390.78,25.82,38.89,0.13,23.82,98.43,29.08,31.34,0,0,0,1,1,0,0,Esc3
11,7.14,16.16,15.27,2.01,4.97,0.28,11.33,93.17,40.81,3597408.13,24.68,38.59,0.13,25.77,98.35,27.01,29.53,0,0,0,1,1,0,0,Esc3
12,6.96,15.79,15.17,1.98,4.81,0.28,9.5,91.99,38.52,3362293.52,26.4,39.56,0.13,22.31,98.46,28.82,29.56,0,1,0,1,1,0,0,Esc3
13,7.13,16.24,15.38,2.03,5.04,0.28,11.14,93.27,41.74,3589861.2,24.73,38.92,0.13,25.36,98.35,25.26,28.28,0,0,0,1,1,0,0,Esc3
14,7.07,15.96,15.25,2.01,4.98,0.28,10.8,93.07,40.58,3540632.51,25.07,38.96,0.13,24.83,98.37,27.08,29.07,0,0,0,1,1,0,0,Esc3
15,7.17,15.79,15.23,2.02,4.95,0.28,10.72,91.76,39.95,3501281.75,25.35,38.79,0.13,24.59,98.39,27.96,29.58,0,0,0,1,1,0,0,Esc3
16,7.22,15.82,15.3,2.02,4.96,0.28,10.93,92.58,40.84,3543484.82,25.05,38.84,0.13,24.98,98.37,27.58,29.71,0,0,0,1,1,0,0,Esc3
17,7.3,16.02,15.42,2.03,5.03,0.28,11.43,92.11,41.32,3590955.31,24.72,38.56,0.13,25.73,98.35,25.72,28.07,0,0,0,1,1,0,0,Esc3
18,7.29,16.31,15.44,2.03,5.02,0.28,11.45,92.89,41.74,3609239.41,24.59,38.67,0.13,25.81,98.34,25.74,28.38,0,0,0,1,1,0,0,Esc3
19,7.11,16.11,15.27,2.02,4.96,0.28,10.98,92.58,39.91,3538186.72,25.09,38.71,0.13,25.06,98.38,28.23,29.51,0,0,0,1,1,0,0,Esc3
20,7.27,16.38,15.56,2.04,5.07,0.28,11.35,93.6,42.39,3618030.0,24.53,38.98,0.13,25.58,98.34,25.02,27.05,0,0,0,1,1,0,0,Esc3
21,7.13,16.13,15.37,1.98,4.88,0.28,10.02,92.48,40.35,3441193.79,25.8,39.55,0.14,23.19,98.42,27.2,28.8,0,0,0,1,1,0,0,Esc3
22,7.48,16.86,15.47,2.09,5.15,0.28,12.8,92.75,42.3,3755695.45,23.64,37.74,0.13,28.12,98.27,25.99,29.25,0,0,0,1,1,0,0,Esc3
23,7.27,16.45,15.36,2.02,5.01,0.28,11.45,92.37,41.01,3593939.12,24.7,38.49,0.13,25.84,98.35,26.6,29.73,0,0,0,1,1,0,0,Esc3
24,7.12,16.03,15.36,2.02,4.99,0.28,10.97,93.02,41.4,3566099.16,24.89,38.98,0.13,25.07,98.36,26.8,28.85,0,0,0,1,1,0,0,Esc3
25,7.13,16.13,15.28,2.03,4.98,0.28,10.85,92.61,40.38,3532025.62,25.13,38.85,0.13,24.84,98.38,27.28,29.42,0,0,0,1,1,0,0,Esc3
26,7.34,16.33,15.45,2.05,5.11,0.28,12.59,92.94,42.15,3735638.24,23.76,37.89,0.13,27.79,98.28,26.04,29.49,0,0,0,1,1,0,0,Esc3
27,7.25,16.42,15.34,2.06,5.01,0.28,10.89,92.68,41.7,3556832.14,24.96,39.03,0.14,24.92,98.37,26.37,29.18,0,0,0,1,1,0,0,Esc3
28,7.05,15.82,15.18,1.98,4.88,0.28,10.48,92.13,39.11,3470610.99,25.58,38.9,0.13,24.16,98.41,28.71,29.26,0,0,0,1,1,0,0,Esc3
29,7.26,16.66,15.53,2.04,5.01,0.28,10.97,93.65,42.53,3587167.9,24.75,39.29,0.14,24.96,98.35,25.36,27.17,0,0,0,1,1,0,0,Esc3
30,7.06,15.95,15.21,2.02,4.93,0.28,10.89,92.17,39.85,3522271.02,25.2,38.68,0.13,24.91,98.38,28.13,29.74,0,0,0,1,1,0,0,Esc3
31,7.33,16.13,15.57,2.05,5.12,0.28,12.2,93.52,43.18,3719906.99,23.86,38.43,0.13,27.1,98.29,24.03,27.03,0,0,0,1,1,0,0,Esc3
32,7.31,16.1,15.43,2.04,5.03,0.28,11.08,91.89,40.99,3548265.87,25.02,38.8,0.13,25.07,98.37,27.24,28.91,0,0,0,1,1,0,0,Esc3
33,7.3,16.57,15.54,2.05,5.08,0.28,11.87,93.65,42.82,3682661.05,24.1,38.63,0.13,26.56,98.31,24.55,26.99,0,0,0,1,1,0,0,Esc3
34,7.21,15.85,15.28,2.02,4.95,0.28,11.12,92.61,40.06,3552565.06,24.99,38.62,0.13,25.29,98.37,28.11,29.7,0,0,0,1,1,0,0,Esc3
35,7.47,16.43,15.66,2.07,5.16,0.28,12.28,93.4,44.04,3736313.16,23.76,38.5,0.14,27.18,98.28,23.14,27.23,0,0,0,1,1,0,0,Esc3
36,7.29,16.2,15.33,2.03,5.01,0.28,11.32,91.66,40.84,3570129.29,24.86,38.5,0.13,25.59,98.36,26.66,29.25,0,0,0,1,1,0,0,Esc3
37,7.17,16.24,15.29,2.04,5.02,0.28,11.19,92.64,40.99,3579197.52,24.8,38.7,0.13,25.48,98.36,26.93,28.91,0,0,0,1,1,0,0,Esc3
38,7.03,16.19,15.13,2.0,4.9,0.28,10.47,91.75,38.7,3459227.23,25.66,38.78,0.13,24.15,98.41,29.57,30.36,0,0,0,1,1,0,0,Esc3
39,7.31,16.21,15.39,2.06,5.01,0.28,11.27,92.6,40.83,3577417.89,24.81,38.67,0.13,25.49,98.36,28.03,28.76,0,0,0,1,1,0,0,Esc3
40,7.18,16.41,15.31,2.01,4.98,0.28,11.31,92.48,40.34,3572934.36,24.84,38.5,0.13,25.61,98.36,27.77,29.85,0,0,0,1,1,0,0,Esc3
41,7.02,15.96,15.16,2.01,4.95,0.28,11.1,92.88,39.63,3551994.06,24.99,38.52,0.13,25.38,98.37,28.11,29.81,0,0,0,1,1,0,0,Esc3
42,7.03,16.11,15.06,1.99,4.84,0.27,10.08,91.53,37.93,3404904.22,26.07,38.91,0.13,23.44,98.44,29.91,31.32,0,0,0,1,1,0,0,Esc3
43,7.19,15.8,15.25,2.03,4.95,0.28,10.79,92.6,40.36,3529797.13,25.15,38.9,0.13,24.77,98.38,27.8,29.48,0,0,0,1,1,0,0,Esc3
44,7.33,16.24,15.46,2.03,5.08,0.28,12.11,93.1,42.1,3687316.67,24.07,38.26,0.13,26.97,98.3,25.42,27.73,0,0,0,1,1,0,0,Esc3
45,7.51,16.5,15.71,2.09,5.17,0.28,12.29,94.13,44.29,3751284.3,23.66,38.63,0.14,27.19,98.27,23.66,27.25,0,0,0,1,1,0,0,Esc3
46,7.17,16.15,15.26,2.02,4.96,0.28,11.14,92.58,40.79,3570652.69,24.86,38.68,0.13,25.42,98.36,26.87,28.97,0,0,0,1,1,0,0,Esc3
47,7.02,15.91,15.3,2.01,4.93,0.28,10.1,93.79,40.95,3484563.71,25.47,39.66,0.14,23.55,98.4,26.59,29.68,0,0,0,1,1,0,0,Esc3
48,7.16,15.8,15.27,2.03,4.95,0.28,10.74,92.92,40.92,3534122.08,25.12,39.02,0.13,24.7,98.38,27.34,29.76,0,0,0,1,1,0,0,Esc3
49,7.18,16.34,15.46,2.0,4.95,0.28,10.59,93.35,41.05,3523467.09,25.19,39.34,0.13,24.27,98.38,25.92,27.71,0,0,0,1,1,0,0,Esc3
50,7.14,16.06,15.31,2.02,4.96,0.28,10.8,92.47,40.34,3522013.97,25.2,38.89,0.13,24.7,98.38,27.83,29.7,0,0,0,1,1,0,0,Esc3
51,7.24,16.22,15.35,2.05,4.95,0.28,10.3,92.62,41.01,3485126.86,25.47,39.41,0.14,23.8,98.4,26.88,28.64,0,0,0,1,1,0,0,Esc3
52,7.19,15.84,15.44,2.02,5.0,0.28,10.95,93.0,41.44,3557643.8,24.95,39.04,0.13,24.92,98.37,25.69,28.32,0,0,0,1,1,0,0,Esc3
53,7.04,16.46,15.15,2.0,4.93,0.28,10.56,92.12,39.32,3484846.37,25.47,38.84,0.13,24.36,98.4,28.68,30.09,0,0,0,1,1,0,0,Esc3
54,7.26,16.07,15.4,2.02,4.97,0.28,10.76,93.06,41.44,3539477.33,25.08,39.15,0.13,24.62,98.38,26.22,28.57,0,0,0,1,1,0,0,Esc3
55,7.13,15.86,15.37,2.01,4.95,0.28,10.36,93.41,41.68,3514738.95,25.26,39.53,0.14,23.98,98.39,25.69,27.27,0,0,0,1,1,0,0,Esc3
56,7.24,16.06,15.37,2.03,4.95,0.27,10.68,92.05,40.09,3495616.68,25.39,38.95,0.13,24.37,98.4,28.18,29.67,0,0,0,1,1,0,0,Esc3
57,7.25,16.12,15.54,2.03,5.04,0.28,10.95,93.42,42.47,3581853.83,24.78,39.29,0.14,24.92,98.35,24.22,26.84,0,0,0,1,1,0,0,Esc3
58,7.06,16.03,15.18,1.99,4.85,0.28,9.97,92.22,39.3,3422727.64,25.93,39.31,0.13,23.23,98.43,27.84,29.35,0,1,0,1,1,0,0,Esc3
59,7.16,16.11,15.39,1.99,4.96,0.28,11.01,93.25,40.63,3556976.48,24.96,38.9,0.13,25.05,98.37,27.32,27.89,0,0,0,1,1,0,0,Esc3
60,7.12,16.01,15.2,2.01,4.93,0.28,10.92,92.47,39.72,3528565.79,25.16,38.67,0.13,25.0,98.38,28.71,30.43,0,0,0,1,1,0,0,Esc3
61,7.25,16.71,15.41,2.05,5.1,0.28,12.04,93.34,42.17,3690582.42,24.05,38.31,0.13,26.95,98.3,25.65,29.15,0,0,0,1,1,0,0,Esc3
62,7.19,16.18,15.31,2.02,4.95,0.28,10.83,92.59,40.65,3530912.41,25.14,38.92,0.13,24.77,98.38,27.81,29.12,0,0,0,1,1,0,0,Esc3
63,7.22,16.07,15.35,2.04,5.08,0.28,11.85,92.95,41.15,3649853.66,24.32,38.28,0.13,26.59,98.32,26.9,28.73,0,0,0,1,1,0,0,Esc3
64,7.18,16.03,15.42,1.98,4.91,0.28,10.55,93.25,41.03,3517762.21,25.23,39.33,0.13,24.22,98.39,26.43,28.18,0,0,0,1,1,0,0,Esc3
65,7.3,16.41,15.37,2.05,5.07,0.27,12.2,92.24,40.78,3658143.71,24.27,37.89,0.13,27.06,98.32,27.54,29.41,0,0,0,1,1,0,0,Esc3
66,7.33,16.26,15.56,2.05,5.06,0.28,11.69,93.76,43.22,3669544.99,24.19,38.82,0.14,26.24,98.31,24.67,28.07,0,0,0,1,1,0,0,Esc3
67,7.37,16.36,15.61,2.05,5.13,0.28,12.39,93.74,43.18,3737346.13,23.75,38.32,0.13,27.37,98.28,24.33,27.74,0,0,0,1,1,0,0,Esc3
68,7.12,16.13,15.33,2.02,5.0,0.28,10.9,93.67,41.06,3564716.99,24.9,39.04,0.13,24.99,98.36,26.45,29.48,0,0,0,1,1,0,0,Esc3
69,7.28,16.27,15.31,2.04,4.99,0.28,10.94,91.98,40.65,3532045.72,25.13,38.77,0.13,24.93,98.38,26.89,29.21,0,0,0,1,1,0,0,Esc3
70,7.4,15.83,15.57,2.08,5.09,0.28,11.45,93.72,43.91,3658415.73,24.26,39.08,0.14,25.87,98.32,24.29,27.3,0,0,0,1,1,0,0,Esc3
71,7.37,16.61,15.38,2.06,4.99,0.28,11.2,91.85,40.92,3559337.01,24.94,38.65,0.13,25.33,98.37,27.23,29.66,0,0,0,1,1,0,0,Esc3
72,7.36,16.25,15.48,2.06,5.08,0.28,11.91,93.08,42.21,3665503.38,24.22,38.42,0.13,26.6,98.31,25.75,28.47,0,0,0,1,1,0,0,Esc3
73,7.22,16.33,15.27,2.03,4.99,0.28,11.15,92.07,40.64,3556126.36,24.96,38.59,0.13,25.35,98.37,27.24,29.94,0,0,0,1,1,0,0,Esc3
74,7.19,15.86,15.42,2.02,5.07,0.28,11.61,93.72,41.92,3647904.66,24.33,38.66,0.13,26.19,98.32,25.69,27.45,0,0,0,1,1,0,0,Esc3
75,7.16,16.63,15.4,2.03,5.0,0.28,11.07,93.58,41.4,3581276.7,24.79,38.98,0.13,25.21,98.36,26.38,28.46,0,0,0,1,1,0,0,Esc3
76,7.06,16.1,15.2,2.02,4.99,0.28,11.02,92.84,40.36,3558114.17,24.95,38.71,0.13,25.25,98.37,27.33,29.12,0,0,0,1,1,0,0,Esc3
77,7.17,16.44,15.39,2.02,4.96,0.28,10.57,92.63,40.89,3508316.2,25.3,39.21,0.13,24.24,98.39,26.66,28.62,0,0,0,1,1,0,0,Esc3
78,7.2,16.29,15.47,2.03,5.02,0.28,11.3,93.43,41.98,3607564.78,24.61,38.89,0.13,25.57,98.34,24.94,28.19,0,0,0,1,1,0,0,Esc3
79,7.41,16.25,15.53,2.07,5.11,0.28,11.93,93.4,43.14,3692486.99,24.04,38.59,0.13,26.69,98.3,24.89,28.06,0,0,0,1,1,0,0,Esc3
80,7.2,16.39,15.43,2.01,4.97,0.28,10.31,92.88,41.63,3499350.68,25.37,39.57,0.14,23.79,98.39,25.84,27.91,0,0,0,1,1,0,0,Esc3
81,7.13,16.35,15.22,2.03,4.98,0.28,11.24,92.64,40.87,3582164.65,24.78,38.58,0.13,25.63,98.36,27.2,29.76,0,0,0,1,1,0,0,Esc3
82,6.89,15.74,15.1,1.95,4.75,0.28,8.88,92.1,38.13,3301371.44,26.89,39.99,0.13,21.17,98.49,28.94,30.03,0,1,0,1,1,0,0,Esc3
83,7.05,15.99,15.34,1.99,4.89,0.28,10.17,93.01,40.77,3473695.19,25.55,39.51,0.14,23.58,98.41,24.96,27.3,0,0,0,1,1,0,0,Esc3
84,7.45,16.41,15.52,2.07,5.14,0.28,12.79,93.17,42.81,3768499.1,23.56,37.87,0.13,28.1,98.26,25.56,27.94,0,0,0,1,1,0,0,Esc3
85,7.5,16.16,15.53,2.07,5.09,0.28,12.04,92.87,42.67,3683879.54,24.1,38.4,0.13,26.79,98.3,25.53,28.2,0,0,0,1,1,0,0,Esc3
86,7.25,16.24,15.36,2.04,4.97,0.28,10.8,92.24,40.36,3515351.73,25.25,38.91,0.13,24.62,98.39,28.01,28.62,0,0,0,1,1,0,0,Esc3
87,7.22,16.11,15.45,2.03,5.06,0.28,11.71,93.1,42.06,3649382.64,24.32,38.56,0.13,26.31,98.32,24.71,27.4,0,0,0,1,1,0,0,Esc3
88,7.29,16.64,15.4,2.02,5.03,0.28,11.91,92.77,41.32,3650714.81,24.31,38.25,0.13,26.62,98.32,26.37,28.22,0,0,0,1,1,0,0,Esc3
89,6.97,15.88,15.21,1.98,4.82,0.28,9.59,92.55,39.35,3391360.09,26.17,39.68,0.13,22.51,98.45,27.39,29.32,0,1,0,1,1,0,0,Esc3
90,7.19,16.29,15.38,2.01,4.99,0.28,11.26,93.4,41.73,3604534.4,24.63,38.84,0.13,25.59,98.34,25.81,28.62,0,0,0,1,1,0,0,Esc3
91,7.26,16.12,15.45,2.06,5.16,0.28,12.43,94.07,43.57,3764908.47,23.58,38.25,0.13,27.69,98.26,24.23,28.02,0,0,0,1,1,0,0,Esc3
92,7.02,16.19,15.08,2.01,4.91,0.28,10.95,92.35,39.02,3524943.51,25.18,38.48,0.13,25.15,98.38,29.82,31.76,0,0,0,1,1,0,0,Esc3
93,7.37,16.08,15.47,2.06,5.1,0.28,12.19,92.93,42.24,3697066.62,24.01,38.22,0.13,27.1,98.3,26.28,29.25,0,0,0,1,1,0,0,Esc3
94,7.08,16.03,15.23,2.0,4.93,0.28,10.87,92.49,39.95,3525948.27,25.18,38.75,0.13,24.89,98.38,27.38,28.97,0,0,0,1,1,0,0,Esc3
95,6.99,16.17,15.21,1.97,4.84,0.28,9.66,92.15,39.43,3394452.61,26.15,39.6,0.13,22.63,98.45,27.81,29.39,0,1,0,1,1,0,0,Esc3
96,7.3,16.18,15.44,2.06,5.09,0.28,11.81,92.86,42.28,3658449.18,24.26,38.47,0.13,26.49,98.32,25.42,28.47,0,0,0,1,1,0,0,Esc3
97,7.36,16.23,15.53,2.04,5.0,0.28,11.12,92.94,42.46,3589600.16,24.73,39.08,0.14,25.2,98.35,25.01,27.32,0,0,0,1,1,0,0,Esc3
98,7.29,16.39,15.56,2.03,5.01,0.28,10.98,93.54,42.53,3583593.75,24.77,39.27,0.14,24.95,98.35,24.67,27.03,0,0,0,1,1,0,0,Esc3
99,7.31,15.98,15.65,2.03,5.1,0.28,11.42,93.82,43.79,3651226.36,24.31,39.17,0.14,25.72,98.32,22.3,26.09,0,0,0,1,1,0,0,Esc3
100,7.47,16.2,15.63,2.09,5.18,0.28,12.19,93.37,43.83,3725921.5,23.82,38.53,0.14,27.05,98.28,23.76,26.95,0,0,0,1,1,0,0,Esc3
101,7.28,16.12,15.3,2.05,5.0,0.28,11.25,92.15,40.52,3561310.61,24.93,38.51,0.13,25.48,98.36,28.16,29.7,0,0,0,1,1,0,0,Esc3
102,7.26,16.14,15.38,2.02,4.98,0.28,11.0,93.12,41.36,3565614.19,24.9,38.97,0.13,25.07,98.36,26.58,29.01,0,0,0,1,1,0,0,Esc3
103,7.31,16.18,15.33,2.06,4.98,0.28,11.27,92.15,40.89,3572174.92,24.85,38.58,0.13,25.53,98.36,27.58,29.44,0,0,0,1,1,0,0,Esc3
104,7.38,16.2,15.58,2.05,5.09,0.28,11.85,93.82,43.13,3685441.96,24.09,38.71,0.13,26.5,98.3,24.16,27.38,0,0,0,1,1,0,0,Esc3
105,7.1,15.9,15.18,2.01,4.96,0.28,11.13,92.34,39.94,3553413.74,24.98,38.5,0.13,25.41,98.37,28.04,29.47,0,0,0,1,1,0,0,Esc3
106,7.21,16.31,15.23,2.02,5.05,0.28,12.15,92.36,40.39,3661585.87,24.24,37.82,0.13,27.16,98.32,27.82,30.93,0,0,0,1,1,0,0,Esc3
107,7.19,16.03,15.4,2.03,5.05,0.28,11.45,93.35,41.58,3623971.8,24.49,38.71,0.13,25.91,98.33,25.7,28.17,0,0,0,1,1,0,0,Esc3
108,7.13,16.1,15.35,2.01,4.95,0.28,10.78,92.57,40.94,3529503.05,25.15,39.02,0.13,24.65,98.38,26.82,27.91,0,0,0,1,1,0,0,Esc3
109,7.27,15.76,15.28,2.05,5.05,0.28,11.76,92.2,40.89,3627404.49,24.47,38.19,0.13,26.47,98.33,27.88,29.25,0,0,0,1,1,0,0,Esc3
110,7.06,15.87,15.33,2.01,4.95,0.28,10.46,93.46,41.15,3518360.97,25.23,39.38,0.13,24.17,98.39,25.99,28.67,0,0,0,1,1,0,0,Esc3
111,7.04,16.57,15.3,2.0,4.98,0.28,11.1,93.37,41.07,3579411.57,24.8,38.83,0.13,25.35,98.36,26.58,29.13,0,0,0,1,1,0,0,Esc3
112,7.63,16.47,15.79,2.11,5.26,0.28,12.92,93.79,45.32,3825401.92,23.2,38.29,0.14,28.19,98.23,22.57,26.21,0,0,0,1,1,0,0,Esc3
113,7.01,16.19,15.18,1.96,4.87,0.28,10.5,91.83,38.78,3462750.61,25.63,38.8,0.13,24.17,98.41,28.8,30.12,0,0,0,1,1,0,0,Esc3
114,7.32,16.03,15.45,2.04,5.07,0.28,11.75,92.74,42.24,3651909.26,24.31,38.52,0.13,26.37,98.32,25.76,27.82,0,0,0,1,1,0,0,Esc3
115,7.16,15.88,15.41,2.01,4.99,0.28,10.8,92.99,41.49,3547807.09,25.02,39.17,0.13,24.69,98.37,25.45,27.53,0,0,0,1,1,0,0,Esc3
116,7.26,16.36,15.42,2.04,5.04,0.28,11.35,93.07,42.2,3615992.66,24.55,38.82,0.13,25.72,98.34,25.74,28.44,0,0,0,1,1,0,0,Esc3
117,7.4,15.99,15.39,2.06,5.1,0.28,12.45,92.4,41.86,3713666.49,23.9,37.89,0.13,27.59,98.29,26.04,29.07,0,0,0,1,1,0,0,Esc3
118,7.46,16.56,15.65,2.09,5.24,0.28,12.81,93.8,44.53,3807447.3,23.31,38.2,0.13,28.13,98.24,23.08,27.14,0,0,0,1,1,0,0,Esc3
119,7.13,16.14,15.3,2.03,5.02,0.28,11.26,93.05,40.98,3589871.21,24.73,38.67,0.13,25.61,98.35,27.15,29.79,0,0,0,1,1,0,0,Esc3
120,7.19,15.94,15.22,2.03,4.9,0.28,10.34,92.32,39.79,3467701.74,25.6,39.1,0.13,23.92,98.41,28.12,30.55,0,0,0,1,1,0,0,Esc3
121,7.47,16.52,15.57,2.08,5.16,0.28,12.79,93.51,43.5,3780346.78,23.48,37.99,0.13,28.09,98.26,25.02,28.31,0,0,0,1,1,0,0,Esc3
122,7.09,16.2,15.35,1.98,4.88,0.28,9.76,92.15,39.88,3405675.25,26.06,39.67,0.13,22.68,98.44,27.25,28.26,0,1,0,1,1,0,0,Esc3
123,7.24,16.28,15.39,2.03,4.99,0.28,11.23,92.84,41.58,3586210.23,24.75,38.77,0.13,25.47,98.35,26.16,28.57,0,0,0,1,1,0,0,Esc3
124,7.28,16.14,15.43,2.02,5.05,0.28,11.78,92.93,41.52,3646448.78,24.34,38.43,0.13,26.41,98.32,26.08,28.15,0,0,0,1,1,0,0,Esc3
125,7.02,16.27,15.16,1.99,4.93,0.28,11.13,92.08,39.11,3532614.15,25.13,38.35,0.13,25.35,98.38,28.31,30.04,0,0,0,1,1,0,0,Esc3
126,7.42,16.49,15.59,2.06,5.12,0.28,12.31,93.32,43.56,3732992.54,23.78,38.37,0.13,27.28,98.28,24.22,27.2,0,0,0,1,1,0,0,Esc3
127,6.99,16.06,15.19,1.95,4.82,0.28,9.92,92.2,38.82,3409142.2,26.04,39.29,0.13,23.1,98.44,28.07,29.9,0,1,0,1,1,0,0,Esc3
128,7.35,16.35,15.45,2.07,5.11,0.28,12.55,93.04,42.07,3732237.23,23.78,37.91,0.13,27.73,98.28,26.65,29.12,0,0,0,1,1,0,0,Esc3
129,7.26,16.04,15.45,2.01,4.96,0.27,10.87,91.62,40.44,3510556.46,25.29,38.86,0.13,24.61,98.39,26.58,28.31,0,0,0,1,1,0,0,Esc3
130,7.18,16.23,15.26,2.03,5.03,0.28,11.98,92.38,40.4,3640351.49,24.38,37.95,0.13,26.82,98.33,27.62,29.5,0,0,0,1,1,0,0,Esc3
131,7.17,16.02,15.38,2.03,4.98,0.28,10.83,92.96,41.47,3551821.4,24.99,39.11,0.13,24.79,98.37,26.35,28.73,0,0,0,1,1,0,0,Esc3
132,7.14,16.33,15.3,2.01,4.9,0.28,10.53,92.32,39.82,3486548.61,25.46,39.05,0.13,24.18,98.4,27.92,29.64,0,0,0,1,1,0,0,Esc3
133,7.37,16.06,15.51,2.05,5.04,0.28,11.35,93.25,42.65,3623616.18,24.5,38.95,0.14,25.66,98.33,25.55,27.65,0,0,0,1,1,0,0,Esc3
134,7.19,16.07,15.31,2.01,4.97,0.28,11.12,92.79,41.0,3573937.06,24.84,38.77,0.13,25.35,98.36,26.19,28.42,0,0,0,1,1,0,0,Esc3
135,7.47,16.47,15.73,2.08,5.12,0.28,11.42,94.02,44.41,3662154.49,24.24,39.31,0.14,25.68,98.31,23.02,26.2,0,0,0,1,1,0,0,Esc3
136,7.23,15.88,15.39,2.03,4.98,0.28,10.77,92.64,40.98,3526100.44,25.17,39.05,0.13,24.59,98.38,26.71,29.05,0,0,0,1,1,0,0,Esc3
137,7.22,16.17,15.34,2.03,4.99,0.28,11.0,92.22,40.52,3542375.53,25.06,38.78,0.13,25.03,98.37,27.27,28.98,0,0,0,1,1,0,0,Esc3
138,7.2,16.21,15.38,2.03,5.09,0.28,12.07,93.43,41.93,3695140.62,24.02,38.27,0.13,27.04,98.3,25.63,28.7,0,0,0,1,1,0,0,Esc3
139,7.06,15.93,15.16,2.0,4.94,0.28,11.04,92.37,39.93,3546977.51,25.03,38.56,0.13,25.29,98.37,27.92,30.1,0,0,0,1,1,0,0,Esc3
140,7.06,16.34,15.18,2.0,4.86,0.27,10.36,91.81,38.8,3445810.19,25.76,38.89,0.13,23.9,98.42,28.89,30.22,0,0,0,1,1,0,0,Esc3
141,7.21,16.12,15.31,2.04,4.96,0.28,10.82,92.4,40.15,3519233.41,25.22,38.84,0.13,24.72,98.39,27.92,29.94,0,0,0,1,1,0,0,Esc3
142,7.18,15.78,15.39,2.02,4.95,0.28,10.73,93.02,41.52,3538845.87,25.08,39.18,0.14,24.58,98.38,26.33,28.8,0,0,0,1,1,0,0,Esc3
143,7.22,16.17,15.33,2.01,4.94,0.28,10.49,92.49,40.28,3494452.55,25.4,39.18,0.13,24.12,98.4,27.91,29.3,0,0,0,1,1,0,0,Esc3
144,7.22,15.73,15.36,2.03,4.99,0.28,11.22,92.48,41.05,3570406.17,24.86,38.67,0.13,25.42,98.36,26.92,28.98,0,0,0,1,1,0,0,Esc3
145,7.14,16.01,15.31,2.0,4.95,0.28,10.88,92.74,40.77,3543104.14,25.05,38.92,0.13,24.89,98.37,26.7,29.03,0,0,0,1,1,0,0,Esc3
146,7.21,16.28,15.32,2.02,4.95,0.28,10.47,92.45,40.84,3496347.17,25.39,39.22,0.13,24.11,98.4,26.6,29.24,0,0,0,1,1,0,0,Esc3
147,7.06,15.99,15.24,1.99,4.87,0.28,10.18,91.87,39.43,3439824.73,25.81,39.18,0.13,23.55,98.42,28.36,29.43,0,0,0,1,1,0,0,Esc3
148,7.37,16.31,15.57,2.06,5.06,0.28,11.3,93.27,42.64,3613198.73,24.57,39.02,0.14,25.49,98.34,25.15,27.7,0,0,0,1,1,0,0,Esc3
149,7.14,16.15,15.22,2.02,5.01,0.28,11.47,92.29,39.98,3582992.03,24.77,38.26,0.13,25.96,98.35,27.98,30.1,0,0,0,1,1,0,0,Esc3
150,7.0,16.08,15.05,2.0,4.86,0.28,10.32,91.59,38.47,3443400.98,25.78,38.8,0.13,23.96,98.42,30.26,31.4,0,0,0,1,1,0,0,Esc3
151,6.98,16.01,15.25,2.0,4.96,0.28,10.84,92.9,40.09,3530810.93,25.14,38.83,0.13,24.85,98.38,27.19,28.91,0,0,0,1,1,0,0,Esc3
152,7.03,15.73,15.22,2.0,4.89,0.28,10.33,92.2,39.02,3453519.37,25.7,39.03,0.13,23.85,98.42,28.87,29.78,0,0,0,1,1,0,0,Esc3
153,7.07,15.93,15.24,1.99,4.99,0.28,11.45,92.88,40.5,3602158.08,24.64,38.42,0.13,25.98,98.35,26.98,29.75,0,0,0,1,1,0,0,Esc3
154,7.31,15.94,15.47,2.06,5.08,0.28,11.27,93.14,42.92,3622343.22,24.51,39.01,0.14,25.59,98.33,24.71,27.38,0,0,0,1,1,0,0,Esc3
155,7.23,16.24,15.41,2.04,5.06,0.28,11.61,92.88,41.82,3631763.94,24.44,38.55,0.13,26.14,98.33,25.63,28.33,0,0,0,1,1,0,0,Esc3
156,7.29,16.76,15.41,2.04,5.03,0.28,11.39,92.63,41.33,3599031.76,24.66,38.66,0.13,25.72,98.35,26.9,28.82,0,0,0,1,1,0,0,Esc3
157,7.36,16.45,15.41,2.05,4.99,0.27,11.14,91.89,40.59,3546238.02,25.03,38.68,0.13,25.17,98.37,27.81,29.28,0,0,0,1,1,0,0,Esc3
158,7.1,16.21,15.28,1.98,4.88,0.28,10.12,91.72,39.52,3431048.53,25.87,39.24,0.13,23.39,98.43,27.67,28.48,0,0,0,1,1,0,0,Esc3
159,7.18,16.15,15.41,2.01,4.86,0.28,9.55,92.54,40.66,3402045.61,26.09,40.0,0.14,22.31,98.44,26.66,28.08,0,1,0,1,1,0,0,Esc3
160,7.25,15.99,15.45,2.04,5.0,0.28,10.94,93.04,41.57,3559746.76,24.94,39.08,0.13,24.9,98.37,26.79,28.82,0,0,0,1,1,0,0,Esc3
161,7.13,16.25,15.31,2.0,4.87,0.28,10.15,91.95,39.97,3442015.45,25.79,39.3,0.13,23.45,98.42,26.98,29.01,0,0,0,1,1,0,0,Esc3
162,7.21,16.19,15.4,2.02,4.98,0.28,11.05,92.92,41.39,3567703.87,24.88,38.92,0.13,25.14,98.36,25.62,28.79,0,0,0,1,1,0,0,Esc3
163,7.15,16.38,15.35,2.0,4.98,0.28,11.18,92.93,40.93,3574608.65,24.83,38.74,0.13,25.39,98.36,26.4,29.4,0,0,0,1,1,0,0,Esc3
164,7.17,15.82,15.44,1.99,4.94,0.28,10.12,93.26,41.48,3481209.87,25.5,39.73,0.14,23.44,98.4,25.14,27.19,0,0,0,1,1,0,0,Esc3
165,7.17,15.93,15.39,2.0,4.96,0.28,10.85,93.24,41.25,3553208.26,24.98,39.09,0.13,24.82,98.37,26.49,28.3,0,0,0,1,1,0,0,Esc3
166,7.13,16.18,15.22,2.0,4.92,0.28,10.38,92.61,40.25,3485907.97,25.46,39.16,0.13,24.05,98.4,28.15,29.52,0,0,0,1,1,0,0,Esc3
167,7.28,16.18,15.34,2.01,4.95,0.28,10.91,92.55,40.52,3534232.05,25.12,38.85,0.13,24.87,98.38,27.74,29.45,0,0,0,1,1,0,0,Esc3
168,7.09,16.16,15.23,1.99,4.93,0.28,10.69,92.92,40.59,3526057.56,25.17,39.01,0.13,24.63,98.38,27.04,29.98,0,0,0,1,1,0,0,Esc3
169,7.19,16.35,15.42,2.04,5.03,0.28,11.21,94.16,42.53,3625273.3,24.49,39.06,0.14,25.57,98.33,25.18,28.87,0,0,0,1,1,0,0,Esc3
170,7.21,16.35,15.37,2.06,4.98,0.28,10.68,92.16,40.62,3508167.04,25.3,39.04,0.13,24.41,98.39,27.7,28.09,0,0,0,1,1,0,0,Esc3
171,7.17,15.9,15.27,2.02,5.03,0.28,11.43,93.01,41.22,3610866.87,24.58,38.53,0.13,25.96,98.34,26.31,28.9,0,0,0,1,1,0,0,Esc3
172,6.93,15.92,15.0,1.98,4.85,0.28,10.46,91.4,37.79,3441734.0,25.79,38.56,0.13,24.19,98.42,29.76,30.51,0,0,0,1,1,0,0,Esc3
173,7.06,15.95,15.25,1.99,4.98,0.28,11.3,92.47,39.8,3565150.09,24.9,38.41,0.13,25.62,98.36,27.78,29.71,0,0,0,1,1,0,0,Esc3
174,7.28,16.12,15.3,2.05,5.05,0.28,11.76,92.15,40.57,3619115.37,24.53,38.17,0.13,26.4,98.34,27.4,28.89,0,0,0,1,1,0,0,Esc3
175,7.23,15.98,15.38,2.03,5.0,0.28,10.67,92.58,41.56,3529542.6,25.15,39.19,0.14,24.48,98.38,25.62,28.55,0,0,0,1,1,0,0,Esc3
176,7.07,16.61,15.14,2.01,4.87,0.28,10.32,91.51,38.7,3439526.86,25.81,38.87,0.13,23.86,98.42,29.5,30.85,0,0,0,1,1,0,0,Esc3
177,7.09,15.88,15.22,2.02,4.95,0.28,10.78,92.61,40.16,3524711.8,25.18,38.85,0.13,24.77,98.38,27.82,28.86,0,0,0,1,1,0,0,Esc3
178,7.23,16.17,15.52,2.05,5.01,0.28,10.97,93.53,42.34,3581220.87,24.79,39.23,0.14,24.96,98.35,25.86,28.05,0,0,0,1,1,0,0,Esc3
179,7.31,16.01,15.41,2.06,5.04,0.28,11.37,92.79,42.0,3608733.73,24.6,38.74,0.13,25.73,98.34,26.33,28.95,0,0,0,1,1,0,0,Esc3
180,7.41,16.29,15.48,2.07,5.1,0.28,12.02,92.65,42.5,3678157.47,24.13,38.35,0.13,26.79,98.31,25.7,28.81,0,0,0,1,1,0,0,Esc3
181,7.24,16.27,15.39,2.04,5.02,0.28,11.61,93.15,41.47,3629886.71,24.45,38.52,0.13,26.16,98.33,26.88,29.0,0,0,0,1,1,0,0,Esc3
182,6.98,16.22,15.19,1.98,4.91,0.28,10.21,92.65,39.49,3458841.39,25.66,39.21,0.13,23.72,98.41,28.07,29.81,0,0,0,1,1,0,0,Esc3
183,7.2,16.28,15.36,2.01,4.96,0.28,10.92,92.61,40.82,3538803.7,25.08,38.89,0.13,24.88,98.38,27.01,28.97,0,0,0,1,1,0,0,Esc3
184,7.19,16.16,15.26,2.01,4.98,0.27,11.24,91.61,39.62,3542844.94,25.06,38.36,0.13,25.45,98.37,27.97,29.45,0,0,0,1,1,0,0,Esc3
185,7.1,16.34,15.1,2.03,4.97,0.28,11.66,92.06,39.3,3594538.96,24.69,37.96,0.13,26.37,98.35,28.83,31.0,0,0,0,1,1,0,0,Esc3
186,7.13,16.0,15.29,2.02,4.99,0.28,11.31,93.67,41.12,3609270.19,24.59,38.71,0.13,25.77,98.34,27.16,29.67,0,0,0,1,1,0,0,Esc3
187,7.0,16.33,15.22,2.0,4.95,0.28,10.85,93.36,40.09,3542347.85,25.06,38.86,0.13,24.94,98.37,28.08,29.68,0,0,0,1,1,0,0,Esc3
188,7.4,16.15,15.54,2.08,5.07,0.28,11.72,92.5,42.16,3637673.44,24.4,38.57,0.13,26.18,98.33,25.05,27.45,0,0,0,1,1,0,0,Esc3
189,6.91,15.63,15.11,1.96,4.79,0.28,9.48,91.86,37.91,3351809.09,26.48,39.46,0.13,22.29,98.47,29.76,30.34,0,1,0,1,1,0,0,Esc3
190,7.26,16.03,15.38,2.04,5.02,0.28,11.28,93.27,41.77,3602615.34,24.64,38.8,0.13,25.61,98.34,26.45,29.1,0,0,0,1,1,0,0,Esc3
191,7.43,16.17,15.53,2.07,5.08,0.28,11.74,93.42,43.16,3668303.4,24.2,38.71,0.14,26.33,98.31,24.68,28.11,0,0,0,1,1,0,0,Esc3
192,7.31,16.57,15.4,2.04,5.04,0.28,11.64,92.91,41.56,3631489.78,24.44,38.5,0.13,26.19,98.33,26.95,29.06,0,0,0,1,1,0,0,Esc3
193,7.36,15.9,15.44,2.06,5.09,0.28,11.89,92.64,42.25,3663556.83,24.23,38.39,0.13,26.61,98.31,24.77,28.32,0,0,0,1,1,0,0,Esc3
194,7.14,16.01,15.28,2.01,4.9,0.28,10.18,92.49,40.4,3463028.57,25.63,39.37,0.13,23.61,98.41,27.16,29.53,0,0,0,1,1,0,0,Esc3
195,7.08,15.68,15.3,1.99,4.88,0.28,9.75,92.43,40.47,3422168.93,25.94,39.74,0.14,22.79,98.43,26.95,28.69,0,1,0,1,1,0,0,Esc3
196,7.18,16.37,15.25,2.02,4.95,0.28,11.2,92.61,40.02,3559581.24,24.94,38.53,0.13,25.45,98.37,28.68,30.19,0,0,0,1,1,0,0,Esc3
197,7.35,16.02,15.38,2.07,5.05,0.28,11.58,92.26,41.16,3607556.45,24.61,38.43,0.13,26.03,98.34,26.86,29.28,0,0,0,1,1,0,0,Esc3
198,7.31,16.11,15.52,2.03,5.02,0.28,11.42,93.19,42.14,3616557.6,24.54,38.83,0.13,25.72,98.34,25.2,27.96,0,0,0,1,1,0,0,Esc3
199,7.35,15.69,15.41,2.06,5.01,0.28,11.19,92.33,41.79,3577989.68,24.81,38.8,0.13,25.36,98.36,25.45,28.19,0,0,0,1,1,0,0,Esc3
200,7.09,15.94,15.24,2.0,4.97,0.28,11.07,92.72,40.83,3563172.69,24.91,38.71,0.13,25.3,98.36,26.4,29.63,0,0,0,1,1,0,0,Esc3
201,7.42,15.97,15.76,2.07,5.13,0.28,11.71,94.33,44.17,3689083.16,24.06,39.1,0.14,26.14,98.3,23.32,26.57,0,0,0,1,1,0,0,Esc3
202,7.04,16.3,15.17,1.99,4.87,0.28,10.51,92.47,39.38,3484405.42,25.48,38.92,0.13,24.28,98.4,29.12,30.22,0,0,0,1,1,0,0,Esc3
203,7.19,16.42,15.29,2.03,5.01,0.28,11.48,92.57,40.87,3602697.18,24.64,38.43,0.13,25.98,98.34,27.51,30.05,0,0,0,1,1,0,0,Esc3
204,7.27,15.83,15.44,2.05,5.02,0.28,11.0,92.59,41.86,3566440.05,24.89,39.02,0.14,25.02,98.36,25.1,27.72,0,0,0,1,1,0,0,Esc3
205,7.34,16.36,15.53,2.06,5.07,0.28,11.26,93.2,42.71,3610546.88,24.59,39.02,0.14,25.47,98.34,24.98,27.83,0,0,0,1,1,0,0,Esc3
206,7.1,15.85,15.22,2.04,4.97,0.28,10.7,92.84,40.51,3526885.73,25.17,38.98,0.13,24.67,98.38,27.44,29.45,0,0,0,1,1,0,0,Esc3
207,7.31,16.31,15.51,2.04,4.97,0.28,10.25,93.21,41.95,3498468.86,25.37,39.73,0.14,23.62,98.39,25.49,27.65,0,0,0,1,1,0,0,Esc3
208,7.05,16.18,15.3,2.01,4.97,0.28,10.97,92.48,40.46,3542346.12,25.06,38.78,0.13,25.03,98.37,26.77,28.93,0,0,0,1,1,0,0,Esc3
209,6.99,15.96,15.11,1.99,4.85,0.28,10.18,91.81,38.51,3427495.67,25.9,38.96,0.13,23.63,98.43,29.7,31.37,0,0,0,1,1,0,0,Esc3
210,7.09,16.26,15.31,2.02,4.88,0.28,9.84,92.42,40.18,3423536.99,25.93,39.63,0.14,22.91,98.43,27.35,29.02,0,1,0,1,1,0,0,Esc3
211,7.16,15.98,15.33,2.0,4.96,0.28,11.04,92.9,40.62,3555940.26,24.96,38.8,0.13,25.14,98.37,26.55,28.52,0,0,0,1,1,0,0,Esc3
212,7.11,16.22,15.21,2.0,4.91,0.28,10.82,91.88,39.71,3506892.17,25.31,38.67,0.13,24.77,98.39,28.09,29.7,0,0,0,1,1,0,0,Esc3
213,7.43,16.33,15.55,2.08,5.11,0.28,12.06,92.61,42.33,3671961.01,24.17,38.32,0.13,26.76,98.31,26.19,27.82,0,0,0,1,1,0,0,Esc3
214,7.36,16.07,15.4,2.06,5.06,0.28,11.96,92.43,41.45,3651988.82,24.31,38.19,0.13,26.7,98.32,27.01,28.8,0,0,0,1,1,0,0,Esc3
215,7.53,16.39,15.62,2.09,5.14,0.28,12.29,92.91,43.08,3710729.01,23.92,38.32,0.13,27.12,98.29,25.59,27.69,0,0,0,1,1,0,0,Esc3
216,7.1,16.12,15.24,2.0,4.92,0.28,10.43,92.69,40.53,3498291.34,25.37,39.21,0.13,24.14,98.4,27.58,29.34,0,0,0,1,1,0,0,Esc3
217,7.38,16.43,15.55,2.06,5.1,0.28,11.96,93.38,43.38,3695495.95,24.02,38.6,0.14,26.71,98.3,23.62,27.88,0,0,0,1,1,0,0,Esc3
218,7.18,15.98,15.29,2.03,5.02,0.28,11.49,92.44,40.57,3595276.58,24.69,38.39,0.13,25.95,98.35,26.79,28.77,0,0,0,1,1,0,0,Esc3
219,7.22,16.01,15.44,2.02,4.97,0.28,10.52,93.17,41.61,3520248.23,25.22,39.42,0.14,24.16,98.38,25.55,27.34,0,0,0,1,1,0,0,Esc3
220,7.36,16.38,15.57,2.05,5.09,0.28,11.8,93.68,43.58,3687076.51,24.08,38.78,0.14,26.44,98.3,23.77,27.61,0,0,0,1,1,0,0,Esc3
221,7.21,15.98,15.36,2.03,4.94,0.28,10.57,92.31,40.66,3497950.57,25.38,39.12,0.13,24.23,98.4,26.82,29.41,0,0,0,1,1,0,0,Esc3
222,7.0,16.05,15.11,1.97,4.8,0.28,9.41,92.21,39.02,3366866.89,26.36,39.69,0.13,22.23,98.46,28.42,30.41,0,1,0,1,1,0,0,Esc3
223,7.41,16.27,15.5,2.08,5.09,0.28,11.61,93.02,42.56,3640615.28,24.38,38.7,0.13,26.08,98.32,25.45,28.16,0,0,0,1,1,0,0,Esc3
224,7.22,15.76,15.35,2.04,5.06,0.28,11.91,92.97,41.58,3664171.15,24.23,38.28,0.13,26.73,98.31,26.78,28.64,0,0,0,1,1,0,0,Esc3
225,7.0,16.35,15.14,1.97,4.88,0.28,10.34,92.44,38.88,3457560.25,25.67,38.97,0.13,23.95,98.42,29.43,30.7,0,0,0,1,1,0,0,Esc3
226,7.11,16.1,15.3,2.01,4.93,0.28,10.71,92.45,39.78,3501781.62,25.35,38.88,0.13,24.5,98.39,27.54,28.71,0,0,0,1,1,0,0,Esc3
227,7.04,16.29,15.27,1.97,4.89,0.28,10.31,92.88,40.09,3477451.7,25.53,39.27,0.13,23.85,98.41,27.41,28.69,0,0,0,1,1,0,0,Esc3
228,7.44,16.24,15.63,2.08,5.09,0.28,11.52,93.64,43.26,3648549.39,24.33,39.0,0.14,25.86,98.32,24.95,27.65,0,0,0,1,1,0,0,Esc3
229,7.37,16.22,15.54,2.06,5.08,0.28,11.3,93.52,43.23,3629399.08,24.46,39.09,0.14,25.58,98.33,24.31,28.06,0,0,0,1,1,0,0,Esc3
230,7.35,15.89,15.45,2.06,5.05,0.28,11.34,93.25,42.58,3623482.81,24.5,38.91,0.14,25.71,98.33,25.75,28.37,0,0,0,1,1,0,0,Esc3
231,7.26,16.36,15.51,2.03,5.02,0.28,10.92,93.16,42.26,3571347.62,24.86,39.23,0.14,24.86,98.36,24.87,27.81,0,0,0,1,1,0,0,Esc3
232,7.15,15.91,15.31,2.01,4.98,0.28,11.18,92.76,40.63,3566833.0,24.89,38.65,0.13,25.4,98.36,26.28,29.02,0,0,0,1,1,0,0,Esc3
233,7.09,16.11,15.1,2.01,4.95,0.28,11.11,92.14,39.33,3541242.5,25.07,38.38,0.13,25.41,98.38,29.28,30.91,0,0,0,1,1,0,0,Esc3
234,7.22,15.93,15.36,2.02,4.99,0.28,11.67,93.01,40.96,3623961.17,24.49,38.38,0.13,26.24,98.34,27.33,28.74,0,0,0,1,1,0,0,Esc3
235,7.12,16.31,15.15,2.01,4.89,0.28,10.17,91.78,39.21,3436006.83,25.83,39.07,0.13,23.62,98.43,29.4,30.45,0,0,0,1,1,0,0,Esc3
236,7.31,16.44,15.56,2.03,5.04,0.28,11.5,93.14,42.27,3628791.39,24.46,38.83,0.13,25.84,98.33,25.49,26.79,0,0,0,1,1,0,0,Esc3
237,7.25,16.67,15.45,2.03,5.08,0.28,11.88,93.91,42.53,3688468.71,24.07,38.56,0.13,26.68,98.3,25.36,28.41,0,0,0,1,1,0,0,Esc3
238,6.97,16.0,14.96,1.98,4.85,0.27,10.67,91.15,37.46,3453693.87,25.7,38.29,0.12,24.58,98.42,31.04,31.71,0,0,0,1,1,0,0,Esc3
239,6.98,15.89,15.2,1.98,4.87,0.28,9.82,92.49,39.41,3415614.81,25.99,39.49,0.13,22.97,98.44,27.54,29.4,0,1,0,1,1,0,0,Esc3
240,7.34,15.99,15.47,2.06,5.1,0.28,12.11,93.29,42.74,3699695.44,23.99,38.34,0.13,27.0,98.3,24.62,27.84,0,0,0,1,1,0,0,Esc3
241,7.25,16.0,15.39,2.02,4.95,0.28,10.5,92.66,41.29,3506397.66,25.32,39.31,0.14,24.13,98.39,26.44,28.85,0,0,0,1,1,0,0,Esc3
242,7.22,16.4,15.38,2.02,4.96,0.28,10.72,92.71,41.03,3527814.63,25.16,39.12,0.13,24.53,98.38,26.43,28.53,0,0,0,1,1,0,0,Esc3
243,7.16,16.02,15.32,2.02,5.01,0.28,11.17,93.08,41.37,3588368.09,24.74,38.81,0.13,25.46,98.35,26.3,28.55,0,0,0,1,1,0,0,Esc3
244,7.04,15.89,15.31,2.01,4.93,0.28,9.88,93.22,40.48,3446032.44,25.76,39.72,0.14,23.07,98.42,27.12,28.97,0,1,0,1,1,0,0,Esc3
245,7.24,16.46,15.39,2.0,4.93,0.28,10.41,92.51,41.01,3490488.08,25.43,39.33,0.14,23.94,98.4,26.57,28.67,0,0,0,1,1,0,0,Esc3
246,7.05,16.15,15.17,1.99,4.89,0.28,10.49,92.07,39.63,3480279.59,25.51,38.94,0.13,24.22,98.41,27.89,29.8,0,0,0,1,1,0,0,Esc3
247,7.33,15.92,15.47,2.04,5.09,0.28,11.8,93.25,42.91,3677229.86,24.14,38.62,0.13,26.51,98.31,24.16,27.36,0,0,0,1,1,0,0,Esc3
248,7.32,16.1,15.52,2.03,5.09,0.28,12.11,93.19,42.47,3692911.68,24.04,38.35,0.13,26.93,98.3,24.65,27.44,0,0,0,1,1,0,0,Esc3
249,7.21,16.41,15.42,2.02,5.01,0.28,11.16,93.2,41.7,3590777.6,24.72,38.94,0.13,25.36,98.35,25.76,27.85,0,0,0,1,1,0,0,Esc3
250,7.28,16.23,15.38,2.06,4.98,0.28,10.9,92.53,40.76,3535759.1,25.11,38.92,0.13,24.82,98.38,27.73,29.38,0,0,0,1,1,0,0,Esc3
251,7.15,15.98,15.38,2.01,4.92,0.28,10.28,92.89,41.17,3486413.89,25.46,39.47,0.14,23.75,98.4,26.17,28.58,0,0,0,1,1,0,0,Esc3
252,7.25,16.45,15.49,2.02,4.97,0.28,10.76,93.02,41.63,3539964.12,25.08,39.25,0.14,24.53,98.38,25.1,27.75,0,0,0,1,1,0,0,Esc3
253,7.28,16.03,15.37,2.04,5.03,0.28,11.43,93.0,41.56,3612478.29,24.57,38.64,0.13,25.87,98.34,26.85,29.27,0,0,0,1,1,0,0,Esc3
254,7.24,16.07,15.62,2.03,5.01,0.28,10.56,93.79,43.02,3554278.94,24.97,39.74,0.14,24.18,98.37,23.24,26.37,0,0,0,1,1,0,0,Esc3
255,7.13,16.35,15.3,2.02,4.95,0.28,10.45,92.85,40.83,3504249.78,25.33,39.27,0.13,24.14,98.39,27.46,29.58,0,0,0,1,1,0,0,Esc3
256,7.03,16.33,15.06,2.0,4.91,0.28,11.24,92.19,39.15,3551898.39,24.99,38.22,0.13,25.68,98.37,29.1,31.69,0,0,0,1,1,0,0,Esc3
257,7.34,16.31,15.49,2.05,5.15,0.28,12.85,92.98,42.94,3776793.12,23.5,37.81,0.13,28.24,98.26,24.1,28.47,0,0,0,1,1,0,0,Esc3
258,7.27,16.27,15.41,2.08,5.11,0.28,12.05,93.35,42.44,3696683.47,24.01,38.33,0.13,26.98,98.3,25.82,28.85,0,0,0,1,1,0,0,Esc3
259,7.37,16.05,15.53,2.07,5.1,0.28,11.57,92.93,42.75,3640299.4,24.38,38.78,0.14,26.0,98.32,24.3,27.34,0,0,0,1,1,0,0,Esc3
260,7.23,16.43,15.35,2.01,4.97,0.28,11.05,92.69,41.33,3564232.39,24.9,38.86,0.13,25.17,98.36,26.33,28.8,0,0,0,1,1,0,0,Esc3
261,7.12,16.17,15.32,2.02,4.99,0.28,11.3,93.47,40.85,3597753.05,24.67,38.68,0.13,25.68,98.35,26.95,28.93,0,0,0,1,1,0,0,Esc3
262,7.27,16.24,15.33,2.03,4.91,0.28,10.38,92.46,40.64,3483696.72,25.48,39.25,0.13,23.94,98.4,27.55,30.09,0,0,0,1,1,0,0,Esc3
263,7.1,16.04,15.3,1.99,4.92,0.28,10.21,93.02,40.79,3480957.89,25.5,39.47,0.13,23.7,98.4,25.91,28.91,0,0,0,1,1,0,0,Esc3
264,7.21,15.9,15.44,2.0,4.94,0.28,10.36,93.12,41.64,3505125.99,25.32,39.54,0.14,23.88,98.39,25.03,27.35,0,0,0,1,1,0,0,Esc3
265,7.22,15.74,15.48,2.04,5.0,0.28,10.96,93.8,42.47,3590105.18,24.73,39.26,0.14,25.03,98.35,24.88,27.29,0,0,0,1,1,0,0,Esc3
266,7.05,16.07,15.29,1.99,4.91,0.28,10.14,92.86,40.37,3464955.21,25.62,39.45,0.13,23.55,98.41,27.05,28.47,0,0,0,1,1,0,0,Esc3
267,7.32,16.16,15.41,2.07,5.08,0.28,12.01,93.02,41.98,3676689.34,24.14,38.28,0.13,26.84,98.31,26.56,28.94,0,0,0,1,1,0,0,Esc3
268,7.37,16.01,15.55,2.06,5.11,0.28,11.96,93.17,43.18,3687755.88,24.07,38.55,0.13,26.68,98.3,23.73,27.11,0,0,0,1,1,0,0,Esc3
269,7.11,16.29,15.2,2.0,4.93,0.28,10.92,91.78,39.46,3512977.21,25.27,38.57,0.13,24.94,98.39,28.06,29.92,0,0,0,1,1,0,0,Esc3
270,7.19,15.97,15.37,2.02,4.9,0.28,10.33,92.44,40.34,3470725.34,25.58,39.29,0.13,23.77,98.41,26.94,28.5,0,0,0,1,1,0,0,Esc3
271,7.2,15.93,15.33,2.04,4.98,0.28,11.07,92.55,40.63,3555589.42,24.97,38.75,0.13,25.19,98.37,27.57,29.12,0,0,0,1,1,0,0,Esc3
272,7.21,16.3,15.24,2.03,4.91,0.27,10.42,91.26,39.3,3451825.82,25.72,38.91,0.13,23.94,98.42,29.32,29.84,0,0,0,1,1,0,0,Esc3
273,7.29,16.2,15.41,2.03,5.04,0.28,11.47,92.89,41.69,3615790.18,24.55,38.65,0.13,25.89,98.34,26.1,28.57,0,0,0,1,1,0,0,Esc3
274,7.02,15.85,15.22,2.01,4.93,0.28,10.5,93.22,40.23,3506138.69,25.32,39.13,0.13,24.3,98.39,27.26,30.11,0,0,0,1,1,0,0,Esc3
275,7.23,16.07,15.46,2.03,5.03,0.28,11.11,93.49,42.18,3596031.27,24.68,39.07,0.14,25.28,98.35,25.36,27.67,0,0,0,1,1,0,0,Esc3
276,7.31,16.66,15.39,2.04,5.1,0.28,12.2,92.99,42.08,3699517.68,23.99,38.14,0.13,27.21,98.3,26.76,29.28,0,0,0,1,1,0,0,Esc3
277,7.28,16.44,15.44,2.05,5.08,0.28,12.07,93.23,42.25,3690613.61,24.05,38.31,0.13,26.95,98.3,25.67,28.39,0,0,0,1,1,0,0,Esc3
278,7.15,15.98,15.43,2.03,4.98,0.28,10.49,93.75,42.06,3538657.57,25.08,39.56,0.14,24.2,98.38,25.78,27.98,0,0,0,1,1,0,0,Esc3
279,7.16,16.04,15.22,2.03,5.01,0.28,11.67,92.93,40.36,3622900.24,24.5,38.23,0.13,26.37,98.34,28.16,30.09,0,0,0,1,1,0,0,Esc3
280,7.42,16.27,15.55,2.09,5.13,0.28,12.2,93.6,43.18,3721201.63,23.85,38.42,0.13,27.13,98.29,25.67,27.32,0,0,0,1,1,0,0,Esc3
281,6.94,15.79,15.13,1.99,4.82,0.28,9.66,93.05,39.67,3416246.76,25.98,39.68,0.13,22.79,98.44,28.88,30.41,0,1,0,1,1,0,0,Esc3
282,7.05,15.91,15.23,2.0,4.95,0.28,10.98,92.02,39.8,3527538.19,25.16,38.61,0.13,25.05,98.38,27.7,29.26,0,0,0,1,1,0,0,Esc3
283,7.44,16.62,15.54,2.06,5.06,0.28,11.57,93.03,42.4,3633134.67,24.43,38.74,0.13,25.97,98.33,25.55,27.86,0,0,0,1,1,0,0,Esc3
284,7.07,15.65,15.15,2.01,4.88,0.28,10.12,91.76,38.98,3431148.94,25.87,39.11,0.13,23.52,98.43,29.24,29.97,0,0,0,1,1,0,0,Esc3
285,7.32,16.14,15.46,2.07,5.09,0.28,11.88,93.83,43.13,3697227.64,24.01,38.62,0.13,26.7,98.3,25.41,27.87,0,0,0,1,1,0,0,Esc3
286,7.12,16.11,15.31,2.02,4.96,0.28,10.66,93.09,40.95,3528807.58,25.15,39.14,0.13,24.53,98.38,26.91,28.82,0,0,0,1,1,0,0,Esc3
287,7.1,16.47,15.31,2.01,4.96,0.28,10.78,93.05,40.63,3536448.91,25.1,39.02,0.13,24.73,98.38,27.46,29.31,0,0,0,1,1,0,0,Esc3
288,7.34,16.15,15.62,2.06,5.07,0.28,11.37,93.63,42.99,3628858.43,24.46,39.08,0.14,25.59,98.33,24.38,27.19,0,0,0,1,1,0,0,Esc3
289,7.21,16.06,15.27,2.04,5.01,0.28,11.39,92.71,40.96,3597259.36,24.68,38.5,0.13,25.85,98.35,26.68,29.25,0,0,0,1,1,0,0,Esc3
290,7.18,16.09,15.23,2.04,4.98,0.28,11.16,92.12,40.23,3553765.55,24.98,38.51,0.13,25.41,98.37,27.45,29.96,0,0,0,1,1,0,0,Esc3
291,7.19,16.37,15.42,2.02,5.03,0.28,11.2,93.02,41.8,3592850.7,24.71,38.89,0.13,25.43,98.35,25.23,27.83,0,0,0,1,1,0,0,Esc3
292,7.26,16.1,15.27,2.05,5.0,0.28,11.15,91.51,40.43,3547005.04,25.03,38.52,0.13,25.33,98.37,27.56,30.11,0,0,0,1,1,0,0,Esc3
293,7.12,15.94,15.28,2.02,4.97,0.28,10.88,92.84,40.78,3547956.23,25.02,38.92,0.13,24.94,98.37,27.71,29.34,0,0,0,1,1,0,0,Esc3
294,7.41,16.08,15.48,2.08,5.12,0.28,12.11,93.16,43.19,3707205.29,23.94,38.39,0.13,27.03,98.29,24.7,28.34,0,0,0,1,1,0,0,Esc3
295,7.36,16.37,15.49,2.06,5.13,0.28,12.0,93.4,42.88,3695366.94,24.02,38.47,0.13,26.83,98.3,24.37,27.63,0,0,0,1,1,0,0,Esc3
296,7.22,16.21,15.27,2.02,4.97,0.28,11.53,92.11,40.23,3587661.13,24.74,38.26,0.13,26.01,98.35,27.93,29.77,0,0,0,1,1,0,0,Esc3
297,7.19,15.92,15.39,2.0,4.98,0.28,10.95,92.62,41.35,3553050.13,24.98,38.96,0.13,24.95,98.37,25.42,28.07,0,0,0,1,1,0,0,Esc3
298,7.22,16.38,15.33,2.02,5.05,0.28,12.08,92.61,41.21,3670985.42,24.18,38.06,0.13,27.01,98.31,26.62,28.85,0,0,0,1,1,0,0,Esc3
299,7.23,16.14,15.41,2.05,5.12,0.28,12.12,93.82,42.8,3718753.69,23.87,38.37,0.13,27.15,98.29,25.15,27.99,0,0,0,1,1,0,0,Esc3
300,7.05,15.87,15.26,1.98,4.87,0.28,10.24,92.17,39.68,3453107.88,25.71,39.19,0.13,23.67,98.42,27.35,29.19,0,0,0,1,1,0,0,Esc3
301,7.15,16.16,15.31,2.02,4.92,0.28,10.53,93.03,40.73,3509955.95,25.29,39.2,0.13,24.27,98.39,27.28,28.32,0,0,0,1,1,0,0,Esc3
302,7.29,15.95,15.51,2.05,5.08,0.28,11.58,93.76,42.92,3659973.83,24.25,38.86,0.14,26.11,98.32,24.64,26.88,0,0,0,1,1,0,0,Esc3
303,7.31,16.43,15.43,2.03,5.0,0.28,11.5,92.19,40.95,3594559.85,24.69,38.5,0.13,25.83,98.35,27.4,28.28,0,0,0,1,1,0,0,Esc3
304,7.26,16.59,15.39,2.03,5.02,0.28,11.34,92.35,40.94,3579815.51,24.8,38.58,0.13,25.6,98.36,26.37,29.54,0,0,0,1,1,0,0,Esc3
305,7.04,15.84,15.31,1.98,4.88,0.28,9.81,93.0,40.41,3434456.7,25.85,39.74,0.14,22.93,98.43,27.16,28.55,0,1,0,1,1,0,0,Esc3
306,7.27,16.37,15.42,2.05,5.05,0.28,11.52,93.09,42.14,3631787.41,24.44,38.68,0.13,26.02,98.33,25.74,28.88,0,0,0,1,1,0,0,Esc3
307,7.32,16.47,15.47,2.04,5.08,0.28,12.14,93.27,42.69,3703331.62,23.97,38.32,0.13,27.06,98.3,25.43,28.72,0,0,0,1,1,0,0,Esc3
308,7.32,16.19,15.55,2.02,4.99,0.28,10.82,93.37,42.29,3560897.63,24.93,39.35,0.14,24.64,98.36,24.95,26.99,0,0,0,1,1,0,0,Esc3
309,7.14,16.06,15.35,2.0,4.94,0.28,10.67,93.11,41.32,3534440.59,25.11,39.19,0.13,24.53,98.38,25.88,28.09,0,0,0,1,1,0,0,Esc3
310,7.16,15.79,15.37,2.03,4.95,0.28,10.44,92.29,40.72,3487660.94,25.45,39.24,0.13,24.0,98.4,26.27,28.17,0,0,0,1,1,0,0,Esc3
311,7.32,16.49,15.46,2.06,5.09,0.28,12.22,93.53,42.3,3707547.39,23.94,38.23,0.13,27.19,98.29,25.85,27.99,0,0,0,1,1,0,0,Esc3
312,7.18,16.32,15.55,2.0,4.96,0.28,10.41,93.65,42.09,3520352.86,25.22,39.67,0.14,23.9,98.38,24.52,26.76,0,0,0,1,1,0,0,Esc3
313,7.28,16.13,15.51,2.03,5.01,0.28,10.82,93.84,42.88,3581154.8,24.79,39.44,0.14,24.75,98.35,24.58,28.29,0,0,0,1,1,0,0,Esc3
314,7.26,16.2,15.54,2.04,5.0,0.28,10.67,93.13,41.91,3536709.21,25.1,39.4,0.14,24.34,98.38,25.59,27.41,0,0,0,1,1,0,0,Esc3
315,7.27,16.28,15.45,2.01,5.06,0.28,11.66,93.6,42.35,3658640.28,24.26,38.67,0.13,26.28,98.32,25.07,28.42,0,0,0,1,1,0,0,Esc3
316,7.22,16.21,15.41,2.03,4.97,0.28,11.1,92.75,41.02,3562951.18,24.91,38.84,0.13,25.18,98.36,26.48,28.66,0,0,0,1,1,0,0,Esc3
317,7.09,16.02,15.17,2.0,4.89,0.28,10.52,92.04,38.98,3471811.45,25.57,38.83,0.13,24.24,98.41,28.93,29.39,0,0,0,1,1,0,0,Esc3
318,7.48,16.32,15.67,2.07,5.16,0.28,12.11,93.73,43.94,3721440.5,23.85,38.66,0.14,26.88,98.28,24.02,27.21,0,0,0,1,1,0,0,Esc3
319,7.23,15.89,15.52,2.01,4.93,0.28,10.18,93.21,41.67,3484476.85,25.48,39.74,0.14,23.46,98.4,25.02,27.26,0,0,0,1,1,0,0,Esc3
320,7.04,15.92,15.24,1.98,4.87,0.28,10.24,92.08,39.14,3443276.19,25.78,39.11,0.13,23.65,98.42,27.92,29.76,0,0,0,1,1,0,0,Esc3
321,7.24,16.79,15.48,2.03,5.02,0.28,10.99,93.18,42.33,3579524.54,24.8,39.16,0.14,25.02,98.36,24.94,28.17,0,0,0,1,1,0,0,Esc3
322,7.28,16.42,15.4,2.04,5.04,0.28,11.89,92.89,41.52,3656378.34,24.28,38.31,0.13,26.62,98.32,26.87,29.02,0,0,0,1,1,0,0,Esc3
323,7.25,16.42,15.4,2.02,5.01,0.28,11.29,92.72,41.12,3584520.61,24.76,38.7,0.13,25.53,98.35,26.32,28.79,0,0,0,1,1,0,0,Esc3
324,7.3,16.25,15.5,2.04,5.05,0.28,11.19,93.31,42.43,3602004.84,24.64,39.04,0.14,25.36,98.34,24.84,28.31,0,0,0,1,1,0,0,Esc3
325,7.29,16.44,15.41,2.04,5.08,0.28,12.1,93.17,42.04,3693970.0,24.03,38.25,0.13,27.04,98.3,25.85,29.35,0,0,0,1,1,0,0,Esc3
326,7.37,16.11,15.53,2.07,5.12,0.28,12.11,93.98,43.44,3723030.99,23.84,38.53,0.13,27.03,98.29,24.67,27.85,0,0,0,1,1,0,0,Esc3
327,7.11,16.07,15.29,2.01,4.99,0.28,11.05,93.21,41.26,3577505.35,24.81,38.88,0.13,25.28,98.36,26.5,29.02,0,0,0,1,1,0,0,Esc3
328,7.11,15.98,15.28,2.02,4.96,0.28,10.54,92.53,40.51,3502183.84,25.35,39.1,0.13,24.28,98.39,27.08,29.42,0,0,0,1,1,0,0,Esc3
329,6.93,15.85,15.17,1.97,4.81,0.28,9.58,92.25,38.74,3379928.85,26.26,39.56,0.13,22.5,98.45,28.31,29.51,0,1,0,1,1,0,0,Esc3
330,7.2,16.15,15.54,2.02,4.95,0.28,10.28,93.29,41.43,3488958.74,25.44,39.65,0.14,23.6,98.4,25.75,27.52,0,0,0,1,1,0,0,Esc3
331,7.1,16.32,15.27,2.02,4.97,0.28,10.63,92.46,40.34,3509480.09,25.29,39.02,0.13,24.45,98.39,27.18,29.41,0,0,0,1,1,0,0,Esc3
332,7.14,15.87,15.28,2.01,4.96,0.28,10.61,92.42,40.44,3509173.01,25.3,39.05,0.13,24.41,98.39,27.03,28.92,0,0,0,1,1,0,0,Esc3
333,7.48,16.08,15.54,2.07,5.09,0.28,11.82,92.47,42.55,3652069.82,24.31,38.52,0.13,26.37,98.32,25.89,28.02,0,0,0,1,1,0,0,Esc3
334,7.15,16.27,15.35,2.0,5.05,0.28,11.75,93.13,41.47,3646624.7,24.34,38.39,0.13,26.45,98.32,25.48,28.42,0,0,0,1,1,0,0,Esc3
335,7.1,15.9,15.07,2.0,4.86,0.28,10.18,91.25,38.48,3421034.49,25.95,38.89,0.13,23.63,98.43,29.81,31.56,0,0,0,1,1,0,0,Esc3
336,7.2,16.04,15.42,2.02,5.02,0.28,11.27,92.63,41.52,3588287.72,24.74,38.77,0.13,25.5,98.35,25.36,28.19,0,0,0,1,1,0,0,Esc3
337,7.27,16.52,15.49,2.07,5.03,0.28,11.18,92.83,41.81,3582909.98,24.78,38.93,0.13,25.29,98.35,25.28,28.27,0,0,0,1,1,0,0,Esc3
338,7.16,15.79,15.36,2.01,4.95,0.27,10.64,91.81,39.99,3489354.05,25.44,38.97,0.13,24.29,98.4,26.8,27.45,0,0,0,1,1,0,0,Esc3
339,7.3,16.3,15.52,2.05,5.08,0.28,11.7,93.89,42.86,3669281.88,24.19,38.77,0.13,26.29,98.31,24.7,28.32,0,0,0,1,1,0,0,Esc3
340,7.16,16.53,15.25,2.07,5.03,0.28,11.26,92.54,40.62,3577540.28,24.81,38.54,0.13,25.62,98.36,28.18,30.39,0,0,0,1,1,0,0,Esc3
341,7.12,15.91,15.24,2.01,4.91,0.28,10.56,92.37,39.76,3488427.36,25.45,38.95,0.13,24.29,98.4,28.19,29.57,0,0,0,1,1,0,0,Esc3
342,6.9,15.87,15.06,1.97,4.82,0.28,10.1,92.38,38.73,3433816.16,25.85,39.07,0.13,23.59,98.43,28.6,30.2,0,0,0,1,1,0,0,Esc3
343,6.99,16.03,15.12,1.99,4.9,0.28,10.68,92.48,39.23,3501136.38,25.35,38.74,0.13,24.63,98.4,28.87,30.6,0,0,0,1,1,0,0,Esc3
344,7.26,16.08,15.48,2.02,4.99,0.28,10.9,92.57,41.51,3548365.87,25.02,39.09,0.13,24.77,98.37,26.02,28.24,0,0,0,1,1,0,0,Esc3
345,7.31,16.12,15.48,2.05,5.05,0.28,11.25,93.01,42.51,3607499.12,24.61,38.97,0.14,25.49,98.34,24.75,27.47,0,0,0,1,1,0,0,Esc3
346,7.37,16.17,15.54,2.06,5.16,0.28,12.87,93.69,43.57,3801117.73,23.35,37.97,0.13,28.29,98.25,23.93,27.32,0,0,0,1,1,0,0,Esc3
347,7.2,16.43,15.34,2.06,5.06,0.28,11.55,92.78,41.47,3622126.9,24.51,38.51,0.13,26.09,98.33,26.94,29.49,0,0,0,1,1,0,0,Esc3
348,7.19,16.41,15.5,1.99,4.97,0.28,10.62,93.67,42.04,3543156.87,25.05,39.47,0.14,24.34,98.37,24.28,27.17,0,0,0,1,1,0,0,Esc3
349,7.15,16.08,15.23,2.03,4.99,0.28,11.01,92.17,39.9,3535017.99,25.11,38.61,0.13,25.12,98.38,28.71,29.77,0,0,0,1,1,0,0,Esc3
350,7.48,16.04,15.52,2.09,5.1,0.28,11.85,92.66,42.81,3662056.37,24.24,38.53,0.13,26.46,98.31,25.4,28.15,0,0,0,1,1,0,0,Esc3
351,6.94,15.76,15.06,1.99,4.89,0.28,10.64,91.99,38.6,3482223.11,25.49,38.63,0.13,24.55,98.4,29.05,30.71,0,0,0,1,1,0,0,Esc3
352,7.29,16.39,15.4,2.05,5.07,0.28,12.18,92.96,41.92,3695823.68,24.02,38.15,0.13,27.15,98.3,25.62,28.85,0,0,0,1,1,0,0,Esc3
353,7.16,16.11,15.44,2.02,5.03,0.28,10.88,93.74,42.32,3581993.21,24.78,39.29,0.14,24.92,98.35,24.44,27.63,0,0,0,1,1,0,0,Esc3
354,7.33,16.21,15.41,2.05,5.02,0.28,11.04,92.46,41.96,3573992.68,24.84,38.98,0.14,25.14,98.36,25.72,27.95,0,0,0,1,1,0,0,Esc3
355,7.15,16.32,15.36,2.01,4.97,0.28,10.77,93.47,41.49,3554390.61,24.97,39.2,0.13,24.73,98.37,26.28,29.11,0,0,0,1,1,0,0,Esc3
356,7.14,16.22,15.34,2.02,5.01,0.28,10.96,93.5,41.75,3578773.5,24.8,39.07,0.13,25.11,98.36,25.55,28.46,0,0,0,1,1,0,0,Esc3
357,7.15,15.92,15.41,1.99,4.96,0.28,10.93,92.89,41.01,3546564.25,25.03,38.98,0.13,24.87,98.37,25.12,28.67,0,0,0,1,1,0,0,Esc3
358,7.16,15.94,15.36,2.02,4.98,0.28,10.76,93.13,41.44,3546901.83,25.03,39.15,0.13,24.7,98.37,26.13,28.81,0,0,0,1,1,0,0,Esc3
359,7.2,16.21,15.34,2.03,4.99,0.28,11.28,93.04,40.92,3584037.14,24.77,38.65,0.13,25.57,98.35,27.64,29.69,0,0,0,1,1,0,0,Esc3
360,6.9,16.0,15.05,1.95,4.78,0.28,9.67,92.17,37.69,3370733.54,26.33,39.27,0.13,22.7,98.46,29.84,30.44,0,1,0,1,1,0,0,Esc3
361,7.15,16.0,15.43,2.0,4.93,0.28,10.08,92.93,41.09,3466573.75,25.61,39.69,0.14,23.32,98.41,25.99,27.89,0,0,0,1,1,0,0,Esc3
362,7.18,16.36,15.36,2.02,4.99,0.28,11.12,93.2,41.29,3579451.41,24.8,38.87,0.13,25.31,98.36,26.05,28.79,0,0,0,1,1,0,0,Esc3
363,7.18,16.19,15.39,2.01,4.98,0.28,10.78,93.53,41.77,3559097.53,24.94,39.23,0.14,24.74,98.37,25.51,28.59,0,0,0,1,1,0,0,Esc3
364,6.94,15.99,15.12,1.96,4.84,0.28,9.78,92.62,38.85,3409862.28,26.03,39.43,0.13,22.96,98.44,28.56,30.0,0,1,0,1,1,0,0,Esc3
365,7.32,16.4,15.49,2.04,5.02,0.28,11.22,92.99,41.97,3593303.83,24.7,38.94,0.13,25.38,98.35,25.12,27.23,0,0,0,1,1,0,0,Esc3
366,7.26,16.25,15.36,2.03,5.0,0.28,11.47,92.5,41.04,3600238.12,24.66,38.51,0.13,25.87,98.35,27.17,29.15,0,0,0,1,1,0,0,Esc3
367,7.15,15.92,15.37,1.99,4.96,0.28,11.15,92.92,40.64,3568111.45,24.88,38.76,0.13,25.31,98.36,26.67,27.95,0,0,0,1,1,0,0,Esc3
368,7.23,16.3,15.49,2.01,5.02,0.28,11.17,93.55,42.52,3607149.86,24.61,39.09,0.14,25.37,98.34,24.58,27.26,0,0,0,1,1,0,0,Esc3
369,7.19,16.29,15.54,2.01,4.95,0.28,10.03,93.38,42.17,3482880.27,25.49,39.97,0.14,23.21,98.4,24.99,27.18,0,0,0,1,1,0,0,Esc3
370,6.9,15.69,15.06,1.97,4.86,0.28,10.17,92.18,38.58,3437127.93,25.83,39.0,0.13,23.7,98.43,28.67,30.66,0,0,0,1,1,0,0,Esc3
371,7.09,15.94,15.29,2.01,4.95,0.28,10.89,93.33,40.99,3559936.56,24.94,39.0,0.13,24.99,98.37,26.6,29.08,0,0,0,1,1,0,0,Esc3
372,7.15,16.08,15.31,1.99,5.0,0.28,11.83,93.53,41.38,3659732.05,24.26,38.32,0.13,26.64,98.32,25.71,28.82,0,0,0,1,1,0,0,Esc3
373,7.13,16.2,15.22,2.01,4.86,0.28,10.23,91.93,39.22,3443352.36,25.78,39.11,0.13,23.65,98.42,29.25,29.44,0,0,0,1,1,0,0,Esc3
374,6.97,16.39,15.05,1.96,4.8,0.28,9.95,91.93,38.5,3409091.1,26.04,39.11,0.13,23.28,98.44,29.36,30.97,0,1,0,1,1,0,0,Esc3
375,7.09,16.17,15.24,2.0,4.95,0.28,10.75,92.16,39.73,3507252.16,25.31,38.81,0.13,24.63,98.39,27.6,29.38,0,0,0,1,1,0,0,Esc3
376,7.07,16.3,15.15,2.0,4.97,0.28,11.32,93.41,40.99,3609597.33,24.59,38.55,0.13,25.93,98.34,27.17,30.16,0,0,0,1,1,0,0,Esc3
377,7.22,16.38,15.47,2.03,5.03,0.28,11.36,93.74,42.46,3627334.23,24.47,38.93,0.13,25.72,98.33,24.98,27.92,0,0,0,1,1,0,0,Esc3
378,7.27,16.31,15.46,2.05,5.07,0.28,11.61,93.11,42.02,3636801.37,24.41,38.64,0.13,26.11,98.33,25.93,28.46,0,0,0,1,1,0,0,Esc3
379,7.29,16.36,15.43,2.04,5.02,0.28,11.38,93.18,42.08,3616525.61,24.54,38.79,0.13,25.76,98.34,25.65,28.92,0,0,0,1,1,0,0,Esc3
380,7.16,16.09,15.43,2.01,5.04,0.28,11.34,93.59,42.04,3622419.68,24.5,38.89,0.13,25.71,98.33,25.34,27.78,0,0,0,1,1,0,0,Esc3
381,7.31,15.91,15.51,2.03,5.05,0.28,11.62,93.24,42.27,3640007.5,24.39,38.69,0.13,26.09,98.33,25.18,27.32,0,0,0,1,1,0,0,Esc3
382,7.26,16.17,15.48,2.02,5.05,0.28,11.64,93.05,41.8,3634613.24,24.42,38.6,0.13,26.12,98.33,25.57,28.13,0,0,0,1,1,0,0,Esc3
383,7.27,16.46,15.47,2.04,5.01,0.28,11.2,93.13,41.83,3586636.19,24.75,38.91,0.13,25.34,98.35,25.94,28.32,0,0,0,1,1,0,0,Esc3
384,7.17,16.07,15.31,2.02,4.98,0.28,11.0,92.45,40.62,3550903.55,25.0,38.8,0.13,25.09,98.37,27.79,29.55,0,0,0,1,1,0,0,Esc3
385,7.24,16.34,15.51,2.0,4.93,0.28,10.32,93.72,42.47,3521454.61,25.21,39.78,0.14,23.81,98.39,24.63,28.1,0,0,0,1,1,0,0,Esc3
386,7.46,16.46,15.66,2.06,5.13,0.28,12.02,93.43,43.83,3705066.97,23.96,38.67,0.14,26.72,98.29,22.85,26.44,0,0,0,1,1,0,0,Esc3
387,7.3,15.94,15.43,2.03,5.02,0.28,11.2,93.2,41.71,3593817.09,24.7,38.9,0.13,25.42,98.35,26.31,28.48,0,0,0,1,1,0,0,Esc3
388,7.37,16.28,15.47,2.09,5.11,0.28,12.3,92.83,42.38,3710328.52,23.92,38.15,0.13,27.29,98.29,25.77,27.65,0,0,0,1,1,0,0,Esc3
389,7.49,16.29,15.76,2.07,5.17,0.28,12.28,93.49,44.23,3734729.35,23.77,38.6,0.14,27.07,98.28,22.68,26.2,0,0,0,1,1,0,0,Esc3
390,7.13,16.27,15.34,2.01,5.0,0.28,11.03,93.26,41.5,3580477.01,24.79,38.97,0.13,25.22,98.36,25.24,28.5,0,0,0,1,1,0,0,Esc3
391,7.12,16.01,15.29,1.99,4.97,0.28,10.71,93.08,41.39,3544262.04,25.05,39.15,0.13,24.67,98.37,25.47,28.88,0,0,0,1,1,0,0,Esc3
392,7.09,16.32,15.22,2.0,4.92,0.28,10.69,92.39,39.52,3501103.53,25.35,38.83,0.13,24.55,98.39,27.87,29.65,0,0,0,1,1,0,0,Esc3
393,7.26,16.69,15.5,2.05,5.11,0.28,12.02,93.29,42.5,3687228.14,24.07,38.42,0.13,26.81,98.3,25.18,27.97,0,0,0,1,1,0,0,Esc3
394,7.23,16.35,15.42,2.04,5.0,0.28,11.04,93.23,41.89,3578122.61,24.81,39.01,0.13,25.15,98.36,25.55,28.84,0,0,0,1,1,0,0,Esc3
395,7.52,16.25,15.61,2.09,5.19,0.28,12.92,93.81,44.31,3815606.6,23.26,38.05,0.13,28.34,98.24,23.49,27.57,0,0,0,1,1,0,0,Esc3
396,7.19,15.91,15.22,2.03,5.01,0.28,11.65,92.16,40.25,3602691.32,24.64,38.14,0.13,26.27,98.34,27.69,29.71,0,0,0,1,1,0,0,Esc3
397,7.19,16.02,15.39,2.03,4.98,0.28,10.93,93.03,41.07,3552370.44,24.99,38.99,0.13,24.91,98.37,26.24,28.24,0,0,0,1,1,0,0,Esc3
398,7.35,16.07,15.46,2.06,5.05,0.28,11.42,93.35,42.57,3633255.43,24.43,38.86,0.13,25.84,98.33,26.12,27.84,0,0,0,1,1,0,0,Esc3
399,7.36,16.03,15.53,2.06,5.09,0.28,11.54,93.34,42.95,3646920.07,24.34,38.85,0.14,25.99,98.32,24.43,27.98,0,0,0,1,1,0,0,Esc3
400,7.3,16.24,15.53,2.04,5.05,0.28,11.32,93.07,42.82,3618260.33,24.53,38.98,0.14,25.58,98.34,24.25,27.71,0,0,0,1,1,0,0,Esc3
401,7.13,16.37,15.31,2.02,4.99,0.28,10.96,93.09,41.1,3564149.18,24.91,38.94,0.13,25.08,98.36,26.29,29.31,0,0,0,1,1,0,0,Esc3
402,7.22,15.88,15.38,2.02,5.0,0.28,11.27,93.25,41.71,3602600.52,24.64,38.8,0.13,25.61,98.35,25.68,28.96,0,0,0,1,1,0,0,Esc3
403,7.2,16.1,15.42,2.04,5.03,0.28,10.83,93.35,41.8,3559635.12,24.94,39.2,0.14,24.78,98.36,25.8,28.1,0,0,0,1,1,0,0,Esc3
404,7.56,16.42,15.67,2.1,5.21,0.28,13.0,93.46,44.36,3815461.72,23.27,38.01,0.13,28.38,98.24,24.23,27.73,0,0,0,1,1,0,0,Esc3
405,7.22,16.21,15.33,2.03,4.96,0.28,10.77,91.48,40.42,3504252.88,25.33,38.84,0.13,24.57,98.39,26.69,28.72,0,0,0,1,1,0,0,Esc3
406,6.99,16.03,15.17,1.99,4.9,0.28,10.28,92.44,39.88,3471099.87,25.57,39.16,0.13,23.9,98.41,27.46,29.94,0,0,0,1,1,0,0,Esc3
407,7.11,16.0,15.3,2.02,5.0,0.28,11.14,92.47,40.58,3560250.97,24.93,38.66,0.13,25.32,98.36,26.73,28.72,0,0,0,1,1,0,0,Esc3
408,7.11,16.09,15.27,2.0,4.88,0.28,10.32,92.58,39.66,3464028.42,25.63,39.17,0.13,23.82,98.41,28.11,29.54,0,0,0,1,1,0,0,Esc3
409,7.28,16.25,15.45,2.07,5.08,0.28,11.76,93.37,42.4,3664979.26,24.22,38.58,0.13,26.44,98.31,25.39,28.54,0,0,0,1,1,0,0,Esc3
410,7.05,15.96,15.3,1.99,4.93,0.28,10.62,92.55,40.03,3498130.55,25.38,38.99,0.13,24.36,98.4,26.82,29.97,0,0,0,1,1,0,0,Esc3
411,7.31,16.57,15.43,2.05,5.03,0.28,11.62,92.77,41.25,3618520.12,24.53,38.49,0.13,26.07,98.34,26.56,28.42,0,0,0,1,1,0,0,Esc3
412,7.17,16.47,15.2,2.01,4.96,0.28,11.43,92.24,39.81,3578010.79,24.81,38.26,0.13,25.91,98.36,28.64,30.14,0,0,0,1,1,0,0,Esc3
413,7.09,16.03,15.18,2.01,4.93,0.27,11.01,91.52,39.12,3511964.72,25.28,38.42,0.13,25.07,98.39,29.12,29.42,0,0,0,1,1,0,0,Esc3
414,7.23,16.61,15.31,2.02,4.96,0.28,11.38,92.58,40.74,3587485.61,24.74,38.5,0.13,25.76,98.35,27.75,29.71,0,0,0,1,1,0,0,Esc3
415,7.38,16.38,15.46,2.08,5.11,0.28,12.04,93.05,42.26,3685558.46,24.09,38.35,0.13,26.86,98.3,26.55,28.28,0,0,0,1,1,0,0,Esc3
416,7.08,16.4,15.16,2.01,4.98,0.28,11.76,92.05,39.64,3607024.85,24.61,37.96,0.13,26.49,98.34,27.94,29.57,0,0,0,1,1,0,0,Esc3
417,7.17,16.32,15.33,2.0,5.0,0.28,11.59,92.76,40.8,3611711.64,24.58,38.38,0.13,26.12,98.34,26.66,28.58,0,0,0,1,1,0,0,Esc3
418,7.3,15.94,15.62,2.04,5.05,0.28,11.02,94.43,43.39,3614286.83,24.56,39.46,0.14,25.07,98.34,24.39,27.43,0,0,0,1,1,0,0,Esc3
419,7.36,16.38,15.57,2.06,5.12,0.28,11.93,93.71,43.15,3693117.69,24.04,38.64,0.13,26.64,98.3,24.53,28.11,0,0,0,1,1,0,0,Esc3
420,7.25,16.52,15.48,2.02,4.99,0.28,11.09,93.41,42.11,3586452.06,24.75,39.07,0.14,25.18,98.35,25.56,28.47,0,0,0,1,1,0,0,Esc3
421,7.32,16.42,15.47,2.05,5.05,0.28,11.52,93.29,42.46,3637121.0,24.41,38.76,0.13,25.98,98.33,25.42,28.79,0,0,0,1,1,0,0,Esc3
422,7.06,16.26,15.11,2.02,4.87,0.28,10.45,92.06,38.58,3456196.16,25.68,38.77,0.13,24.13,98.42,30.47,30.48,0,0,0,1,1,0,0,Esc3
423,7.02,15.78,15.18,1.98,4.87,0.28,10.38,92.22,38.95,3456458.35,25.68,38.95,0.13,23.96,98.42,27.98,29.64,0,0,0,1,1,0,0,Esc3
424,7.2,15.9,15.3,2.03,5.04,0.28,11.57,92.9,41.6,3630549.67,24.45,38.49,0.13,26.19,98.33,25.9,28.73,0,0,0,1,1,0,0,Esc3
425,7.34,16.04,15.45,2.05,5.0,0.28,10.85,92.89,41.91,3555869.07,24.96,39.18,0.14,24.76,98.37,26.38,28.55,0,0,0,1,1,0,0,Esc3
426,7.32,16.18,15.64,2.06,5.09,0.28,11.04,93.75,43.86,3615115.89,24.55,39.47,0.14,25.06,98.34,23.41,27.02,0,0,0,1,1,0,0,Esc3
427,7.21,16.31,15.37,2.01,4.98,0.28,11.1,92.42,40.71,3559014.58,24.94,38.77,0.13,25.2,98.37,26.72,28.86,0,0,0,1,1,0,0,Esc3
428,7.25,16.04,15.31,2.06,5.04,0.28,11.64,92.75,41.22,3629524.44,24.46,38.39,0.13,26.28,98.33,27.17,29.57,0,0,0,1,1,0,0,Esc3
429,7.33,16.36,15.42,2.06,5.04,0.28,11.23,92.98,41.81,3596539.75,24.68,38.87,0.13,25.48,98.35,26.62,28.94,0,0,0,1,1,0,0,Esc3
430,6.99,16.0,15.1,1.99,4.84,0.28,9.88,92.76,39.03,3423566.88,25.93,39.37,0.13,23.18,98.43,29.26,30.18,0,1,0,1,1,0,0,Esc3
431,7.28,16.17,15.3,2.05,5.05,0.28,11.89,92.17,41.2,3643729.53,24.36,38.14,0.13,26.68,98.32,26.89,29.49,0,0,0,1,1,0,0,Esc3
432,7.14,16.16,15.11,2.01,4.97,0.28,11.92,92.06,39.11,3615756.43,24.55,37.74,0.12,26.8,98.34,29.7,30.96,0,0,0,1,1,0,0,Esc3
433,6.99,15.84,15.19,1.99,4.89,0.28,10.09,92.45,39.89,3451277.8,25.72,39.34,0.13,23.51,98.42,27.59,28.88,0,0,0,1,1,0,0,Esc3
434,7.3,16.11,15.52,2.03,5.09,0.28,11.84,93.69,42.96,3684450.02,24.09,38.66,0.13,26.54,98.3,24.06,27.64,0,0,0,1,1,0,0,Esc3
435,7.13,16.08,15.23,2.0,4.94,0.28,11.27,92.63,39.94,3566757.05,24.89,38.44,0.13,25.61,98.36,27.83,29.76,0,0,0,1,1,0,0,Esc3
436,7.24,16.27,15.38,2.04,5.0,0.28,11.07,92.59,41.05,3559171.52,24.94,38.81,0.13,25.16,98.37,26.45,28.94,0,0,0,1,1,0,0,Esc3
437,7.26,16.31,15.33,2.06,5.04,0.28,11.28,92.63,41.57,3597799.04,24.67,38.72,0.13,25.64,98.35,26.77,29.01,0,0,0,1,1,0,0,Esc3
438,7.24,16.34,15.48,2.03,5.06,0.28,11.85,93.22,41.83,3657516.93,24.27,38.45,0.13,26.49,98.32,25.73,27.98,0,0,0,1,1,0,0,Esc3
439,7.19,15.99,15.27,2.0,4.95,0.28,10.93,92.21,40.44,3533848.45,25.12,38.76,0.13,24.96,98.38,27.27,29.22,0,0,0,1,1,0,0,Esc3
440,7.26,16.31,15.35,2.05,5.06,0.28,11.49,93.05,41.76,3629724.14,24.46,38.64,0.13,26.04,98.33,25.83,29.03,0,0,0,1,1,0,0,Esc3
441,7.06,16.2,15.25,1.99,4.92,0.28,10.65,92.71,39.74,3504873.52,25.33,38.94,0.13,24.48,98.39,27.75,28.59,0,0,0,1,1,0,0,Esc3
442,7.33,15.83,15.51,2.03,5.03,0.28,11.16,93.14,42.6,3601782.72,24.65,39.08,0.14,25.32,98.34,25.09,27.67,0,0,0,1,1,0,0,Esc3
443,7.13,16.5,15.19,2.05,5.03,0.28,11.4,92.1,39.76,3573850.32,24.84,38.27,0.13,25.85,98.36,28.79,30.04,0,0,0,1,1,0,0,Esc3
444,6.88,15.85,15.14,1.94,4.86,0.28,10.45,93.11,39.49,3489995.25,25.43,39.02,0.13,24.24,98.4,27.25,29.89,0,0,0,1,1,0,0,Esc3
445,7.12,16.19,15.31,1.99,4.9,0.28,10.27,92.56,40.45,3469793.35,25.58,39.31,0.13,23.73,98.41,26.64,29.18,0,0,0,1,1,0,0,Esc3
446,7.17,16.21,15.36,2.01,4.89,0.28,10.03,92.54,40.69,3450271.99,25.73,39.58,0.14,23.26,98.42,26.35,28.73,0,0,0,1,1,0,0,Esc3
447,7.17,16.1,15.31,2.02,4.97,0.28,11.19,92.78,40.61,3570001.26,24.86,38.66,0.13,25.42,98.36,27.33,29.01,0,0,0,1,1,0,0,Esc3
448,7.12,16.12,15.34,2.01,5.04,0.28,11.45,93.45,41.66,3626405.78,24.48,38.67,0.13,25.98,98.33,25.48,28.75,0,0,0,1,1,0,0,Esc3
449,7.34,16.18,15.51,2.05,5.02,0.28,11.27,92.44,41.89,3585897.61,24.75,38.85,0.13,25.39,98.35,25.29,27.02,0,0,0,1,1,0,0,Esc3
450,7.11,16.14,15.26,2.01,5.0,0.28,11.2,92.59,40.15,3564177.32,24.91,38.56,0.13,25.46,98.36,27.63,29.44,0,0,0,1,1,0,0,Esc3
451,7.25,15.93,15.43,2.03,4.95,0.28,10.74,92.32,40.66,3513285.96,25.27,39.04,0.13,24.46,98.39,27.4,28.88,0,0,0,1,1,0,0,Esc3
452,7.26,16.53,15.34,2.05,5.07,0.28,11.77,93.15,41.91,3658117.9,24.27,38.42,0.13,26.53,98.32,26.59,29.03,0,0,0,1,1,0,0,Esc3
453,7.1,16.2,15.29,2.03,5.02,0.28,11.02,93.81,41.67,3592385.99,24.71,39.0,0.13,25.3,98.35,26.8,30.84,0,0,0,1,1,0,0,Esc3
454,7.23,16.07,15.49,2.05,5.08,0.28,11.63,93.4,42.55,3654798.07,24.29,38.73,0.13,26.18,98.32,25.01,27.64,0,0,0,1,1,0,0,Esc3
455,7.07,16.45,15.3,1.99,4.85,0.28,9.74,92.49,39.81,3407130.75,26.05,39.65,0.13,22.72,98.44,27.94,29.61,0,1,0,1,1,0,0,Esc3
456,7.4,16.09,15.66,2.03,5.01,0.28,11.3,93.49,42.92,3614140.52,24.56,39.12,0.14,25.4,98.34,24.2,26.89,0,0,0,1,1,0,0,Esc3
457,7.13,16.31,15.35,1.99,4.9,0.28,10.22,93.24,40.38,3475757.15,25.54,39.46,0.13,23.65,98.41,27.7,28.33,0,0,0,1,1,0,0,Esc3
458,6.98,15.93,15.18,1.98,4.88,0.28,10.57,92.76,39.01,3486500.93,25.46,38.87,0.13,24.35,98.4,28.95,30.15,0,0,0,1,1,0,0,Esc3
459,7.19,15.81,15.44,2.01,4.98,0.28,10.77,93.81,42.47,3573487.51,24.84,39.4,0.14,24.72,98.36,24.58,28.0,0,0,0,1,1,0,0,Esc3
460,7.06,16.24,15.22,2.01,4.9,0.28,10.5,92.42,39.42,3478749.05,25.52,38.95,0.13,24.19,98.41,28.86,30.69,0,0,0,1,1,0,0,Esc3
461,7.49,16.42,15.67,2.06,5.12,0.28,12.21,93.3,43.86,3723737.1,23.84,38.54,0.14,27.03,98.29,23.74,26.84,0,0,0,1,1,0,0,Esc3
462,7.47,16.44,15.54,2.07,5.09,0.28,12.02,92.7,42.6,3675835.54,24.15,38.39,0.13,26.73,98.31,25.82,28.48,0,0,0,1,1,0,0,Esc3
463,7.22,16.23,15.33,2.05,5.03,0.28,11.56,92.51,40.8,3604965.36,24.62,38.39,0.13,26.05,98.34,27.64,29.52,0,0,0,1,1,0,0,Esc3
464,7.17,15.82,15.31,2.01,5.03,0.28,11.7,92.94,41.12,3637417.43,24.4,38.36,0.13,26.39,98.33,25.84,28.05,0,0,0,1,1,0,0,Esc3
465,7.26,16.5,15.37,2.04,5.06,0.28,11.76,92.74,41.58,3643177.69,24.37,38.37,0.13,26.43,98.32,26.11,28.51,0,0,0,1,1,0,0,Esc3
466,7.41,16.25,15.6,2.06,5.11,0.28,12.04,93.34,43.14,3696797.21,24.01,38.54,0.13,26.78,98.3,24.09,27.04,0,0,0,1,1,0,0,Esc3
467,7.25,16.12,15.34,2.03,4.99,0.28,11.37,92.71,41.08,3591812.88,24.71,38.58,0.13,25.73,98.35,26.79,29.69,0,0,0,1,1,0,0,Esc3
468,7.39,16.48,15.62,2.07,5.15,0.28,12.34,93.44,43.48,3736653.69,23.76,38.39,0.13,27.3,98.28,23.65,27.21,0,0,0,1,1,0,0,Esc3
469,7.17,16.48,15.24,2.03,4.96,0.28,11.07,93.0,40.8,3566856.81,24.89,38.74,0.13,25.32,98.36,27.45,30.59,0,0,0,1,1,0,0,Esc3
470,7.16,16.17,15.27,2.02,4.97,0.28,11.04,92.23,40.1,3542052.15,25.06,38.65,0.13,25.15,98.37,27.28,28.99,0,0,0,1,1,0,0,Esc3
471,7.3,16.47,15.52,2.03,4.97,0.28,10.55,92.64,41.39,3506926.79,25.31,39.36,0.14,24.08,98.39,26.05,27.61,0,0,0,1,1,0,0,Esc3
472,7.45,16.5,15.56,2.1,5.12,0.28,11.99,93.27,43.23,3696442.7,24.01,38.57,0.13,26.74,98.3,25.41,28.69,0,0,0,1,1,0,0,Esc3
473,7.41,16.42,15.61,2.08,5.13,0.28,11.95,93.16,43.02,3683469.5,24.1,38.6,0.13,26.59,98.3,25.1,27.95,0,0,0,1,1,0,0,Esc3
474,7.36,16.74,15.51,2.07,5.15,0.28,12.38,93.28,42.84,3729367.89,23.8,38.19,0.13,27.43,98.28,25.63,28.12,0,0,0,1,1,0,0,Esc3
475,7.31,15.96,15.63,2.04,5.12,0.28,12.13,94.16,43.87,3729855.18,23.8,38.64,0.14,26.98,98.28,23.23,26.36,0,0,0,1,1,0,0,Esc3
476,7.21,16.09,15.33,2.03,4.98,0.28,11.09,92.5,40.81,3560589.92,24.93,38.75,0.13,25.23,98.37,27.36,29.24,0,0,0,1,1,0,0,Esc3
477,7.18,16.05,15.3,2.01,4.96,0.28,10.99,92.39,40.26,3539851.53,25.08,38.73,0.13,25.04,98.38,27.36,28.92,0,0,0,1,1,0,0,Esc3
478,7.18,16.69,15.34,2.02,4.95,0.28,10.8,92.18,40.13,3509800.04,25.29,38.85,0.13,24.62,98.39,27.41,30.65,0,0,0,1,1,0,0,Esc3
479,7.3,16.38,15.48,2.03,5.0,0.28,11.23,93.11,42.25,3599159.87,24.66,38.95,0.14,25.42,98.35,25.52,27.66,0,0,0,1,1,0,0,Esc3
480,7.35,16.5,15.51,2.06,5.12,0.28,12.31,93.73,43.13,3733722.86,23.77,38.3,0.13,27.36,98.28,24.98,28.13,0,0,0,1,1,0,0,Esc3
481,6.93,16.28,15.11,1.97,4.88,0.28,10.39,91.97,38.86,3456569.72,25.68,38.86,0.13,24.04,98.42,28.1,30.85,0,0,0,1,1,0,0,Esc3
482,7.18,16.04,15.28,2.02,4.99,0.28,11.29,92.07,40.52,3565830.38,24.89,38.47,0.13,25.58,98.36,26.25,29.66,0,0,0,1,1,0,0,Esc3
483,6.95,15.87,15.28,1.97,4.85,0.28,9.39,92.68,39.84,3383526.52,26.24,39.98,0.14,22.12,98.45,26.88,28.08,0,1,0,1,1,0,0,Esc3
484,7.32,16.26,15.61,2.06,5.04,0.28,10.78,93.7,43.07,3572118.36,24.85,39.54,0.14,24.57,98.36,24.32,27.19,0,0,0,1,1,0,0,Esc3
485,7.55,16.04,15.61,2.09,5.2,0.28,12.98,93.19,43.73,3798353.76,23.37,37.89,0.13,28.35,98.25,24.42,27.78,0,0,0,1,1,0,0,Esc3
486,7.12,16.01,15.38,1.99,4.94,0.28,10.33,92.99,41.0,3495006.79,25.4,39.45,0.14,23.86,98.4,26.33,28.09,0,0,0,1,1,0,0,Esc3
487,7.3,15.93,15.35,2.04,4.98,0.27,11.21,91.46,40.38,3543916.32,25.05,38.51,0.13,25.31,98.37,27.44,28.75,0,0,0,1,1,0,0,Esc3
488,7.09,16.3,15.26,2.01,4.89,0.28,10.32,92.41,39.84,3467119.04,25.6,39.18,0.13,23.84,98.41,27.58,29.04,0,0,0,1,1,0,0,Esc3
489,7.49,16.34,15.54,2.07,5.13,0.28,12.54,93.07,43.12,3745496.83,23.7,38.09,0.13,27.67,98.27,25.01,28.57,0,0,0,1,1,0,0,Esc3
490,7.27,16.11,15.52,2.04,5.04,0.28,11.24,93.64,42.65,3616562.77,24.54,39.08,0.14,25.47,98.34,25.01,27.6,0,0,0,1,1,0,0,Esc3
491,7.06,15.86,15.25,2.01,4.97,0.28,10.9,93.33,40.66,3557850.52,24.95,38.92,0.13,25.04,98.37,27.34,29.42,0,0,0,1,1,0,0,Esc3
492,7.43,16.12,15.59,2.06,5.11,0.28,11.95,93.18,43.19,3688492.01,24.07,38.6,0.13,26.64,98.3,24.44,27.09,0,0,0,1,1,0,0,Esc3
493,7.31,16.28,15.32,2.05,5.07,0.28,12.05,92.28,41.17,3659550.74,24.26,38.03,0.13,26.93,98.32,27.35,30.25,0,0,0,1,1,0,0,Esc3
494,7.39,16.55,15.57,2.06,5.06,0.28,11.51,93.43,42.96,3643446.94,24.36,38.91,0.14,25.9,98.32,25.16,27.57,0,0,0,1,1,0,0,Esc3
495,7.41,16.06,15.5,2.08,5.16,0.28,12.88,93.02,43.01,3778062.5,23.5,37.79,0.13,28.27,98.26,24.63,28.03,0,0,0,1,1,0,0,Esc3
496,7.26,16.16,15.52,2.04,5.07,0.28,11.46,93.82,42.73,3645468.8,24.35,38.95,0.14,25.88,98.32,25.01,28.02,0,0,0,1,1,0,0,Esc3
497,7.07,16.02,15.15,2.01,4.94,0.28,10.76,92.5,39.65,3517522.53,25.24,38.77,0.13,24.78,98.39,29.32,30.24,0,0,0,1,1,0,0,Esc3
498,7.19,15.97,15.39,2.02,5.04,0.28,11.44,93.03,41.51,3613963.45,24.56,38.66,0.13,25.86,98.34,25.64,28.88,0,0,0,1,1,0,0,Esc3
499,7.16,15.84,15.35,2.01,4.96,0.28,10.84,92.62,40.77,3536241.73,25.1,38.97,0.13,24.77,98.38,26.69,29.12,0,0,0,1,1,0,0,Esc3
500,7.41,16.56,15.63,2.06,5.09,0.28,11.93,93.48,43.4,3691150.95,24.05,38.69,0.14,26.58,98.3,24.87,27.52,0,0,0,1,1,0,0,Esc3
501,7.11,15.89,15.15,2.0,4.94,0.28,11.05,91.79,39.7,3534693.92,25.11,38.48,0.13,25.25,98.38,27.82,29.67,0,0,0,1,1,0,0,Esc3
502,7.23,16.6,15.44,2.02,5.0,0.28,11.19,92.43,40.81,3561324.85,24.93,38.73,0.13,25.27,98.36,26.47,28.71,0,0,0,1,1,0,0,Esc3
503,7.28,16.59,15.41,2.04,5.03,0.28,11.85,92.85,41.13,3637109.73,24.41,38.27,0.13,26.48,98.33,27.28,29.44,0,0,0,1,1,0,0,Esc3
504,7.19,16.26,15.32,2.02,4.94,0.28,10.69,93.02,40.7,3526574.22,25.17,39.1,0.13,24.54,98.38,27.35,28.85,0,0,0,1,1,0,0,Esc3
505,7.26,16.27,15.44,2.03,4.98,0.28,11.0,92.99,41.24,3555857.38,24.96,38.97,0.13,24.97,98.37,26.49,28.78,0,0,0,1,1,0,0,Esc3
506,7.44,16.48,15.6,2.07,5.04,0.28,11.05,92.63,42.8,3578310.87,24.81,39.18,0.14,24.98,98.36,24.91,27.42,0,0,0,1,1,0,0,Esc3
507,7.26,16.15,15.44,2.04,4.94,0.28,10.26,92.09,41.02,3466229.29,25.61,39.42,0.14,23.58,98.41,26.18,28.95,0,0,0,1,1,0,0,Esc3
508,7.21,15.89,15.35,2.03,5.02,0.28,11.6,92.81,41.13,3620481.72,24.52,38.44,0.13,26.14,98.34,26.27,28.83,0,0,0,1,1,0,0,Esc3
509,7.34,16.34,15.54,2.06,5.12,0.28,11.55,93.88,43.45,3665902.16,24.21,38.96,0.14,26.06,98.31,24.28,27.09,0,0,0,1,1,0,0,Esc3
510,7.62,16.32,15.8,2.1,5.26,0.28,13.06,93.95,45.53,3845724.37,23.08,38.23,0.14,28.43,98.22,21.76,25.67,0,0,0,1,1,0,0,Esc3
511,7.0,15.9,15.28,1.99,4.91,0.28,10.27,93.08,40.43,3483175.23,25.48,39.37,0.13,23.81,98.4,26.79,29.41,0,0,0,1,1,0,0,Esc3
512,7.05,16.06,15.32,2.0,4.96,0.28,10.39,93.04,40.74,3498871.16,25.37,39.35,0.13,24.01,98.39,26.03,28.38,0,0,0,1,1,0,0,Esc3
513,7.22,16.4,15.29,2.02,4.96,0.28,10.86,92.09,40.17,3520373.89,25.22,38.78,0.13,24.8,98.38,27.77,29.46,0,0,0,1,1,0,0,Esc3
514,7.31,17.01,15.43,2.06,5.05,0.28,11.44,92.79,41.69,3609971.49,24.59,38.68,0.13,25.8,98.34,26.6,29.23,0,0,0,1,1,0,0,Esc3
515,7.29,16.25,15.49,2.05,5.09,0.28,11.77,93.94,42.58,3675896.09,24.15,38.68,0.13,26.44,98.31,24.82,28.06,0,0,0,1,1,0,0,Esc3
516,7.34,16.51,15.52,2.06,5.06,0.28,11.47,93.36,42.4,3629151.24,24.46,38.84,0.13,25.83,98.33,25.54,28.12,0,0,0,1,1,0,0,Esc3
517,7.33,16.21,15.53,2.06,5.12,0.28,11.79,94.02,42.92,3683558.02,24.1,38.72,0.13,26.47,98.3,24.73,28.63,0,0,0,1,1,0,0,Esc3
518,7.35,16.28,15.42,2.06,5.09,0.28,12.29,93.0,41.74,3699507.84,23.99,38.05,0.13,27.29,98.3,27.01,29.01,0,0,0,1,1,0,0,Esc3
519,7.36,16.47,15.43,2.04,5.01,0.28,11.41,92.72,41.89,3606478.27,24.61,38.7,0.13,25.75,98.34,25.94,28.8,0,0,0,1,1,0,0,Esc3
520,7.06,15.81,15.44,1.99,4.95,0.28,10.52,93.14,41.09,3510915.15,25.28,39.34,0.13,24.14,98.39,25.54,28.14,0,0,0,1,1,0,0,Esc3
521,7.26,16.02,15.35,2.06,5.1,0.28,11.98,93.21,42.73,3696108.15,24.02,38.36,0.13,26.95,98.3,25.37,29.26,0,0,0,1,1,0,0,Esc3
522,7.08,16.02,15.29,2.01,4.95,0.28,10.75,93.43,40.96,3545890.8,25.03,39.09,0.13,24.75,98.37,26.57,28.69,0,0,0,1,1,0,0,Esc3
523,6.9,15.77,15.06,1.97,4.82,0.28,9.77,91.87,38.8,3397148.01,26.13,39.3,0.13,22.96,98.45,28.27,30.28,0,1,0,1,1,0,0,Esc3
524,7.25,15.7,15.53,2.03,5.02,0.28,10.91,93.31,42.6,3577886.35,24.81,39.3,0.14,24.86,98.36,23.6,26.76,0,0,0,1,1,0,0,Esc3
525,7.02,16.08,15.15,1.97,4.84,0.28,9.84,92.32,39.22,3413031.56,26.01,39.4,0.13,23.03,98.44,29.2,30.15,0,1,0,1,1,0,0,Esc3
526,7.25,16.61,15.39,2.05,5.03,0.28,11.47,92.71,41.44,3606571.16,24.61,38.58,0.13,25.87,98.34,26.77,29.52,0,0,0,1,1,0,0,Esc3
527,7.32,16.58,15.41,2.03,4.97,0.27,11.15,92.42,40.36,3549713.05,25.01,38.69,0.13,25.19,98.37,27.78,29.19,0,0,0,1,1,0,0,Esc3
528,7.07,15.6,15.3,2.0,4.91,0.28,10.38,92.96,40.68,3494271.42,25.4,39.31,0.13,24.0,98.4,26.5,29.34,0,0,0,1,1,0,0,Esc3
529,7.36,16.49,15.36,2.07,5.08,0.28,12.03,92.26,41.1,3655594.79,24.28,38.09,0.13,26.84,98.32,27.36,28.87,0,0,0,1,1,0,0,Esc3
530,7.17,16.15,15.28,2.01,4.95,0.28,10.96,91.81,39.88,3523528.53,25.19,38.66,0.13,24.95,98.38,27.11,28.48,0,0,0,1,1,0,0,Esc3
531,7.38,16.18,15.45,2.06,5.03,0.28,11.13,92.85,42.04,3586431.53,24.75,38.99,0.14,25.26,98.35,26.55,28.48,0,0,0,1,1,0,0,Esc3
532,7.1,16.39,15.22,2.01,4.94,0.28,11.15,92.08,39.55,3540234.92,25.07,38.44,0.13,25.34,98.38,28.54,30.43,0,0,0,1,1,0,0,Esc3
533,7.12,16.16,15.24,2.01,4.98,0.28,11.27,92.02,40.1,3560057.29,24.93,38.41,0.13,25.58,98.37,26.64,29.88,0,0,0,1,1,0,0,Esc3
534,7.49,16.32,15.52,2.07,5.15,0.28,12.62,92.85,43.17,3753520.76,23.65,38.03,0.13,27.81,98.27,25.04,28.93,0,0,0,1,1,0,0,Esc3
535,7.09,16.02,15.36,1.98,4.96,0.28,10.59,92.58,40.88,3511371.92,25.28,39.18,0.13,24.31,98.39,25.64,27.93,0,0,0,1,1,0,0,Esc3
536,7.15,15.63,15.36,2.0,4.94,0.28,10.53,93.0,41.28,3519756.67,25.22,39.32,0.14,24.25,98.39,26.32,28.52,0,0,0,1,1,0,0,Esc3
537,7.25,15.9,15.36,2.03,5.05,0.28,11.96,93.18,41.56,3670181.98,24.19,38.25,0.13,26.81,98.31,26.29,28.75,0,0,0,1,1,0,0,Esc3
538,7.24,15.94,15.48,2.06,5.06,0.28,11.29,93.67,42.8,3625833.97,24.48,39.03,0.14,25.61,98.33,24.42,27.68,0,0,0,1,1,0,0,Esc3
539,7.2,16.08,15.37,2.02,4.95,0.28,10.65,93.2,41.19,3530784.4,25.14,39.21,0.13,24.47,98.38,26.02,28.47,0,0,0,1,1,0,0,Esc3
540,7.49,16.37,15.62,2.08,5.1,0.28,11.57,93.4,43.42,3655843.61,24.28,38.96,0.14,25.97,98.32,25.07,27.27,0,0,0,1,1,0,0,Esc3
541,7.19,16.42,15.42,2.03,5.04,0.28,11.31,93.91,42.08,3621787.87,24.51,38.92,0.13,25.68,98.34,25.78,28.12,0,0,0,1,1,0,0,Esc3
542,7.14,16.41,15.3,2.03,4.98,0.28,11.19,92.56,40.65,3568579.3,24.87,38.64,0.13,25.43,98.36,26.84,29.07,0,0,0,1,1,0,0,Esc3
543,7.31,16.19,15.45,2.04,5.05,0.28,11.35,93.19,42.78,3625918.42,24.48,38.91,0.14,25.73,98.33,24.42,27.84,0,0,0,1,1,0,0,Esc3
544,7.24,15.88,15.45,2.05,5.07,0.28,11.65,93.49,42.22,3652179.08,24.31,38.65,0.13,26.24,98.32,25.66,28.52,0,0,0,1,1,0,0,Esc3
545,7.08,15.72,15.24,2.01,4.94,0.28,10.59,92.89,40.75,3516789.46,25.24,39.1,0.13,24.44,98.39,26.84,28.78,0,0,0,1,1,0,0,Esc3
546,7.13,16.17,15.26,2.01,4.92,0.28,10.62,92.1,39.4,3482826.13,25.49,38.85,0.13,24.33,98.4,28.59,29.63,0,0,0,1,1,0,0,Esc3
547,7.12,16.03,15.29,2.03,4.9,0.28,9.89,92.01,39.87,3418540.34,25.97,39.5,0.13,22.99,98.43,28.42,29.5,0,1,0,1,1,0,0,Esc3
548,7.23,16.43,15.37,2.03,5.02,0.28,11.71,92.84,41.04,3627167.92,24.47,38.35,0.13,26.3,98.33,27.3,29.13,0,0,0,1,1,0,0,Esc3
549,7.14,16.07,15.31,2.01,4.97,0.28,10.93,92.2,40.73,3537537.44,25.09,38.82,0.13,24.93,98.38,26.45,29.19,0,0,0,1,1,0,0,Esc3
550,7.24,16.08,15.45,2.03,5.01,0.27,11.48,92.47,40.62,3588547.07,24.74,38.52,0.13,25.75,98.35,26.69,27.8,0,0,0,1,1,0,0,Esc3
551,7.35,15.95,15.51,2.04,5.08,0.28,12.02,93.45,42.57,3692269.47,24.04,38.46,0.13,26.81,98.3,25.12,27.28,0,0,0,1,1,0,0,Esc3
552,7.26,16.18,15.37,2.04,5.09,0.28,12.04,93.19,41.85,3683943.08,24.1,38.24,0.13,26.95,98.3,26.21,29.24,0,0,0,1,1,0,0,Esc3
553,7.08,16.38,15.21,2.0,4.95,0.28,10.86,92.02,39.76,3516827.0,25.24,38.68,0.13,24.87,98.39,27.93,29.77,0,0,0,1,1,0,0,Esc3
554,7.23,16.39,15.45,2.03,5.01,0.28,10.69,92.92,41.98,3541937.06,25.06,39.32,0.14,24.48,98.37,25.29,28.69,0,0,0,1,1,0,0,Esc3
555,6.88,16.12,15.15,1.96,4.81,0.28,9.67,92.61,38.74,3394839.04,26.15,39.52,0.13,22.71,98.45,28.29,29.69,0,1,0,1,1,0,0,Esc3
556,7.38,16.07,15.42,2.07,5.14,0.28,12.46,93.13,42.79,3740961.88,23.73,38.06,0.13,27.67,98.28,25.02,29.19,0,0,0,1,1,0,0,Esc3
557,7.26,16.27,15.32,2.04,4.97,0.28,11.15,92.24,40.17,3548889.07,25.01,38.6,0.13,25.28,98.37,28.56,30.0,0,0,0,1,1,0,0,Esc3
558,7.2,16.21,15.22,2.03,5.01,0.28,11.7,92.06,40.44,3611011.78,24.58,38.11,0.13,26.38,98.34,27.59,30.77,0,0,0,1,1,0,0,Esc3
559,7.03,16.05,15.19,1.99,4.89,0.28,10.39,92.63,39.54,3479174.36,25.51,39.09,0.13,24.06,98.41,28.05,28.54,0,0,0,1,1,0,0,Esc3
560,7.38,16.59,15.55,2.06,5.06,0.28,11.29,92.91,42.3,3604517.62,24.63,38.96,0.14,25.47,98.34,25.33,27.66,0,0,0,1,1,0,0,Esc3
561,7.17,16.25,15.36,2.0,4.93,0.28,10.54,93.21,41.08,3517721.53,25.23,39.29,0.13,24.26,98.39,26.58,28.34,0,0,0,1,1,0,0,Esc3
562,7.11,16.22,15.25,2.03,5.02,0.28,11.52,92.85,40.24,3601846.35,24.64,38.33,0.13,26.07,98.35,27.52,29.82,0,0,0,1,1,0,0,Esc3
563,7.34,16.4,15.45,2.05,5.05,0.28,11.65,93.05,41.94,3637925.57,24.4,38.57,0.13,26.18,98.33,25.89,28.67,0,0,0,1,1,0,0,Esc3
564,7.24,16.4,15.26,2.03,5.03,0.28,11.72,92.9,40.95,3634551.89,24.42,38.27,0.13,26.45,98.33,27.17,29.91,0,0,0,1,1,0,0,Esc3
565,7.14,16.31,15.3,2.01,5.02,0.28,11.34,93.53,41.55,3616811.64,24.54,38.71,0.13,25.84,98.34,26.14,29.1,0,0,0,1,1,0,0,Esc3
566,7.37,16.39,15.4,2.06,5.08,0.28,12.17,92.25,41.81,3678724.78,24.13,38.07,0.13,27.07,98.31,26.28,28.78,0,0,0,1,1,0,0,Esc3
567,7.01,15.68,15.2,2.0,4.95,0.28,10.85,93.19,40.51,3548505.53,25.02,38.88,0.13,24.98,98.37,26.72,28.8,0,0,0,1,1,0,0,Esc3
568,6.89,15.6,15.24,1.96,4.89,0.28,10.17,93.2,40.13,3472827.1,25.56,39.41,0.13,23.67,98.41,26.3,28.88,0,0,0,1,1,0,0,Esc3
569,7.23,16.03,15.51,2.03,5.0,0.28,10.8,93.75,42.56,3571383.46,24.86,39.4,0.14,24.7,98.36,24.64,28.21,0,0,0,1,1,0,0,Esc3
570,7.21,15.97,15.38,2.01,4.93,0.28,10.71,92.41,40.59,3512286.94,25.27,39.02,0.13,24.47,98.39,27.12,28.96,0,0,0,1,1,0,0,Esc3
571,7.02,16.13,15.22,1.99,4.95,0.28,10.79,92.82,40.18,3531205.05,25.14,38.88,0.13,24.81,98.38,26.8,28.79,0,0,0,1,1,0,0,Esc3
572,7.23,15.78,15.32,2.03,4.99,0.28,11.1,92.58,41.33,3573252.25,24.84,38.8,0.13,25.31,98.36,26.88,29.33,0,0,0,1,1,0,0,Esc3
573,7.27,16.03,15.33,2.03,5.03,0.28,11.61,92.94,41.68,3632395.48,24.44,38.48,0.13,26.22,98.33,25.77,29.39,0,0,0,1,1,0,0,Esc3
574,7.04,16.11,15.19,2.02,4.95,0.28,11.18,92.57,39.58,3552923.42,24.98,38.45,0.13,25.46,98.37,28.05,30.45,0,0,0,1,1,0,0,Esc3
575,7.35,16.18,15.63,2.07,5.05,0.28,11.0,92.62,42.46,3568166.91,24.88,39.22,0.14,24.84,98.36,24.89,26.82,0,0,0,1,1,0,0,Esc3
576,7.14,16.02,15.22,2.04,4.95,0.28,10.97,92.06,40.23,3535205.21,25.11,38.65,0.13,25.08,98.38,27.97,29.39,0,0,0,1,1,0,0,Esc3
577,6.93,15.71,15.05,1.98,4.9,0.28,10.74,92.61,39.06,3510931.2,25.28,38.66,0.13,24.82,98.39,29.07,30.28,0,0,0,1,1,0,0,Esc3
578,7.12,15.88,15.19,2.02,4.97,0.28,11.23,92.01,40.14,3561325.36,24.93,38.43,0.13,25.57,98.37,27.83,29.76,0,0,0,1,1,0,0,Esc3
579,7.15,15.71,15.24,2.03,5.02,0.28,11.46,92.57,40.45,3597728.84,24.67,38.39,0.13,25.97,98.35,27.48,29.07,0,0,0,1,1,0,0,Esc3
580,7.27,16.27,15.36,2.06,5.07,0.28,11.78,92.93,41.76,3654807.03,24.29,38.4,0.13,26.51,98.32,26.57,28.27,0,0,0,1,1,0,0,Esc3
581,7.27,16.45,15.46,2.04,4.96,0.28,10.3,92.16,41.19,3475806.81,25.54,39.46,0.14,23.65,98.4,27.13,28.39,0,0,0,1,1,0,0,Esc3
582,7.4,16.49,15.53,2.06,5.11,0.28,12.24,92.58,42.29,3692914.81,24.04,38.19,0.13,27.09,98.3,25.66,28.28,0,0,0,1,1,0,0,Esc3
583,7.07,16.21,15.27,1.97,4.9,0.28,10.24,91.96,39.37,3445592.24,25.76,39.15,0.13,23.64,98.42,27.55,29.15,0,0,0,1,1,0,0,Esc3
584,6.96,15.75,15.09,1.97,4.85,0.28,10.46,92.42,38.94,3472206.67,25.57,38.84,0.13,24.24,98.41,29.32,30.9,0,0,0,1,1,0,0,Esc3
585,7.2,15.93,15.52,2.03,4.96,0.28,10.09,93.25,41.97,3484013.86,25.48,39.86,0.14,23.34,98.4,25.08,27.24,0,0,0,1,1,0,0,Esc3
586,7.18,16.06,15.3,2.01,5.01,0.28,11.58,92.83,40.96,3618226.49,24.53,38.4,0.13,26.16,98.34,26.89,29.14,0,0,0,1,1,0,0,Esc3
587,7.23,16.43,15.36,2.01,5.0,0.28,11.19,92.19,40.61,3559105.29,24.94,38.64,0.13,25.33,98.37,26.58,28.58,0,0,0,1,1,0,0,Esc3
588,6.92,16.02,15.04,1.97,4.73,0.28,8.83,91.45,37.57,3281853.81,27.05,39.86,0.13,21.07,98.5,30.6,29.89,0,1,0,1,1,0,0,Esc3
589,7.25,16.26,15.42,2.03,5.05,0.28,11.88,93.2,41.82,3663134.94,24.23,38.38,0.13,26.62,98.32,26.09,28.48,0,0,0,1,1,0,0,Esc3
590,7.32,16.24,15.46,2.06,5.09,0.28,12.07,93.61,42.68,3702741.31,23.97,38.39,0.13,26.98,98.3,25.87,28.02,0,0,0,1,1,0,0,Esc3
591,7.18,16.42,15.25,2.04,5.06,0.28,11.85,92.69,40.93,3647552.72,24.34,38.16,0.13,26.69,98.32,27.48,30.1,0,0,0,1,1,0,0,Esc3
592,7.19,16.18,15.33,2.04,5.01,0.28,10.99,92.17,40.47,3539070.81,25.08,38.76,0.13,25.01,98.37,27.01,28.89,0,0,0,1,1,0,0,Esc3
593,7.19,16.17,15.34,2.02,4.96,0.28,10.79,93.01,40.77,3535023.94,25.11,39.03,0.13,24.7,98.38,26.88,29.5,0,0,0,1,1,0,0,Esc3
594,7.28,15.99,15.5,2.05,5.04,0.28,11.19,92.74,42.16,3590159.58,24.73,38.97,0.14,25.32,98.35,25.05,28.12,0,0,0,1,1,0,0,Esc3
595,7.05,16.18,15.22,2.03,4.95,0.28,10.63,92.61,40.16,3509777.49,25.29,38.98,0.13,24.49,98.39,27.52,29.8,0,0,0,1,1,0,0,Esc3
596,7.1,16.14,15.34,1.99,4.91,0.28,10.35,93.29,41.06,3501926.62,25.35,39.44,0.14,23.94,98.39,25.71,28.73,0,0,0,1,1,0,0,Esc3
597,7.27,16.14,15.43,2.05,5.09,0.28,11.93,93.29,41.83,3669866.44,24.19,38.37,0.13,26.69,98.31,26.11,29.03,0,0,0,1,1,0,0,Esc3
598,7.3,16.56,15.43,2.04,5.03,0.28,11.71,92.81,42.25,3644123.0,24.36,38.51,0.13,26.3,98.33,25.5,28.62,0,0,0,1,1,0,0,Esc3
599,7.15,16.21,15.3,2.0,4.94,0.28,10.3,92.75,40.9,3488575.82,25.45,39.38,0.14,23.86,98.4,26.16,29.31,0,0,0,1,1,0,0,Esc3
600,7.14,16.3,15.11,2.02,4.92,0.27,11.13,91.44,38.32,3509566.28,25.29,38.16,0.13,25.3,98.39,30.47,30.91,0,0,0,1,1,0,0,Esc3
601,7.17,16.0,15.42,2.01,4.98,0.28,10.84,93.16,41.6,3554061.87,24.98,39.15,0.13,24.77,98.37,25.31,28.29,0,0,0,1,1,0,0,Esc3
602,7.22,16.16,15.46,2.02,5.01,0.28,11.14,93.36,41.81,3589239.61,24.73,38.99,0.13,25.28,98.35,25.71,28.34,0,0,0,1,1,0,0,Esc3
603,7.25,15.99,15.44,2.03,5.06,0.28,12.08,92.89,41.96,3681200.88,24.11,38.24,0.13,26.93,98.31,25.36,27.67,0,0,0,1,1,0,0,Esc3
604,7.32,16.22,15.52,2.06,5.01,0.28,11.08,92.87,41.76,3571184.32,24.86,39.02,0.13,25.08,98.36,25.82,28.08,0,0,0,1,1,0,0,Esc3
605,7.33,16.35,15.56,2.04,5.08,0.28,11.8,93.01,42.21,3652456.02,24.3,38.57,0.13,26.32,98.32,24.75,26.69,0,0,0,1,1,0,0,Esc3
606,7.29,16.09,15.44,2.02,4.96,0.28,10.32,92.64,41.78,3498477.66,25.37,39.55,0.14,23.8,98.39,25.46,27.87,0,0,0,1,1,0,0,Esc3
607,7.22,16.43,15.39,2.03,4.98,0.28,10.89,92.64,40.91,3537667.06,25.09,38.95,0.13,24.8,98.38,27.36,29.37,0,0,0,1,1,0,0,Esc3
608,7.17,16.19,15.3,2.02,4.97,0.28,11.03,93.04,40.98,3564965.29,24.9,38.83,0.13,25.2,98.36,27.32,28.8,0,0,0,1,1,0,0,Esc3
609,7.08,16.11,15.2,2.0,4.99,0.28,11.71,92.91,40.41,3629729.5,24.46,38.19,0.13,26.49,98.33,27.3,29.24,0,0,0,1,1,0,0,Esc3
610,7.16,16.42,15.3,2.03,4.99,0.28,11.07,93.19,41.21,3580356.94,24.79,38.88,0.13,25.3,98.36,26.47,28.71,0,0,0,1,1,0,0,Esc3
611,7.05,16.24,15.31,2.0,4.97,0.28,11.13,93.65,40.82,3583750.18,24.77,38.82,0.13,25.41,98.36,26.78,28.96,0,0,0,1,1,0,0,Esc3
612,7.3,16.11,15.48,2.04,5.05,0.28,11.43,93.49,42.38,3630159.57,24.45,38.85,0.13,25.83,98.33,24.95,27.59,0,0,0,1,1,0,0,Esc3
613,7.44,16.07,15.68,2.06,5.09,0.28,11.51,93.87,43.79,3657990.76,24.27,39.11,0.14,25.83,98.32,23.67,26.58,0,0,0,1,1,0,0,Esc3
614,7.02,15.74,15.06,1.98,4.9,0.28,10.81,91.5,38.26,3483634.74,25.48,38.39,0.13,24.8,98.4,29.45,31.22,0,0,0,1,1,0,0,Esc3
615,7.17,15.87,15.36,2.01,5.02,0.28,11.83,92.88,40.98,3641589.58,24.38,38.26,0.13,26.53,98.33,26.87,28.48,0,0,0,1,1,0,0,Esc3
616,7.18,16.48,15.31,2.02,4.98,0.28,11.42,92.45,40.84,3592837.26,24.71,38.47,0.13,25.84,98.35,27.21,29.18,0,0,0,1,1,0,0,Esc3
617,7.03,15.7,15.2,1.99,4.87,0.28,9.82,92.42,39.66,3419408.7,25.96,39.52,0.13,22.99,98.43,27.94,30.07,0,1,0,1,1,0,0,Esc3
618,7.41,16.73,15.48,2.07,5.13,0.28,12.53,93.43,42.74,3749099.39,23.68,38.07,0.13,27.73,98.27,25.38,28.65,0,0,0,1,1,0,0,Esc3
619,7.31,16.09,15.41,2.06,5.13,0.28,12.61,93.11,41.94,3740211.37,23.73,37.85,0.13,27.87,98.28,26.71,28.99,0,0,0,1,1,0,0,Esc3
620,7.03,16.14,15.2,2.0,4.96,0.28,10.94,92.97,40.12,3545377.92,25.04,38.75,0.13,25.09,98.37,27.67,30.38,0,0,0,1,1,0,0,Esc3
621,7.19,16.27,15.41,2.03,5.04,0.28,11.32,93.63,42.45,3622754.34,24.5,38.89,0.13,25.71,98.33,24.1,28.81,0,0,0,1,1,0,0,Esc3
622,7.33,16.74,15.52,2.04,5.09,0.28,12.04,93.53,42.76,3696883.99,24.01,38.46,0.13,26.86,98.3,24.88,28.7,0,0,0,1,1,0,0,Esc3
623,7.22,16.04,15.22,2.03,4.99,0.28,11.77,91.93,39.95,3607358.76,24.61,38.01,0.13,26.45,98.34,28.75,30.01,0,0,0,1,1,0,0,Esc3
624,7.14,16.02,15.23,2.04,4.98,0.28,11.05,92.54,40.39,3552876.15,24.98,38.66,0.13,25.25,98.37,28.04,29.91,0,0,0,1,1,0,0,Esc3
625,7.28,16.23,15.42,2.05,5.1,0.28,12.12,93.38,42.26,3700618.03,23.99,38.28,0.13,27.08,98.3,25.76,28.48,0,0,0,1,1,0,0,Esc3
626,7.12,16.19,15.2,2.01,4.88,0.28,10.36,92.15,39.75,3467417.21,25.6,39.06,0.13,23.97,98.41,27.92,29.91,0,0,0,1,1,0,0,Esc3
627,7.42,16.49,15.4,2.07,5.13,0.28,12.73,91.9,41.41,3722116.68,23.85,37.58,0.13,27.97,98.29,27.36,29.93,0,0,0,1,1,0,0,Esc3
628,7.22,16.54,15.49,2.02,5.02,0.28,11.04,94.11,42.64,3604018.52,24.63,39.24,0.14,25.18,98.34,24.97,27.71,0,0,0,1,1,0,0,Esc3
629,7.03,15.77,15.26,2.0,4.95,0.28,11.01,93.28,40.6,3563998.86,24.91,38.81,0.13,25.21,98.36,26.21,28.73,0,0,0,1,1,0,0,Esc3
630,7.09,16.05,15.24,2.03,4.95,0.28,10.97,92.47,39.93,3533718.7,25.12,38.67,0.13,25.04,98.38,27.9,29.41,0,0,0,1,1,0,0,Esc3
631,7.15,16.1,15.46,2.01,4.97,0.28,10.42,93.31,41.63,3514418.27,25.26,39.53,0.14,23.99,98.39,25.41,28.01,0,0,0,1,1,0,0,Esc3
632,7.2,16.04,15.29,2.01,4.94,0.28,10.73,92.44,40.4,3517412.54,25.24,38.94,0.13,24.61,98.39,27.42,29.46,0,0,0,1,1,0,0,Esc3
633,7.29,16.21,15.47,2.06,5.04,0.28,11.55,93.02,42.26,3629933.04,24.45,38.69,0.13,25.99,98.33,25.45,28.41,0,0,0,1,1,0,0,Esc3
634,7.28,15.96,15.36,2.05,5.07,0.28,11.62,92.07,41.67,3622033.2,24.51,38.43,0.13,26.17,98.33,26.2,28.45,0,0,0,1,1,0,0,Esc3
635,7.09,15.86,15.35,1.99,4.94,0.28,10.58,93.0,40.71,3511949.4,25.28,39.19,0.13,24.3,98.39,26.22,28.51,0,0,0,1,1,0,0,Esc3
636,7.06,15.93,15.12,1.99,4.87,0.28,10.55,91.94,38.79,3471775.54,25.57,38.74,0.13,24.32,98.41,29.08,30.53,0,0,0,1,1,0,0,Esc3
637,7.17,16.26,15.33,2.01,5.01,0.28,11.42,92.82,41.41,3610103.73,24.59,38.6,0.13,25.89,98.34,25.71,29.48,0,0,0,1,1,0,0,Esc3
638,7.18,16.38,15.39,2.01,5.01,0.28,10.98,92.88,41.74,3568609.36,24.87,39.02,0.13,25.05,98.36,24.66,28.68,0,0,0,1,1,0,0,Esc3
639,7.17,16.24,15.47,2.02,5.03,0.28,11.23,93.84,42.1,3610040.76,24.59,39.01,0.13,25.47,98.34,25.14,27.39,0,0,0,1,1,0,0,Esc3
640,7.33,15.99,15.49,2.05,5.05,0.28,11.41,93.34,42.67,3630370.42,24.45,38.9,0.14,25.78,98.33,24.89,28.54,0,0,0,1,1,0,0,Esc3
641,7.06,15.89,15.14,1.98,4.92,0.28,10.76,92.24,39.49,3508444.78,25.3,38.7,0.13,24.75,98.39,28.2,30.25,0,0,0,1,1,0,0,Esc3
642,7.44,16.23,15.62,2.07,5.16,0.28,12.72,93.7,43.6,3779730.02,23.49,38.14,0.13,27.94,98.26,23.94,27.37,0,0,0,1,1,0,0,Esc3
643,7.21,16.27,15.25,2.04,4.97,0.28,11.01,92.52,40.74,3552470.91,24.99,38.74,0.13,25.17,98.37,27.66,29.86,0,0,0,1,1,0,0,Esc3
644,7.1,16.14,15.23,2.03,4.94,0.28,10.37,92.21,39.87,3473015.87,25.56,39.11,0.13,23.97,98.41,28.0,30.14,0,0,0,1,1,0,0,Esc3
645,7.34,16.16,15.53,2.07,5.09,0.28,11.86,93.33,42.74,3671650.52,24.18,38.56,0.13,26.51,98.31,25.05,28.09,0,0,0,1,1,0,0,Esc3
646,7.36,16.25,15.61,2.05,5.07,0.28,11.48,93.47,43.02,3639199.8,24.39,38.96,0.14,25.8,98.33,23.93,26.56,0,0,0,1,1,0,0,Esc3
647,7.4,15.83,15.53,2.08,5.21,0.28,12.86,94.08,44.44,3821739.73,23.23,38.07,0.13,28.38,98.24,23.19,27.61,0,0,0,1,1,0,0,Esc3
648,6.96,16.08,15.18,1.97,4.85,0.28,10.0,92.69,39.51,3438344.0,25.82,39.37,0.13,23.34,98.43,28.34,29.73,0,1,0,1,1,0,0,Esc3
649,7.27,16.21,15.46,2.02,4.96,0.27,11.06,92.21,40.79,3542292.83,25.06,38.82,0.13,24.98,98.37,26.34,27.98,0,0,0,1,1,0,0,Esc3
650,7.24,16.27,15.3,2.03,4.97,0.28,11.17,92.33,40.38,3555785.79,24.96,38.59,0.13,25.35,98.37,27.73,29.94,0,0,0,1,1,0,0,Esc3
651,7.22,15.85,15.43,2.01,4.99,0.28,10.93,93.4,41.7,3567244.54,24.88,39.12,0.13,24.94,98.36,26.24,28.2,0,0,0,1,1,0,0,Esc3
652,7.19,16.33,15.4,2.04,5.05,0.28,11.51,93.37,41.56,3628426.95,24.46,38.66,0.13,26.0,98.33,26.8,28.35,0,0,0,1,1,0,0,Esc3
653,7.37,16.38,15.45,2.06,5.1,0.28,12.18,93.05,42.55,3702760.68,23.97,38.23,0.13,27.14,98.3,25.6,28.81,0,0,0,1,1,0,0,Esc3
654,7.39,16.48,15.36,2.04,5.05,0.28,12.24,92.39,41.06,3674520.21,24.16,37.92,0.13,27.19,98.31,27.23,29.11,0,0,0,1,1,0,0,Esc3
655,7.21,16.3,15.38,2.04,5.03,0.28,11.68,93.51,41.37,3643140.67,24.37,38.5,0.13,26.31,98.33,27.11,28.75,0,0,0,1,1,0,0,Esc3
656,6.88,15.7,15.06,1.95,4.75,0.28,8.97,91.9,38.19,3310369.29,26.81,39.88,0.13,21.39,98.49,29.11,29.54,0,1,0,1,1,0,0,Esc3
657,7.17,16.2,15.41,2.01,4.98,0.28,11.06,92.74,40.83,3553433.5,24.98,38.84,0.13,25.07,98.37,26.32,27.97,0,0,0,1,1,0,0,Esc3
658,7.11,16.6,15.16,2.0,4.89,0.27,10.76,90.95,38.35,3467767.29,25.6,38.46,0.13,24.57,98.41,29.79,30.0,0,0,0,1,1,0,0,Esc3
659,7.02,16.01,15.24,1.99,4.88,0.28,9.96,92.95,40.36,3453194.06,25.71,39.59,0.13,23.28,98.42,27.2,29.2,0,1,0,1,1,0,0,Esc3
660,7.16,16.32,15.36,2.02,5.03,0.28,11.43,93.54,41.75,3626714.43,24.48,38.71,0.13,25.93,98.33,25.94,28.54,0,0,0,1,1,0,0,Esc3
661,7.12,16.07,15.21,2.02,4.99,0.28,11.03,92.44,40.23,3549720.78,25.01,38.65,0.13,25.23,98.37,28.33,30.16,0,0,0,1,1,0,0,Esc3
662,7.33,16.22,15.5,2.06,5.06,0.28,11.61,93.0,42.18,3632564.89,24.44,38.65,0.13,26.06,98.33,24.61,28.31,0,0,0,1,1,0,0,Esc3
663,7.45,16.04,15.58,2.06,5.1,0.28,11.93,93.24,43.24,3686746.54,24.08,38.61,0.14,26.61,98.3,24.43,27.49,0,0,0,1,1,0,0,Esc3
664,7.28,16.43,15.32,2.04,5.0,0.28,11.49,92.24,41.06,3598214.5,24.67,38.44,0.13,25.93,98.35,26.91,29.71,0,0,0,1,1,0,0,Esc3
665,7.33,16.84,15.35,2.06,5.02,0.28,11.81,92.62,41.04,3635284.73,24.42,38.24,0.13,26.49,98.33,28.15,29.41,0,0,0,1,1,0,0,Esc3
666,7.36,16.27,15.43,2.05,5.05,0.28,11.74,92.86,41.55,3637065.34,24.41,38.43,0.13,26.31,98.33,26.41,28.83,0,0,0,1,1,0,0,Esc3
667,7.15,16.25,15.17,2.01,5.02,0.28,11.93,91.99,39.73,3623929.8,24.49,37.84,0.13,26.78,98.33,28.24,29.94,0,0,0,1,1,0,0,Esc3
668,7.43,16.52,15.44,2.05,5.06,0.28,12.04,92.57,41.74,3665253.07,24.22,38.21,0.13,26.81,98.31,26.43,28.6,0,0,0,1,1,0,0,Esc3
669,7.03,16.3,15.31,1.99,4.89,0.28,10.39,92.66,39.84,3473545.77,25.56,39.16,0.13,23.92,98.41,27.77,28.79,0,0,0,1,1,0,0,Esc3
670,7.15,16.29,15.33,2.03,5.01,0.28,11.27,94.0,41.83,3616907.06,24.54,38.84,0.13,25.71,98.34,26.23,29.06,0,0,0,1,1,0,0,Esc3
671,7.04,16.43,15.22,1.99,4.91,0.28,10.57,92.64,39.54,3490180.72,25.43,38.94,0.13,24.33,98.4,28.81,29.8,0,0,0,1,1,0,0,Esc3
672,7.14,16.03,15.34,2.01,4.9,0.28,10.17,92.65,40.41,3461633.81,25.64,39.43,0.13,23.53,98.41,27.77,29.01,0,0,0,1,1,0,0,Esc3
673,7.35,16.2,15.49,2.07,5.09,0.28,11.74,93.28,42.47,3657585.19,24.27,38.62,0.13,26.33,98.32,25.93,28.06,0,0,0,1,1,0,0,Esc3
674,7.12,16.0,15.24,1.99,4.91,0.28,10.53,92.0,39.97,3484601.13,25.47,38.97,0.13,24.24,98.4,27.24,29.16,0,0,0,1,1,0,0,Esc3
675,7.38,15.98,15.46,2.07,5.07,0.28,11.6,92.52,41.98,3623680.42,24.5,38.58,0.13,26.04,98.33,26.51,28.21,0,0,0,1,1,0,0,Esc3
676,7.56,16.32,15.69,2.07,5.17,0.28,12.75,92.64,43.26,3754133.62,23.65,38.04,0.13,27.81,98.27,24.56,27.16,0,0,0,1,1,0,0,Esc3
677,7.45,15.94,15.67,2.06,5.11,0.28,11.59,93.56,43.97,3666181.77,24.21,39.05,0.14,25.98,98.31,23.41,26.57,0,0,0,1,1,0,0,Esc3
678,7.19,16.17,15.27,2.02,4.98,0.28,11.19,93.0,40.91,3581189.31,24.79,38.69,0.13,25.51,98.36,27.04,29.62,0,0,0,1,1,0,0,Esc3
679,7.15,16.04,15.36,2.01,4.96,0.28,10.76,93.22,41.14,3543586.89,25.05,39.14,0.13,24.68,98.37,26.29,28.48,0,0,0,1,1,0,0,Esc3
680,7.34,16.52,15.56,2.07,5.09,0.28,12.0,93.62,42.92,3691572.74,24.05,38.53,0.13,26.74,98.3,24.62,28.82,0,0,0,1,1,0,0,Esc3
681,7.36,16.42,15.45,2.03,5.08,0.28,12.22,93.68,42.96,3724274.6,23.83,38.3,0.13,27.27,98.29,24.84,28.48,0,0,0,1,1,0,0,Esc3
682,7.08,15.87,15.31,2.01,4.91,0.28,9.99,92.88,40.76,3455589.25,25.69,39.63,0.14,23.27,98.42,26.8,28.67,0,1,0,1,1,0,0,Esc3
683,7.27,16.27,15.42,2.04,5.03,0.28,11.59,92.94,41.55,3621253.36,24.51,38.54,0.13,26.05,98.34,25.67,28.57,0,0,0,1,1,0,0,Esc3
684,6.91,15.83,14.96,1.99,4.87,0.28,10.45,91.46,37.94,3450310.49,25.73,38.58,0.13,24.26,98.42,30.33,31.73,0,0,0,1,1,0,0,Esc3
685,6.9,15.64,15.05,1.98,4.78,0.28,9.0,91.7,38.03,3309713.46,26.82,39.82,0.13,21.44,98.49,29.6,30.38,0,1,0,1,1,0,0,Esc3
686,7.06,15.68,15.18,2.0,4.89,0.28,10.05,92.09,39.43,3431647.02,25.87,39.25,0.13,23.39,98.43,28.18,30.07,0,0,0,1,1,0,0,Esc3
687,7.16,15.89,15.43,2.01,4.96,0.28,10.59,93.14,41.24,3524384.03,25.19,39.32,0.13,24.3,98.38,26.02,27.96,0,0,0,1,1,0,0,Esc3
688,7.09,16.25,15.24,2.01,4.98,0.28,11.15,91.74,39.79,3538244.41,25.09,38.45,0.13,25.31,98.38,26.85,29.72,0,0,0,1,1,0,0,Esc3
689,7.12,16.38,15.29,2.02,4.9,0.28,10.22,93.08,40.21,3470602.15,25.58,39.37,0.13,23.68,98.41,27.73,29.93,0,0,0,1,1,0,0,Esc3
690,7.3,16.14,15.44,2.04,5.01,0.28,10.95,92.99,42.01,3568941.99,24.87,39.11,0.14,24.97,98.36,25.63,27.52,0,0,0,1,1,0,0,Esc3
691,7.02,16.07,15.15,1.99,4.85,0.28,9.73,92.66,39.45,3411894.75,26.02,39.56,0.13,22.86,98.44,28.2,29.7,0,1,0,1,1,0,0,Esc3
692,7.11,16.0,15.34,1.99,4.92,0.28,10.6,93.28,41.12,3527365.3,25.17,39.24,0.13,24.41,98.38,26.2,27.95,0,0,0,1,1,0,0,Esc3
693,7.27,16.0,15.46,2.04,5.05,0.28,11.43,93.47,42.47,3632402.64,24.44,38.85,0.13,25.85,98.33,25.27,28.04,0,0,0,1,1,0,0,Esc3
694,7.23,16.27,15.49,2.02,5.05,0.28,11.43,93.68,42.47,3635229.22,24.42,38.9,0.13,25.83,98.33,25.29,27.84,0,0,0,1,1,0,0,Esc3
695,7.16,16.53,15.32,2.0,4.96,0.28,10.98,92.19,40.3,3535561.3,25.11,38.75,0.13,24.99,98.38,26.79,28.02,0,0,0,1,1,0,0,Esc3
696,7.05,15.72,15.2,2.0,4.93,0.28,10.62,92.29,40.09,3504257.67,25.33,38.93,0.13,24.48,98.39,27.39,29.44,0,0,0,1,1,0,0,Esc3
697,7.05,16.4,15.22,1.99,4.89,0.28,10.17,92.55,39.54,3450474.98,25.73,39.23,0.13,23.61,98.42,28.05,29.97,0,0,0,1,1,0,0,Esc3
698,7.12,16.25,15.25,2.02,5.02,0.28,11.67,92.23,40.21,3606326.55,24.61,38.16,0.13,26.29,98.34,27.7,30.12,0,0,0,1,1,0,0,Esc3
699,7.07,16.37,15.31,1.99,4.93,0.28,10.56,93.12,40.4,3511065.08,25.28,39.17,0.13,24.31,98.39,26.76,29.15,0,0,0,1,1,0,0,Esc3
700,7.01,15.89,15.13,1.99,4.87,0.28,10.27,91.61,39.21,3442362.06,25.79,38.96,0.13,23.79,98.42,27.81,30.3,0,0,0,1,1,0,0,Esc3
701,7.17,16.03,15.15,2.03,5.0,0.28,11.58,91.66,39.51,3578895.75,24.8,38.02,0.13,26.15,98.36,29.02,31.11,0,0,0,1,1,0,0,Esc3
702,7.33,15.77,15.45,2.05,5.07,0.28,11.67,92.97,42.13,3643469.6,24.36,38.58,0.13,26.23,98.32,25.36,27.88,0,0,0,1,1,0,0,Esc3
703,7.03,16.16,15.18,2.0,4.91,0.28,10.56,93.06,40.29,3515057.84,25.25,39.07,0.13,24.45,98.39,27.68,30.01,0,0,0,1,1,0,0,Esc3
704,6.99,16.32,15.11,1.98,4.86,0.28,10.43,92.35,38.66,3462639.25,25.64,38.84,0.13,24.13,98.41,29.66,30.25,0,0,0,1,1,0,0,Esc3
705,7.44,16.42,15.61,2.08,5.16,0.28,12.28,93.63,43.74,3738607.89,23.74,38.46,0.13,27.24,98.28,24.05,27.35,0,0,0,1,1,0,0,Esc3
706,7.27,16.37,15.46,2.05,5.09,0.28,11.91,93.55,42.53,3682053.64,24.11,38.49,0.13,26.68,98.31,24.77,28.08,0,0,0,1,1,0,0,Esc3
707,7.11,15.96,15.14,2.01,4.84,0.28,10.02,92.21,39.14,3428619.47,25.89,39.24,0.13,23.36,98.43,29.5,30.63,0,0,0,1,1,0,0,Esc3
708,7.31,16.23,15.28,2.07,5.16,0.28,12.76,92.25,41.2,3736270.43,23.76,37.5,0.13,28.18,98.28,27.26,30.49,0,0,0,1,1,0,0,Esc3
709,6.99,16.7,15.17,1.98,4.91,0.28,10.75,91.73,38.91,3488895.95,25.44,38.61,0.13,24.64,98.4,29.02,30.16,0,0,0,1,1,0,0,Esc3
710,7.07,16.08,15.31,2.01,5.0,0.28,11.35,93.43,41.34,3613474.1,24.57,38.7,0.13,25.82,98.34,25.77,28.9,0,0,0,1,1,0,0,Esc3
711,7.13,16.36,15.34,2.03,4.93,0.28,10.06,93.02,40.79,3465344.49,25.62,39.63,0.14,23.37,98.41,27.16,28.7,0,0,0,1,1,0,0,Esc3
712,7.15,16.08,15.26,2.01,4.95,0.28,10.98,92.98,40.88,3560219.61,24.93,38.83,0.13,25.15,98.37,26.75,28.98,0,0,0,1,1,0,0,Esc3
713,7.22,16.24,15.41,2.04,5.01,0.28,11.23,93.1,41.52,3591644.75,24.71,38.82,0.13,25.48,98.35,26.31,28.29,0,0,0,1,1,0,0,Esc3
714,7.4,16.73,15.47,2.08,5.06,0.28,11.82,92.4,41.39,3630303.9,24.45,38.32,0.13,26.36,98.33,26.78,28.32,0,0,0,1,1,0,0,Esc3
715,7.28,16.29,15.47,2.04,5.03,0.28,11.36,93.01,41.43,3596451.07,24.68,38.74,0.13,25.61,98.35,26.49,28.62,0,0,0,1,1,0,0,Esc3
716,7.19,16.35,15.3,2.01,4.9,0.28,10.52,92.36,40.22,3490786.11,25.43,39.08,0.13,24.19,98.4,27.99,29.4,0,0,0,1,1,0,0,Esc3
717,7.17,15.86,15.39,2.01,4.96,0.28,10.7,93.04,41.51,3538448.11,25.09,39.22,0.14,24.54,98.38,25.91,28.22,0,0,0,1,1,0,0,Esc3
718,7.27,16.05,15.58,2.01,4.98,0.28,10.66,94.03,42.58,3560502.67,24.93,39.6,0.14,24.39,98.37,24.78,27.11,0,0,0,1,1,0,0,Esc3
719,7.23,16.29,15.38,2.02,4.99,0.28,11.3,93.37,41.65,3603342.46,24.63,38.77,0.13,25.64,98.35,26.28,28.87,0,0,0,1,1,0,0,Esc3
720,7.24,16.04,15.42,2.03,4.96,0.28,10.6,92.69,41.37,3518814.99,25.23,39.26,0.14,24.3,98.39,26.4,28.45,0,0,0,1,1,0,0,Esc3
721,7.09,16.03,15.21,1.99,4.88,0.28,10.45,92.16,39.57,3472994.57,25.56,38.98,0.13,24.1,98.41,28.3,29.97,0,0,0,1,1,0,0,Esc3
722,7.01,16.27,15.21,1.98,4.87,0.27,10.65,92.09,38.92,3478829.6,25.52,38.74,0.13,24.4,98.41,28.95,30.15,0,0,0,1,1,0,0,Esc3
723,6.99,16.32,15.18,1.99,4.96,0.28,11.26,92.64,39.63,3567944.09,24.88,38.42,0.13,25.65,98.36,27.77,29.38,0,0,0,1,1,0,0,Esc3
724,7.22,15.81,15.36,2.02,4.99,0.28,10.87,92.05,41.04,3534129.23,25.12,38.93,0.13,24.79,98.38,26.34,27.35,0,0,0,1,1,0,0,Esc3
725,7.32,16.26,15.39,2.07,5.01,0.28,11.39,92.94,41.41,3604675.52,24.63,38.67,0.13,25.76,98.34,27.06,29.03,0,0,0,1,1,0,0,Esc3
726,7.35,16.31,15.64,2.04,5.13,0.28,12.01,93.55,43.87,3708628.4,23.94,38.69,0.14,26.73,98.29,23.14,26.83,0,0,0,1,1,0,0,Esc3
727,7.42,16.38,15.54,2.07,5.11,0.28,11.47,93.21,43.11,3642174.73,24.37,38.93,0.14,25.86,98.32,24.96,27.83,0,0,0,1,1,0,0,Esc3
728,6.91,15.98,15.07,1.95,4.82,0.27,10.15,91.11,37.32,3395901.73,26.14,38.74,0.13,23.5,98.45,30.14,31.05,0,0,0,1,1,0,0,Esc3
729,7.3,16.19,15.48,2.06,5.15,0.28,12.71,93.53,42.52,3760431.09,23.61,37.9,0.13,28.0,98.27,25.03,28.43,0,0,0,1,1,0,0,Esc3
730,7.37,16.32,15.58,2.05,5.02,0.28,11.46,93.07,42.31,3616318.42,24.55,38.83,0.13,25.72,98.34,25.41,28.03,0,0,0,1,1,0,0,Esc3
731,7.1,15.64,15.34,2.01,4.95,0.28,10.35,93.43,41.5,3512821.03,25.27,39.5,0.14,24.0,98.39,25.5,28.37,0,0,0,1,1,0,0,Esc3
732,7.26,16.21,15.32,2.03,4.96,0.28,11.06,92.89,41.13,3567318.07,24.88,38.83,0.13,25.23,98.36,27.33,29.51,0,0,0,1,1,0,0,Esc3
733,7.1,16.06,15.38,2.0,4.94,0.28,10.24,92.99,40.74,3479434.23,25.51,39.48,0.13,23.67,98.4,26.36,28.16,0,0,0,1,1,0,0,Esc3
734,7.05,16.26,15.22,2.01,5.0,0.28,11.2,92.61,40.32,3571296.47,24.86,38.56,0.13,25.54,98.36,26.94,28.99,0,0,0,1,1,0,0,Esc3
735,7.45,16.17,15.5,2.08,5.14,0.28,12.27,93.57,43.3,3734456.68,23.77,38.35,0.13,27.31,98.28,25.31,28.38,0,0,0,1,1,0,0,Esc3
736,7.22,16.26,15.39,2.05,5.0,0.28,10.88,92.98,41.76,3562099.04,24.92,39.12,0.14,24.89,98.36,26.17,28.84,0,0,0,1,1,0,0,Esc3
737,7.17,16.23,15.39,2.02,4.99,0.28,10.74,93.28,41.65,3548207.98,25.02,39.22,0.14,24.65,98.37,25.65,28.66,0,0,0,1,1,0,0,Esc3
738,7.42,16.29,15.58,2.05,5.12,0.28,12.02,92.98,43.09,3687391.13,24.07,38.5,0.13,26.73,98.3,23.9,27.29,0,0,0,1,1,0,0,Esc3
739,7.05,15.99,15.23,1.99,4.88,0.28,10.26,92.46,39.26,3455498.76,25.69,39.15,0.13,23.74,98.42,28.47,28.4,0,0,0,1,1,0,0,Esc3
740,7.4,16.06,15.71,2.07,5.09,0.28,11.32,94.13,44.3,3649738.14,24.32,39.35,0.14,25.52,98.32,22.8,25.77,0,0,0,1,1,0,0,Esc3
741,7.18,16.02,15.23,2.01,4.92,0.28,11.25,91.91,39.92,3554487.84,24.97,38.4,0.13,25.53,98.37,27.65,29.54,0,0,0,1,1,0,0,Esc3
742,7.3,16.41,15.35,2.03,5.04,0.28,11.61,92.72,41.5,3622844.77,24.5,38.44,0.13,26.17,98.33,26.51,29.64,0,0,0,1,1,0,0,Esc3
743,6.99,16.08,15.02,1.99,4.89,0.28,10.82,91.61,38.2,3486231.74,25.46,38.35,0.13,24.87,98.4,30.07,31.7,0,0,0,1,1,0,0,Esc3
744,7.17,16.54,15.33,2.01,5.0,0.28,11.44,93.42,41.9,3630426.18,24.45,38.69,0.13,25.99,98.33,25.85,28.41,0,0,0,1,1,0,0,Esc3
745,7.15,15.96,15.28,2.03,4.94,0.28,10.48,92.29,40.0,3482893.08,25.49,39.07,0.13,24.12,98.4,27.19,28.72,0,0,0,1,1,0,0,Esc3
746,7.04,16.03,15.21,2.01,4.97,0.28,10.99,93.11,40.36,3558486.58,24.95,38.76,0.13,25.21,98.37,26.86,29.55,0,0,0,1,1,0,0,Esc3
747,7.37,16.26,15.53,2.05,5.09,0.28,11.76,93.25,43.01,3665720.56,24.22,38.67,0.14,26.35,98.31,24.19,27.47,0,0,0,1,1,0,0,Esc3
748,7.06,15.84,15.26,1.99,4.92,0.28,10.09,92.71,40.34,3460929.45,25.65,39.46,0.13,23.49,98.41,27.11,28.96,0,0,0,1,1,0,0,Esc3
749,7.26,16.13,15.44,2.03,5.06,0.28,11.93,93.36,42.69,3684573.38,24.09,38.45,0.13,26.75,98.31,24.15,27.81,0,0,0,1,1,0,0,Esc3
750,7.25,16.27,15.45,2.05,5.04,0.28,11.52,92.65,41.8,3616585.45,24.54,38.62,0.13,25.92,98.34,25.31,27.76,0,0,0,1,1,0,0,Esc3
751,7.01,15.99,15.21,1.99,4.84,0.28,9.84,92.38,39.19,3410657.99,26.03,39.45,0.13,22.96,98.44,28.03,29.3,0,1,0,1,1,0,0,Esc3
752,6.91,16.43,15.15,1.98,4.86,0.28,10.05,92.65,39.26,3439988.19,25.8,39.27,0.13,23.46,98.42,27.84,30.42,0,0,0,1,1,0,0,Esc3
753,7.36,16.22,15.58,2.06,5.1,0.28,11.78,92.92,42.55,3649068.62,24.33,38.6,0.13,26.27,98.32,25.25,28.05,0,0,0,1,1,0,0,Esc3
754,7.01,16.19,15.12,2.0,4.9,0.28,10.44,92.39,39.71,3484913.38,25.47,38.97,0.13,24.23,98.4,28.21,30.63,0,0,0,1,1,0,0,Esc3
755,7.32,16.38,15.46,2.05,5.04,0.28,11.51,92.63,41.66,3611018.43,24.58,38.61,0.13,25.88,98.34,26.42,28.83,0,0,0,1,1,0,0,Esc3
756,7.1,15.54,15.32,1.96,4.86,0.28,10.02,92.25,39.87,3431730.1,25.87,39.43,0.13,23.21,98.43,26.94,29.16,0,0,0,1,1,0,0,Esc3
757,7.41,16.17,15.53,2.07,5.12,0.28,12.36,93.4,42.79,3726302.73,23.82,38.22,0.13,27.37,98.28,25.45,28.37,0,0,0,1,1,0,0,Esc3
758,7.26,16.1,15.64,2.03,5.07,0.28,11.23,94.57,43.96,3647212.31,24.34,39.39,0.14,25.46,98.32,23.14,26.19,0,0,0,1,1,0,0,Esc3
759,7.35,16.81,15.46,2.08,5.1,0.28,12.29,93.18,42.19,3709805.35,23.93,38.15,0.13,27.29,98.29,26.3,28.44,0,0,0,1,1,0,0,Esc3
760,7.38,16.33,15.62,2.04,5.08,0.28,11.78,94.31,43.52,3693524.78,24.03,38.89,0.14,26.4,98.3,24.3,26.96,0,0,0,1,1,0,0,Esc3
761,6.94,15.73,14.9,2.0,4.93,0.28,11.06,91.63,38.11,3517783.04,25.23,38.09,0.12,25.46,98.39,29.74,31.88,0,0,0,1,1,0,0,Esc3
762,7.29,16.36,15.38,2.05,5.05,0.28,11.79,93.28,41.79,3655691.94,24.28,38.42,0.13,26.51,98.32,26.23,29.67,0,0,0,1,1,0,0,Esc3
763,7.17,16.2,15.34,2.03,4.99,0.28,11.27,93.23,41.29,3596014.71,24.68,38.73,0.13,25.61,98.35,26.7,28.92,0,0,0,1,1,0,0,Esc3
764,7.2,16.23,15.36,2.03,5.04,0.28,11.49,92.95,41.44,3616034.91,24.55,38.57,0.13,25.97,98.34,25.9,29.01,0,0,0,1,1,0,0,Esc3
765,7.23,16.14,15.36,2.03,5.05,0.28,11.87,93.18,41.49,3658753.8,24.26,38.31,0.13,26.65,98.32,26.05,28.95,0,0,0,1,1,0,0,Esc3
766,7.32,15.89,15.49,2.05,5.09,0.28,11.69,93.34,42.79,3659381.9,24.26,38.69,0.13,26.27,98.32,24.86,27.86,0,0,0,1,1,0,0,Esc3
767,6.95,16.11,15.3,1.98,4.9,0.28,9.75,92.88,40.22,3425755.34,25.91,39.76,0.14,22.81,98.43,26.53,28.9,0,1,0,1,1,0,0,Esc3
768,7.36,15.96,15.45,2.06,5.05,0.28,11.46,92.75,42.22,3619985.92,24.52,38.72,0.13,25.86,98.34,25.98,28.47,0,0,0,1,1,0,0,Esc3
769,7.22,16.45,15.35,2.03,4.96,0.27,10.95,91.95,40.14,3523122.87,25.2,38.74,0.13,24.86,98.38,27.93,29.09,0,0,0,1,1,0,0,Esc3
770,7.1,16.15,15.25,2.02,4.89,0.28,9.91,91.93,39.41,3412238.08,26.01,39.39,0.13,23.03,98.44,28.27,30.07,0,1,0,1,1,0,0,Esc3
771,7.08,16.24,15.34,2.0,5.02,0.28,11.35,93.68,41.63,3619954.06,24.52,38.76,0.13,25.82,98.34,25.64,28.32,0,0,0,1,1,0,0,Esc3
772,7.14,16.19,15.14,2.03,4.9,0.28,10.47,91.48,38.8,3456427.01,25.68,38.78,0.13,24.13,98.42,29.58,30.32,0,0,0,1,1,0,0,Esc3
773,7.29,16.09,15.3,2.05,4.97,0.28,11.16,91.85,40.57,3549879.38,25.01,38.57,0.13,25.31,98.37,27.13,28.46,0,0,0,1,1,0,0,Esc3
774,7.12,16.23,15.44,2.04,5.06,0.28,11.31,94.45,42.29,3637540.91,24.4,39.02,0.13,25.73,98.33,25.86,28.7,0,0,0,1,1,0,0,Esc3
775,7.29,16.03,15.53,2.05,5.05,0.28,11.17,93.58,43.1,3615117.6,24.55,39.18,0.14,25.35,98.34,23.79,27.78,0,0,0,1,1,0,0,Esc3
776,7.23,15.73,15.39,2.05,5.04,0.28,11.64,93.18,41.86,3641367.07,24.38,38.55,0.13,26.24,98.33,26.2,28.5,0,0,0,1,1,0,0,Esc3
777,7.43,16.39,15.57,2.06,5.11,0.28,12.0,93.22,42.94,3685264.03,24.09,38.51,0.13,26.7,98.3,24.71,27.73,0,0,0,1,1,0,0,Esc3
778,7.15,16.3,15.25,2.03,4.94,0.28,10.91,92.41,40.43,3537232.05,25.1,38.77,0.13,24.98,98.38,27.68,29.37,0,0,0,1,1,0,0,Esc3
779,7.1,16.28,15.25,2.0,4.93,0.28,10.86,92.55,39.83,3521136.81,25.21,38.75,0.13,24.84,98.39,28.26,28.94,0,0,0,1,1,0,0,Esc3
780,7.24,15.92,15.38,2.04,5.04,0.28,11.31,92.94,41.91,3606619.03,24.61,38.79,0.13,25.66,98.34,26.12,28.61,0,0,0,1,1,0,0,Esc3
781,7.08,16.25,15.28,2.01,4.92,0.28,10.05,93.05,40.74,3468516.91,25.59,39.59,0.14,23.44,98.41,26.92,28.72,0,0,0,1,1,0,0,Esc3
782,7.2,16.09,15.35,2.03,4.94,0.28,10.46,92.73,40.9,3500350.65,25.36,39.29,0.13,24.08,98.39,26.91,29.34,0,0,0,1,1,0,0,Esc3
783,7.31,16.47,15.44,2.05,5.07,0.28,11.95,92.88,41.6,3659964.64,24.25,38.29,0.13,26.68,98.32,26.78,28.92,0,0,0,1,1,0,0,Esc3
784,7.08,15.83,15.23,1.99,4.92,0.28,10.57,92.79,40.36,3508974.8,25.3,39.05,0.13,24.41,98.39,27.42,29.26,0,0,0,1,1,0,0,Esc3
785,7.26,16.26,15.3,2.03,5.12,0.28,13.16,92.68,41.29,3781067.1,23.48,37.25,0.13,28.84,98.26,26.5,29.54,0,0,0,1,1,0,0,Esc3
786,7.02,16.21,15.2,1.98,4.9,0.28,10.74,92.29,39.32,3500971.71,25.35,38.74,0.13,24.64,98.4,28.76,29.48,0,0,0,1,1,0,0,Esc3
787,7.36,16.05,15.42,2.07,5.09,0.28,11.63,92.51,42.22,3638218.38,24.4,38.58,0.13,26.18,98.33,25.18,27.71,0,0,0,1,1,0,0,Esc3
788,7.19,16.38,15.33,1.99,4.91,0.28,11.0,92.27,39.95,3529152.47,25.15,38.68,0.13,24.99,98.38,28.03,29.19,0,0,0,1,1,0,0,Esc3
789,7.14,15.81,15.29,2.03,4.95,0.28,10.53,92.36,40.49,3496785.64,25.39,39.1,0.13,24.24,98.4,26.73,28.31,0,0,0,1,1,0,0,Esc3
790,7.41,16.43,15.56,2.07,5.08,0.28,11.42,92.48,42.8,3616346.31,24.55,38.87,0.14,25.68,98.34,24.41,27.45,0,0,0,1,1,0,0,Esc3
791,7.03,16.07,15.19,2.01,4.92,0.28,10.46,92.49,40.18,3493681.4,25.41,39.08,0.13,24.22,98.4,27.15,29.48,0,0,0,1,1,0,0,Esc3
792,7.1,15.99,15.28,2.02,4.92,0.28,10.26,93.12,40.64,3488274.51,25.45,39.42,0.13,23.82,98.4,27.25,29.35,0,0,0,1,1,0,0,Esc3
793,6.92,16.25,15.08,1.98,4.87,0.28,10.31,92.2,38.63,3452083.23,25.71,38.92,0.13,23.94,98.42,28.94,30.3,0,0,0,1,1,0,0,Esc3
794,7.26,16.07,15.36,2.03,5.03,0.28,11.25,92.66,41.24,3585895.32,24.75,38.73,0.13,25.52,98.35,26.59,28.74,0,0,0,1,1,0,0,Esc3
795,7.22,15.85,15.4,2.04,5.01,0.28,11.2,92.77,41.54,3583951.17,24.77,38.82,0.13,25.4,98.35,26.05,28.17,0,0,0,1,1,0,0,Esc3
796,7.21,16.33,15.32,2.04,5.07,0.28,11.75,92.71,41.65,3648127.62,24.33,38.37,0.13,26.48,98.32,26.02,28.98,0,0,0,1,1,0,0,Esc3
797,7.4,16.32,15.55,2.06,5.1,0.28,11.9,93.55,43.09,3686989.37,24.08,38.62,0.13,26.61,98.3,24.65,27.76,0,0,0,1,1,0,0,Esc3
798,7.04,16.09,15.14,2.0,4.89,0.28,10.67,91.96,38.77,3481765.06,25.49,38.66,0.13,24.51,98.4,29.61,29.9,0,0,0,1,1,0,0,Esc3
799,7.36,16.02,15.52,2.07,5.1,0.28,12.08,93.32,42.78,3696612.28,24.01,38.41,0.13,26.9,98.3,24.69,28.07,0,0,0,1,1,0,0,Esc3
800,7.28,16.07,15.41,2.04,5.02,0.28,11.31,92.39,41.45,3586147.09,24.75,38.69,0.13,25.56,98.35,25.46,28.49,0,0,0,1,1,0,0,Esc3
801,6.9,16.23,15.21,1.96,4.88,0.28,10.44,93.19,39.35,3482333.81,25.49,39.06,0.13,24.12,98.4,27.87,29.93,0,0,0,1,1,0,0,Esc3
802,7.4,16.36,15.56,2.08,5.11,0.28,11.87,93.5,43.05,3684427.97,24.09,38.66,0.13,26.54,98.3,25.7,27.58,0,0,0,1,1,0,0,Esc3
803,7.15,16.21,15.45,1.99,4.91,0.28,10.13,92.71,40.88,3465134.84,25.62,39.62,0.14,23.38,98.41,25.84,28.27,0,0,0,1,1,0,0,Esc3
804,7.12,16.2,15.41,1.98,4.89,0.28,9.93,92.68,40.34,3435802.13,25.84,39.67,0.14,23.01,98.43,26.06,28.07,0,1,0,1,1,0,0,Esc3
805,7.19,16.01,15.33,2.04,5.01,0.28,11.19,92.88,41.08,3581997.31,24.78,38.74,0.13,25.46,98.35,27.72,28.99,0,0,0,1,1,0,0,Esc3
806,7.14,16.09,15.16,2.03,4.97,0.28,11.21,92.42,39.61,3556497.34,24.96,38.39,0.13,25.56,98.37,28.67,29.99,0,0,0,1,1,0,0,Esc3
807,7.15,15.83,15.41,2.02,4.92,0.28,10.07,92.89,41.06,3465036.61,25.62,39.66,0.14,23.33,98.41,26.13,27.89,0,0,0,1,1,0,0,Esc3
808,7.05,15.77,15.16,2.01,4.94,0.28,11.04,91.87,38.91,3521052.78,25.21,38.41,0.13,25.18,98.38,28.47,30.48,0,0,0,1,1,0,0,Esc3
809,7.11,16.34,15.33,2.0,4.93,0.28,10.24,92.81,40.85,3479701.29,25.51,39.44,0.14,23.71,98.4,26.53,28.52,0,0,0,1,1,0,0,Esc3
810,7.08,16.16,15.25,1.98,4.89,0.28,10.05,92.63,40.24,3454704.83,25.69,39.48,0.13,23.4,98.42,26.98,28.82,0,0,0,1,1,0,0,Esc3
811,6.95,16.04,15.22,1.95,4.84,0.28,9.74,92.68,39.62,3416396.17,25.98,39.64,0.13,22.83,98.44,27.15,28.65,0,1,0,1,1,0,0,Esc3
812,7.07,15.84,15.25,2.0,4.98,0.28,11.09,92.92,40.93,3576369.27,24.82,38.77,0.13,25.37,98.36,26.42,28.99,0,0,0,1,1,0,0,Esc3
813,7.33,16.39,15.47,2.05,5.09,0.28,11.89,93.05,42.71,3674859.85,24.16,38.5,0.13,26.61,98.31,24.39,28.2,0,0,0,1,1,0,0,Esc3
814,7.27,16.2,15.31,2.05,5.05,0.28,11.87,92.95,41.52,3661549.79,24.24,38.27,0.13,26.71,98.32,26.56,29.56,0,0,0,1,1,0,0,Esc3
815,7.28,16.45,15.43,2.03,4.99,0.28,11.37,93.24,41.66,3610212.2,24.59,38.77,0.13,25.72,98.34,26.08,28.48,0,0,0,1,1,0,0,Esc3
816,7.21,16.21,15.33,2.02,4.94,0.27,10.99,91.69,40.16,3523333.9,25.19,38.66,0.13,24.95,98.38,27.8,29.13,0,0,0,1,1,0,0,Esc3
817,6.95,15.89,15.17,1.98,4.9,0.28,10.24,92.68,39.71,3468475.02,25.59,39.2,0.13,23.83,98.41,27.22,29.11,0,0,0,1,1,0,0,Esc3
818,6.99,16.17,15.21,1.98,4.85,0.28,9.81,91.75,38.88,3394168.77,26.15,39.38,0.13,22.85,98.45,28.27,29.16,0,1,0,1,1,0,0,Esc3
819,7.25,16.32,15.39,2.02,4.95,0.28,10.73,93.4,41.45,3546749.27,25.03,39.23,0.13,24.61,98.37,26.41,28.66,0,0,0,1,1,0,0,Esc3
820,7.18,16.03,15.37,2.01,4.98,0.28,11.15,93.46,41.73,3594211.6,24.7,38.91,0.13,25.42,98.35,25.7,28.27,0,0,0,1,1,0,0,Esc3
821,7.22,15.85,15.27,2.05,5.07,0.28,12.29,92.62,41.11,3689025.33,24.06,37.84,0.13,27.41,98.3,26.81,30.57,0,0,0,1,1,0,0,Esc3
822,7.41,16.23,15.6,2.05,5.04,0.28,11.31,93.11,42.64,3607052.22,24.61,39.0,0.14,25.45,98.34,24.94,27.77,0,0,0,1,1,0,0,Esc3
823,7.17,16.76,15.35,2.03,5.01,0.28,11.29,92.75,40.85,3587221.21,24.75,38.67,0.13,25.59,98.35,26.66,28.96,0,0,0,1,1,0,0,Esc3
824,7.31,15.89,15.45,2.03,4.95,0.28,10.63,92.61,41.29,3517954.46,25.23,39.25,0.14,24.3,98.39,26.53,27.98,0,0,0,1,1,0,0,Esc3
825,6.99,15.79,15.27,1.95,4.83,0.28,9.63,92.78,39.73,3403418.34,26.08,39.76,0.13,22.57,98.44,26.92,28.43,0,1,0,1,1,0,0,Esc3
826,7.2,16.29,15.45,2.02,4.95,0.28,10.64,92.69,41.15,3516967.84,25.24,39.23,0.13,24.31,98.39,26.6,28.49,0,0,0,1,1,0,0,Esc3
827,7.35,16.34,15.41,2.04,5.05,0.28,11.99,93.23,41.76,3674563.18,24.16,38.29,0.13,26.82,98.31,26.9,28.99,0,0,0,1,1,0,0,Esc3
828,7.05,16.08,15.13,2.01,4.92,0.28,10.67,92.5,39.96,3512068.53,25.27,38.85,0.13,24.64,98.39,28.66,31.22,0,0,0,1,1,0,0,Esc3
829,7.01,16.26,15.23,1.99,4.92,0.28,10.67,92.63,39.88,3507928.01,25.3,38.9,0.13,24.54,98.39,27.5,29.43,0,0,0,1,1,0,0,Esc3
830,7.15,16.23,15.29,2.01,4.97,0.28,10.95,93.01,40.48,3547905.61,25.02,38.83,0.13,25.03,98.37,27.57,29.44,0,0,0,1,1,0,0,Esc3
831,7.24,15.96,15.39,2.03,5.03,0.28,11.45,93.24,41.66,3619688.03,24.52,38.68,0.13,25.9,98.34,25.87,28.39,0,0,0,1,1,0,0,Esc3
832,7.22,15.87,15.45,2.03,4.99,0.28,10.62,93.01,41.93,3534703.85,25.11,39.37,0.14,24.36,98.38,25.45,27.97,0,0,0,1,1,0,0,Esc3
833,7.12,16.18,15.15,2.0,4.88,0.28,10.48,92.28,39.54,3479348.84,25.51,38.92,0.13,24.23,98.41,28.56,30.82,0,0,0,1,1,0,0,Esc3
834,7.41,16.53,15.52,2.06,5.13,0.28,12.58,93.22,42.74,3745895.94,23.7,38.02,0.13,27.75,98.27,24.99,28.02,0,0,0,1,1,0,0,Esc3
835,7.3,16.18,15.42,2.04,5.05,0.28,12.13,92.89,41.62,3677938.91,24.14,38.14,0.13,27.0,98.31,26.0,28.45,0,0,0,1,1,0,0,Esc3
836,6.99,15.77,15.23,1.98,4.91,0.28,10.37,92.41,39.72,3472914.27,25.56,39.11,0.13,23.97,98.41,26.66,29.07,0,0,0,1,1,0,0,Esc3
837,7.23,16.35,15.36,2.02,5.0,0.28,11.29,92.57,40.65,3576203.45,24.82,38.6,0.13,25.54,98.36,27.7,29.49,0,0,0,1,1,0,0,Esc3
838,7.13,16.05,15.24,2.02,4.99,0.28,11.36,92.43,40.66,3587142.46,24.75,38.46,0.13,25.8,98.35,27.43,29.36,0,0,0,1,1,0,0,Esc3
839,7.4,15.97,15.63,2.06,5.18,0.28,12.53,94.42,44.68,3793906.31,23.4,38.45,0.14,27.76,98.25,22.33,27.53,0,0,0,1,1,0,0,Esc3
840,7.25,16.21,15.36,2.03,5.05,0.28,11.74,92.96,41.76,3649090.74,24.33,38.43,0.13,26.43,98.32,26.17,28.92,0,0,0,1,1,0,0,Esc3
841,7.27,16.13,15.49,2.03,5.04,0.28,11.39,93.45,42.54,3628671.93,24.46,38.91,0.14,25.75,98.33,24.37,26.97,0,0,0,1,1,0,0,Esc3
842,7.24,16.05,15.36,2.01,4.94,0.27,10.87,91.41,40.11,3506761.73,25.31,38.76,0.13,24.68,98.39,27.45,28.44,0,0,0,1,1,0,0,Esc3
843,7.3,16.37,15.42,2.05,5.0,0.28,11.42,92.66,41.32,3596197.53,24.68,38.61,0.13,25.74,98.35,27.22,29.53,0,0,0,1,1,0,0,Esc3
844,7.17,15.77,15.31,2.02,4.94,0.28,10.38,92.6,40.69,3490997.04,25.43,39.3,0.13,23.98,98.4,26.94,28.66,0,0,0,1,1,0,0,Esc3
845,7.28,16.07,15.53,2.03,5.1,0.28,12.01,93.26,42.67,3694557.1,24.03,38.5,0.13,26.8,98.3,24.6,27.8,0,0,0,1,1,0,0,Esc3
846,7.16,15.89,15.39,2.03,5.01,0.28,10.98,93.08,41.47,3568891.29,24.87,39.02,0.13,25.05,98.36,26.0,28.45,0,0,0,1,1,0,0,Esc3
847,6.94,15.84,15.14,1.98,4.92,0.28,10.82,92.48,39.49,3516851.17,25.24,38.68,0.13,24.87,98.39,27.38,29.3,0,0,0,1,1,0,0,Esc3
848,7.35,16.12,15.52,2.06,5.1,0.28,12.09,93.21,42.95,3702282.06,23.98,38.42,0.13,26.94,98.3,24.82,27.62,0,0,0,1,1,0,0,Esc3
849,7.07,16.0,15.29,1.99,4.9,0.28,10.21,92.98,40.37,3476516.72,25.53,39.43,0.13,23.69,98.41,27.19,29.32,0,0,0,1,1,0,0,Esc3
850,7.33,16.52,15.5,2.03,5.0,0.28,11.13,92.98,41.66,3578437.58,24.81,38.98,0.13,25.19,98.36,26.43,28.75,0,0,0,1,1,0,0,Esc3
851,7.1,16.02,15.35,2.01,4.94,0.28,10.59,93.08,40.53,3510894.88,25.28,39.17,0.13,24.31,98.39,26.62,28.73,0,0,0,1,1,0,0,Esc3
852,7.24,16.37,15.4,2.03,5.01,0.28,11.29,92.79,41.18,3587554.7,24.74,38.71,0.13,25.55,98.35,26.79,28.1,0,0,0,1,1,0,0,Esc3
853,7.16,16.2,15.29,2.02,5.0,0.28,11.45,92.35,40.57,3587544.11,24.74,38.38,0.13,25.88,98.35,27.23,30.14,0,0,0,1,1,0,0,Esc3
854,7.19,16.25,15.34,2.03,4.99,0.28,11.1,92.68,41.19,3568364.98,24.88,38.8,0.13,25.26,98.36,26.21,29.15,0,0,0,1,1,0,0,Esc3
855,7.29,16.07,15.37,2.04,4.96,0.28,10.99,92.17,40.48,3531732.88,25.13,38.76,0.13,24.93,98.38,27.19,29.2,0,0,0,1,1,0,0,Esc3
856,7.22,16.34,15.26,2.05,5.07,0.28,12.05,92.65,41.34,3675853.26,24.15,38.06,0.13,27.05,98.31,26.52,29.05,0,0,0,1,1,0,0,Esc3
857,7.31,15.94,15.45,2.04,4.98,0.28,10.81,92.97,41.94,3550114.1,25.0,39.21,0.14,24.68,98.37,26.18,28.98,0,0,0,1,1,0,0,Esc3
858,7.41,16.25,15.57,2.06,5.11,0.28,12.1,93.65,43.32,3712876.97,23.91,38.52,0.13,26.95,98.29,25.11,27.88,0,0,0,1,1,0,0,Esc3
859,7.17,16.43,15.42,2.02,4.98,0.28,10.53,92.76,41.26,3512124.94,25.27,39.32,0.14,24.17,98.39,25.69,28.46,0,0,0,1,1,0,0,Esc3
860,7.11,16.33,15.35,2.0,5.0,0.28,11.42,93.2,41.09,3605639.96,24.62,38.6,0.13,25.83,98.34,26.04,28.66,0,0,0,1,1,0,0,Esc3
861,7.22,16.35,15.45,2.02,5.01,0.28,11.33,93.32,42.0,3610034.81,24.59,38.85,0.13,25.64,98.34,25.4,27.8,0,0,0,1,1,0,0,Esc3
862,7.0,16.18,15.17,1.98,4.86,0.28,10.29,92.22,39.03,3451099.87,25.72,39.03,0.13,23.82,98.42,28.32,29.8,0,0,0,1,1,0,0,Esc3
863,7.24,15.93,15.45,2.02,5.07,0.28,11.35,93.0,42.34,3615207.65,24.55,38.85,0.13,25.68,98.34,25.12,27.64,0,0,0,1,1,0,0,Esc3
864,7.39,16.38,15.64,2.07,5.12,0.28,11.7,94.14,44.17,3690754.6,24.05,39.0,0.14,26.25,98.3,23.46,27.1,0,0,0,1,1,0,0,Esc3
865,7.23,16.16,15.41,2.03,4.98,0.28,10.61,92.87,41.35,3524420.31,25.19,39.28,0.14,24.34,98.38,26.49,28.47,0,0,0,1,1,0,0,Esc3
866,7.5,16.27,15.63,2.11,5.23,0.28,13.12,93.84,44.58,3844357.46,23.09,37.97,0.13,28.68,98.23,24.05,27.39,0,0,0,1,1,0,0,Esc3
867,7.31,16.28,15.55,2.05,5.1,0.28,11.68,93.44,42.75,3662019.8,24.24,38.77,0.13,26.22,98.31,25.01,26.92,0,0,0,1,1,0,0,Esc3
868,7.19,15.82,15.36,2.03,4.99,0.28,10.79,92.46,41.15,3532275.72,25.13,39.03,0.13,24.67,98.38,26.38,29.1,0,0,0,1,1,0,0,Esc3
869,7.08,15.86,15.22,2.01,4.95,0.28,11.18,92.63,40.03,3558604.78,24.94,38.51,0.13,25.46,98.37,27.84,29.78,0,0,0,1,1,0,0,Esc3
870,7.1,16.33,15.25,2.03,5.0,0.28,11.3,92.54,40.43,3581162.61,24.79,38.52,0.13,25.68,98.36,27.97,29.86,0,0,0,1,1,0,0,Esc3
871,7.1,15.75,15.15,2.01,4.91,0.28,10.26,91.59,39.32,3449043.72,25.74,39.04,0.13,23.79,98.42,28.71,30.1,0,0,0,1,1,0,0,Esc3
872,7.33,16.09,15.47,2.08,5.13,0.28,11.69,92.94,42.53,3653852.07,24.29,38.63,0.13,26.27,98.32,25.45,28.16,0,0,0,1,1,0,0,Esc3
873,7.08,16.41,15.25,2.0,4.97,0.28,10.95,92.6,40.17,3540439.06,25.07,38.75,0.13,25.04,98.37,26.82,29.31,0,0,0,1,1,0,0,Esc3
874,7.21,15.88,15.39,2.02,4.98,0.28,10.66,93.37,42.07,3550927.29,25.0,39.35,0.14,24.54,98.37,25.46,28.23,0,0,0,1,1,0,0,Esc3
875,7.38,16.6,15.48,2.07,5.11,0.28,12.33,92.99,42.61,3717929.84,23.88,38.16,0.13,27.35,98.29,25.82,28.25,0,0,0,1,1,0,0,Esc3
876,6.99,16.18,15.14,2.0,4.87,0.28,10.43,91.93,38.63,3453503.46,25.7,38.81,0.13,24.06,98.42,28.77,30.25,0,0,0,1,1,0,0,Esc3
877,7.18,15.98,15.33,2.03,4.94,0.28,10.38,91.99,40.47,3476919.81,25.53,39.22,0.13,23.9,98.41,27.51,28.55,0,0,0,1,1,0,0,Esc3
878,7.37,16.65,15.49,2.06,5.1,0.28,12.05,93.48,42.54,3693613.12,24.03,38.4,0.13,26.88,98.3,25.69,29.2,0,0,0,1,1,0,0,Esc3
879,7.32,16.51,15.47,2.06,5.02,0.28,11.2,92.93,41.64,3582219.28,24.78,38.87,0.13,25.33,98.35,27.02,28.85,0,0,0,1,1,0,0,Esc3
880,7.08,15.57,15.25,1.98,4.9,0.28,10.3,92.59,40.47,3480314.76,25.51,39.28,0.13,23.88,98.41,26.66,28.82,0,0,0,1,1,0,0,Esc3
881,7.31,16.23,15.51,2.05,5.03,0.28,11.24,92.69,42.02,3588303.64,24.74,38.89,0.13,25.37,98.35,25.19,27.41,0,0,0,1,1,0,0,Esc3
882,7.39,16.48,15.54,2.05,5.06,0.28,11.72,93.66,43.18,3671038.86,24.18,38.76,0.14,26.31,98.31,24.71,28.84,0,0,0,1,1,0,0,Esc3
883,7.28,16.3,15.53,2.03,5.09,0.28,12.02,93.86,43.03,3707571.97,23.94,38.55,0.13,26.86,98.29,24.75,27.97,0,0,0,1,1,0,0,Esc3
884,7.43,16.53,15.51,2.07,5.11,0.28,12.03,93.09,42.58,3687050.46,24.08,38.41,0.13,26.81,98.3,25.69,28.97,0,0,0,1,1,0,0,Esc3
885,7.07,16.53,15.23,1.98,4.88,0.27,10.22,91.89,38.84,3433879.82,25.85,39.07,0.13,23.59,98.43,29.06,29.25,0,0,0,1,1,0,0,Esc3
886,7.29,16.17,15.36,2.03,5.0,0.28,11.49,92.31,40.9,3593700.31,24.7,38.44,0.13,25.88,98.35,27.08,29.2,0,0,0,1,1,0,0,Esc3
887,7.22,16.05,15.37,2.05,5.01,0.28,10.99,92.95,41.3,3561755.97,24.92,38.94,0.13,25.06,98.36,26.66,28.68,0,0,0,1,1,0,0,Esc3
888,7.15,15.87,15.29,2.0,4.92,0.28,10.6,92.22,39.97,3492361.53,25.42,38.98,0.13,24.31,98.4,27.92,28.39,0,0,0,1,1,0,0,Esc3
889,7.12,16.19,15.5,2.0,4.96,0.28,10.58,94.01,42.42,3552537.91,24.99,39.59,0.14,24.32,98.37,24.51,27.25,0,0,0,1,1,0,0,Esc3
890,7.05,16.37,15.2,2.01,4.92,0.27,10.89,91.75,39.1,3500973.38,25.35,38.53,0.13,24.85,98.39,28.13,30.07,0,0,0,1,1,0,0,Esc3
891,7.29,16.35,15.54,2.05,5.07,0.28,11.42,93.91,42.89,3641187.35,24.38,39.0,0.14,25.79,98.32,24.98,27.76,0,0,0,1,1,0,0,Esc3
892,7.34,16.3,15.57,2.06,5.08,0.28,11.53,93.55,43.04,3648912.4,24.33,38.92,0.14,25.94,98.32,24.09,27.32,0,0,0,1,1,0,0,Esc3
893,7.15,16.03,15.42,2.01,5.02,0.28,11.31,93.54,42.02,3613863.22,24.56,38.87,0.13,25.65,98.34,24.71,28.16,0,0,0,1,1,0,0,Esc3
894,7.39,16.38,15.57,2.05,5.12,0.28,12.32,93.49,43.06,3728139.26,23.81,38.33,0.13,27.28,98.28,24.32,27.21,0,0,0,1,1,0,0,Esc3
895,7.2,16.31,15.52,2.01,4.94,0.28,10.2,93.83,41.88,3502155.33,25.35,39.83,0.14,23.56,98.39,25.08,27.2,0,0,0,1,1,0,0,Esc3
896,7.26,16.0,15.35,2.04,5.01,0.28,11.14,92.87,41.72,3586786.38,24.75,38.87,0.13,25.38,98.35,25.85,29.34,0,0,0,1,1,0,0,Esc3
897,7.45,16.38,15.56,2.08,5.04,0.28,11.0,92.29,42.0,3559170.86,24.94,39.11,0.14,24.87,98.36,25.67,26.91,0,0,0,1,1,0,0,Esc3
898,7.27,16.46,15.43,2.05,5.08,0.28,11.83,93.47,42.65,3680365.25,24.12,38.55,0.13,26.61,98.31,25.41,28.47,0,0,0,1,1,0,0,Esc3
899,7.11,16.03,15.22,2.02,4.96,0.28,11.27,92.29,40.15,3566272.46,24.89,38.43,0.13,25.61,98.36,27.62,30.39,0,0,0,1,1,0,0,Esc3
900,7.42,16.43,15.54,2.07,5.07,0.28,11.59,92.72,42.32,3634861.45,24.42,38.73,0.13,26.0,98.33,25.67,27.95,0,0,0,1,1,0,0,Esc3
901,7.45,16.67,15.59,2.08,5.17,0.28,12.47,93.74,44.11,3765319.54,23.57,38.34,0.13,27.61,98.26,23.77,27.88,0,0,0,1,1,0,0,Esc3
902,7.06,16.48,15.35,2.0,5.04,0.28,11.74,94.11,41.66,3665883.37,24.21,38.51,0.13,26.51,98.31,25.61,28.67,0,0,0,1,1,0,0,Esc3
903,7.16,15.63,15.41,2.03,4.98,0.28,10.84,92.75,41.02,3537986.31,25.09,39.04,0.13,24.72,98.38,26.77,28.18,0,0,0,1,1,0,0,Esc3
904,7.04,16.22,15.22,2.0,4.91,0.28,10.26,93.12,40.01,3478880.32,25.52,39.3,0.13,23.84,98.41,27.81,29.71,0,0,0,1,1,0,0,Esc3
905,7.0,15.74,15.18,1.99,4.89,0.28,10.2,92.54,39.73,3459244.13,25.66,39.22,0.13,23.72,98.42,27.93,29.95,0,0,0,1,1,0,0,Esc3
906,7.17,16.11,15.34,2.05,5.02,0.28,11.22,93.25,41.47,3598163.43,24.67,38.81,0.13,25.55,98.35,26.64,28.34,0,0,0,1,1,0,0,Esc3
907,7.22,16.08,15.35,2.02,4.98,0.28,10.99,92.51,40.83,3548981.9,25.01,38.85,0.13,25.02,98.37,26.94,28.23,0,0,0,1,1,0,0,Esc3
908,7.15,16.28,15.44,2.02,4.95,0.28,10.12,93.46,41.53,3485552.35,25.47,39.76,0.14,23.45,98.4,25.69,27.53,0,0,0,1,1,0,0,Esc3
909,7.17,15.76,15.34,2.03,4.97,0.28,10.82,92.7,41.04,3541585.33,25.06,39.02,0.13,24.78,98.37,26.59,28.73,0,0,0,1,1,0,0,Esc3
910,7.23,16.45,15.4,2.04,5.04,0.28,11.44,93.28,41.89,3621451.0,24.51,38.71,0.13,25.89,98.34,25.78,28.89,0,0,0,1,1,0,0,Esc3
911,6.95,16.27,15.18,1.95,4.82,0.28,9.79,92.79,39.38,3414003.05,26.0,39.51,0.13,22.93,98.44,27.85,29.85,0,1,0,1,1,0,0,Esc3
912,7.16,16.16,15.39,2.0,4.92,0.28,10.38,92.22,40.25,3470007.24,25.58,39.23,0.13,23.82,98.41,27.33,28.38,0,0,0,1,1,0,0,Esc3
913,7.11,15.83,15.42,2.01,4.99,0.28,10.82,93.58,41.68,3561255.43,24.93,39.23,0.13,24.77,98.36,25.44,28.33,0,0,0,1,1,0,0,Esc3
914,7.19,15.87,15.34,2.04,5.02,0.28,11.29,93.36,41.56,3605773.11,24.62,38.77,0.13,25.67,98.34,26.58,29.05,0,0,0,1,1,0,0,Esc3
915,7.46,16.5,15.55,2.07,5.07,0.28,11.91,92.72,42.36,3659856.15,24.25,38.45,0.13,26.52,98.32,26.13,27.73,0,0,0,1,1,0,0,Esc3
916,7.04,15.93,15.18,1.99,4.88,0.28,10.38,92.27,39.13,3460135.51,25.65,38.97,0.13,23.97,98.41,28.39,29.89,0,0,0,1,1,0,0,Esc3
917,7.21,16.19,15.33,2.03,5.01,0.28,11.5,92.35,40.77,3596961.62,24.68,38.41,0.13,25.94,98.35,26.98,28.78,0,0,0,1,1,0,0,Esc3
918,7.29,16.38,15.34,2.06,5.11,0.28,12.42,92.69,41.49,3709102.18,23.93,37.85,0.13,27.58,98.29,27.0,29.49,0,0,0,1,1,0,0,Esc3
919,7.33,16.14,15.41,2.04,5.03,0.28,11.56,92.82,41.8,3626281.55,24.48,38.58,0.13,26.06,98.33,26.13,28.57,0,0,0,1,1,0,0,Esc3
920,6.89,15.97,15.03,1.96,4.83,0.28,10.2,91.66,37.97,3421670.99,25.94,38.81,0.13,23.72,98.43,29.36,30.44,0,0,0,1,1,0,0,Esc3
921,7.29,16.38,15.37,2.01,5.05,0.28,11.77,92.5,41.63,3639307.38,24.39,38.35,0.13,26.42,98.33,25.98,28.47,0,0,0,1,1,0,0,Esc3
922,7.08,16.39,15.26,2.0,4.89,0.28,10.17,92.78,40.09,3463011.85,25.63,39.37,0.13,23.61,98.41,27.94,29.02,0,0,0,1,1,0,0,Esc3
923,7.21,16.1,15.39,2.01,5.0,0.28,11.3,93.19,41.66,3604245.27,24.63,38.79,0.13,25.64,98.34,25.08,28.14,0,0,0,1,1,0,0,Esc3
924,7.34,16.25,15.38,2.06,5.12,0.28,12.26,92.31,41.56,3691312.76,24.05,38.0,0.13,27.27,98.3,26.58,28.14,0,0,0,1,1,0,0,Esc3
925,7.02,15.69,15.18,1.98,4.91,0.28,10.24,92.4,39.4,3457779.52,25.67,39.15,0.13,23.77,98.42,27.57,29.29,0,0,0,1,1,0,0,Esc3
926,7.11,16.33,15.29,2.01,4.96,0.28,10.87,92.56,40.26,3531751.39,25.13,38.85,0.13,24.85,98.38,27.28,29.17,0,0,0,1,1,0,0,Esc3
927,7.41,16.45,15.55,2.09,5.09,0.28,11.44,93.27,43.08,3635890.44,24.41,38.95,0.14,25.78,98.33,25.17,28.58,0,0,0,1,1,0,0,Esc3
928,7.37,16.16,15.61,2.06,5.14,0.28,11.95,93.53,43.59,3701905.16,23.98,38.7,0.14,26.66,98.29,24.11,26.64,0,0,0,1,1,0,0,Esc3
929,7.29,16.08,15.48,2.05,5.01,0.28,10.73,93.07,42.1,3550679.51,25.0,39.34,0.14,24.54,98.37,25.16,27.23,0,0,0,1,1,0,0,Esc3
930,7.33,16.62,15.54,2.07,5.11,0.28,11.95,93.53,43.14,3691921.25,24.04,38.58,0.13,26.69,98.3,24.53,27.4,0,0,0,1,1,0,0,Esc3
931,7.07,15.93,15.11,2.0,4.95,0.28,11.33,92.32,39.04,3560769.72,24.93,38.21,0.13,25.78,98.37,29.03,30.28,0,0,0,1,1,0,0,Esc3
932,7.3,16.69,15.48,2.06,5.06,0.28,11.65,92.64,41.43,3618800.14,24.53,38.5,0.13,26.07,98.34,26.44,28.55,0,0,0,1,1,0,0,Esc3
933,7.15,16.07,15.28,2.01,4.98,0.27,11.49,91.85,39.95,3572088.06,24.85,38.24,0.13,25.87,98.36,27.36,29.39,0,0,0,1,1,0,0,Esc3
934,7.23,16.33,15.32,2.01,5.01,0.28,11.57,93.04,41.44,3628696.21,24.46,38.5,0.13,26.17,98.33,26.17,29.41,0,0,0,1,1,0,0,Esc3
935,7.23,16.35,15.33,2.02,5.05,0.28,12.0,92.5,40.92,3652500.48,24.3,38.08,0.13,26.82,98.32,26.78,28.15,0,0,0,1,1,0,0,Esc3
936,7.41,16.34,15.56,2.05,5.11,0.28,12.09,92.93,42.57,3688391.49,24.07,38.4,0.13,26.84,98.3,24.41,26.86,0,0,0,1,1,0,0,Esc3
937,7.11,15.83,15.41,1.99,4.95,0.28,10.65,93.16,41.16,3527840.96,25.16,39.25,0.13,24.41,98.38,25.04,28.29,0,0,0,1,1,0,0,Esc3
938,7.12,16.01,15.16,2.02,5.03,0.28,12.15,92.45,39.99,3659951.18,24.25,37.75,0.13,27.21,98.32,28.23,30.2,0,0,0,1,1,0,0,Esc3
939,7.17,16.32,15.26,2.01,4.97,0.27,11.47,91.88,39.7,3568654.52,24.87,38.22,0.13,25.85,98.36,28.03,29.59,0,0,0,1,1,0,0,Esc3
940,7.31,16.31,15.39,2.05,5.06,0.28,11.77,92.3,41.55,3632951.47,24.43,38.32,0.13,26.38,98.33,26.25,28.63,0,0,0,1,1,0,0,Esc3
941,7.39,16.09,15.58,2.08,5.1,0.28,11.66,93.51,42.85,3655863.14,24.28,38.79,0.14,26.14,98.32,25.49,27.35,0,0,0,1,1,0,0,Esc3
942,7.09,16.36,15.17,2.02,4.93,0.28,10.6,92.46,40.11,3504207.88,25.33,38.93,0.13,24.48,98.39,28.35,30.27,0,0,0,1,1,0,0,Esc3
943,7.2,16.15,15.35,2.02,4.99,0.28,11.21,92.68,41.01,3574353.49,24.83,38.7,0.13,25.43,98.36,26.2,28.87,0,0,0,1,1,0,0,Esc3
944,7.34,15.82,15.41,2.06,5.03,0.28,11.12,92.7,41.78,3575881.26,24.82,38.89,0.13,25.25,98.36,26.43,29.5,0,0,0,1,1,0,0,Esc3
945,7.08,15.9,15.3,2.0,4.87,0.28,9.91,92.33,39.2,3415461.22,25.99,39.45,0.13,23.01,98.44,28.78,29.82,0,1,0,1,1,0,0,Esc3
946,7.22,16.51,15.29,2.02,4.97,0.28,11.38,92.33,40.52,3584839.83,24.76,38.46,0.13,25.78,98.35,28.09,29.03,0,0,0,1,1,0,0,Esc3
947,7.04,16.05,15.4,2.0,4.93,0.28,10.13,93.7,41.6,3492179.02,25.42,39.75,0.14,23.54,98.4,25.2,28.36,0,0,0,1,1,0,0,Esc3
948,7.35,16.67,15.6,2.04,5.04,0.28,11.4,93.41,42.9,3626385.25,24.48,39.0,0.14,25.65,98.33,25.04,27.61,0,0,0,1,1,0,0,Esc3
949,7.28,16.44,15.26,2.05,5.02,0.28,11.71,91.93,40.3,3606358.27,24.61,38.12,0.13,26.33,98.34,27.77,29.66,0,0,0,1,1,0,0,Esc3
950,7.1,15.98,15.32,1.99,4.89,0.28,9.96,92.59,40.29,3440627.03,25.8,39.58,0.13,23.15,98.42,26.17,28.22,0,1,0,1,1,0,0,Esc3
951,7.23,16.01,15.43,2.02,4.99,0.28,11.25,92.95,41.58,3591396.62,24.72,38.82,0.13,25.48,98.35,25.06,28.02,0,0,0,1,1,0,0,Esc3
952,7.34,16.01,15.45,2.05,5.03,0.28,11.04,92.49,42.09,3569613.05,24.87,38.99,0.14,25.09,98.36,25.12,28.8,0,0,0,1,1,0,0,Esc3
953,7.22,16.08,15.37,2.01,5.03,0.28,11.62,92.9,41.2,3623564.35,24.5,38.45,0.13,26.16,98.33,26.26,29.19,0,0,0,1,1,0,0,Esc3
954,7.17,16.22,15.26,2.03,4.93,0.28,10.59,92.23,40.22,3498318.37,25.37,38.99,0.13,24.35,98.4,27.75,28.99,0,0,0,1,1,0,0,Esc3
955,7.13,16.01,15.34,2.01,4.93,0.28,10.37,92.6,40.66,3486874.39,25.46,39.31,0.13,23.92,98.4,26.37,28.41,0,0,0,1,1,0,0,Esc3
956,7.33,16.41,15.51,2.04,5.08,0.28,12.16,93.55,42.43,3700891.48,23.99,38.32,0.13,27.03,98.3,24.92,28.25,0,0,0,1,1,0,0,Esc3
957,7.17,16.27,15.36,2.03,5.1,0.28,12.32,93.1,41.53,3707665.11,23.94,37.99,0.13,27.43,98.29,26.36,28.68,0,0,0,1,1,0,0,Esc3
958,7.23,16.36,15.42,2.05,5.05,0.28,11.36,93.38,42.09,3619344.27,24.53,38.84,0.13,25.74,98.34,25.75,28.18,0,0,0,1,1,0,0,Esc3
959,7.23,16.06,15.39,2.03,4.97,0.28,10.78,92.86,41.31,3535895.88,25.1,39.09,0.13,24.65,98.38,25.94,28.64,0,0,0,1,1,0,0,Esc3
960,7.21,15.99,15.36,2.04,5.01,0.28,11.13,92.91,41.33,3578171.16,24.81,38.85,0.13,25.32,98.36,26.65,29.05,0,0,0,1,1,0,0,Esc3
961,6.97,16.15,15.21,1.97,4.85,0.28,10.05,92.52,38.97,3430257.1,25.88,39.27,0.13,23.35,98.43,28.4,28.78,0,0,0,1,1,0,0,Esc3
962,7.03,16.21,15.21,1.99,4.9,0.28,10.15,92.39,39.89,3456267.72,25.68,39.29,0.13,23.61,98.42,27.1,29.37,0,0,0,1,1,0,0,Esc3
963,7.03,16.07,15.19,1.99,4.87,0.28,10.39,91.95,39.17,3455071.13,25.69,38.92,0.13,23.96,98.42,27.96,29.81,0,0,0,1,1,0,0,Esc3
964,7.21,16.08,15.38,2.04,5.04,0.28,11.17,93.44,41.94,3601028.11,24.65,38.94,0.13,25.45,98.34,26.31,28.62,0,0,0,1,1,0,0,Esc3
965,7.08,15.85,15.28,1.98,4.86,0.28,9.79,91.74,39.42,3398163.48,26.12,39.49,0.13,22.78,98.44,26.83,29.22,0,1,0,1,1,0,0,Esc3
966,7.47,16.52,15.57,2.07,5.05,0.28,11.24,92.71,42.49,3597472.97,24.67,39.01,0.14,25.35,98.35,25.37,27.71,0,0,0,1,1,0,0,Esc3
967,6.99,16.09,15.18,1.98,4.87,0.28,10.01,92.17,39.45,3429746.94,25.88,39.3,0.13,23.31,98.43,28.1,29.64,0,0,0,1,1,0,0,Esc3
968,7.37,16.33,15.39,2.07,5.07,0.28,11.68,92.49,42.0,3637063.66,24.41,38.48,0.13,26.27,98.33,26.01,29.56,0,0,0,1,1,0,0,Esc3
969,7.17,15.98,15.35,2.04,5.03,0.28,11.31,93.01,41.34,3599963.67,24.66,38.72,0.13,25.67,98.35,26.19,28.55,0,0,0,1,1,0,0,Esc3
970,7.29,16.49,15.37,2.04,5.03,0.28,11.61,92.78,41.48,3627538.4,24.47,38.48,0.13,26.17,98.33,26.24,29.14,0,0,0,1,1,0,0,Esc3
971,7.2,16.4,15.39,2.03,5.03,0.28,11.27,92.35,41.3,3578044.91,24.81,38.68,0.13,25.49,98.36,25.36,28.21,0,0,0,1,1,0,0,Esc3
972,7.12,16.33,15.31,2.01,4.99,0.28,10.95,93.22,41.15,3564801.38,24.9,38.95,0.13,25.08,98.36,26.48,28.93,0,0,0,1,1,0,0,Esc3
973,7.44,16.22,15.55,2.08,5.13,0.28,12.13,93.74,43.69,3729014.72,23.8,38.54,0.13,27.07,98.28,24.71,27.93,0,0,0,1,1,0,0,Esc3
974,7.37,16.36,15.47,2.04,5.04,0.28,11.23,92.36,41.77,3581799.6,24.78,38.82,0.13,25.38,98.35,25.93,28.82,0,0,0,1,1,0,0,Esc3
975,7.16,16.18,15.36,2.0,5.01,0.28,11.83,93.27,41.44,3655679.97,24.28,38.34,0.13,26.59,98.32,25.75,28.32,0,0,0,1,1,0,0,Esc3
976,7.5,16.52,15.7,2.11,5.19,0.28,12.13,93.87,44.54,3736617.29,23.76,38.75,0.14,26.94,98.28,24.02,27.11,0,0,0,1,1,0,0,Esc3
977,7.5,16.43,15.58,2.08,5.12,0.28,12.36,92.85,42.48,3709251.0,23.93,38.18,0.13,27.26,98.29,26.1,28.18,0,0,0,1,1,0,0,Esc3
978,7.21,16.43,15.34,2.03,5.04,0.28,11.36,93.0,41.22,3604362.38,24.63,38.67,0.13,25.76,98.34,27.09,28.51,0,0,0,1,1,0,0,Esc3
979,7.13,16.1,15.25,2.01,4.9,0.28,10.24,92.14,40.21,3463859.82,25.63,39.25,0.13,23.73,98.41,27.58,29.59,0,0,0,1,1,0,0,Esc3
980,7.29,16.5,15.57,2.04,5.05,0.28,11.18,93.73,42.81,3612751.58,24.57,39.18,0.14,25.33,98.34,24.8,26.98,0,0,0,1,1,0,0,Esc3
981,7.39,16.24,15.47,2.08,5.13,0.28,12.07,93.66,43.66,3724940.81,23.83,38.52,0.14,27.06,98.28,24.21,28.05,0,0,0,1,1,0,0,Esc3
982,7.24,15.96,15.36,2.04,5.03,0.28,11.67,92.88,41.58,3638101.15,24.4,38.45,0.13,26.3,98.33,25.5,27.95,0,0,0,1,1,0,0,Esc3
983,7.17,15.96,15.42,2.01,4.97,0.28,10.61,93.67,41.81,3541670.2,25.06,39.4,0.14,24.4,98.37,25.41,28.02,0,0,0,1,1,0,0,Esc3
984,7.29,16.35,15.4,2.06,5.1,0.28,12.33,92.98,42.27,3713804.86,23.9,38.05,0.13,27.42,98.29,26.17,29.06,0,0,0,1,1,0,0,Esc3
985,7.07,16.12,15.26,2.0,4.9,0.28,10.36,92.55,39.69,3469687.84,25.58,39.14,0.13,23.91,98.41,28.31,29.04,0,0,0,1,1,0,0,Esc3
986,6.96,15.75,15.11,1.99,4.84,0.28,9.87,92.39,38.61,3408258.17,26.04,39.27,0.13,23.11,98.44,29.65,29.92,0,1,0,1,1,0,0,Esc3
987,7.21,15.81,15.39,2.03,5.05,0.28,11.29,93.38,41.95,3613712.41,24.56,38.87,0.13,25.65,98.34,25.76,28.81,0,0,0,1,1,0,0,Esc3
988,7.22,16.05,15.35,2.03,5.04,0.28,11.58,93.18,41.72,3633714.2,24.43,38.54,0.13,26.17,98.33,26.38,28.46,0,0,0,1,1,0,0,Esc3
989,7.1,16.28,15.24,2.02,4.94,0.28,11.09,92.64,39.74,3545325.93,25.04,38.58,0.13,25.26,98.37,28.24,30.13,0,0,0,1,1,0,0,Esc3
990,7.21,16.28,15.35,2.02,4.98,0.28,10.6,93.27,41.83,3539593.84,25.08,39.32,0.14,24.45,98.38,25.41,28.89,0,0,0,1,1,0,0,Esc3
991,7.26,16.14,15.48,2.03,5.05,0.28,11.64,93.61,42.04,3645352.19,24.35,38.66,0.13,26.17,98.32,25.61,28.14,0,0,0,1,1,0,0,Esc3
992,7.23,16.38,15.44,2.0,5.0,0.28,10.92,92.88,41.74,3558197.83,24.95,39.09,0.14,24.87,98.37,24.69,27.81,0,0,0,1,1,0,0,Esc3
993,7.32,16.23,15.43,2.04,5.07,0.28,12.17,92.99,42.21,3696452.28,24.01,38.21,0.13,27.11,98.3,25.2,28.0,0,0,0,1,1,0,0,Esc3
994,7.24,16.45,15.47,2.03,4.98,0.28,10.61,93.3,41.5,3527082.4,25.17,39.36,0.14,24.28,98.38,26.45,28.27,0,0,0,1,1,0,0,Esc3
995,7.19,16.08,15.36,2.04,5.03,0.28,11.3,93.24,42.06,3612906.36,24.57,38.81,0.13,25.7,98.34,25.69,28.71,0,0,0,1,1,0,0,Esc3
996,7.15,16.17,15.25,2.02,4.99,0.28,11.26,92.79,40.8,3582283.16,24.78,38.58,0.13,25.63,98.36,27.11,30.17,0,0,0,1,1,0,0,Esc3
997,7.36,16.11,15.45,2.03,5.04,0.28,11.32,92.43,41.8,3592514.91,24.71,38.76,0.13,25.55,98.35,26.17,27.32,0,0,0,1,1,0,0,Esc3
998,7.24,15.93,15.33,2.04,5.1,0.28,12.24,93.65,41.91,3718043.77,23.87,38.12,0.13,27.39,98.29,26.43,29.54,0,0,0,1,1,0,0,Esc3
999,7.13,16.11,15.39,2.01,4.94,0.28,10.5,92.51,40.5,3493985.16,25.41,39.22,0.13,24.08,98.4,26.04,27.98,0,0,0,1,1,0,0,Esc3
0,9.27,25.8,19.17,3.9,6.54,0.3,1.0,91.41,24.31,3076374.81,38.47,55.1,0.2,2.58,98.54,31.35,15.23,0,1,0,1,0,1,0,Esc4
1,9.21,25.93,18.57,3.94,6.34,0.3,0.93,88.94,21.84,2974862.97,39.79,53.82,0.19,2.42,98.59,36.38,18.56,0,1,0,0,0,1,0,Esc4
2,9.5,27.02,19.27,3.97,6.6,0.3,0.8,90.47,24.56,3052921.89,38.77,55.29,0.21,2.06,98.55,30.79,16.08,0,1,0,1,0,1,0,Esc4
3,9.61,25.23,19.67,3.92,6.66,0.31,0.56,92.29,26.17,3094635.91,38.25,56.48,0.22,1.45,98.52,28.37,13.96,0,1,0,1,0,1,0,Esc4
4,9.29,26.28,19.08,3.98,6.55,0.3,0.89,91.24,24.13,3059524.84,38.68,55.14,0.2,2.3,98.54,31.72,15.62,0,1,0,1,0,1,0,Esc4
5,9.2,25.53,19.05,3.82,6.44,0.3,0.51,91.15,24.03,3021449.69,39.17,55.57,0.21,1.34,98.57,31.2,16.66,0,1,0,1,0,1,0,Esc4
6,9.06,25.69,18.83,3.79,6.38,0.3,0.71,90.18,22.93,2999318.98,39.46,54.74,0.2,1.85,98.58,33.07,15.88,0,1,0,1,0,1,0,Esc4
7,8.98,25.72,18.53,3.76,6.25,0.3,0.66,89.19,21.65,2948894.83,40.14,54.12,0.19,1.73,98.61,35.85,17.78,0,1,0,0,0,1,0,Esc4
8,10.27,25.89,20.24,4.13,6.93,0.31,0.78,92.49,28.43,3176462.66,37.26,57.03,0.23,1.98,98.48,26.25,13.55,0,1,0,1,0,1,0,Esc4
9,9.98,24.9,20.1,4.0,6.83,0.31,0.6,92.59,27.92,3147160.63,37.61,57.11,0.23,1.53,98.49,25.99,13.55,0,1,0,1,0,1,0,Esc4
10,9.89,26.42,19.61,4.07,6.7,0.3,0.78,90.96,25.5,3081218.2,38.41,55.75,0.21,2.0,98.53,31.08,15.79,0,1,0,1,0,1,0,Esc4
11,9.68,25.8,19.57,3.93,6.67,0.31,0.77,92.44,25.99,3110880.56,38.05,56.17,0.22,1.98,98.52,29.11,14.65,0,1,0,1,0,1,0,Esc4
12,9.23,26.6,18.83,3.94,6.41,0.3,0.77,89.64,22.78,2994166.77,39.53,54.51,0.2,2.0,98.58,34.36,17.12,0,1,0,0,0,1,0,Esc4
13,9.74,26.39,19.29,4.12,6.65,0.3,0.92,90.02,24.56,3057927.43,38.7,55.07,0.21,2.35,98.54,31.82,16.65,0,1,0,1,0,1,0,Esc4
14,10.41,26.41,20.2,4.23,6.98,0.31,0.92,91.5,28.09,3168117.08,37.36,56.59,0.23,2.32,98.48,27.96,14.29,0,1,0,1,0,1,0,Esc4
15,10.05,26.4,19.79,4.29,6.92,0.31,0.97,91.73,26.92,3146452.12,37.62,56.14,0.22,2.48,98.49,30.37,16.24,0,1,0,1,0,1,0,Esc4
16,8.92,25.73,18.5,3.82,6.28,0.3,0.75,89.49,21.85,2965999.35,39.9,54.13,0.19,1.97,98.6,35.67,17.61,0,1,0,0,0,1,0,Esc4
17,9.67,26.14,19.44,3.97,6.61,0.3,0.53,90.91,25.18,3049855.2,38.81,55.94,0.21,1.38,98.55,30.4,15.08,0,1,0,1,0,1,0,Esc4
18,9.71,25.71,19.5,4.06,6.68,0.3,0.8,90.95,25.32,3077868.5,38.45,55.65,0.21,2.05,98.53,30.7,15.41,0,1,0,1,0,1,0,Esc4
19,9.32,26.75,19.04,3.91,6.46,0.3,0.5,90.56,23.75,3005564.52,39.38,55.39,0.2,1.3,98.57,32.69,16.28,0,1,0,1,0,1,0,Esc4
20,9.25,26.59,18.84,3.88,6.43,0.3,0.89,90.28,23.18,3023518.05,39.15,54.61,0.2,2.33,98.57,33.68,17.25,0,1,0,1,0,1,0,Esc4
21,8.96,25.72,18.41,3.78,6.19,0.3,0.43,88.94,21.25,2915152.02,40.6,54.21,0.19,1.13,98.62,36.84,18.7,0,1,0,0,0,1,0,Esc4
22,9.61,25.69,19.43,4.03,6.62,0.3,0.53,90.92,24.96,3044219.78,38.88,55.85,0.21,1.38,98.55,31.06,15.66,0,1,0,1,0,1,0,Esc4
23,9.7,26.36,19.48,4.16,6.76,0.31,0.94,91.6,25.64,3107450.31,38.09,55.69,0.21,2.41,98.51,30.88,15.79,0,1,0,1,0,1,0,Esc4
24,9.32,25.85,19.33,3.9,6.59,0.31,0.75,92.12,25.15,3083601.89,38.38,55.83,0.21,1.95,98.53,29.32,14.9,0,1,0,1,0,1,0,Esc4
25,9.41,25.89,19.18,3.95,6.54,0.3,0.6,91.2,24.5,3042286.57,38.9,55.63,0.21,1.58,98.55,31.06,15.81,0,1,0,1,0,1,0,Esc4
26,9.73,25.75,19.37,4.03,6.64,0.3,0.89,90.44,24.94,3070990.96,38.54,55.31,0.21,2.3,98.54,31.49,16.14,0,1,0,1,0,1,0,Esc4
27,9.94,25.98,19.73,4.12,6.78,0.31,0.73,91.58,26.49,3110958.93,38.04,56.27,0.22,1.88,98.51,29.71,15.05,0,1,0,1,0,1,0,Esc4
28,8.68,25.14,18.39,3.65,6.2,0.3,0.55,90.42,21.75,2957263.53,40.02,54.5,0.19,1.47,98.6,33.87,16.72,0,1,0,1,0,1,0,Esc4
29,9.66,26.11,19.4,4.02,6.63,0.3,0.78,91.27,24.95,3070633.15,38.54,55.6,0.21,2.0,98.54,31.12,16.03,0,1,0,1,0,1,0,Esc4
30,9.76,26.21,19.51,4.13,6.7,0.3,0.77,91.21,25.54,3084402.85,38.37,55.8,0.21,1.99,98.53,31.12,15.82,0,1,0,1,0,1,0,Esc4
31,10.53,26.09,20.22,4.24,6.96,0.3,0.87,91.03,27.82,3150820.86,37.56,56.49,0.23,2.19,98.49,27.88,14.31,0,1,0,1,0,1,0,Esc4
32,10.07,26.34,19.72,4.16,6.8,0.31,0.88,91.53,26.44,3122624.19,37.9,56.05,0.22,2.26,98.51,30.2,15.27,0,1,0,1,0,1,0,Esc4
33,8.99,26.75,18.73,3.83,6.37,0.3,0.82,90.35,22.55,3000819.21,39.44,54.47,0.19,2.15,98.58,34.08,16.82,0,1,0,1,0,1,0,Esc4
34,9.15,25.43,18.71,3.92,6.38,0.3,0.48,89.71,22.75,2967823.47,39.88,54.87,0.2,1.26,98.59,33.88,18.25,0,1,0,0,0,1,0,Esc4
35,9.27,26.22,18.88,4.03,6.49,0.3,0.9,90.3,23.09,3021922.75,39.17,54.58,0.2,2.33,98.56,34.74,17.3,0,1,0,1,0,1,0,Esc4
36,9.19,25.5,19.11,3.86,6.54,0.31,0.65,92.31,24.67,3064684.39,38.62,55.81,0.21,1.71,98.54,31.39,16.07,0,1,0,1,0,1,0,Esc4
37,10.05,26.98,19.61,4.14,6.75,0.3,0.97,90.41,25.67,3096266.42,38.23,55.48,0.21,2.47,98.52,31.09,15.78,0,1,0,1,0,1,0,Esc4
38,9.08,25.05,18.55,3.86,6.31,0.3,0.54,89.35,22.23,2955468.1,40.05,54.53,0.19,1.42,98.6,35.58,18.53,0,1,0,0,0,1,0,Esc4
39,9.78,26.56,19.52,4.04,6.66,0.3,0.84,90.71,25.27,3077772.96,38.46,55.55,0.21,2.14,98.53,31.11,15.9,0,1,0,1,0,1,0,Esc4
40,8.9,25.8,18.54,3.82,6.29,0.3,0.65,90.66,22.07,2976961.26,39.76,54.55,0.19,1.71,98.59,35.46,17.88,0,1,0,1,0,1,0,Esc4
41,10.17,26.22,20.08,4.15,6.86,0.3,0.74,91.94,27.2,3133085.22,37.78,56.58,0.23,1.87,98.5,28.76,13.8,0,1,0,1,0,1,0,Esc4
42,9.73,25.88,19.48,4.01,6.67,0.3,0.8,90.66,25.32,3075018.15,38.49,55.61,0.21,2.05,98.53,30.29,15.53,0,1,0,1,0,1,0,Esc4
43,9.69,27.11,19.21,4.08,6.59,0.3,0.88,90.18,24.2,3046646.05,38.85,55.0,0.21,2.26,98.55,33.22,16.84,0,1,0,1,0,1,0,Esc4
44,9.93,25.57,19.71,4.03,6.74,0.3,0.79,91.4,26.28,3108280.9,38.08,56.09,0.22,2.03,98.51,28.97,15.36,0,1,0,1,0,1,0,Esc4
45,9.44,26.54,19.2,4.01,6.63,0.3,1.09,91.27,24.67,3092682.25,38.27,55.09,0.21,2.81,98.53,31.19,15.37,0,1,0,1,0,1,0,Esc4
46,10.35,26.69,20.16,4.22,6.94,0.31,0.9,92.06,27.73,3164091.8,37.41,56.58,0.23,2.28,98.48,28.12,14.07,0,1,0,1,0,1,0,Esc4
47,9.47,25.86,19.37,3.85,6.58,0.31,0.77,91.79,25.34,3086217.04,38.35,55.82,0.21,1.99,98.53,29.22,14.52,0,1,0,1,0,1,0,Esc4
48,9.78,26.63,19.68,4.03,6.74,0.31,0.66,91.75,26.26,3099678.91,38.18,56.3,0.22,1.69,98.52,28.68,14.25,0,1,0,1,0,1,0,Esc4
49,9.94,26.34,19.72,4.09,6.76,0.31,0.81,91.77,26.36,3115855.81,37.99,56.15,0.22,2.07,98.51,29.22,14.54,0,1,0,1,0,1,0,Esc4
50,8.8,26.54,18.68,3.71,6.32,0.3,0.83,91.62,22.68,3020649.86,39.18,54.71,0.19,2.18,98.57,32.77,16.64,0,1,0,1,0,1,0,Esc4
51,9.65,26.19,19.41,4.0,6.63,0.3,0.85,90.97,25.03,3076452.46,38.47,55.49,0.21,2.19,98.53,30.53,14.94,0,1,0,1,0,1,0,Esc4
52,10.01,26.58,19.59,4.17,6.76,0.3,0.76,90.84,25.79,3085766.08,38.36,55.86,0.22,1.94,98.53,31.02,16.21,0,1,0,1,0,1,0,Esc4
53,9.3,26.0,19.02,3.94,6.47,0.3,0.67,90.74,23.6,3018850.52,39.21,55.13,0.2,1.74,98.57,33.38,16.49,0,1,0,1,0,1,0,Esc4
54,9.66,26.79,19.38,4.08,6.67,0.3,0.87,90.89,25.0,3076218.9,38.47,55.43,0.21,2.24,98.53,31.12,15.89,0,1,0,1,0,1,0,Esc4
55,9.71,27.46,19.39,4.13,6.76,0.3,1.36,90.54,25.16,3121140.41,37.92,54.83,0.21,3.46,98.51,31.54,15.83,0,1,0,1,0,1,0,Esc4
56,10.24,26.86,19.83,4.32,6.94,0.3,1.39,91.36,26.68,3172698.49,37.3,55.47,0.22,3.5,98.48,30.8,16.28,0,1,0,1,0,1,0,Esc4
57,9.26,25.86,18.99,3.87,6.47,0.3,1.03,90.41,23.35,3041915.25,38.91,54.54,0.2,2.66,98.56,32.81,16.07,0,1,0,1,0,1,0,Esc4
58,9.05,24.89,18.81,3.82,6.36,0.3,0.61,90.31,22.81,2988316.51,39.61,54.83,0.2,1.61,98.58,33.52,16.67,0,1,0,1,0,1,0,Esc4
59,9.78,26.18,19.32,4.02,6.64,0.3,1.04,90.69,24.85,3084999.35,38.37,55.12,0.21,2.67,98.53,31.46,16.55,0,1,0,1,0,1,0,Esc4
60,9.72,25.34,19.55,3.98,6.63,0.3,0.74,91.0,25.36,3074707.48,38.49,55.75,0.21,1.9,98.53,30.67,14.9,0,1,0,1,0,1,0,Esc4
61,8.73,24.74,18.67,3.6,6.23,0.3,0.53,90.78,22.28,2973393.57,39.81,54.8,0.19,1.41,98.6,31.87,15.94,0,1,0,1,0,1,0,Esc4
62,9.45,25.87,19.15,3.92,6.54,0.31,0.73,91.29,24.54,3056656.47,38.72,55.49,0.21,1.91,98.55,31.44,16.27,0,1,0,1,0,1,0,Esc4
63,9.07,24.77,18.91,3.73,6.34,0.3,0.46,90.96,23.22,2992854.0,39.55,55.3,0.2,1.2,98.58,32.68,16.7,0,1,0,1,0,1,0,Esc4
64,9.89,27.06,19.6,4.12,6.83,0.31,1.32,91.83,26.19,3161330.88,37.44,55.45,0.21,3.37,98.49,29.68,15.71,0,1,0,1,0,1,0,Esc4
65,10.16,26.76,19.53,4.26,6.76,0.3,0.84,89.89,25.32,3069383.13,38.56,55.43,0.21,2.15,98.53,32.83,16.59,0,1,0,0,0,1,0,Esc4
66,10.11,26.44,19.82,4.18,6.85,0.3,1.04,90.99,26.53,3132502.86,37.78,55.8,0.22,2.63,98.5,30.06,15.27,0,1,0,1,0,1,0,Esc4
67,10.35,26.72,19.95,4.29,6.89,0.3,0.83,91.12,26.9,3123874.43,37.89,56.21,0.22,2.11,98.5,30.92,15.36,0,1,0,1,0,1,0,Esc4
68,9.89,26.63,19.88,4.1,6.84,0.31,0.91,92.6,27.21,3157912.61,37.48,56.45,0.22,2.33,98.49,27.19,13.78,0,1,0,1,0,1,0,Esc4
69,9.48,25.43,19.18,3.95,6.56,0.3,0.74,90.89,24.41,3049224.21,38.82,55.38,0.21,1.92,98.55,32.29,17.17,0,1,0,1,0,1,0,Esc4
70,8.4,24.87,18.01,3.46,5.97,0.3,0.42,89.46,20.14,2892118.36,40.92,53.84,0.18,1.14,98.64,35.77,18.65,0,1,0,0,0,1,0,Esc4
71,9.78,26.9,19.45,4.06,6.7,0.3,0.87,91.3,25.5,3093904.01,38.25,55.69,0.21,2.23,98.52,30.73,15.9,0,1,0,1,0,1,0,Esc4
72,10.22,26.94,20.15,4.18,6.95,0.31,0.95,92.48,28.2,3185650.21,37.15,56.73,0.23,2.4,98.47,26.57,13.62,0,1,0,1,0,1,0,Esc4
73,9.97,26.82,19.49,4.16,6.76,0.3,1.22,90.0,25.34,3105907.9,38.11,54.99,0.21,3.09,98.52,31.47,16.38,0,1,0,1,0,1,0,Esc4
74,9.48,26.59,19.09,4.08,6.56,0.3,0.74,90.6,24.02,3035080.69,39.0,55.18,0.21,1.93,98.56,33.58,17.1,0,1,0,1,0,1,0,Esc4
75,9.66,26.15,19.37,4.05,6.65,0.3,0.72,90.91,25.17,3066901.69,38.59,55.69,0.21,1.86,98.54,30.84,15.88,0,1,0,1,0,1,0,Esc4
76,9.8,26.41,19.53,4.08,6.7,0.3,0.74,90.92,25.61,3080511.59,38.42,55.84,0.22,1.9,98.53,30.98,15.61,0,1,0,1,0,1,0,Esc4
77,9.54,26.48,19.26,3.93,6.59,0.3,0.85,90.64,24.63,3061948.93,38.65,55.28,0.21,2.2,98.54,30.34,15.63,0,1,0,1,0,1,0,Esc4
78,8.96,25.27,18.64,3.73,6.32,0.3,0.65,90.46,22.63,2988920.96,39.6,54.74,0.2,1.71,98.59,33.45,17.08,0,1,0,1,0,1,0,Esc4
79,9.69,26.45,19.49,4.04,6.7,0.3,0.96,91.47,25.43,3101707.21,38.16,55.56,0.21,2.47,98.52,30.37,15.74,0,1,0,1,0,1,0,Esc4
80,9.12,25.52,18.88,3.87,6.41,0.3,0.55,90.91,23.23,3001431.4,39.43,55.17,0.2,1.45,98.58,33.94,16.84,0,1,0,1,0,1,0,Esc4
81,10.17,26.0,19.95,4.15,6.85,0.31,0.65,92.07,27.48,3134924.45,37.75,56.8,0.23,1.67,98.5,28.49,14.81,0,1,0,1,0,1,0,Esc4
82,8.98,25.21,18.71,3.72,6.29,0.3,0.48,89.64,22.53,2960992.22,39.97,54.76,0.2,1.27,98.6,33.35,16.94,0,1,0,0,0,1,0,Esc4
83,10.05,25.43,19.84,4.07,6.8,0.31,0.71,91.93,27.17,3130765.67,37.8,56.59,0.22,1.82,98.5,28.79,14.8,0,1,0,1,0,1,0,Esc4
84,9.24,25.82,18.91,3.87,6.4,0.3,0.65,90.56,23.15,3003630.58,39.4,54.96,0.2,1.7,98.58,33.09,16.44,0,1,0,1,0,1,0,Esc4
85,9.22,26.69,18.83,3.86,6.4,0.3,0.65,89.72,22.94,2988205.83,39.61,54.72,0.2,1.71,98.58,33.87,17.56,0,1,0,0,0,1,0,Esc4
86,9.74,26.2,19.54,4.09,6.73,0.31,0.73,91.37,25.85,3091229.56,38.29,55.99,0.22,1.89,98.52,30.23,15.31,0,1,0,1,0,1,0,Esc4
87,9.33,25.87,19.12,3.84,6.5,0.3,0.77,91.03,24.33,3051367.39,38.79,55.32,0.21,2.02,98.55,31.08,15.6,0,1,0,1,0,1,0,Esc4
88,9.55,26.55,19.27,4.02,6.63,0.3,1.09,91.31,24.61,3091099.47,38.29,55.07,0.21,2.81,98.53,31.67,16.25,0,1,0,1,0,1,0,Esc4
89,9.59,26.73,19.35,4.05,6.68,0.3,0.93,90.66,24.91,3076232.74,38.47,55.29,0.21,2.39,98.53,30.69,15.36,0,1,0,1,0,1,0,Esc4
90,9.8,26.94,19.59,4.14,6.73,0.3,0.68,90.75,25.57,3072354.14,38.52,55.87,0.22,1.76,98.53,29.89,15.18,0,1,0,1,0,1,0,Esc4
91,9.19,26.13,18.9,3.9,6.47,0.3,0.99,90.69,23.26,3038726.21,38.95,54.59,0.2,2.57,98.56,32.77,16.94,0,1,0,1,0,1,0,Esc4
92,9.47,26.06,19.45,3.89,6.63,0.31,0.78,92.28,25.72,3103588.33,38.14,56.02,0.21,2.03,98.52,28.35,14.49,0,1,0,1,0,1,0,Esc4
93,9.92,25.49,19.97,4.01,6.82,0.31,0.65,92.39,27.7,3143672.87,37.65,56.92,0.23,1.67,98.5,26.36,14.12,0,1,0,1,0,1,0,Esc4
94,9.26,26.13,19.08,3.93,6.52,0.3,0.77,91.28,24.14,3049311.11,38.81,55.29,0.21,2.02,98.55,31.88,15.94,0,1,0,1,0,1,0,Esc4
95,9.64,26.29,19.68,4.0,6.75,0.31,0.89,92.79,26.39,3137339.0,37.73,56.21,0.22,2.29,98.5,28.49,14.69,0,1,0,1,0,1,0,Esc4
96,9.9,26.56,19.75,4.05,6.79,0.31,0.97,92.07,26.63,3142556.21,37.66,56.09,0.22,2.48,98.5,28.46,14.64,0,1,0,1,0,1,0,Esc4
97,9.27,25.41,19.14,3.74,6.42,0.3,0.57,90.72,24.01,3020721.35,39.18,55.41,0.21,1.49,98.57,30.66,16.07,0,1,0,1,0,1,0,Esc4
98,8.89,26.01,18.48,3.72,6.27,0.3,0.82,90.44,22.05,2989010.07,39.6,54.29,0.19,2.16,98.59,35.23,18.24,0,1,0,1,0,1,0,Esc4
99,9.16,26.22,18.81,3.87,6.45,0.3,0.98,90.5,23.33,3038672.26,38.95,54.59,0.2,2.57,98.56,33.0,17.95,0,1,0,1,0,1,0,Esc4
100,8.37,23.99,18.12,3.52,6.03,0.3,0.44,89.54,20.48,2903839.29,40.76,53.98,0.18,1.19,98.64,35.69,17.96,0,1,0,0,0,1,0,Esc4
101,9.87,27.01,19.72,4.1,6.8,0.3,1.27,92.08,26.19,3158359.16,37.47,55.55,0.21,3.23,98.49,29.7,14.13,0,1,0,1,0,1,0,Esc4
102,9.67,26.36,19.45,4.08,6.69,0.31,0.68,91.4,25.47,3076932.91,38.47,55.93,0.21,1.75,98.53,30.72,15.65,0,1,0,1,0,1,0,Esc4
103,9.32,25.93,19.2,3.93,6.58,0.31,0.77,91.86,24.76,3072229.04,38.52,55.62,0.21,2.0,98.54,30.62,15.38,0,1,0,1,0,1,0,Esc4
104,9.54,26.3,19.3,4.02,6.64,0.3,0.94,91.31,24.98,3087102.75,38.34,55.4,0.21,2.43,98.53,30.93,16.04,0,1,0,1,0,1,0,Esc4
105,8.91,26.32,18.79,3.68,6.32,0.3,0.62,91.11,23.03,3004881.63,39.39,55.03,0.2,1.65,98.58,31.45,16.08,0,1,0,1,0,1,0,Esc4
106,9.97,26.87,19.71,4.04,6.79,0.31,1.08,91.64,26.6,3146372.98,37.62,55.86,0.22,2.77,98.5,28.96,14.84,0,1,0,1,0,1,0,Esc4
107,9.93,26.27,19.66,4.04,6.69,0.3,0.7,90.7,25.77,3078025.36,38.45,55.9,0.22,1.8,98.53,30.06,15.85,0,1,0,1,0,1,0,Esc4
108,9.64,26.31,19.32,3.97,6.59,0.3,0.87,90.97,24.84,3073149.57,38.51,55.39,0.21,2.25,98.54,31.85,15.68,0,1,0,1,0,1,0,Esc4
109,9.66,27.2,19.34,4.11,6.74,0.3,1.24,90.9,25.26,3116944.34,37.97,55.05,0.21,3.18,98.51,30.52,15.61,0,1,0,1,0,1,0,Esc4
110,9.16,25.95,18.86,3.74,6.34,0.3,0.65,89.81,22.92,2989077.52,39.6,54.74,0.2,1.71,98.58,32.46,16.18,0,1,0,0,0,1,0,Esc4
111,9.72,26.14,19.49,4.02,6.67,0.3,0.81,91.45,25.56,3091486.94,38.28,55.8,0.21,2.09,98.53,30.53,15.24,0,1,0,1,0,1,0,Esc4
112,9.85,27.26,19.55,4.18,6.79,0.31,1.18,91.52,25.92,3136119.89,37.74,55.47,0.21,3.01,98.5,30.54,15.46,0,1,0,1,0,1,0,Esc4
113,10.34,26.54,20.24,4.28,7.03,0.31,0.91,92.17,28.61,3189239.0,37.11,56.87,0.23,2.3,98.47,26.06,13.73,0,1,0,1,0,1,0,Esc4
114,9.7,26.28,19.4,4.06,6.67,0.3,0.96,91.27,25.17,3092784.45,38.27,55.43,0.21,2.47,98.52,31.18,16.02,0,1,0,1,0,1,0,Esc4
115,9.42,25.45,19.08,3.87,6.49,0.3,0.61,90.48,24.16,3025488.5,39.12,55.38,0.21,1.59,98.56,31.96,16.94,0,1,0,1,0,1,0,Esc4
116,10.56,27.22,20.46,4.28,7.07,0.31,1.14,92.11,28.9,3216637.64,36.79,56.68,0.23,2.84,98.45,26.41,13.13,0,1,0,1,0,1,0,Esc4
117,9.68,26.46,19.41,3.94,6.59,0.3,0.59,91.3,25.25,3061432.56,38.66,55.95,0.21,1.52,98.54,29.84,15.43,0,1,0,1,0,1,0,Esc4
118,9.16,25.24,18.93,3.81,6.38,0.3,0.49,90.9,23.34,2998614.15,39.47,55.28,0.2,1.3,98.58,32.87,16.31,0,1,0,1,0,1,0,Esc4
119,10.24,27.07,19.99,4.29,7.0,0.31,1.32,91.77,27.71,3199440.64,36.99,55.98,0.22,3.33,98.46,28.71,15.29,0,1,0,1,0,1,0,Esc4
120,10.48,27.03,20.04,4.31,6.98,0.3,1.17,91.09,27.44,3168866.3,37.35,55.98,0.22,2.93,98.48,29.51,15.48,0,1,0,1,0,1,0,Esc4
121,9.98,26.51,19.9,4.07,6.82,0.31,0.95,92.35,27.18,3157817.58,37.48,56.35,0.22,2.42,98.49,27.81,13.94,0,1,0,1,0,1,0,Esc4
122,9.18,25.87,18.95,3.91,6.48,0.31,0.66,91.3,23.77,3030427.85,39.06,55.31,0.2,1.73,98.56,31.89,15.68,0,1,0,1,0,1,0,Esc4
123,8.91,24.54,18.47,3.75,6.24,0.3,0.46,89.24,21.84,2936877.83,40.3,54.44,0.19,1.23,98.61,35.07,17.6,0,1,0,0,0,1,0,Esc4
124,9.62,26.1,19.34,4.01,6.64,0.3,0.83,91.29,25.12,3080212.81,38.42,55.59,0.21,2.14,98.53,30.7,15.61,0,1,0,1,0,1,0,Esc4
125,9.13,25.44,19.07,3.78,6.39,0.3,0.42,90.62,23.44,2991227.78,39.57,55.37,0.2,1.1,98.58,31.32,15.51,0,1,0,1,0,1,0,Esc4
126,9.67,25.78,19.5,3.94,6.64,0.31,0.81,91.68,25.72,3098595.41,38.2,55.9,0.22,2.08,98.52,29.94,14.54,0,1,0,1,0,1,0,Esc4
127,9.53,25.16,19.38,3.94,6.58,0.3,0.69,90.49,24.66,3045484.29,38.86,55.48,0.21,1.77,98.55,30.59,15.03,0,1,0,1,0,1,0,Esc4
128,10.4,27.27,19.99,4.33,6.97,0.3,1.44,90.75,27.04,3179420.26,37.23,55.47,0.22,3.59,98.47,29.72,14.91,0,1,0,1,0,1,0,Esc4
129,9.9,26.9,19.44,4.11,6.72,0.3,1.17,90.63,25.21,3105840.63,38.11,55.09,0.21,2.99,98.52,31.74,15.83,0,1,0,1,0,1,0,Esc4
130,9.38,26.61,19.17,3.9,6.51,0.3,0.73,90.34,23.91,3027421.78,39.09,55.11,0.2,1.88,98.56,31.31,15.99,0,1,0,1,0,1,0,Esc4
131,10.39,26.08,20.11,4.25,6.96,0.31,0.99,91.92,27.77,3171492.6,37.32,56.44,0.23,2.51,98.48,28.72,14.69,0,1,0,1,0,1,0,Esc4
132,8.93,25.6,18.54,3.67,6.2,0.3,0.64,89.32,21.64,2948098.76,40.15,54.16,0.19,1.68,98.61,34.51,17.51,0,1,0,0,0,1,0,Esc4
133,9.37,26.29,19.09,3.98,6.57,0.3,0.93,90.82,24.18,3059176.16,38.69,55.04,0.2,2.4,98.54,31.57,15.84,0,1,0,1,0,1,0,Esc4
134,9.9,25.73,20.02,4.04,6.83,0.31,0.72,93.44,27.59,3160391.01,37.45,56.95,0.23,1.85,98.49,27.21,13.59,0,1,0,1,0,1,0,Esc4
135,9.71,26.22,19.44,4.05,6.64,0.3,0.76,90.58,25.08,3064179.34,38.63,55.55,0.21,1.96,98.54,31.15,15.34,0,1,0,1,0,1,0,Esc4
136,9.0,25.84,18.86,3.79,6.37,0.3,0.55,91.36,23.28,3007060.63,39.36,55.26,0.2,1.45,98.58,32.56,16.27,0,1,0,1,0,1,0,Esc4
137,9.94,27.01,19.61,4.2,6.79,0.3,0.98,91.24,25.83,3111914.01,38.03,55.66,0.22,2.51,98.51,30.85,15.38,0,1,0,1,0,1,0,Esc4
138,9.2,26.28,19.08,3.86,6.5,0.31,0.7,91.44,24.29,3048005.98,38.83,55.47,0.21,1.82,98.55,30.02,16.01,0,1,0,1,0,1,0,Esc4
139,10.12,26.93,19.64,4.22,6.81,0.3,0.91,90.54,25.87,3097915.35,38.21,55.65,0.22,2.32,98.52,31.88,16.12,0,1,0,1,0,1,0,Esc4
140,8.25,24.83,17.68,3.57,5.85,0.3,0.35,88.57,18.75,2839177.33,41.69,53.19,0.17,0.95,98.67,40.78,20.43,0,1,0,0,0,1,0,Esc4
141,8.62,24.44,18.63,3.55,6.23,0.3,0.45,91.3,22.61,2980732.98,39.71,55.11,0.2,1.21,98.59,31.75,16.35,0,1,0,1,0,1,0,Esc4
142,9.87,26.1,19.46,4.12,6.73,0.31,0.79,91.32,25.81,3094919.8,38.24,55.9,0.22,2.04,98.52,31.24,16.86,0,1,0,1,0,1,0,Esc4
143,9.51,26.39,19.12,4.01,6.53,0.3,0.67,90.57,23.88,3024509.0,39.13,55.22,0.2,1.74,98.56,33.6,17.0,0,1,0,1,0,1,0,Esc4
144,9.43,26.45,19.14,3.98,6.55,0.3,0.9,90.23,24.07,3045914.19,38.86,54.94,0.2,2.31,98.55,32.62,16.43,0,1,0,1,0,1,0,Esc4
145,10.04,27.37,19.84,4.18,6.86,0.3,0.94,91.46,26.73,3134462.11,37.76,56.07,0.22,2.39,98.5,29.67,14.9,0,1,0,1,0,1,0,Esc4
146,9.51,25.68,19.35,3.95,6.6,0.31,0.75,91.77,25.02,3076334.19,38.47,55.73,0.21,1.95,98.54,30.36,15.16,0,1,0,1,0,1,0,Esc4
147,9.93,27.16,19.51,4.15,6.76,0.3,1.17,90.68,25.48,3113380.03,38.02,55.2,0.21,2.99,98.51,31.61,16.67,0,1,0,1,0,1,0,Esc4
148,9.92,26.98,19.59,4.24,6.85,0.31,1.29,91.52,26.13,3151797.2,37.55,55.41,0.21,3.28,98.49,30.1,15.56,0,1,0,1,0,1,0,Esc4
149,9.6,25.82,19.45,3.96,6.62,0.3,0.83,91.5,25.27,3086589.15,38.35,55.68,0.21,2.14,98.53,30.58,15.9,0,1,0,1,0,1,0,Esc4
150,9.51,26.07,19.31,3.92,6.62,0.3,1.04,91.13,24.98,3093892.01,38.25,55.25,0.21,2.67,98.53,30.17,15.34,0,1,0,1,0,1,0,Esc4
151,9.73,27.32,19.53,4.04,6.69,0.3,0.96,91.42,25.45,3102336.41,38.15,55.57,0.21,2.47,98.52,30.68,15.71,0,1,0,1,0,1,0,Esc4
152,9.28,25.75,18.86,3.85,6.44,0.3,0.88,89.92,23.18,3017837.96,39.22,54.57,0.2,2.29,98.57,32.9,17.4,0,1,0,0,0,1,0,Esc4
153,9.55,25.31,19.44,3.92,6.58,0.3,0.49,91.23,25.09,3047749.32,38.83,56.0,0.21,1.28,98.55,30.28,14.96,0,1,0,1,0,1,0,Esc4
154,9.36,25.85,18.87,3.88,6.48,0.3,0.98,90.01,23.67,3041480.25,38.91,54.63,0.2,2.56,98.56,32.75,17.47,0,1,0,1,0,1,0,Esc4
155,9.51,26.18,19.16,3.87,6.44,0.3,0.57,91.03,23.76,3017508.53,39.22,55.36,0.2,1.49,98.57,32.99,16.74,0,1,0,1,0,1,0,Esc4
156,8.69,25.58,18.28,3.7,6.18,0.3,0.69,89.53,20.94,2938098.21,40.28,53.85,0.18,1.84,98.61,36.34,18.7,0,1,0,0,0,1,0,Esc4
157,9.99,26.62,19.61,4.07,6.77,0.3,1.17,90.96,26.06,3131905.53,37.79,55.46,0.22,2.97,98.5,29.11,14.75,0,1,0,1,0,1,0,Esc4
158,9.92,26.55,19.65,4.1,6.79,0.31,1.01,91.62,26.38,3134384.89,37.76,55.88,0.22,2.58,98.5,30.0,15.84,0,1,0,1,0,1,0,Esc4
159,9.89,26.56,19.61,4.12,6.74,0.3,0.78,90.96,25.89,3091041.02,38.29,55.89,0.22,1.99,98.52,30.52,15.17,0,1,0,1,0,1,0,Esc4
160,9.4,25.72,19.15,3.81,6.45,0.3,0.51,91.02,24.11,3022030.56,39.16,55.58,0.21,1.34,98.57,31.38,15.94,0,1,0,1,0,1,0,Esc4
161,8.87,25.36,18.35,3.73,6.16,0.3,0.5,89.84,21.19,2930653.54,40.39,54.25,0.19,1.33,98.62,37.12,19.6,0,1,0,0,0,1,0,Esc4
162,9.25,25.34,18.78,3.87,6.37,0.3,0.73,89.38,22.52,2980783.23,39.71,54.41,0.2,1.91,98.59,34.13,16.94,0,1,0,0,0,1,0,Esc4
163,10.2,25.98,19.97,4.14,6.85,0.3,0.87,91.2,26.87,3128236.21,37.83,56.18,0.22,2.21,98.5,29.03,13.94,0,1,0,1,0,1,0,Esc4
164,9.39,26.05,19.42,3.91,6.57,0.31,0.55,92.12,25.19,3065592.29,38.61,56.11,0.21,1.42,98.54,29.45,14.58,0,1,0,1,0,1,0,Esc4
165,9.7,25.98,19.51,3.96,6.62,0.3,0.72,90.89,25.31,3070142.82,38.55,55.74,0.21,1.86,98.54,29.92,15.09,0,1,0,1,0,1,0,Esc4
166,9.86,26.54,19.59,4.12,6.74,0.3,0.93,90.85,25.71,3098711.29,38.2,55.61,0.22,2.37,98.52,30.4,14.96,0,1,0,1,0,1,0,Esc4
167,10.18,26.93,19.84,4.23,6.86,0.3,1.24,90.75,26.26,3139480.6,37.7,55.43,0.22,3.11,98.5,30.38,15.22,0,1,0,1,0,1,0,Esc4
168,9.37,25.66,19.21,3.82,6.5,0.3,0.59,90.63,24.32,3029330.22,39.07,55.49,0.21,1.53,98.56,30.25,15.73,0,1,0,1,0,1,0,Esc4
169,9.47,26.14,19.06,3.98,6.53,0.3,0.74,90.88,23.91,3035658.81,38.99,55.19,0.2,1.93,98.56,33.55,17.39,0,1,0,1,0,1,0,Esc4
170,9.48,26.16,19.21,3.93,6.55,0.3,0.59,90.84,24.65,3040429.37,38.93,55.65,0.21,1.53,98.55,31.33,16.39,0,1,0,1,0,1,0,Esc4
171,8.61,24.61,18.36,3.6,6.14,0.3,0.36,90.22,21.42,2928985.12,40.41,54.58,0.19,0.97,98.62,35.16,18.19,0,1,0,1,0,1,0,Esc4
172,10.02,26.5,19.74,4.07,6.81,0.31,1.17,91.98,26.63,3160816.35,37.44,55.82,0.22,2.99,98.49,29.33,14.94,0,1,0,1,0,1,0,Esc4
173,10.39,26.8,20.14,4.34,7.03,0.31,1.02,92.31,28.25,3191631.51,37.08,56.62,0.23,2.58,98.47,28.39,14.76,0,1,0,1,0,1,0,Esc4
174,9.45,26.16,19.28,3.95,6.57,0.3,0.72,90.97,24.67,3054930.98,38.74,55.52,0.21,1.87,98.55,30.88,15.67,0,1,0,1,0,1,0,Esc4
175,10.24,27.56,20.01,4.21,6.95,0.31,1.23,91.61,27.6,3185598.69,37.15,56.02,0.22,3.11,98.47,28.28,14.76,0,1,0,1,0,1,0,Esc4
176,9.38,26.01,19.11,3.93,6.53,0.3,0.82,90.73,24.13,3046423.31,38.85,55.15,0.21,2.12,98.55,31.49,16.42,0,1,0,1,0,1,0,Esc4
177,9.24,25.14,19.05,3.77,6.39,0.3,0.59,90.49,23.43,3004901.09,39.39,55.13,0.2,1.55,98.58,32.14,16.41,0,1,0,1,0,1,0,Esc4
178,10.14,27.03,19.97,4.21,6.91,0.3,1.04,91.1,27.04,3146518.94,37.61,56.0,0.22,2.62,98.49,28.55,14.96,0,1,0,1,0,1,0,Esc4
179,10.3,26.5,20.02,4.19,6.9,0.31,0.9,91.64,27.55,3154100.96,37.52,56.44,0.23,2.28,98.49,28.35,15.01,0,1,0,1,0,1,0,Esc4
180,9.36,25.14,19.1,3.84,6.45,0.3,0.49,91.15,24.02,3019277.79,39.2,55.59,0.21,1.29,98.57,31.92,15.9,0,1,0,1,0,1,0,Esc4
181,9.72,27.2,19.32,4.1,6.71,0.3,1.3,91.01,24.96,3115616.6,37.99,54.89,0.21,3.32,98.51,31.92,16.91,0,1,0,1,0,1,0,Esc4
182,9.69,25.51,19.52,3.97,6.63,0.3,0.72,91.75,25.37,3082151.18,38.4,55.91,0.21,1.85,98.53,30.02,14.44,0,1,0,1,0,1,0,Esc4
183,9.78,26.07,19.37,4.11,6.7,0.3,0.96,90.91,25.13,3088393.57,38.32,55.37,0.21,2.48,98.53,31.68,16.29,0,1,0,1,0,1,0,Esc4
184,9.87,26.69,19.5,4.21,6.79,0.3,1.09,91.1,25.63,3114991.81,38.0,55.41,0.21,2.79,98.51,31.82,16.14,0,1,0,1,0,1,0,Esc4
185,10.03,25.66,20.04,4.1,6.9,0.31,0.93,92.61,27.82,3175321.78,37.27,56.64,0.23,2.36,98.48,26.43,13.41,0,1,0,1,0,1,0,Esc4
186,9.57,26.18,19.44,3.98,6.59,0.3,0.61,90.97,24.86,3049340.33,38.81,55.73,0.21,1.57,98.55,30.47,15.31,0,1,0,1,0,1,0,Esc4
187,9.58,26.72,19.45,3.92,6.61,0.3,0.74,91.3,25.37,3078339.86,38.45,55.81,0.21,1.9,98.53,29.75,14.63,0,1,0,1,0,1,0,Esc4
188,8.9,25.71,18.21,3.71,6.11,0.3,0.5,88.74,20.74,2906383.57,40.72,53.86,0.18,1.34,98.63,37.34,19.47,0,1,0,0,0,1,0,Esc4
189,9.66,26.52,18.95,4.1,6.55,0.3,1.02,89.44,23.25,3026408.73,39.11,54.35,0.2,2.63,98.56,35.24,18.39,0,1,0,0,0,1,0,Esc4
190,9.27,25.47,19.01,3.79,6.42,0.3,0.59,90.35,23.69,3009964.71,39.32,55.2,0.2,1.54,98.57,31.6,16.44,0,1,0,1,0,1,0,Esc4
191,10.18,26.91,19.89,4.26,6.95,0.31,1.23,91.55,27.1,3172906.36,37.3,55.85,0.22,3.12,98.48,29.03,14.8,0,1,0,1,0,1,0,Esc4
192,10.3,26.44,19.9,4.28,6.85,0.3,0.76,91.21,26.54,3109288.3,38.07,56.2,0.22,1.93,98.51,30.9,15.92,0,1,0,1,0,1,0,Esc4
193,9.79,25.86,19.77,4.03,6.74,0.3,0.83,91.98,26.21,3116467.06,37.98,56.11,0.22,2.12,98.51,28.67,14.13,0,1,0,1,0,1,0,Esc4
194,9.35,25.92,18.85,3.95,6.45,0.3,0.81,89.28,22.97,2998137.4,39.48,54.47,0.2,2.1,98.58,34.17,17.7,0,1,0,0,0,1,0,Esc4
195,10.42,26.79,20.17,4.26,7.01,0.3,1.29,91.38,27.94,3197508.5,37.02,56.05,0.23,3.24,98.46,28.29,14.65,0,1,0,1,0,1,0,Esc4
196,10.0,26.35,19.85,4.12,6.8,0.31,0.82,92.51,26.72,3135957.77,37.74,56.38,0.22,2.1,98.5,30.05,15.06,0,1,0,1,0,1,0,Esc4
197,9.56,26.32,19.14,3.99,6.56,0.3,0.7,90.9,24.37,3044427.22,38.88,55.41,0.21,1.82,98.55,32.45,16.28,0,1,0,1,0,1,0,Esc4
198,10.62,26.82,20.57,4.26,7.05,0.31,0.69,93.07,29.55,3203255.99,36.95,57.62,0.24,1.73,98.46,25.38,12.74,0,1,0,1,0,1,0,Esc4
199,9.46,26.49,19.06,4.06,6.55,0.3,0.74,90.63,23.81,3030093.15,39.06,55.1,0.2,1.93,98.56,33.69,16.8,0,1,0,1,0,1,0,Esc4
200,9.75,26.26,19.48,4.08,6.71,0.3,0.85,91.21,25.65,3094582.42,38.25,55.75,0.21,2.18,98.52,30.14,15.6,0,1,0,1,0,1,0,Esc4
201,9.48,26.37,19.32,3.98,6.63,0.3,1.06,91.5,24.82,3095283.89,38.24,55.22,0.21,2.71,98.52,30.37,15.47,0,1,0,1,0,1,0,Esc4
202,9.73,26.42,19.26,4.08,6.62,0.3,0.94,89.89,24.42,3054222.09,38.75,54.97,0.21,2.41,98.54,32.92,16.89,0,1,0,0,0,1,0,Esc4
203,9.31,25.66,19.0,3.98,6.5,0.3,0.65,90.11,23.71,3013000.86,39.28,55.1,0.2,1.69,98.57,32.64,16.75,0,1,0,1,0,1,0,Esc4
204,9.71,26.3,19.5,4.03,6.72,0.31,0.9,91.52,25.91,3110042.1,38.06,55.82,0.22,2.32,98.51,29.38,15.5,0,1,0,1,0,1,0,Esc4
205,9.72,26.14,19.55,3.98,6.65,0.31,0.53,91.84,25.81,3077094.67,38.46,56.33,0.22,1.36,98.53,30.33,15.41,0,1,0,1,0,1,0,Esc4
206,9.25,26.22,19.05,3.94,6.47,0.3,0.64,91.28,23.75,3027554.83,39.09,55.31,0.2,1.68,98.56,33.28,16.23,0,1,0,1,0,1,0,Esc4
207,8.77,24.88,18.65,3.64,6.26,0.31,0.43,91.58,22.87,2988871.46,39.6,55.29,0.2,1.15,98.59,32.86,16.8,0,1,0,1,0,1,0,Esc4
208,10.68,26.65,20.31,4.34,7.04,0.31,0.92,91.66,28.52,3181554.83,37.2,56.77,0.23,2.31,98.47,28.26,14.99,0,1,0,1,0,1,0,Esc4
209,9.05,25.62,18.85,3.75,6.37,0.3,0.71,90.04,22.94,2997148.85,39.49,54.71,0.2,1.85,98.58,32.43,17.0,0,1,0,1,0,1,0,Esc4
210,9.44,25.84,19.17,3.93,6.6,0.3,1.01,91.04,24.71,3083795.85,38.38,55.16,0.21,2.63,98.53,30.67,16.7,0,1,0,1,0,1,0,Esc4
211,9.81,26.88,19.62,4.09,6.76,0.31,1.01,92.18,26.12,3133596.96,37.77,55.87,0.22,2.58,98.5,29.89,14.81,0,1,0,1,0,1,0,Esc4
212,9.96,27.18,19.65,4.26,6.81,0.3,0.91,91.26,25.89,3106971.7,38.09,55.78,0.22,2.32,98.51,30.64,15.49,0,1,0,1,0,1,0,Esc4
213,9.37,26.43,18.99,4.02,6.57,0.3,1.03,90.23,23.71,3049249.49,38.81,54.65,0.2,2.66,98.55,33.15,16.91,0,1,0,1,0,1,0,Esc4
214,9.42,25.66,19.13,3.93,6.48,0.3,0.52,90.64,23.94,3012996.13,39.28,55.45,0.21,1.34,98.57,32.13,15.38,0,1,0,1,0,1,0,Esc4
215,9.31,25.49,18.95,3.92,6.45,0.3,0.61,90.39,23.35,3003568.87,39.41,55.06,0.2,1.6,98.57,34.19,17.88,0,1,0,1,0,1,0,Esc4
216,10.3,26.84,19.95,4.24,6.91,0.3,1.04,91.2,27.07,3148972.03,37.59,56.04,0.22,2.62,98.49,29.78,14.96,0,1,0,1,0,1,0,Esc4
217,10.1,27.07,19.92,4.15,6.89,0.3,1.18,91.7,26.82,3162006.16,37.43,55.84,0.22,2.99,98.48,28.65,14.76,0,1,0,1,0,1,0,Esc4
218,9.45,25.06,19.41,3.85,6.56,0.3,0.77,91.58,25.02,3075663.45,38.48,55.67,0.21,2.0,98.54,29.63,14.68,0,1,0,1,0,1,0,Esc4
219,9.3,26.12,18.75,3.94,6.37,0.3,0.54,89.45,22.75,2969608.36,39.86,54.74,0.2,1.41,98.59,35.15,18.45,0,1,0,0,0,1,0,Esc4
220,9.3,25.48,19.06,3.83,6.46,0.3,0.57,91.11,23.99,3024887.43,39.13,55.47,0.21,1.49,98.56,31.7,15.5,0,1,0,1,0,1,0,Esc4
221,9.21,25.8,19.16,3.82,6.5,0.31,0.58,91.95,24.57,3050838.32,38.79,55.8,0.21,1.52,98.55,29.89,15.8,0,1,0,1,0,1,0,Esc4
222,10.4,26.44,19.94,4.32,6.98,0.3,1.35,91.15,27.31,3183637.08,37.18,55.71,0.22,3.39,98.47,30.16,15.77,0,1,0,1,0,1,0,Esc4
223,9.36,26.35,19.07,3.91,6.52,0.3,1.04,90.73,23.92,3061008.18,38.67,54.77,0.2,2.7,98.54,32.1,16.21,0,1,0,1,0,1,0,Esc4
224,9.57,26.38,19.46,3.92,6.62,0.31,0.69,92.01,25.61,3089288.98,38.31,56.06,0.21,1.8,98.53,28.7,14.33,0,1,0,1,0,1,0,Esc4
225,9.02,25.73,19.07,3.75,6.47,0.31,0.67,91.99,24.35,3054324.62,38.75,55.61,0.21,1.77,98.55,29.41,15.34,0,1,0,1,0,1,0,Esc4
226,9.91,26.75,19.51,4.1,6.74,0.3,1.08,91.04,25.45,3108196.77,38.08,55.36,0.21,2.75,98.52,30.58,15.83,0,1,0,1,0,1,0,Esc4
227,9.29,25.96,19.12,3.81,6.47,0.3,0.63,91.04,24.14,3033048.94,39.02,55.44,0.21,1.63,98.56,30.11,15.2,0,1,0,1,0,1,0,Esc4
228,10.3,26.54,20.12,4.19,6.95,0.31,1.09,91.55,27.78,3176617.13,37.26,56.28,0.23,2.74,98.48,27.57,13.36,0,1,0,1,0,1,0,Esc4
229,10.08,26.9,19.79,4.16,6.83,0.31,0.9,91.71,26.67,3132281.27,37.79,56.14,0.22,2.3,98.5,29.82,15.78,0,1,0,1,0,1,0,Esc4
230,9.2,25.74,18.79,3.85,6.34,0.3,0.6,90.08,22.6,2978307.98,39.74,54.73,0.2,1.56,98.59,33.88,17.18,0,1,0,1,0,1,0,Esc4
231,9.25,25.1,18.77,3.89,6.38,0.3,0.69,89.24,22.71,2980037.25,39.72,54.5,0.2,1.81,98.59,34.59,17.74,0,1,0,0,0,1,0,Esc4
232,8.91,25.76,18.65,3.8,6.31,0.3,0.52,90.64,22.34,2971523.15,39.83,54.82,0.19,1.36,98.59,34.2,17.04,0,1,0,1,0,1,0,Esc4
233,9.39,26.19,19.13,3.96,6.54,0.3,0.89,90.58,24.03,3048701.55,38.82,54.98,0.2,2.31,98.55,31.73,15.62,0,1,0,1,0,1,0,Esc4
234,9.88,26.65,19.78,4.06,6.78,0.3,1.0,91.6,26.53,3135547.26,37.75,55.94,0.22,2.54,98.5,28.84,13.78,0,1,0,1,0,1,0,Esc4
235,10.04,26.97,19.66,4.22,6.87,0.31,1.27,91.68,26.48,3161328.21,37.44,55.59,0.22,3.23,98.49,30.75,15.48,0,1,0,1,0,1,0,Esc4
236,9.1,26.01,18.59,3.88,6.34,0.3,0.73,89.93,22.26,2979628.22,39.72,54.39,0.19,1.91,98.59,36.01,18.37,0,1,0,0,0,1,0,Esc4
237,9.71,26.48,19.39,3.97,6.61,0.3,0.88,90.01,24.68,3057649.34,38.71,55.16,0.21,2.26,98.54,30.94,14.9,0,1,0,1,0,1,0,Esc4
238,9.71,26.31,19.47,4.1,6.69,0.31,0.7,91.59,25.55,3082827.7,38.39,55.97,0.21,1.8,98.53,30.61,15.29,0,1,0,1,0,1,0,Esc4
239,9.56,26.64,19.32,3.92,6.55,0.3,0.73,90.19,24.56,3042682.22,38.9,55.34,0.21,1.87,98.55,30.42,15.22,0,1,0,1,0,1,0,Esc4
240,9.71,26.4,19.54,4.05,6.71,0.31,0.79,91.83,25.79,3100274.22,38.18,55.97,0.22,2.03,98.52,30.05,15.26,0,1,0,1,0,1,0,Esc4
241,9.8,26.04,19.69,4.02,6.71,0.31,0.73,92.0,26.12,3105491.42,38.11,56.19,0.22,1.88,98.52,28.86,14.91,0,1,0,1,0,1,0,Esc4
242,9.72,25.65,19.76,3.91,6.68,0.3,0.64,91.85,26.21,3097705.93,38.21,56.33,0.22,1.65,98.52,28.03,13.7,0,1,0,1,0,1,0,Esc4
243,9.58,26.06,19.38,3.99,6.65,0.31,0.96,91.25,25.34,3097910.05,38.21,55.5,0.21,2.47,98.52,29.98,15.65,0,1,0,1,0,1,0,Esc4
244,9.12,25.84,18.94,3.82,6.37,0.3,0.44,90.44,23.19,2983815.24,39.67,55.21,0.2,1.16,98.59,32.6,16.44,0,1,0,1,0,1,0,Esc4
245,10.79,26.65,20.43,4.42,7.12,0.31,1.05,92.02,28.86,3206848.42,36.91,56.78,0.23,2.62,98.45,28.63,14.42,0,1,0,1,0,1,0,Esc4
246,10.43,27.36,20.06,4.34,7.01,0.3,1.17,90.99,27.47,3169129.4,37.35,55.98,0.22,2.93,98.48,29.16,15.42,0,1,0,1,0,1,0,Esc4
247,9.39,26.69,19.2,3.97,6.59,0.3,1.13,91.62,24.41,3093075.24,38.26,55.0,0.2,2.91,98.53,31.69,15.82,0,1,0,1,0,1,0,Esc4
248,9.53,26.59,19.32,3.94,6.63,0.31,0.88,91.14,25.23,3086275.48,38.35,55.53,0.21,2.28,98.53,29.61,15.2,0,1,0,1,0,1,0,Esc4
249,9.95,26.43,19.69,4.04,6.72,0.3,0.68,90.97,25.91,3083424.12,38.38,56.03,0.22,1.75,98.53,29.9,14.82,0,1,0,1,0,1,0,Esc4
250,9.22,26.29,18.71,3.94,6.39,0.3,0.78,89.86,22.63,2993863.37,39.53,54.46,0.2,2.05,98.58,35.02,18.23,0,1,0,0,0,1,0,Esc4
251,8.95,24.87,18.8,3.68,6.32,0.3,0.44,91.09,23.17,2991273.4,39.57,55.32,0.2,1.15,98.58,31.57,16.21,0,1,0,1,0,1,0,Esc4
252,9.67,26.27,19.51,4.0,6.67,0.31,0.7,91.67,25.54,3083613.02,38.38,55.98,0.21,1.8,98.53,29.91,14.48,0,1,0,1,0,1,0,Esc4
253,9.41,26.21,19.19,3.96,6.58,0.3,0.81,91.21,24.61,3063936.2,38.63,55.4,0.21,2.11,98.54,31.59,16.09,0,1,0,1,0,1,0,Esc4
254,9.25,25.96,18.83,3.93,6.46,0.3,0.95,90.1,23.13,3025450.82,39.12,54.49,0.2,2.48,98.56,34.45,17.63,0,1,0,1,0,1,0,Esc4
255,9.5,27.5,19.05,3.99,6.56,0.3,1.22,90.07,23.8,3066354.54,38.6,54.41,0.2,3.13,98.54,33.09,16.59,0,1,0,1,0,1,0,Esc4
256,10.24,26.31,19.86,4.24,6.85,0.3,0.89,91.16,26.44,3118861.11,37.95,56.0,0.22,2.26,98.51,31.13,15.58,0,1,0,1,0,1,0,Esc4
257,9.26,25.59,19.18,3.75,6.44,0.3,0.51,91.39,24.28,3030460.31,39.06,55.7,0.21,1.34,98.56,30.92,15.85,0,1,0,1,0,1,0,Esc4
258,9.07,25.52,18.77,3.8,6.34,0.3,0.52,90.37,22.8,2980478.69,39.71,54.96,0.2,1.36,98.59,33.15,16.77,0,1,0,1,0,1,0,Esc4
259,9.44,25.75,19.19,3.95,6.58,0.31,0.79,91.75,24.72,3071744.18,38.53,55.57,0.21,2.05,98.54,31.56,16.29,0,1,0,1,0,1,0,Esc4
260,9.8,25.39,19.68,3.95,6.66,0.3,0.72,91.42,25.85,3090224.56,38.3,56.03,0.22,1.84,98.53,28.72,14.28,0,1,0,1,0,1,0,Esc4
261,10.05,26.35,20.03,4.05,6.85,0.31,0.75,92.36,27.57,3149119.63,37.58,56.75,0.23,1.91,98.49,26.68,13.75,0,1,0,1,0,1,0,Esc4
262,9.11,24.86,18.88,3.87,6.42,0.3,0.55,90.29,23.35,2997021.52,39.49,55.11,0.2,1.45,98.58,32.43,17.24,0,1,0,1,0,1,0,Esc4
263,9.85,26.32,19.8,4.09,6.81,0.31,0.63,92.68,27.13,3131177.45,37.8,56.79,0.22,1.63,98.5,27.75,14.29,0,1,0,1,0,1,0,Esc4
264,9.93,27.1,19.56,4.11,6.81,0.3,1.39,91.23,25.96,3153239.0,37.53,55.19,0.21,3.52,98.49,29.69,15.46,0,1,0,1,0,1,0,Esc4
265,9.36,26.07,19.17,4.02,6.62,0.31,0.88,91.5,24.71,3077314.71,38.46,55.4,0.21,2.29,98.53,30.82,15.74,0,1,0,1,0,1,0,Esc4
266,9.88,25.76,19.34,4.04,6.63,0.3,0.88,89.97,24.87,3061902.47,38.65,55.23,0.21,2.25,98.54,32.26,17.24,0,1,0,0,0,1,0,Esc4
267,9.56,26.29,19.25,3.99,6.61,0.3,0.97,90.34,24.56,3066427.94,38.6,55.05,0.21,2.49,98.54,31.6,16.27,0,1,0,1,0,1,0,Esc4
268,9.87,26.76,19.5,4.19,6.77,0.3,1.23,90.88,25.44,3119666.71,37.94,55.14,0.21,3.13,98.51,31.7,16.36,0,1,0,1,0,1,0,Esc4
269,9.68,26.73,19.46,4.02,6.7,0.31,1.01,91.77,25.78,3119894.7,37.94,55.67,0.21,2.6,98.51,30.37,15.63,0,1,0,1,0,1,0,Esc4
270,9.83,25.82,19.58,4.11,6.75,0.3,0.91,90.91,25.71,3098315.65,38.2,55.66,0.22,2.32,98.52,29.93,15.18,0,1,0,1,0,1,0,Esc4
271,9.76,26.32,19.42,4.05,6.64,0.3,0.7,90.94,25.19,3065661.35,38.61,55.72,0.21,1.81,98.54,31.1,15.65,0,1,0,1,0,1,0,Esc4
272,9.58,25.95,19.32,3.95,6.58,0.3,0.63,90.7,24.91,3049058.23,38.82,55.68,0.21,1.62,98.55,30.22,14.81,0,1,0,1,0,1,0,Esc4
273,9.92,26.7,19.61,4.13,6.79,0.3,1.15,90.97,26.08,3130804.97,37.8,55.49,0.22,2.92,98.5,29.56,14.88,0,1,0,1,0,1,0,Esc4
274,9.55,25.99,19.09,3.98,6.51,0.3,0.84,90.0,23.59,3026120.49,39.11,54.8,0.2,2.18,98.56,34.15,16.78,0,1,0,0,0,1,0,Esc4
275,9.41,26.1,19.26,3.88,6.52,0.3,0.61,91.35,24.56,3045721.64,38.86,55.68,0.21,1.58,98.55,30.26,15.39,0,1,0,1,0,1,0,Esc4
276,9.77,26.56,19.53,4.08,6.68,0.3,0.69,90.53,25.26,3061916.69,38.65,55.72,0.21,1.76,98.54,30.88,15.88,0,1,0,1,0,1,0,Esc4
277,9.84,26.86,19.47,4.07,6.72,0.3,1.22,89.86,25.26,3101954.0,38.16,54.93,0.21,3.09,98.52,31.12,16.23,0,1,0,0,0,1,0,Esc4
278,8.77,25.09,18.52,3.62,6.16,0.3,0.38,89.92,21.74,2935732.29,40.32,54.63,0.19,1.02,98.62,34.41,17.28,0,1,0,0,0,1,0,Esc4
279,9.26,25.72,18.98,3.94,6.52,0.3,0.95,90.06,23.68,3039391.31,38.94,54.7,0.2,2.47,98.56,32.32,16.33,0,1,0,1,0,1,0,Esc4
280,9.88,26.44,19.67,4.21,6.83,0.31,1.14,91.72,26.17,3141433.05,37.68,55.64,0.22,2.91,98.5,30.34,15.34,0,1,0,1,0,1,0,Esc4
281,10.36,26.51,19.98,4.24,6.9,0.3,0.87,91.39,27.28,3140867.28,37.68,56.35,0.23,2.2,98.49,29.96,15.46,0,1,0,1,0,1,0,Esc4
282,9.82,25.87,19.93,3.96,6.78,0.31,0.65,92.52,27.22,3133494.38,37.77,56.78,0.23,1.68,98.5,26.52,13.13,0,1,0,1,0,1,0,Esc4
283,10.07,26.4,19.71,4.18,6.85,0.31,1.25,91.25,26.62,3157567.77,37.48,55.59,0.22,3.18,98.49,29.45,15.25,0,1,0,1,0,1,0,Esc4
284,9.41,26.01,19.17,3.97,6.6,0.3,0.92,90.82,24.57,3069640.71,38.56,55.19,0.21,2.39,98.54,30.85,15.69,0,1,0,1,0,1,0,Esc4
285,9.72,26.49,19.22,4.11,6.61,0.3,0.99,90.43,24.32,3063543.94,38.63,54.96,0.21,2.55,98.54,33.26,16.97,0,1,0,1,0,1,0,Esc4
286,9.5,26.68,19.48,3.95,6.66,0.31,0.82,92.02,25.67,3102666.54,38.15,55.91,0.21,2.13,98.52,28.81,14.71,0,1,0,1,0,1,0,Esc4
287,9.23,25.62,18.93,3.81,6.45,0.3,0.83,90.79,23.78,3039642.7,38.94,55.0,0.2,2.17,98.56,32.15,16.16,0,1,0,1,0,1,0,Esc4
288,10.58,26.77,20.46,4.26,7.06,0.31,1.08,92.21,28.99,3215721.9,36.81,56.81,0.23,2.71,98.45,26.51,13.94,0,1,0,1,0,1,0,Esc4
289,9.11,25.83,18.66,3.83,6.35,0.3,0.78,90.13,22.55,2995242.39,39.51,54.48,0.2,2.05,98.58,34.21,17.23,0,1,0,1,0,1,0,Esc4
290,9.12,26.39,18.68,3.86,6.35,0.3,0.82,90.05,22.41,2994059.47,39.53,54.36,0.19,2.15,98.58,35.18,17.44,0,1,0,1,0,1,0,Esc4
291,9.51,25.33,19.44,3.84,6.55,0.3,0.59,91.38,25.11,3058852.7,38.69,55.92,0.21,1.52,98.54,28.98,14.64,0,1,0,1,0,1,0,Esc4
292,9.3,26.44,19.26,3.92,6.61,0.31,0.89,92.18,25.08,3096487.73,38.22,55.63,0.21,2.33,98.53,29.36,14.45,0,1,0,1,0,1,0,Esc4
293,10.11,26.02,20.0,4.16,6.89,0.31,0.96,91.74,27.39,3155893.5,37.5,56.32,0.22,2.42,98.49,28.44,14.1,0,1,0,1,0,1,0,Esc4
294,10.01,26.26,19.72,4.08,6.74,0.3,0.76,91.19,26.1,3098043.92,38.2,56.04,0.22,1.94,98.52,30.43,15.6,0,1,0,1,0,1,0,Esc4
295,9.69,25.92,19.54,3.93,6.65,0.31,0.77,91.99,25.78,3100294.38,38.18,56.02,0.22,1.98,98.52,28.8,14.1,0,1,0,1,0,1,0,Esc4
296,9.71,25.48,19.62,3.95,6.71,0.31,0.75,92.04,26.34,3113711.04,38.01,56.26,0.22,1.93,98.51,28.17,14.58,0,1,0,1,0,1,0,Esc4
297,10.53,26.67,20.13,4.29,6.97,0.31,1.05,91.58,27.81,3173656.26,37.29,56.33,0.23,2.65,98.48,29.86,15.24,0,1,0,1,0,1,0,Esc4
298,8.68,25.21,18.33,3.68,6.2,0.3,0.57,90.5,21.64,2956906.01,40.03,54.45,0.19,1.52,98.6,35.02,18.46,0,1,0,1,0,1,0,Esc4
299,9.3,25.56,18.94,3.92,6.43,0.3,0.5,90.19,23.45,2993325.18,39.54,55.2,0.2,1.3,98.58,33.08,17.16,0,1,0,1,0,1,0,Esc4
300,10.23,26.32,20.18,4.13,6.95,0.31,1.0,92.85,28.46,3202161.11,36.96,56.81,0.23,2.53,98.46,25.92,13.85,0,1,0,1,0,1,0,Esc4
301,10.19,26.81,19.7,4.22,6.88,0.3,1.33,90.89,26.44,3156408.16,37.5,55.38,0.22,3.37,98.49,30.71,15.87,0,1,0,1,0,1,0,Esc4
302,9.75,25.92,19.58,4.02,6.71,0.3,0.64,91.21,25.88,3081911.12,38.4,56.1,0.22,1.65,98.53,28.9,15.1,0,1,0,1,0,1,0,Esc4
303,9.24,25.85,18.64,3.93,6.35,0.3,0.58,89.19,22.22,2956510.43,40.03,54.44,0.19,1.52,98.6,36.42,19.01,0,1,0,0,0,1,0,Esc4
304,9.5,25.87,19.25,3.97,6.59,0.3,0.85,91.18,24.7,3070090.38,38.55,55.39,0.21,2.2,98.54,32.05,16.34,0,1,0,1,0,1,0,Esc4
305,10.02,25.46,20.13,3.99,6.84,0.31,0.72,92.84,28.11,3167240.84,37.37,57.05,0.23,1.85,98.48,25.36,12.91,0,1,0,1,0,1,0,Esc4
306,10.13,26.15,20.13,4.17,6.98,0.31,1.07,93.1,28.4,3210019.87,36.87,56.73,0.23,2.71,98.46,26.43,13.49,0,1,0,1,0,1,0,Esc4
307,9.46,25.19,19.11,3.86,6.45,0.3,0.52,90.2,23.98,3008568.25,39.34,55.38,0.21,1.35,98.57,32.23,15.24,0,1,0,1,0,1,0,Esc4
308,9.8,26.26,19.57,4.13,6.76,0.3,0.92,91.5,25.78,3108280.43,38.08,55.75,0.22,2.36,98.51,30.36,16.04,0,1,0,1,0,1,0,Esc4
309,10.39,27.23,19.82,4.28,6.85,0.3,0.79,91.13,26.64,3114343.25,38.0,56.17,0.22,2.02,98.51,31.67,15.44,0,1,0,1,0,1,0,Esc4
310,8.91,25.18,18.59,3.75,6.28,0.3,0.61,90.39,22.32,2976469.43,39.76,54.65,0.19,1.61,98.59,34.11,17.56,0,1,0,1,0,1,0,Esc4
311,9.34,24.9,19.02,3.8,6.41,0.3,0.55,90.36,23.63,3004984.93,39.39,55.23,0.2,1.45,98.58,32.21,17.19,0,1,0,1,0,1,0,Esc4
312,10.3,26.87,19.65,4.25,6.81,0.3,1.0,89.26,25.61,3083008.02,38.39,55.24,0.22,2.53,98.52,31.88,17.17,0,1,0,0,0,1,0,Esc4
313,9.9,25.94,19.45,4.17,6.74,0.3,1.0,90.74,25.42,3096934.95,38.22,55.39,0.21,2.57,98.52,32.02,17.17,0,1,0,1,0,1,0,Esc4
314,10.34,26.24,20.15,4.2,6.95,0.3,1.09,91.44,27.79,3175454.04,37.27,56.26,0.23,2.74,98.48,27.49,14.06,0,1,0,1,0,1,0,Esc4
315,9.41,25.42,19.23,3.96,6.54,0.3,0.57,90.8,24.41,3032062.71,39.03,55.58,0.21,1.48,98.56,31.71,15.95,0,1,0,1,0,1,0,Esc4
316,9.62,25.41,19.51,3.98,6.66,0.31,0.66,91.86,25.79,3088323.03,38.32,56.14,0.22,1.7,98.53,28.95,14.85,0,1,0,1,0,1,0,Esc4
317,9.79,26.4,19.76,4.04,6.77,0.31,0.84,92.29,26.7,3134699.72,37.76,56.31,0.22,2.15,98.5,27.77,13.97,0,1,0,1,0,1,0,Esc4
318,9.78,26.23,19.38,4.06,6.67,0.3,1.17,89.97,24.64,3082020.76,38.4,54.79,0.21,2.97,98.53,32.46,16.63,0,1,0,0,0,1,0,Esc4
319,9.3,25.57,19.11,3.9,6.5,0.3,0.6,91.33,24.27,3037951.7,38.96,55.56,0.21,1.58,98.56,31.69,15.91,0,1,0,1,0,1,0,Esc4
320,10.05,25.99,19.8,4.16,6.84,0.3,1.04,91.27,26.46,3134081.22,37.76,55.83,0.22,2.63,98.5,29.92,15.24,0,1,0,1,0,1,0,Esc4
321,9.05,25.51,18.72,3.85,6.33,0.3,0.67,89.5,22.36,2972342.57,39.82,54.43,0.19,1.77,98.59,34.36,17.16,0,1,0,0,0,1,0,Esc4
322,9.01,26.05,18.81,3.78,6.38,0.3,0.61,90.64,23.15,3001379.81,39.43,55.02,0.2,1.6,98.58,32.56,16.78,0,1,0,1,0,1,0,Esc4
323,10.01,26.54,19.94,4.15,6.9,0.31,1.16,91.96,27.17,3172786.62,37.3,56.03,0.22,2.93,98.48,28.2,13.85,0,1,0,1,0,1,0,Esc4
324,10.23,26.48,19.64,4.27,6.79,0.3,0.86,89.87,25.45,3073923.52,38.5,55.45,0.21,2.2,98.53,33.13,16.6,0,1,0,0,0,1,0,Esc4
325,9.71,26.47,19.51,4.12,6.74,0.31,1.07,91.78,25.67,3122354.1,37.91,55.57,0.21,2.74,98.51,30.59,15.33,0,1,0,1,0,1,0,Esc4
326,10.05,26.37,19.89,4.15,6.84,0.3,1.04,91.58,26.72,3143703.67,37.65,55.96,0.22,2.62,98.49,29.16,14.83,0,1,0,1,0,1,0,Esc4
327,8.85,25.96,18.63,3.75,6.26,0.3,0.48,90.81,22.26,2968180.21,39.87,54.87,0.19,1.26,98.6,34.09,16.75,0,1,0,1,0,1,0,Esc4
328,9.15,25.89,18.89,3.88,6.4,0.3,0.76,90.78,23.05,3013869.39,39.27,54.81,0.2,1.99,98.57,33.62,16.3,0,1,0,1,0,1,0,Esc4
329,10.47,27.42,20.09,4.4,7.01,0.3,1.15,91.45,27.46,3172045.39,37.31,56.07,0.22,2.88,98.47,30.06,15.02,0,1,0,1,0,1,0,Esc4
330,9.99,26.44,19.56,4.16,6.76,0.3,1.06,90.66,25.65,3107136.88,38.09,55.4,0.21,2.7,98.51,31.48,15.96,0,1,0,1,0,1,0,Esc4
331,10.17,26.21,20.15,4.12,6.87,0.31,0.75,92.74,27.78,3158643.79,37.47,56.88,0.23,1.9,98.49,27.4,13.49,0,1,0,1,0,1,0,Esc4
332,9.96,27.05,19.37,4.21,6.71,0.3,0.9,89.76,24.85,3061110.91,38.66,55.17,0.21,2.3,98.54,32.9,17.0,0,1,0,0,0,1,0,Esc4
333,10.03,25.92,20.03,4.16,6.9,0.31,0.84,92.57,27.7,3163571.78,37.41,56.71,0.23,2.13,98.48,27.2,13.6,0,1,0,1,0,1,0,Esc4
334,9.54,25.97,19.27,4.0,6.63,0.31,0.88,91.43,25.12,3086698.52,38.34,55.54,0.21,2.28,98.53,30.93,16.35,0,1,0,1,0,1,0,Esc4
335,10.21,26.3,20.02,4.22,6.94,0.31,1.02,92.09,27.74,3175709.52,37.27,56.41,0.23,2.6,98.48,28.23,14.38,0,1,0,1,0,1,0,Esc4
336,9.92,26.25,19.6,4.13,6.74,0.3,0.93,90.58,25.6,3093193.46,38.26,55.53,0.21,2.38,98.52,30.71,14.83,0,1,0,1,0,1,0,Esc4
337,10.19,27.56,19.83,4.2,6.84,0.3,1.17,91.1,26.41,3142197.64,37.67,55.61,0.22,2.96,98.5,30.23,15.09,0,1,0,1,0,1,0,Esc4
338,9.36,25.78,18.77,3.92,6.35,0.3,0.42,89.77,22.53,2957998.68,40.01,54.87,0.2,1.12,98.6,35.26,17.41,0,1,0,0,0,1,0,Esc4
339,8.64,24.96,18.08,3.63,6.05,0.3,0.54,89.13,20.23,2901270.32,40.79,53.68,0.18,1.45,98.64,38.29,19.47,0,1,0,0,0,1,0,Esc4
340,9.85,26.82,19.56,4.21,6.83,0.3,1.15,91.09,25.91,3128038.04,37.84,55.45,0.21,2.93,98.5,30.31,15.64,0,1,0,1,0,1,0,Esc4
341,9.97,26.56,19.56,4.13,6.76,0.3,1.14,90.01,25.49,3102922.68,38.14,55.14,0.21,2.9,98.52,30.66,15.72,0,1,0,1,0,1,0,Esc4
342,9.99,26.67,19.7,4.17,6.81,0.31,0.94,91.52,26.34,3124826.83,37.88,55.94,0.22,2.4,98.5,30.22,15.38,0,1,0,1,0,1,0,Esc4
343,8.84,25.08,18.41,3.73,6.22,0.3,0.65,89.22,21.54,2946376.13,40.17,54.08,0.19,1.73,98.61,35.19,18.83,0,1,0,0,0,1,0,Esc4
344,10.16,26.22,20.07,4.2,6.89,0.31,0.71,92.01,27.59,3142267.44,37.67,56.75,0.23,1.81,98.49,28.05,13.32,0,1,0,1,0,1,0,Esc4
345,9.87,26.09,19.52,4.07,6.65,0.3,0.63,90.44,25.17,3052899.4,38.77,55.73,0.21,1.62,98.54,31.69,15.66,0,1,0,1,0,1,0,Esc4
346,9.39,26.17,19.15,3.98,6.54,0.3,0.75,90.31,23.85,3027464.0,39.09,55.06,0.2,1.93,98.56,32.63,15.82,0,1,0,1,0,1,0,Esc4
347,9.65,25.87,19.26,4.08,6.62,0.3,0.67,90.08,24.55,3035721.6,38.99,55.38,0.21,1.73,98.55,32.92,17.26,0,1,0,1,0,1,0,Esc4
348,9.78,26.43,19.3,4.17,6.7,0.3,0.95,90.8,24.87,3078567.71,38.45,55.27,0.21,2.44,98.53,33.0,16.66,0,1,0,1,0,1,0,Esc4
349,9.2,25.66,18.73,3.94,6.41,0.3,0.86,90.14,22.74,3007114.96,39.36,54.46,0.2,2.24,98.57,34.96,18.3,0,1,0,1,0,1,0,Esc4
350,9.6,26.08,19.45,4.0,6.69,0.31,0.99,91.74,25.47,3109962.53,38.06,55.58,0.21,2.56,98.52,30.28,15.53,0,1,0,1,0,1,0,Esc4
351,8.83,26.29,18.43,3.84,6.28,0.3,0.82,89.98,21.57,2971210.52,39.83,54.01,0.19,2.17,98.6,36.74,18.07,0,1,0,0,0,1,0,Esc4
352,9.13,25.51,18.95,3.73,6.36,0.3,0.57,90.56,23.4,3003064.2,39.41,55.15,0.2,1.5,98.58,31.76,16.09,0,1,0,1,0,1,0,Esc4
353,10.35,27.03,20.22,4.2,6.99,0.31,1.13,92.23,28.37,3204686.27,36.93,56.52,0.23,2.86,98.46,26.7,13.39,0,1,0,1,0,1,0,Esc4
354,9.85,25.89,19.83,4.09,6.81,0.31,0.86,92.04,26.91,3138203.56,37.71,56.32,0.22,2.2,98.5,28.16,14.31,0,1,0,1,0,1,0,Esc4
355,9.49,25.83,19.27,3.89,6.55,0.31,0.75,91.92,24.87,3074086.98,38.5,55.7,0.21,1.95,98.54,31.02,16.25,0,1,0,1,0,1,0,Esc4
356,9.97,26.31,19.71,4.12,6.82,0.31,1.07,91.64,26.44,3141241.38,37.68,55.83,0.22,2.72,98.5,29.39,15.38,0,1,0,1,0,1,0,Esc4
357,9.74,26.12,19.54,4.07,6.73,0.3,1.02,90.8,25.51,3102014.68,38.15,55.42,0.21,2.61,98.52,29.82,15.1,0,1,0,1,0,1,0,Esc4
358,9.72,26.75,19.45,4.08,6.71,0.3,1.07,91.3,25.44,3111724.81,38.04,55.41,0.21,2.75,98.51,30.36,15.63,0,1,0,1,0,1,0,Esc4
359,9.38,26.96,18.92,3.98,6.51,0.3,0.91,90.16,23.53,3032920.34,39.02,54.7,0.2,2.37,98.56,33.77,17.14,0,1,0,1,0,1,0,Esc4
360,9.18,25.09,18.97,3.81,6.4,0.3,0.46,90.76,23.51,2998101.28,39.48,55.37,0.2,1.2,98.58,32.61,15.92,0,1,0,1,0,1,0,Esc4
361,9.7,26.28,19.53,4.07,6.74,0.31,1.08,91.93,25.85,3130552.67,37.81,55.63,0.21,2.78,98.5,30.26,15.27,0,1,0,1,0,1,0,Esc4
362,9.34,26.34,18.93,3.97,6.53,0.3,0.92,90.68,23.79,3046818.73,38.85,54.86,0.2,2.41,98.55,32.63,17.14,0,1,0,1,0,1,0,Esc4
363,9.67,25.68,19.22,4.02,6.57,0.3,0.68,90.47,24.47,3040386.85,38.93,55.4,0.21,1.78,98.55,32.84,16.93,0,1,0,1,0,1,0,Esc4
364,9.8,26.35,19.74,4.12,6.84,0.31,1.06,92.39,26.87,3160969.14,37.44,56.11,0.22,2.7,98.49,28.23,14.26,0,1,0,1,0,1,0,Esc4
365,9.69,26.47,19.57,3.94,6.65,0.3,0.62,91.23,25.71,3076178.93,38.48,56.07,0.22,1.61,98.53,28.87,15.04,0,1,0,1,0,1,0,Esc4
366,8.79,25.35,18.28,3.79,6.2,0.3,0.56,89.59,21.19,2932834.31,40.36,54.13,0.19,1.48,98.62,36.45,18.96,0,1,0,0,0,1,0,Esc4
367,9.55,25.58,19.49,3.9,6.63,0.31,0.68,92.1,25.45,3084891.54,38.37,56.05,0.21,1.75,98.53,29.73,14.39,0,1,0,1,0,1,0,Esc4
368,10.32,26.53,19.89,4.3,6.88,0.3,1.05,90.31,26.39,3120686.12,37.93,55.64,0.22,2.64,98.5,30.91,15.6,0,1,0,1,0,1,0,Esc4
369,9.3,26.4,18.9,3.99,6.46,0.3,0.63,90.05,23.24,2998405.25,39.47,54.93,0.2,1.65,98.58,33.44,16.35,0,1,0,1,0,1,0,Esc4
370,10.13,26.49,19.92,4.17,6.82,0.3,0.81,91.76,26.69,3124309.31,37.88,56.26,0.22,2.06,98.5,30.1,14.43,0,1,0,1,0,1,0,Esc4
371,9.05,25.85,18.76,3.72,6.34,0.3,0.68,90.53,23.13,3006024.72,39.37,54.89,0.2,1.8,98.58,32.19,16.85,0,1,0,1,0,1,0,Esc4
372,9.36,26.42,19.08,3.95,6.53,0.3,0.9,90.46,23.78,3041107.34,38.92,54.87,0.2,2.32,98.55,33.29,16.3,0,1,0,1,0,1,0,Esc4
373,9.61,26.27,19.31,3.99,6.62,0.3,0.81,91.29,24.94,3073921.47,38.5,55.55,0.21,2.1,98.54,31.01,16.02,0,1,0,1,0,1,0,Esc4
374,10.24,26.74,19.97,4.24,6.88,0.3,0.87,91.42,26.97,3133000.16,37.78,56.24,0.22,2.2,98.5,29.76,15.15,0,1,0,1,0,1,0,Esc4
375,9.73,26.62,19.38,4.08,6.66,0.3,0.78,91.0,25.06,3070017.06,38.55,55.59,0.21,2.0,98.54,31.93,16.5,0,1,0,1,0,1,0,Esc4
376,9.22,26.66,18.99,3.9,6.5,0.3,1.03,90.72,23.48,3048209.96,38.83,54.63,0.2,2.66,98.55,32.41,16.38,0,1,0,1,0,1,0,Esc4
377,9.43,25.95,19.01,3.98,6.52,0.3,0.68,90.72,23.95,3029471.26,39.07,55.24,0.2,1.78,98.56,32.83,16.44,0,1,0,1,0,1,0,Esc4
378,9.22,26.26,19.12,3.9,6.49,0.3,0.65,91.06,24.01,3031385.09,39.04,55.37,0.21,1.68,98.56,31.59,15.27,0,1,0,1,0,1,0,Esc4
379,9.8,26.33,19.35,4.02,6.6,0.3,0.65,90.57,24.74,3045101.85,38.87,55.57,0.21,1.67,98.55,32.04,16.35,0,1,0,1,0,1,0,Esc4
380,9.64,26.39,19.41,4.04,6.67,0.31,0.92,91.74,25.46,3102484.48,38.15,55.67,0.21,2.37,98.52,30.47,15.15,0,1,0,1,0,1,0,Esc4
381,8.78,25.21,18.51,3.72,6.27,0.3,0.68,91.02,22.25,2989081.06,39.6,54.64,0.19,1.81,98.59,33.94,17.32,0,1,0,1,0,1,0,Esc4
382,9.58,26.08,19.38,3.92,6.56,0.3,0.67,90.98,24.74,3051459.47,38.79,55.61,0.21,1.72,98.55,30.93,14.79,0,1,0,1,0,1,0,Esc4
383,9.21,26.57,18.89,3.95,6.49,0.3,1.01,90.27,23.37,3038279.11,38.96,54.53,0.2,2.62,98.56,33.08,16.88,0,1,0,1,0,1,0,Esc4
384,9.87,26.44,19.62,4.09,6.79,0.3,1.18,91.61,25.98,3138547.5,37.71,55.51,0.21,3.01,98.5,29.74,15.09,0,1,0,1,0,1,0,Esc4
385,10.51,26.28,20.28,4.24,7.01,0.31,0.99,92.17,28.55,3195031.29,37.04,56.76,0.23,2.49,98.46,27.49,13.9,0,1,0,1,0,1,0,Esc4
386,10.26,26.55,20.09,4.33,7.02,0.31,1.27,92.38,27.77,3202999.52,36.95,56.17,0.22,3.18,98.46,28.26,14.96,0,1,0,1,0,1,0,Esc4
387,10.32,26.67,20.01,4.28,6.92,0.3,0.95,90.48,26.99,3130097.08,37.81,56.01,0.22,2.4,98.5,29.45,15.16,0,1,0,1,0,1,0,Esc4
388,10.54,27.19,20.29,4.39,7.07,0.31,1.03,91.82,28.42,3190861.32,37.09,56.61,0.23,2.59,98.46,28.37,14.92,0,1,0,1,0,1,0,Esc4
389,9.84,26.02,19.64,4.03,6.71,0.31,0.7,91.42,26.11,3095460.73,38.24,56.15,0.22,1.79,98.52,29.03,14.97,0,1,0,1,0,1,0,Esc4
390,9.56,26.2,19.19,3.95,6.52,0.3,0.65,90.44,24.16,3028458.18,39.08,55.33,0.21,1.68,98.56,32.24,16.13,0,1,0,1,0,1,0,Esc4
391,9.95,26.3,19.7,4.1,6.77,0.3,1.1,91.06,25.98,3123561.91,37.89,55.53,0.22,2.79,98.51,29.78,15.05,0,1,0,1,0,1,0,Esc4
392,9.72,25.96,19.42,3.96,6.59,0.3,0.76,91.07,25.08,3069386.19,38.56,55.63,0.21,1.95,98.54,31.1,15.41,0,1,0,1,0,1,0,Esc4
393,9.75,25.86,19.51,4.01,6.68,0.31,0.68,91.74,25.67,3085986.34,38.35,56.06,0.22,1.75,98.53,30.62,15.43,0,1,0,1,0,1,0,Esc4
394,9.29,25.39,19.11,3.82,6.46,0.3,0.55,91.03,24.11,3025593.35,39.12,55.53,0.21,1.44,98.56,31.2,15.68,0,1,0,1,0,1,0,Esc4
395,10.9,26.94,20.68,4.36,7.16,0.31,1.22,91.84,29.64,3239714.47,36.53,56.8,0.24,3.01,98.44,26.24,13.2,0,1,0,1,0,1,0,Esc4
396,9.17,25.61,19.0,3.83,6.42,0.3,0.61,91.1,23.66,3019473.29,39.2,55.29,0.2,1.59,98.57,32.35,16.7,0,1,0,1,0,1,0,Esc4
397,9.25,25.64,18.96,3.91,6.49,0.31,0.82,91.64,23.96,3053961.03,38.75,55.21,0.2,2.16,98.55,32.47,16.7,0,1,0,1,0,1,0,Esc4
398,9.2,25.69,18.91,3.77,6.4,0.3,0.65,90.63,23.29,3007881.01,39.35,55.02,0.2,1.7,98.57,32.91,16.47,0,1,0,1,0,1,0,Esc4
399,9.93,26.25,19.53,4.16,6.74,0.3,0.74,90.73,25.63,3078652.91,38.44,55.81,0.22,1.9,98.53,31.07,16.56,0,1,0,1,0,1,0,Esc4
400,9.13,24.79,18.91,3.79,6.41,0.3,0.47,90.6,23.62,3000782.48,39.44,55.36,0.2,1.25,98.58,31.77,16.43,0,1,0,1,0,1,0,Esc4
401,9.41,25.49,18.94,3.88,6.43,0.3,0.52,90.02,23.44,2992859.7,39.55,55.15,0.2,1.35,98.58,33.58,17.06,0,1,0,1,0,1,0,Esc4
402,9.6,26.12,19.27,3.98,6.59,0.3,0.74,90.34,24.59,3047009.59,38.84,55.35,0.21,1.92,98.55,31.31,16.13,0,1,0,1,0,1,0,Esc4
403,9.19,24.6,19.08,3.78,6.43,0.3,0.44,91.04,23.94,3010835.61,39.31,55.61,0.21,1.15,98.57,31.62,15.78,0,1,0,1,0,1,0,Esc4
404,9.3,25.92,19.07,3.89,6.54,0.31,0.88,91.12,24.38,3064109.32,38.63,55.21,0.21,2.3,98.54,31.07,17.08,0,1,0,1,0,1,0,Esc4
405,10.01,26.7,19.7,4.21,6.87,0.3,1.2,91.08,26.47,3147089.77,37.61,55.58,0.22,3.05,98.49,29.68,16.07,0,1,0,1,0,1,0,Esc4
406,9.79,26.72,19.7,3.98,6.68,0.31,0.53,91.89,26.28,3089426.12,38.31,56.5,0.22,1.36,98.53,28.95,14.12,0,1,0,1,0,1,0,Esc4
407,9.83,26.0,19.91,3.91,6.71,0.31,0.37,92.45,27.08,3103311.7,38.14,57.08,0.23,0.97,98.52,26.91,13.39,0,1,0,1,0,1,0,Esc4
408,9.9,26.44,19.81,4.1,6.81,0.31,0.86,92.07,26.76,3134894.26,37.75,56.27,0.22,2.2,98.5,28.54,14.17,0,1,0,1,0,1,0,Esc4
409,10.11,25.82,19.94,4.13,6.84,0.3,0.66,91.49,27.01,3116388.62,37.98,56.54,0.22,1.68,98.51,28.41,14.2,0,1,0,1,0,1,0,Esc4
410,9.81,26.52,19.42,4.12,6.72,0.3,0.7,90.4,25.5,3067739.66,38.58,55.75,0.22,1.81,98.53,30.79,17.03,0,1,0,1,0,1,0,Esc4
411,9.57,25.7,19.22,3.98,6.57,0.3,0.63,90.75,24.61,3042073.96,38.91,55.58,0.21,1.63,98.55,31.62,16.37,0,1,0,1,0,1,0,Esc4
412,9.96,26.9,19.78,4.12,6.82,0.31,0.99,92.09,26.81,3148114.03,37.6,56.12,0.22,2.53,98.49,28.38,14.76,0,1,0,1,0,1,0,Esc4
413,9.91,26.78,19.5,4.16,6.73,0.3,1.1,90.79,25.11,3098196.82,38.2,55.17,0.21,2.81,98.52,32.44,15.97,0,1,0,1,0,1,0,Esc4
414,9.35,24.97,19.18,3.82,6.51,0.31,0.52,91.85,24.74,3049310.21,38.81,55.93,0.21,1.38,98.55,29.3,14.09,0,1,0,1,0,1,0,Esc4
415,9.25,26.66,18.92,4.0,6.53,0.3,1.12,90.5,23.49,3054537.77,38.75,54.48,0.2,2.9,98.55,33.03,16.9,0,1,0,1,0,1,0,Esc4
416,9.91,25.9,19.8,4.04,6.72,0.3,0.4,91.53,26.42,3077140.43,38.46,56.67,0.22,1.02,98.53,28.67,14.49,0,1,0,1,0,1,0,Esc4
417,9.34,26.02,19.0,3.97,6.52,0.3,0.81,90.81,23.95,3042454.96,38.9,55.09,0.2,2.12,98.55,33.1,17.49,0,1,0,1,0,1,0,Esc4
418,9.66,26.17,19.14,4.09,6.59,0.3,1.05,90.15,23.87,3053547.82,38.76,54.66,0.2,2.7,98.55,34.24,16.84,0,1,0,1,0,1,0,Esc4
419,9.57,26.21,19.64,3.93,6.7,0.31,0.88,92.35,26.15,3124263.07,37.88,56.07,0.22,2.26,98.51,28.2,14.41,0,1,0,1,0,1,0,Esc4
420,9.42,25.94,18.91,3.93,6.43,0.3,0.73,89.67,23.09,2998764.9,39.47,54.68,0.2,1.9,98.58,34.06,17.15,0,1,0,0,0,1,0,Esc4
421,9.68,25.55,19.5,3.97,6.61,0.3,0.53,91.21,25.27,3055525.44,38.74,56.02,0.21,1.37,98.54,30.6,14.57,0,1,0,1,0,1,0,Esc4
422,10.19,26.47,19.77,4.24,6.84,0.3,0.94,91.13,26.48,3123647.8,37.89,55.92,0.22,2.4,98.5,30.53,15.81,0,1,0,1,0,1,0,Esc4
423,9.94,26.64,19.49,4.12,6.68,0.3,0.96,90.08,24.95,3072603.59,38.52,55.19,0.21,2.44,98.53,32.06,15.72,0,1,0,1,0,1,0,Esc4
424,10.0,27.14,20.03,4.08,6.89,0.31,1.17,92.71,27.63,3194202.88,37.05,56.28,0.22,2.96,98.47,26.98,13.91,0,1,0,1,0,1,0,Esc4
425,9.9,26.04,19.51,4.12,6.74,0.3,1.23,90.73,25.36,3116153.5,37.98,55.09,0.21,3.13,98.51,31.75,16.5,0,1,0,1,0,1,0,Esc4
426,10.25,26.45,20.12,4.16,6.93,0.31,1.2,92.01,27.82,3192971.69,37.07,56.22,0.23,3.01,98.47,26.96,13.69,0,1,0,1,0,1,0,Esc4
427,9.13,25.66,18.91,3.84,6.43,0.3,0.68,91.02,23.52,3022092.71,39.16,55.13,0.2,1.79,98.57,31.9,16.19,0,1,0,1,0,1,0,Esc4
428,9.81,26.71,19.51,4.16,6.74,0.3,0.92,91.25,25.62,3100810.54,38.17,55.64,0.21,2.37,98.52,30.68,16.25,0,1,0,1,0,1,0,Esc4
429,10.13,27.2,19.84,4.19,6.86,0.3,1.18,91.5,26.74,3157503.45,37.48,55.77,0.22,2.99,98.49,30.15,15.21,0,1,0,1,0,1,0,Esc4
430,9.38,26.09,19.2,3.97,6.55,0.3,0.7,91.79,24.41,3055384.03,38.74,55.57,0.21,1.82,98.55,31.76,15.21,0,1,0,1,0,1,0,Esc4
431,8.49,24.86,18.52,3.54,6.24,0.31,0.56,91.35,22.55,2990368.69,39.58,54.96,0.2,1.5,98.59,31.31,15.65,0,1,0,1,0,1,0,Esc4
432,9.66,26.11,19.39,4.0,6.57,0.3,0.71,90.34,24.45,3039237.04,38.94,55.34,0.21,1.83,98.55,32.04,16.2,0,1,0,1,0,1,0,Esc4
433,8.85,25.96,18.72,3.7,6.29,0.3,0.59,91.07,22.65,2991544.37,39.56,54.93,0.2,1.55,98.59,33.19,16.23,0,1,0,1,0,1,0,Esc4
434,10.02,26.42,19.72,4.21,6.83,0.3,1.02,91.28,26.29,3127375.88,37.85,55.78,0.22,2.59,98.5,30.35,15.46,0,1,0,1,0,1,0,Esc4
435,9.89,26.1,19.7,4.05,6.76,0.31,0.98,91.64,26.33,3129883.54,37.81,55.91,0.22,2.49,98.5,29.7,15.29,0,1,0,1,0,1,0,Esc4
436,10.08,26.61,19.93,4.17,6.88,0.31,0.97,92.3,27.28,3161727.78,37.43,56.36,0.22,2.47,98.48,28.65,14.97,0,1,0,1,0,1,0,Esc4
437,9.21,26.18,18.78,3.91,6.4,0.3,0.63,90.05,22.86,2988286.93,39.61,54.78,0.2,1.66,98.58,34.1,17.63,0,1,0,1,0,1,0,Esc4
438,10.28,26.82,19.98,4.26,6.9,0.3,0.91,91.24,27.12,3138277.48,37.71,56.22,0.22,2.29,98.5,29.45,15.42,0,1,0,1,0,1,0,Esc4
439,8.85,24.86,18.65,3.64,6.25,0.3,0.55,90.64,22.54,2980185.72,39.71,54.85,0.2,1.46,98.59,33.17,16.6,0,1,0,1,0,1,0,Esc4
440,9.28,25.34,18.93,3.9,6.44,0.3,0.4,90.46,23.63,2992374.61,39.55,55.44,0.2,1.05,98.58,33.22,16.98,0,1,0,1,0,1,0,Esc4
441,9.38,26.25,19.19,3.92,6.54,0.3,0.72,91.25,24.6,3055631.03,38.73,55.53,0.21,1.87,98.55,30.99,15.86,0,1,0,1,0,1,0,Esc4
442,10.38,26.61,20.03,4.33,6.95,0.3,1.09,91.63,27.38,3166621.92,37.38,56.14,0.22,2.75,98.48,29.96,15.46,0,1,0,1,0,1,0,Esc4
443,9.11,25.56,18.73,3.85,6.4,0.3,0.84,89.97,22.91,3007821.12,39.35,54.52,0.2,2.19,98.57,33.27,17.36,0,1,0,0,0,1,0,Esc4
444,9.72,26.47,19.46,4.04,6.66,0.3,0.72,90.96,25.23,3069412.85,38.56,55.73,0.21,1.86,98.54,31.04,15.1,0,1,0,1,0,1,0,Esc4
445,9.9,26.08,19.71,4.04,6.76,0.31,0.84,91.71,26.6,3125047.54,37.87,56.18,0.22,2.16,98.51,28.84,14.76,0,1,0,1,0,1,0,Esc4
446,10.09,27.14,19.59,4.25,6.84,0.3,1.3,90.5,25.82,3132950.39,37.78,55.14,0.21,3.3,98.5,31.99,16.35,0,1,0,1,0,1,0,Esc4
447,9.1,25.77,18.65,3.83,6.33,0.3,0.67,89.8,22.45,2978488.24,39.74,54.53,0.2,1.76,98.59,34.24,18.03,0,1,0,0,0,1,0,Esc4
448,9.09,25.23,18.65,3.87,6.32,0.3,0.4,90.2,22.52,2960867.04,39.97,54.97,0.2,1.06,98.6,35.81,18.87,0,1,0,1,0,1,0,Esc4
449,8.91,24.75,18.89,3.76,6.37,0.3,0.51,91.36,23.19,3001845.89,39.43,55.28,0.2,1.35,98.58,32.37,16.31,0,1,0,1,0,1,0,Esc4
450,10.11,27.12,19.86,4.18,6.87,0.31,1.19,92.14,26.95,3171987.31,37.31,55.93,0.22,3.03,98.48,28.9,14.76,0,1,0,1,0,1,0,Esc4
451,9.29,26.29,19.13,3.89,6.53,0.31,0.79,91.79,24.4,3063882.21,38.63,55.45,0.21,2.06,98.54,31.52,15.86,0,1,0,1,0,1,0,Esc4
452,9.32,25.28,19.21,3.73,6.42,0.3,0.4,91.56,24.23,3020917.39,39.18,55.86,0.21,1.04,98.57,31.12,15.78,0,1,0,1,0,1,0,Esc4
453,10.29,26.47,20.36,4.19,7.05,0.31,1.16,93.0,29.02,3234590.27,36.59,56.83,0.23,2.92,98.44,25.87,13.22,0,1,0,1,0,1,0,Esc4
454,9.33,25.25,19.2,3.87,6.51,0.3,0.66,91.14,24.4,3044319.94,38.88,55.51,0.21,1.72,98.55,30.66,15.28,0,1,0,1,0,1,0,Esc4
455,8.69,24.65,18.33,3.58,6.13,0.3,0.46,90.31,21.42,2938516.22,40.28,54.47,0.19,1.23,98.62,34.91,18.03,0,1,0,1,0,1,0,Esc4
456,9.03,24.75,18.67,3.72,6.29,0.3,0.61,90.55,22.65,2986747.69,39.63,54.8,0.2,1.61,98.59,33.33,16.9,0,1,0,1,0,1,0,Esc4
457,9.59,26.24,19.2,3.96,6.57,0.3,0.86,89.66,24.35,3043358.22,38.89,55.0,0.21,2.22,98.55,31.68,15.67,0,1,0,0,0,1,0,Esc4
458,8.89,25.69,18.47,3.79,6.2,0.3,0.29,89.81,21.6,2922300.23,40.5,54.68,0.19,0.77,98.62,36.15,18.44,0,1,0,0,0,1,0,Esc4
459,10.08,26.26,19.69,4.18,6.81,0.3,0.94,91.14,26.36,3120733.14,37.93,55.88,0.22,2.4,98.51,30.95,15.56,0,1,0,1,0,1,0,Esc4
460,9.3,25.84,18.97,3.83,6.4,0.3,0.52,89.97,23.4,2990988.1,39.57,55.12,0.2,1.35,98.58,32.35,16.61,0,1,0,0,0,1,0,Esc4
461,9.62,25.45,19.3,3.95,6.57,0.3,0.59,90.23,24.61,3032571.24,39.03,55.54,0.21,1.53,98.56,31.25,16.44,0,1,0,1,0,1,0,Esc4
462,9.36,26.02,19.18,3.87,6.51,0.3,0.8,90.72,24.1,3043624.94,38.89,55.15,0.21,2.07,98.55,30.89,15.08,0,1,0,1,0,1,0,Esc4
463,9.17,25.42,19.11,3.82,6.52,0.31,0.86,91.4,24.46,3067574.52,38.58,55.31,0.21,2.25,98.54,29.64,15.6,0,1,0,1,0,1,0,Esc4
464,10.39,25.71,20.1,4.25,6.97,0.31,0.86,91.7,28.15,3166657.85,37.38,56.71,0.23,2.18,98.48,27.12,13.9,0,1,0,1,0,1,0,Esc4
465,9.52,26.6,18.98,4.08,6.56,0.3,1.07,89.63,23.48,3039208.76,38.94,54.4,0.2,2.76,98.55,34.27,17.68,0,1,0,0,0,1,0,Esc4
466,9.27,26.62,18.74,3.89,6.38,0.3,0.75,89.16,22.53,2979810.48,39.72,54.35,0.2,1.96,98.59,34.82,18.03,0,1,0,0,0,1,0,Esc4
467,9.91,25.88,19.91,4.01,6.77,0.3,0.77,92.05,26.71,3125240.96,37.87,56.37,0.22,1.97,98.51,27.99,13.86,0,1,0,1,0,1,0,Esc4
468,8.98,25.34,18.9,3.72,6.34,0.3,0.57,90.63,23.07,2995155.9,39.52,55.03,0.2,1.5,98.58,31.74,15.6,0,1,0,1,0,1,0,Esc4
469,8.51,24.93,18.14,3.56,6.03,0.3,0.35,89.02,20.5,2889923.25,40.95,54.02,0.18,0.93,98.64,36.32,18.67,0,1,0,0,0,1,0,Esc4
470,9.86,26.2,19.77,4.07,6.81,0.31,0.82,91.88,26.79,3130783.51,37.8,56.31,0.22,2.11,98.5,28.14,14.26,0,1,0,1,0,1,0,Esc4
471,10.09,26.25,19.54,4.18,6.72,0.3,0.73,90.21,25.33,3062829.78,38.64,55.63,0.21,1.86,98.54,32.24,15.83,0,1,0,1,0,1,0,Esc4
472,9.59,25.97,19.47,3.97,6.64,0.31,0.75,91.77,25.44,3086876.11,38.34,55.88,0.21,1.94,98.53,30.08,14.95,0,1,0,1,0,1,0,Esc4
473,10.32,26.33,19.93,4.3,6.93,0.3,0.94,91.14,27.13,3141351.03,37.68,56.17,0.22,2.39,98.49,29.37,14.97,0,1,0,1,0,1,0,Esc4
474,9.21,25.75,18.74,3.86,6.37,0.3,0.82,90.49,22.86,3010921.35,39.31,54.62,0.2,2.14,98.57,34.65,17.11,0,1,0,1,0,1,0,Esc4
475,9.96,26.57,19.76,4.06,6.76,0.31,0.77,91.99,26.55,3120524.99,37.93,56.31,0.22,1.97,98.51,29.37,14.6,0,1,0,1,0,1,0,Esc4
476,9.86,26.39,19.56,4.17,6.8,0.3,1.19,90.8,25.77,3124160.86,37.88,55.3,0.21,3.02,98.51,30.44,15.47,0,1,0,1,0,1,0,Esc4
477,9.27,25.42,19.11,3.87,6.51,0.3,0.77,91.06,24.25,3049961.1,38.81,55.3,0.21,2.02,98.55,30.58,15.79,0,1,0,1,0,1,0,Esc4
478,9.25,25.63,18.96,3.88,6.48,0.3,0.79,90.7,23.74,3034401.87,39.0,55.02,0.2,2.08,98.56,32.54,17.35,0,1,0,1,0,1,0,Esc4
479,9.48,26.67,19.22,3.98,6.56,0.3,0.72,90.39,24.29,3038332.59,38.95,55.27,0.21,1.88,98.55,31.83,15.58,0,1,0,1,0,1,0,Esc4
480,9.81,26.37,19.57,4.15,6.8,0.31,1.1,91.69,26.21,3138046.18,37.72,55.69,0.22,2.82,98.5,30.39,16.04,0,1,0,1,0,1,0,Esc4
481,9.38,26.62,19.13,3.86,6.47,0.3,0.53,91.0,24.06,3022152.24,39.16,55.53,0.21,1.39,98.56,31.72,16.79,0,1,0,1,0,1,0,Esc4
482,9.59,26.81,19.09,4.04,6.54,0.3,0.98,89.46,23.58,3031170.99,39.05,54.53,0.2,2.52,98.56,34.25,17.54,0,1,0,0,0,1,0,Esc4
483,10.07,26.13,19.62,4.24,6.83,0.3,1.12,90.78,25.89,3120015.65,37.93,55.44,0.22,2.84,98.51,31.54,15.85,0,1,0,1,0,1,0,Esc4
484,10.42,26.56,20.05,4.28,6.95,0.3,1.15,91.02,27.34,3163938.24,37.41,55.96,0.22,2.89,98.48,29.19,14.7,0,1,0,1,0,1,0,Esc4
485,10.03,26.83,19.86,4.15,6.89,0.31,1.27,92.14,27.04,3180631.18,37.21,55.86,0.22,3.21,98.48,28.41,14.55,0,1,0,1,0,1,0,Esc4
486,9.67,26.36,19.43,4.1,6.73,0.31,1.03,91.62,25.45,3111433.87,38.04,55.51,0.21,2.65,98.51,30.55,16.04,0,1,0,1,0,1,0,Esc4
487,10.57,26.67,20.34,4.32,7.06,0.3,1.19,91.36,28.33,3196577.46,37.03,56.32,0.23,2.96,98.46,27.55,14.01,0,1,0,1,0,1,0,Esc4
488,9.09,25.82,19.22,3.77,6.5,0.3,0.75,91.85,24.45,3062701.18,38.64,55.53,0.21,1.96,98.54,29.49,14.48,0,1,0,1,0,1,0,Esc4
489,10.23,26.35,19.92,4.26,6.89,0.3,1.1,91.3,26.67,3144518.9,37.64,55.83,0.22,2.77,98.49,30.36,15.35,0,1,0,1,0,1,0,Esc4
490,9.31,26.1,18.96,3.93,6.47,0.3,0.78,90.22,23.4,3017904.07,39.22,54.82,0.2,2.04,98.57,33.18,16.59,0,1,0,1,0,1,0,Esc4
491,9.32,26.28,18.97,3.94,6.49,0.3,0.74,90.73,23.72,3028805.41,39.08,55.08,0.2,1.93,98.56,33.13,16.93,0,1,0,1,0,1,0,Esc4
492,9.57,26.09,19.19,3.98,6.57,0.3,0.85,90.61,24.37,3054356.25,38.75,55.17,0.21,2.21,98.55,32.04,16.17,0,1,0,1,0,1,0,Esc4
493,9.1,25.17,18.83,3.74,6.31,0.3,0.4,90.3,22.85,2970185.41,39.85,55.11,0.2,1.06,98.59,33.76,16.97,0,1,0,1,0,1,0,Esc4
494,9.38,26.01,19.02,3.95,6.5,0.3,0.79,91.6,23.9,3048576.9,38.82,55.23,0.2,2.07,98.55,33.2,15.91,0,1,0,1,0,1,0,Esc4
495,9.33,26.13,19.11,3.89,6.5,0.3,0.81,91.07,24.06,3048078.77,38.83,55.17,0.2,2.12,98.55,32.38,16.61,0,1,0,1,0,1,0,Esc4
496,10.09,26.18,19.84,4.2,6.83,0.3,0.75,91.48,26.72,3116683.84,37.98,56.3,0.22,1.93,98.51,29.42,14.79,0,1,0,1,0,1,0,Esc4
497,9.31,26.23,18.9,3.9,6.44,0.3,0.69,89.69,23.19,2998402.68,39.47,54.78,0.2,1.8,98.58,33.87,16.7,0,1,0,0,0,1,0,Esc4
498,9.42,26.34,19.22,3.91,6.54,0.3,0.74,90.88,24.4,3048464.58,38.82,55.37,0.21,1.92,98.55,30.62,15.41,0,1,0,1,0,1,0,Esc4
499,9.36,25.23,19.25,3.85,6.5,0.3,0.55,91.15,24.45,3035282.2,38.99,55.67,0.21,1.43,98.56,30.74,15.06,0,1,0,1,0,1,0,Esc4
500,9.45,25.83,19.15,3.95,6.51,0.3,0.42,90.59,24.08,3007877.95,39.35,55.62,0.21,1.1,98.57,32.34,16.01,0,1,0,1,0,1,0,Esc4
501,9.04,26.75,18.76,3.89,6.43,0.3,0.75,91.13,23.12,3019585.53,39.2,54.9,0.2,1.99,98.57,33.33,17.16,0,1,0,1,0,1,0,Esc4
502,9.41,26.46,19.01,3.94,6.53,0.3,1.03,91.24,23.99,3069128.39,38.56,54.89,0.2,2.69,98.54,33.35,17.32,0,1,0,1,0,1,0,Esc4
503,10.34,26.87,20.27,4.27,7.08,0.31,1.44,92.62,28.74,3248653.67,36.43,56.32,0.23,3.6,98.44,26.5,13.77,0,1,0,1,0,1,0,Esc4
504,10.34,26.67,20.11,4.19,6.94,0.3,1.07,91.44,27.67,3169899.54,37.34,56.23,0.23,2.7,98.48,27.87,14.48,0,1,0,1,0,1,0,Esc4
505,9.1,25.27,18.81,3.76,6.37,0.3,0.61,90.5,23.22,3001217.92,39.44,55.02,0.2,1.6,98.58,32.17,16.35,0,1,0,1,0,1,0,Esc4
506,9.48,26.48,19.1,4.06,6.6,0.3,0.99,89.89,24.1,3051530.09,38.79,54.78,0.2,2.56,98.55,32.34,16.29,0,1,0,0,0,1,0,Esc4
507,10.16,26.37,19.76,4.22,6.87,0.31,1.05,91.5,26.67,3143218.18,37.65,55.91,0.22,2.67,98.49,30.18,15.8,0,1,0,1,0,1,0,Esc4
508,9.65,26.11,19.13,4.03,6.57,0.3,0.86,89.77,23.99,3035156.15,39.0,54.88,0.2,2.22,98.56,33.19,16.92,0,1,0,0,0,1,0,Esc4
509,10.08,27.13,19.89,4.16,6.85,0.31,0.92,92.3,27.04,3150125.49,37.57,56.34,0.22,2.33,98.49,28.9,14.91,0,1,0,1,0,1,0,Esc4
510,9.51,26.75,19.36,3.94,6.6,0.31,0.72,91.47,25.13,3072322.8,38.52,55.77,0.21,1.86,98.54,29.95,15.46,0,1,0,1,0,1,0,Esc4
511,9.99,27.25,19.43,4.26,6.8,0.3,1.25,90.35,25.33,3113017.13,38.02,55.0,0.21,3.18,98.51,32.61,17.01,0,1,0,1,0,1,0,Esc4
512,8.39,24.4,18.12,3.51,6.01,0.3,0.21,89.78,20.49,2885991.68,41.01,54.32,0.18,0.57,98.64,34.98,18.11,0,1,0,0,0,1,0,Esc4
513,10.1,26.93,19.63,4.31,6.89,0.3,1.31,91.28,26.19,3152807.87,37.54,55.38,0.22,3.33,98.49,31.67,15.78,0,1,0,1,0,1,0,Esc4
514,8.46,24.82,18.17,3.61,6.06,0.3,0.5,89.02,20.36,2899900.9,40.81,53.76,0.18,1.34,98.64,36.21,17.87,0,1,0,0,0,1,0,Esc4
515,9.38,25.1,19.13,3.88,6.47,0.3,0.59,90.45,23.91,3016969.22,39.23,55.31,0.21,1.54,98.57,31.83,15.63,0,1,0,1,0,1,0,Esc4
516,9.34,25.17,19.23,3.84,6.5,0.31,0.38,91.95,24.79,3037877.5,38.96,56.16,0.21,0.99,98.56,30.42,15.25,0,1,0,1,0,1,0,Esc4
517,10.19,26.33,19.98,4.14,6.84,0.3,0.83,91.72,26.97,3132972.28,37.78,56.34,0.22,2.11,98.5,28.81,14.49,0,1,0,1,0,1,0,Esc4
518,9.43,25.76,19.2,3.91,6.48,0.3,0.51,90.83,24.16,3020797.74,39.18,55.56,0.21,1.34,98.57,32.66,15.6,0,1,0,1,0,1,0,Esc4
519,10.65,26.6,20.55,4.24,7.06,0.31,0.99,92.06,29.2,3210411.13,36.87,56.97,0.24,2.48,98.45,25.57,13.61,0,1,0,1,0,1,0,Esc4
520,8.72,25.34,18.36,3.7,6.21,0.3,0.74,90.32,21.54,2967889.62,39.88,54.16,0.19,1.97,98.6,35.83,18.55,0,1,0,1,0,1,0,Esc4
521,10.43,26.13,20.41,4.23,7.06,0.31,1.09,92.98,29.3,3233768.78,36.6,57.0,0.23,2.74,98.44,25.52,13.52,0,1,0,1,0,1,0,Esc4
522,9.84,26.11,19.49,4.11,6.69,0.3,0.84,90.58,25.23,3074777.63,38.49,55.51,0.21,2.15,98.53,31.95,16.37,0,1,0,1,0,1,0,Esc4
523,10.24,26.13,19.96,4.28,6.95,0.3,0.94,90.97,27.25,3142269.89,37.67,56.18,0.22,2.39,98.49,28.46,14.92,0,1,0,1,0,1,0,Esc4
524,9.14,26.19,19.12,3.85,6.47,0.3,0.62,91.77,24.09,3040222.1,38.93,55.55,0.21,1.63,98.56,31.83,15.47,0,1,0,1,0,1,0,Esc4
525,10.02,26.56,19.77,4.14,6.83,0.3,1.05,91.62,26.48,3139645.76,37.7,55.86,0.22,2.68,98.5,30.02,15.61,0,1,0,1,0,1,0,Esc4
526,9.38,25.49,18.99,3.88,6.45,0.3,0.69,90.34,23.53,3014095.77,39.27,55.01,0.2,1.79,98.57,33.41,16.82,0,1,0,1,0,1,0,Esc4
527,10.14,26.54,20.06,4.16,6.89,0.31,1.05,92.08,27.41,3169287.91,37.34,56.27,0.22,2.65,98.48,27.81,13.74,0,1,0,1,0,1,0,Esc4
528,9.23,26.97,18.96,3.89,6.49,0.3,0.87,90.7,23.65,3038785.35,38.95,54.89,0.2,2.27,98.56,31.8,16.76,0,1,0,1,0,1,0,Esc4
529,9.39,25.83,19.24,3.96,6.61,0.3,0.9,91.38,24.67,3076060.49,38.48,55.34,0.21,2.34,98.53,30.85,16.46,0,1,0,1,0,1,0,Esc4
530,10.74,26.68,20.35,4.35,7.06,0.3,1.02,91.27,28.55,3186132.44,37.15,56.6,0.23,2.54,98.47,28.13,14.32,0,1,0,1,0,1,0,Esc4
531,9.51,25.74,19.25,3.96,6.56,0.31,0.6,91.72,24.83,3057180.11,38.71,55.84,0.21,1.57,98.55,31.39,16.03,0,1,0,1,0,1,0,Esc4
532,9.36,25.8,19.06,3.91,6.49,0.3,0.73,90.07,23.63,3017751.61,39.22,54.97,0.2,1.89,98.57,32.92,16.31,0,1,0,1,0,1,0,Esc4
533,9.59,26.37,19.1,4.0,6.54,0.3,0.67,89.37,23.98,3013210.7,39.28,55.05,0.21,1.74,98.57,33.03,17.13,0,1,0,0,0,1,0,Esc4
534,9.97,26.71,19.44,4.16,6.77,0.3,1.02,90.65,25.7,3104976.55,38.12,55.46,0.21,2.61,98.52,32.0,16.75,0,1,0,1,0,1,0,Esc4
535,9.6,26.15,19.32,4.04,6.66,0.31,0.96,91.41,25.21,3095600.33,38.23,55.47,0.21,2.47,98.52,30.44,15.58,0,1,0,1,0,1,0,Esc4
536,9.55,25.1,19.29,3.87,6.54,0.3,0.53,90.99,24.91,3043764.05,38.88,55.85,0.21,1.38,98.55,30.1,15.26,0,1,0,1,0,1,0,Esc4
537,9.5,25.82,19.3,3.94,6.59,0.3,0.77,91.39,24.86,3069564.39,38.56,55.58,0.21,2.0,98.54,31.16,15.01,0,1,0,1,0,1,0,Esc4
538,9.38,25.78,19.44,3.82,6.57,0.31,0.7,92.05,25.28,3081009.82,38.41,55.94,0.21,1.8,98.53,28.65,14.26,0,1,0,1,0,1,0,Esc4
539,9.72,26.71,19.05,4.19,6.62,0.3,1.06,89.26,23.6,3036584.07,38.98,54.41,0.2,2.72,98.55,35.82,18.62,0,1,0,0,0,1,0,Esc4
540,9.45,25.46,19.26,3.94,6.54,0.3,0.68,91.17,24.37,3045615.37,38.86,55.48,0.21,1.77,98.55,31.5,15.46,0,1,0,1,0,1,0,Esc4
541,9.2,25.31,19.05,3.71,6.38,0.3,0.5,90.88,23.67,3006875.89,39.36,55.4,0.2,1.3,98.58,31.05,15.5,0,1,0,1,0,1,0,Esc4
542,9.88,26.99,19.73,4.09,6.79,0.31,0.97,92.19,26.5,3140083.82,37.69,56.05,0.22,2.48,98.5,28.79,14.63,0,1,0,1,0,1,0,Esc4
543,10.1,26.38,19.96,4.06,6.82,0.3,0.96,91.44,27.03,3143314.95,37.65,56.15,0.22,2.43,98.5,28.11,14.53,0,1,0,1,0,1,0,Esc4
544,10.12,26.35,19.68,4.15,6.77,0.3,0.95,90.92,25.92,3107028.27,38.09,55.68,0.22,2.41,98.51,31.37,16.04,0,1,0,1,0,1,0,Esc4
545,9.05,25.77,18.85,3.78,6.36,0.3,0.73,90.63,22.87,3003603.15,39.4,54.76,0.2,1.9,98.58,33.38,16.05,0,1,0,1,0,1,0,Esc4
546,9.1,25.07,18.82,3.8,6.37,0.3,0.38,90.96,23.22,2985634.73,39.64,55.39,0.2,1.0,98.59,33.47,16.92,0,1,0,1,0,1,0,Esc4
547,10.41,27.03,19.93,4.25,6.95,0.31,1.18,91.12,27.35,3168688.65,37.35,55.93,0.22,2.98,98.48,29.46,15.07,0,1,0,1,0,1,0,Esc4
548,9.24,25.69,19.24,3.75,6.47,0.31,0.47,91.66,24.61,3038643.1,38.95,55.92,0.21,1.23,98.56,29.43,14.57,0,1,0,1,0,1,0,Esc4
549,9.19,25.61,18.82,3.78,6.35,0.3,0.46,89.8,22.95,2972480.98,39.82,54.99,0.2,1.21,98.59,33.78,17.42,0,1,0,0,0,1,0,Esc4
550,9.93,25.2,19.77,3.92,6.69,0.31,0.49,92.02,26.73,3099405.18,38.19,56.74,0.22,1.26,98.52,27.97,14.73,0,1,0,1,0,1,0,Esc4
551,10.42,26.65,20.36,4.2,7.02,0.31,1.09,92.61,28.9,3219388.88,36.76,56.81,0.23,2.75,98.45,26.24,13.19,0,1,0,1,0,1,0,Esc4
552,9.19,25.23,18.79,3.82,6.36,0.3,0.59,89.7,22.9,2982174.36,39.69,54.78,0.2,1.56,98.59,33.81,17.25,0,1,0,0,0,1,0,Esc4
553,9.5,26.81,19.19,3.99,6.56,0.3,0.72,91.18,24.47,3051953.74,38.78,55.47,0.21,1.87,98.55,32.64,16.61,0,1,0,1,0,1,0,Esc4
554,10.06,26.28,19.99,4.1,6.85,0.31,0.69,91.96,27.4,3134839.26,37.76,56.7,0.23,1.77,98.5,27.29,14.06,0,1,0,1,0,1,0,Esc4
555,9.43,25.66,19.32,3.94,6.57,0.31,0.58,92.04,24.99,3063482.28,38.63,55.98,0.21,1.52,98.54,31.13,15.49,0,1,0,1,0,1,0,Esc4
556,10.05,26.61,19.84,4.11,6.85,0.31,1.11,92.02,27.24,3171148.45,37.32,56.11,0.22,2.84,98.48,27.6,14.7,0,1,0,1,0,1,0,Esc4
557,10.9,27.16,20.6,4.42,7.2,0.31,1.16,91.92,29.69,3236838.87,36.57,56.9,0.24,2.87,98.44,26.97,13.96,0,1,0,1,0,1,0,Esc4
558,9.83,26.24,19.62,4.13,6.79,0.31,1.16,92.05,26.06,3144083.82,37.64,55.63,0.21,2.96,98.5,29.73,15.23,0,1,0,1,0,1,0,Esc4
559,9.25,26.14,19.12,3.81,6.47,0.3,0.66,91.2,24.09,3037320.24,38.97,55.41,0.21,1.73,98.56,30.96,15.85,0,1,0,1,0,1,0,Esc4
560,10.14,26.26,19.8,4.25,6.89,0.3,1.36,91.0,26.48,3160433.8,37.45,55.39,0.22,3.42,98.48,30.49,15.46,0,1,0,1,0,1,0,Esc4
561,9.34,25.99,19.13,3.88,6.53,0.3,0.89,91.07,24.2,3058934.06,38.69,55.13,0.21,2.3,98.55,30.98,15.3,0,1,0,1,0,1,0,Esc4
562,10.32,26.53,19.95,4.25,6.94,0.3,1.21,90.87,27.01,3158702.72,37.47,55.74,0.22,3.04,98.48,29.74,15.88,0,1,0,1,0,1,0,Esc4
563,9.17,26.26,19.0,3.74,6.39,0.3,0.71,90.26,23.21,3006748.41,39.36,54.85,0.2,1.85,98.58,31.93,15.78,0,1,0,1,0,1,0,Esc4
564,9.67,25.63,19.22,4.06,6.57,0.3,0.8,90.4,24.1,3040206.91,38.93,55.1,0.21,2.07,98.55,33.22,15.8,0,1,0,1,0,1,0,Esc4
565,9.3,25.52,19.11,3.86,6.5,0.31,0.66,92.03,24.44,3055589.55,38.73,55.67,0.21,1.72,98.55,31.36,15.82,0,1,0,1,0,1,0,Esc4
566,9.01,25.65,18.52,3.79,6.27,0.3,0.58,89.71,22.0,2956484.38,40.03,54.44,0.19,1.52,98.6,35.44,18.43,0,1,0,0,0,1,0,Esc4
567,9.7,26.81,19.34,4.1,6.69,0.3,0.9,91.24,25.15,3087431.28,38.33,55.5,0.21,2.33,98.53,31.43,16.68,0,1,0,1,0,1,0,Esc4
568,9.31,26.44,18.72,3.96,6.41,0.3,1.06,89.36,22.37,3005682.61,39.38,53.94,0.19,2.74,98.57,35.58,18.98,0,1,0,0,0,1,0,Esc4
569,9.52,25.62,19.43,4.01,6.64,0.31,0.64,91.78,25.34,3074363.12,38.5,55.99,0.21,1.66,98.53,30.42,15.84,0,1,0,1,0,1,0,Esc4
570,9.69,26.44,19.54,4.12,6.79,0.3,1.33,91.42,25.68,3142575.64,37.66,55.18,0.21,3.39,98.5,30.49,15.47,0,1,0,1,0,1,0,Esc4
571,9.5,25.83,19.22,3.97,6.59,0.3,0.81,90.95,24.69,3063111.74,38.64,55.39,0.21,2.11,98.54,31.6,16.03,0,1,0,1,0,1,0,Esc4
572,9.75,27.47,19.17,4.16,6.66,0.3,1.1,90.47,24.41,3076447.91,38.47,54.85,0.21,2.83,98.53,33.38,17.17,0,1,0,1,0,1,0,Esc4
573,9.66,26.76,19.32,4.04,6.65,0.3,1.08,91.25,24.71,3091168.79,38.29,55.12,0.21,2.77,98.53,32.05,16.37,0,1,0,1,0,1,0,Esc4
574,9.0,26.23,18.66,3.93,6.43,0.3,1.06,90.38,22.72,3028182.0,39.08,54.23,0.19,2.77,98.56,33.84,16.7,0,1,0,1,0,1,0,Esc4
575,9.69,26.68,19.47,3.98,6.65,0.3,1.04,91.52,25.3,3106578.01,38.1,55.44,0.21,2.66,98.52,30.44,15.73,0,1,0,1,0,1,0,Esc4
576,9.08,25.34,18.6,3.8,6.25,0.3,0.37,89.78,21.97,2937993.26,40.28,54.72,0.19,0.97,98.61,35.62,18.51,0,1,0,0,0,1,0,Esc4
577,9.4,26.42,19.15,3.95,6.57,0.31,1.01,91.55,24.55,3085759.67,38.36,55.18,0.21,2.62,98.53,31.79,15.78,0,1,0,1,0,1,0,Esc4
578,9.91,26.66,19.48,4.15,6.8,0.3,1.24,90.96,25.88,3133450.23,37.77,55.29,0.21,3.16,98.5,30.55,16.17,0,1,0,1,0,1,0,Esc4
579,10.09,26.16,19.72,4.13,6.8,0.3,0.87,90.71,26.3,3107417.55,38.09,55.88,0.22,2.22,98.51,30.28,15.12,0,1,0,1,0,1,0,Esc4
580,9.85,26.01,19.49,4.07,6.71,0.3,1.08,91.09,25.47,3109052.03,38.07,55.37,0.21,2.75,98.52,31.22,15.62,0,1,0,1,0,1,0,Esc4
581,9.75,26.77,19.39,4.15,6.76,0.3,1.28,90.71,25.3,3119553.48,37.94,55.0,0.21,3.27,98.51,31.23,16.56,0,1,0,1,0,1,0,Esc4
582,9.48,25.59,19.18,3.92,6.52,0.3,0.61,90.64,24.22,3029294.05,39.07,55.44,0.21,1.58,98.56,31.45,16.3,0,1,0,1,0,1,0,Esc4
583,9.73,26.11,19.38,4.05,6.62,0.3,0.7,90.61,24.89,3054233.92,38.75,55.56,0.21,1.82,98.54,31.46,15.76,0,1,0,1,0,1,0,Esc4
584,10.07,27.03,19.75,4.21,6.85,0.31,1.21,92.09,26.49,3160947.15,37.44,55.73,0.22,3.08,98.49,30.53,15.53,0,1,0,1,0,1,0,Esc4
585,9.7,26.88,19.34,4.13,6.71,0.3,1.1,90.31,24.98,3089984.61,38.3,55.05,0.21,2.82,98.52,31.28,16.69,0,1,0,1,0,1,0,Esc4
586,9.35,25.28,19.17,3.85,6.52,0.3,0.61,90.9,24.52,3039470.23,38.94,55.59,0.21,1.58,98.56,30.88,16.23,0,1,0,1,0,1,0,Esc4
587,9.56,25.81,19.37,3.89,6.6,0.31,0.7,91.21,25.4,3074341.84,38.5,55.85,0.21,1.81,98.54,30.0,15.59,0,1,0,1,0,1,0,Esc4
588,9.28,25.55,19.14,3.86,6.47,0.3,0.62,91.43,24.18,3038357.55,38.95,55.52,0.21,1.63,98.56,31.02,15.0,0,1,0,1,0,1,0,Esc4
589,9.51,25.51,19.32,3.91,6.52,0.3,0.44,91.1,24.54,3027035.29,39.1,55.85,0.21,1.14,98.56,31.17,16.15,0,1,0,1,0,1,0,Esc4
590,9.56,26.67,19.15,4.05,6.59,0.3,0.66,91.18,24.47,3046800.62,38.85,55.55,0.21,1.72,98.55,32.61,16.58,0,1,0,1,0,1,0,Esc4
591,10.06,25.52,20.07,4.02,6.85,0.31,0.71,92.41,27.78,3151840.81,37.55,56.88,0.23,1.81,98.49,26.96,13.64,0,1,0,1,0,1,0,Esc4
592,10.02,26.37,19.52,4.11,6.73,0.3,1.04,90.46,25.66,3103299.95,38.14,55.39,0.21,2.66,98.52,31.71,17.34,0,1,0,1,0,1,0,Esc4
593,9.02,25.33,18.65,3.75,6.3,0.3,0.61,90.02,22.49,2976796.87,39.76,54.65,0.2,1.61,98.59,33.94,17.58,0,1,0,1,0,1,0,Esc4
594,10.47,26.98,20.42,4.29,7.12,0.31,1.38,92.8,29.35,3260662.1,36.3,56.62,0.23,3.45,98.43,25.8,13.02,0,1,0,1,0,1,0,Esc4
595,9.19,26.36,18.88,3.84,6.38,0.3,0.61,90.08,22.89,2987560.49,39.62,54.82,0.2,1.61,98.58,33.49,16.6,0,1,0,1,0,1,0,Esc4
596,9.81,26.98,19.48,4.12,6.71,0.3,1.02,91.02,25.35,3099625.92,38.18,55.38,0.21,2.61,98.52,31.63,15.81,0,1,0,1,0,1,0,Esc4
597,10.28,26.84,20.01,4.22,6.91,0.3,1.12,91.46,26.89,3153644.59,37.53,55.91,0.22,2.81,98.49,29.51,14.18,0,1,0,1,0,1,0,Esc4
598,8.9,25.85,18.73,3.74,6.32,0.3,0.51,90.7,22.77,2983274.72,39.67,55.0,0.2,1.36,98.59,32.49,16.53,0,1,0,1,0,1,0,Esc4
599,9.15,26.08,18.82,3.88,6.4,0.3,0.86,90.58,22.91,3016801.81,39.23,54.61,0.2,2.24,98.57,33.67,16.58,0,1,0,1,0,1,0,Esc4
600,9.04,27.37,18.56,3.87,6.35,0.3,0.99,90.28,22.24,3007706.93,39.35,54.12,0.19,2.59,98.58,35.59,18.64,0,1,0,1,0,1,0,Esc4
601,8.87,25.59,18.8,3.68,6.3,0.3,0.53,91.09,22.8,2990444.18,39.58,55.06,0.2,1.4,98.59,32.21,15.26,0,1,0,1,0,1,0,Esc4
602,10.06,26.34,19.89,4.09,6.75,0.3,0.74,91.32,26.36,3103781.76,38.13,56.17,0.22,1.88,98.52,29.43,14.49,0,1,0,1,0,1,0,Esc4
603,10.02,26.94,19.83,4.12,6.8,0.3,0.91,91.35,26.37,3119865.71,37.94,55.96,0.22,2.31,98.51,29.49,14.56,0,1,0,1,0,1,0,Esc4
604,10.21,26.19,20.08,4.2,6.93,0.31,0.95,92.28,27.89,3175137.27,37.28,56.59,0.23,2.41,98.48,27.5,14.1,0,1,0,1,0,1,0,Esc4
605,9.79,26.84,19.53,4.15,6.74,0.31,0.83,91.45,25.78,3099186.25,38.19,55.86,0.22,2.13,98.52,31.3,16.02,0,1,0,1,0,1,0,Esc4
606,9.41,25.97,19.02,4.07,6.57,0.3,1.08,90.23,23.68,3053132.49,38.77,54.56,0.2,2.8,98.55,34.01,17.18,0,1,0,1,0,1,0,Esc4
607,9.61,26.01,19.45,3.92,6.63,0.31,0.77,91.89,25.44,3090182.65,38.3,55.88,0.21,1.99,98.53,30.02,15.11,0,1,0,1,0,1,0,Esc4
608,10.19,26.97,20.02,4.23,6.93,0.3,1.07,91.72,27.24,3162357.84,37.43,56.13,0.22,2.7,98.48,28.14,14.42,0,1,0,1,0,1,0,Esc4
609,9.61,26.16,19.34,4.0,6.63,0.3,0.92,91.34,24.92,3084063.54,38.38,55.4,0.21,2.38,98.53,31.11,15.71,0,1,0,1,0,1,0,Esc4
610,9.21,25.06,19.0,3.83,6.44,0.3,0.63,90.77,23.66,3017158.1,39.23,55.21,0.2,1.64,98.57,31.85,16.31,0,1,0,1,0,1,0,Esc4
611,10.04,26.91,19.8,4.16,6.83,0.31,0.98,91.85,26.61,3139085.69,37.7,56.04,0.22,2.48,98.5,29.2,14.5,0,1,0,1,0,1,0,Esc4
612,10.01,26.71,19.89,4.13,6.84,0.31,0.88,91.81,26.95,3138374.78,37.71,56.27,0.22,2.25,98.5,28.38,13.96,0,1,0,1,0,1,0,Esc4
613,9.47,26.17,19.1,4.01,6.56,0.3,0.76,90.83,24.29,3046478.47,38.85,55.3,0.21,1.97,98.55,32.71,16.89,0,1,0,1,0,1,0,Esc4
614,9.13,24.68,18.93,3.75,6.38,0.3,0.53,90.84,23.53,3006358.93,39.37,55.3,0.2,1.4,98.58,31.54,16.09,0,1,0,1,0,1,0,Esc4
615,9.57,25.3,19.19,3.88,6.52,0.3,0.74,90.24,24.2,3035849.1,38.99,55.19,0.21,1.93,98.56,32.23,16.72,0,1,0,1,0,1,0,Esc4
616,8.82,25.32,18.48,3.74,6.25,0.3,0.54,90.02,21.86,2953610.09,40.07,54.5,0.19,1.42,98.6,35.11,17.8,0,1,0,1,0,1,0,Esc4
617,10.16,26.2,19.87,4.14,6.8,0.3,0.76,91.27,26.74,3114829.64,38.0,56.28,0.22,1.93,98.51,29.46,14.64,0,1,0,1,0,1,0,Esc4
618,9.48,25.91,19.22,4.01,6.58,0.3,0.62,90.97,24.6,3044118.9,38.88,55.61,0.21,1.63,98.55,32.28,17.45,0,1,0,1,0,1,0,Esc4
619,9.33,24.86,18.92,3.82,6.35,0.3,0.52,89.46,22.94,2973423.26,39.8,54.85,0.2,1.36,98.59,33.85,16.48,0,1,0,0,0,1,0,Esc4
620,9.74,25.47,19.3,3.97,6.55,0.3,0.55,90.26,24.56,3028026.88,39.09,55.57,0.21,1.44,98.56,32.4,16.63,0,1,0,1,0,1,0,Esc4
621,9.31,26.11,19.23,3.9,6.55,0.31,0.71,91.69,24.66,3062442.55,38.65,55.63,0.21,1.86,98.54,30.54,15.91,0,1,0,1,0,1,0,Esc4
622,9.84,26.82,19.6,4.15,6.78,0.3,1.09,91.72,25.86,3128618.43,37.83,55.61,0.21,2.78,98.5,30.98,15.51,0,1,0,1,0,1,0,Esc4
623,10.14,26.35,19.83,4.15,6.82,0.3,0.81,91.33,26.77,3121356.06,37.92,56.22,0.22,2.07,98.51,29.35,14.93,0,1,0,1,0,1,0,Esc4
624,8.77,24.96,18.54,3.65,6.25,0.3,0.59,90.46,22.28,2975113.93,39.78,54.68,0.19,1.56,98.59,33.05,16.98,0,1,0,1,0,1,0,Esc4
625,9.73,26.13,19.53,4.06,6.7,0.3,0.68,91.43,25.71,3083210.69,38.39,56.02,0.22,1.75,98.53,29.64,15.08,0,1,0,1,0,1,0,Esc4
626,9.61,25.72,19.17,4.01,6.59,0.3,0.76,90.35,24.39,3043559.63,38.89,55.25,0.21,1.97,98.55,32.36,16.99,0,1,0,1,0,1,0,Esc4
627,8.82,25.54,18.55,3.74,6.25,0.3,0.61,90.61,22.12,2974124.9,39.8,54.61,0.19,1.61,98.59,34.49,16.65,0,1,0,1,0,1,0,Esc4
628,10.15,26.76,20.03,4.25,6.97,0.31,1.14,92.22,27.45,3180757.77,37.21,56.19,0.22,2.88,98.47,28.87,14.48,0,1,0,1,0,1,0,Esc4
629,9.97,25.94,19.8,4.16,6.79,0.3,0.7,91.61,26.45,3106221.64,38.1,56.3,0.22,1.79,98.51,30.41,15.25,0,1,0,1,0,1,0,Esc4
630,9.24,25.75,18.94,3.8,6.43,0.3,0.87,90.79,23.51,3036062.61,38.98,54.85,0.2,2.27,98.56,32.56,16.86,0,1,0,1,0,1,0,Esc4
631,9.71,25.89,19.78,3.99,6.72,0.31,0.43,92.78,26.75,3103517.94,38.14,56.94,0.22,1.11,98.52,27.84,13.84,0,1,0,1,0,1,0,Esc4
632,9.81,26.89,19.49,4.1,6.69,0.3,0.81,91.21,25.27,3081681.4,38.41,55.66,0.21,2.09,98.53,31.81,15.68,0,1,0,1,0,1,0,Esc4
633,10.15,26.95,19.86,4.26,6.88,0.3,0.85,91.37,26.85,3127554.74,37.84,56.21,0.22,2.16,98.5,29.39,15.55,0,1,0,1,0,1,0,Esc4
634,9.7,26.54,19.25,4.13,6.68,0.31,0.94,91.03,25.04,3085515.27,38.36,55.37,0.21,2.43,98.53,32.37,17.24,0,1,0,1,0,1,0,Esc4
635,9.35,25.76,18.93,3.86,6.41,0.3,0.69,89.97,23.32,3004405.61,39.39,54.87,0.2,1.8,98.58,33.49,16.46,0,1,0,0,0,1,0,Esc4
636,10.09,26.48,19.97,4.17,6.88,0.31,0.75,92.05,27.47,3142896.27,37.66,56.67,0.23,1.91,98.49,28.12,14.35,0,1,0,1,0,1,0,Esc4
637,9.93,25.58,19.65,4.03,6.75,0.31,0.9,91.44,26.19,3116758.01,37.97,55.92,0.22,2.31,98.51,29.36,15.95,0,1,0,1,0,1,0,Esc4
638,9.94,26.67,19.58,4.15,6.77,0.3,1.12,90.11,25.57,3103936.34,38.13,55.2,0.21,2.85,98.52,30.75,16.37,0,1,0,1,0,1,0,Esc4
639,9.53,25.4,19.33,3.89,6.58,0.31,0.9,91.61,25.08,3089850.61,38.3,55.53,0.21,2.33,98.53,30.62,14.72,0,1,0,1,0,1,0,Esc4
640,9.42,26.77,18.99,4.0,6.58,0.3,1.08,90.51,23.94,3062711.96,38.64,54.7,0.2,2.79,98.54,32.24,16.38,0,1,0,1,0,1,0,Esc4
641,9.72,26.87,19.26,4.12,6.64,0.3,0.86,90.33,24.63,3057729.53,38.71,55.21,0.21,2.21,98.54,32.2,16.77,0,1,0,1,0,1,0,Esc4
642,9.59,26.02,19.42,3.9,6.59,0.31,0.62,91.58,25.31,3069751.83,38.56,55.98,0.21,1.61,98.54,29.45,14.84,0,1,0,1,0,1,0,Esc4
643,9.59,26.2,19.26,3.97,6.57,0.3,0.84,90.35,24.37,3049875.23,38.81,55.15,0.21,2.16,98.55,32.08,16.45,0,1,0,1,0,1,0,Esc4
644,9.46,25.47,19.25,3.95,6.57,0.3,0.6,91.06,24.73,3047039.1,38.84,55.7,0.21,1.58,98.55,30.82,15.42,0,1,0,1,0,1,0,Esc4
645,9.35,26.02,19.29,3.88,6.58,0.31,0.83,91.7,24.91,3079646.19,38.43,55.58,0.21,2.14,98.53,30.26,15.47,0,1,0,1,0,1,0,Esc4
646,9.6,26.71,19.38,4.01,6.62,0.3,0.82,91.09,24.78,3067909.59,38.58,55.46,0.21,2.1,98.54,31.06,15.41,0,1,0,1,0,1,0,Esc4
647,9.76,26.37,19.7,3.99,6.74,0.31,0.92,91.95,26.45,3131080.35,37.8,56.07,0.22,2.35,98.5,28.3,14.83,0,1,0,1,0,1,0,Esc4
648,9.22,25.92,19.17,3.88,6.52,0.31,0.62,91.94,24.44,3051444.15,38.79,55.71,0.21,1.62,98.55,31.1,14.96,0,1,0,1,0,1,0,Esc4
649,9.51,25.5,19.2,3.89,6.53,0.3,0.48,89.96,24.41,3014200.49,39.27,55.56,0.21,1.24,98.57,31.61,16.36,0,1,0,0,0,1,0,Esc4
650,9.69,26.14,19.44,4.04,6.67,0.3,0.81,90.75,25.29,3076775.25,38.47,55.59,0.21,2.1,98.53,30.6,15.4,0,1,0,1,0,1,0,Esc4
651,9.62,26.77,19.35,4.06,6.67,0.3,1.06,90.81,24.74,3086097.5,38.35,55.09,0.21,2.72,98.53,31.56,15.71,0,1,0,1,0,1,0,Esc4
652,10.24,26.87,20.01,4.2,6.89,0.3,1.06,91.27,27.14,3152946.14,37.54,56.04,0.22,2.66,98.49,29.11,14.83,0,1,0,1,0,1,0,Esc4
653,9.74,26.96,19.45,4.09,6.72,0.31,0.96,91.54,25.55,3106070.33,38.1,55.62,0.21,2.46,98.52,30.07,15.67,0,1,0,1,0,1,0,Esc4
654,9.89,26.57,19.69,4.07,6.79,0.31,1.01,91.79,26.54,3139565.05,37.7,55.95,0.22,2.58,98.5,28.74,15.24,0,1,0,1,0,1,0,Esc4
655,10.28,25.93,20.27,4.08,6.91,0.31,0.81,91.89,28.31,3168167.04,37.36,56.87,0.23,2.04,98.48,25.92,13.37,0,1,0,1,0,1,0,Esc4
656,10.61,26.63,20.4,4.31,7.09,0.31,1.08,92.3,29.23,3222662.74,36.73,56.9,0.24,2.7,98.45,26.3,13.59,0,1,0,1,0,1,0,Esc4
657,9.17,25.86,19.1,3.8,6.48,0.3,0.89,91.2,23.97,3054846.95,38.74,55.07,0.2,2.31,98.55,30.78,15.48,0,1,0,1,0,1,0,Esc4
658,8.69,25.06,18.27,3.65,6.18,0.3,0.72,90.04,21.32,2957004.55,40.03,54.04,0.19,1.93,98.61,35.84,18.81,0,1,0,1,0,1,0,Esc4
659,9.44,25.69,19.09,3.97,6.55,0.3,0.89,90.39,24.06,3047365.12,38.84,54.96,0.2,2.31,98.55,32.25,16.6,0,1,0,1,0,1,0,Esc4
660,9.46,27.0,18.91,3.96,6.49,0.3,0.91,90.16,23.32,3027532.28,39.09,54.62,0.2,2.38,98.56,34.47,18.03,0,1,0,1,0,1,0,Esc4
661,9.26,25.7,19.16,3.8,6.47,0.31,0.58,91.53,24.46,3043482.04,38.89,55.69,0.21,1.53,98.55,30.79,15.56,0,1,0,1,0,1,0,Esc4
662,9.83,26.61,19.4,4.08,6.68,0.3,0.91,90.46,24.93,3072716.41,38.52,55.29,0.21,2.34,98.53,32.33,16.44,0,1,0,1,0,1,0,Esc4
663,10.36,26.76,20.35,4.26,7.1,0.31,1.08,92.93,29.37,3234869.51,36.59,57.02,0.24,2.74,98.44,25.19,13.5,0,1,0,1,0,1,0,Esc4
664,9.41,26.83,19.15,3.97,6.53,0.3,0.72,90.51,24.08,3033713.77,39.01,55.21,0.21,1.88,98.56,31.7,16.35,0,1,0,1,0,1,0,Esc4
665,9.63,25.65,19.26,4.01,6.59,0.3,0.94,90.28,24.21,3053382.1,38.76,54.95,0.21,2.41,98.55,32.46,15.84,0,1,0,1,0,1,0,Esc4
666,9.9,25.84,19.58,4.13,6.77,0.3,1.04,91.2,25.63,3111626.89,38.04,55.51,0.21,2.65,98.51,30.7,15.7,0,1,0,1,0,1,0,Esc4
667,9.13,26.1,18.77,3.85,6.39,0.3,0.65,90.35,22.99,2997334.98,39.49,54.86,0.2,1.7,98.58,33.35,17.33,0,1,0,1,0,1,0,Esc4
668,9.51,25.93,19.28,3.91,6.52,0.3,0.57,90.27,24.33,3024095.55,39.14,55.46,0.21,1.49,98.56,31.3,15.37,0,1,0,1,0,1,0,Esc4
669,10.33,27.35,20.09,4.29,7.02,0.31,1.26,92.59,28.16,3214886.61,36.82,56.33,0.23,3.17,98.45,28.52,15.33,0,1,0,1,0,1,0,Esc4
670,8.98,26.18,18.53,3.83,6.3,0.3,0.79,89.63,22.0,2975069.89,39.78,54.17,0.19,2.07,98.59,35.21,17.82,0,1,0,0,0,1,0,Esc4
671,9.8,25.57,19.43,4.05,6.65,0.3,0.83,90.87,25.11,3075170.85,38.49,55.52,0.21,2.15,98.53,32.09,16.46,0,1,0,1,0,1,0,Esc4
672,9.02,24.87,18.69,3.76,6.29,0.3,0.4,89.57,22.4,2950017.69,40.12,54.8,0.2,1.07,98.61,33.38,16.93,0,1,0,0,0,1,0,Esc4
673,9.92,26.77,19.63,4.09,6.74,0.3,1.13,90.26,25.55,3104670.89,38.12,55.22,0.21,2.85,98.52,30.38,15.29,0,1,0,1,0,1,0,Esc4
674,9.56,26.38,19.17,3.97,6.55,0.3,0.95,89.26,23.84,3032173.95,39.03,54.64,0.2,2.42,98.56,32.89,16.64,0,1,0,0,0,1,0,Esc4
675,9.99,26.49,19.55,4.15,6.76,0.3,1.0,91.06,25.76,3109841.16,38.06,55.58,0.21,2.56,98.51,31.61,16.5,0,1,0,1,0,1,0,Esc4
676,9.58,25.34,19.19,3.95,6.56,0.3,0.72,90.38,24.54,3044432.11,38.88,55.36,0.21,1.87,98.55,31.57,16.51,0,1,0,1,0,1,0,Esc4
677,9.86,26.34,19.64,4.11,6.76,0.3,0.87,91.16,26.15,3109059.27,38.07,55.91,0.22,2.22,98.51,29.88,14.61,0,1,0,1,0,1,0,Esc4
678,9.42,25.51,19.14,3.9,6.49,0.3,0.69,90.56,24.07,3031098.83,39.05,55.27,0.21,1.78,98.56,31.51,15.35,0,1,0,1,0,1,0,Esc4
679,9.62,26.22,19.52,3.99,6.7,0.3,0.87,91.39,25.73,3100377.25,38.17,55.78,0.22,2.23,98.52,28.88,15.43,0,1,0,1,0,1,0,Esc4
680,9.57,25.65,19.16,4.01,6.56,0.3,0.7,90.42,24.29,3036651.9,38.98,55.3,0.21,1.83,98.56,32.59,17.3,0,1,0,1,0,1,0,Esc4
681,9.51,26.03,19.35,3.94,6.6,0.31,0.83,91.71,25.13,3085147.13,38.36,55.66,0.21,2.14,98.53,30.48,15.47,0,1,0,1,0,1,0,Esc4
682,9.54,25.81,19.21,3.95,6.55,0.3,0.89,90.79,24.35,3059607.17,38.68,55.14,0.21,2.3,98.54,32.72,15.67,0,1,0,1,0,1,0,Esc4
683,9.52,26.55,19.24,4.05,6.61,0.3,0.84,90.25,24.4,3049301.39,38.81,55.14,0.21,2.16,98.55,32.56,16.46,0,1,0,1,0,1,0,Esc4
684,9.01,25.27,18.82,3.66,6.33,0.3,0.53,90.55,23.19,2994182.79,39.53,55.12,0.2,1.4,98.58,31.28,16.15,0,1,0,1,0,1,0,Esc4
685,9.16,26.23,18.95,3.84,6.41,0.3,0.67,90.7,23.26,3009838.46,39.32,55.0,0.2,1.74,98.57,32.88,16.69,0,1,0,1,0,1,0,Esc4
686,10.16,26.01,19.97,4.13,6.84,0.3,0.7,91.35,27.02,3117944.82,37.96,56.46,0.22,1.78,98.51,28.88,14.63,0,1,0,1,0,1,0,Esc4
687,9.17,25.67,18.78,3.89,6.42,0.3,0.8,90.34,22.92,3008826.23,39.34,54.64,0.2,2.09,98.57,34.52,18.01,0,1,0,1,0,1,0,Esc4
688,10.24,26.84,19.96,4.25,6.95,0.3,1.42,91.04,26.86,3175838.52,37.27,55.46,0.22,3.54,98.48,29.63,14.97,0,1,0,1,0,1,0,Esc4
689,9.42,25.8,19.09,3.99,6.54,0.3,0.8,90.69,24.1,3043248.45,38.89,55.15,0.21,2.07,98.55,32.47,16.06,0,1,0,1,0,1,0,Esc4
690,9.3,25.66,19.23,3.88,6.54,0.31,0.62,91.63,24.8,3056435.99,38.72,55.78,0.21,1.62,98.55,29.78,15.24,0,1,0,1,0,1,0,Esc4
691,9.77,26.58,19.55,4.02,6.67,0.3,0.8,90.94,25.37,3079226.76,38.44,55.67,0.21,2.05,98.53,30.9,15.66,0,1,0,1,0,1,0,Esc4
692,10.21,26.89,19.67,4.2,6.75,0.3,0.91,89.47,25.34,3070664.04,38.54,55.31,0.21,2.3,98.53,32.35,15.42,0,1,0,0,0,1,0,Esc4
693,9.67,26.15,19.47,4.01,6.67,0.31,0.7,91.43,25.66,3083678.0,38.38,55.98,0.22,1.8,98.53,29.62,15.34,0,1,0,1,0,1,0,Esc4
694,9.17,26.28,18.68,3.94,6.39,0.3,0.84,89.97,22.53,2997927.72,39.48,54.37,0.19,2.2,98.58,35.21,18.15,0,1,0,0,0,1,0,Esc4
695,10.31,26.16,19.93,4.22,6.9,0.31,0.94,91.24,27.25,3145015.14,37.63,56.22,0.22,2.38,98.49,29.2,15.7,0,1,0,1,0,1,0,Esc4
696,9.13,26.12,18.79,3.96,6.44,0.3,0.98,90.04,22.69,3015406.93,39.25,54.29,0.2,2.54,98.57,34.36,16.62,0,1,0,1,0,1,0,Esc4
697,9.1,25.54,18.9,3.78,6.39,0.3,0.78,90.96,23.25,3022640.75,39.16,54.89,0.2,2.03,98.57,32.76,16.94,0,1,0,1,0,1,0,Esc4
698,9.68,26.05,19.22,4.07,6.65,0.31,0.9,90.94,24.95,3078352.67,38.45,55.37,0.21,2.34,98.53,32.95,17.44,0,1,0,1,0,1,0,Esc4
699,9.68,25.79,19.59,3.98,6.66,0.3,0.8,91.35,25.55,3088767.84,38.32,55.81,0.21,2.04,98.53,29.39,14.75,0,1,0,1,0,1,0,Esc4
700,9.78,27.16,19.76,4.03,6.78,0.31,0.95,92.11,26.6,3140237.6,37.69,56.1,0.22,2.44,98.5,27.58,14.2,0,1,0,1,0,1,0,Esc4
701,8.52,25.41,18.29,3.6,6.14,0.3,0.44,90.19,21.3,2933015.9,40.35,54.44,0.19,1.18,98.62,34.49,17.24,0,1,0,1,0,1,0,Esc4
702,8.35,24.69,18.21,3.45,6.01,0.3,0.39,89.58,20.5,2899775.32,40.82,54.07,0.18,1.03,98.64,35.77,17.84,0,1,0,0,0,1,0,Esc4
703,10.01,27.16,19.67,4.17,6.77,0.3,0.84,90.81,25.93,3095578.01,38.23,55.81,0.22,2.13,98.52,30.7,15.47,0,1,0,1,0,1,0,Esc4
704,9.57,25.45,19.53,3.96,6.65,0.31,0.71,92.11,25.62,3092834.58,38.27,56.06,0.21,1.84,98.53,30.09,15.07,0,1,0,1,0,1,0,Esc4
705,9.67,26.69,19.36,4.02,6.64,0.3,1.08,90.88,24.78,3088763.99,38.32,55.08,0.21,2.77,98.53,31.65,16.61,0,1,0,1,0,1,0,Esc4
706,9.86,26.18,19.63,4.1,6.76,0.3,1.02,91.03,25.86,3112927.34,38.02,55.58,0.22,2.6,98.51,30.4,14.6,0,1,0,1,0,1,0,Esc4
707,9.85,26.03,19.56,4.09,6.7,0.3,0.59,91.07,25.81,3073022.51,38.51,56.12,0.22,1.51,98.53,30.68,15.44,0,1,0,1,0,1,0,Esc4
708,9.27,25.55,18.89,3.92,6.44,0.3,0.69,90.47,23.28,3009132.92,39.33,54.94,0.2,1.79,98.57,33.9,17.36,0,1,0,1,0,1,0,Esc4
709,9.72,25.49,19.48,4.02,6.68,0.31,0.62,91.31,25.59,3073841.7,38.5,56.03,0.22,1.61,98.53,30.42,15.85,0,1,0,1,0,1,0,Esc4
710,10.34,27.11,20.23,4.26,7.01,0.31,1.02,92.37,28.36,3195893.23,37.03,56.68,0.23,2.58,98.46,27.23,14.15,0,1,0,1,0,1,0,Esc4
711,9.18,26.82,18.98,3.91,6.49,0.3,0.76,91.04,23.73,3034249.28,39.01,55.12,0.2,1.98,98.56,32.22,17.03,0,1,0,1,0,1,0,Esc4
712,9.34,25.19,19.11,3.76,6.42,0.3,0.67,90.36,23.71,3017470.66,39.22,55.11,0.2,1.74,98.57,32.07,15.97,0,1,0,1,0,1,0,Esc4
713,9.27,25.62,18.92,3.89,6.48,0.3,0.8,90.67,23.59,3030163.95,39.06,54.96,0.2,2.08,98.56,32.85,17.21,0,1,0,1,0,1,0,Esc4
714,9.49,25.96,19.28,4.02,6.61,0.3,0.74,90.77,24.59,3051895.54,38.78,55.42,0.21,1.92,98.55,30.99,15.65,0,1,0,1,0,1,0,Esc4
715,9.71,27.16,19.26,4.12,6.65,0.3,1.2,90.4,24.46,3085387.92,38.36,54.74,0.21,3.06,98.53,33.76,16.74,0,1,0,1,0,1,0,Esc4
716,9.71,26.27,19.5,4.07,6.69,0.31,0.72,91.45,25.63,3084770.7,38.37,55.95,0.22,1.85,98.53,30.22,15.86,0,1,0,1,0,1,0,Esc4
717,9.36,24.99,19.17,3.89,6.53,0.3,0.78,91.02,24.33,3051281.82,38.79,55.32,0.21,2.02,98.55,30.67,15.73,0,1,0,1,0,1,0,Esc4
718,9.11,25.61,18.97,3.76,6.42,0.3,0.64,90.87,23.66,3020447.79,39.18,55.21,0.2,1.69,98.57,30.81,16.08,0,1,0,1,0,1,0,Esc4
719,9.83,26.48,19.67,4.03,6.75,0.3,1.01,91.4,26.25,3127705.57,37.84,55.78,0.22,2.59,98.51,28.49,14.22,0,1,0,1,0,1,0,Esc4
720,9.61,26.86,19.34,4.05,6.68,0.31,0.84,91.63,25.31,3091109.52,38.29,55.7,0.21,2.18,98.53,30.88,16.16,0,1,0,1,0,1,0,Esc4
721,9.55,26.08,19.33,4.02,6.62,0.3,0.87,91.0,24.8,3071872.83,38.53,55.37,0.21,2.25,98.54,31.1,16.0,0,1,0,1,0,1,0,Esc4
722,9.92,25.8,19.65,4.08,6.74,0.31,0.73,91.46,26.21,3101424.96,38.16,56.14,0.22,1.89,98.52,29.31,14.78,0,1,0,1,0,1,0,Esc4
723,9.39,26.2,19.16,3.86,6.49,0.3,0.67,90.26,24.17,3028157.24,39.09,55.27,0.21,1.73,98.56,31.91,16.03,0,1,0,1,0,1,0,Esc4
724,10.01,26.51,19.73,4.16,6.81,0.31,0.73,91.32,26.64,3111531.25,38.04,56.28,0.22,1.88,98.51,29.54,14.91,0,1,0,1,0,1,0,Esc4
725,9.78,26.58,19.2,4.2,6.71,0.3,1.2,90.1,24.41,3080862.09,38.42,54.67,0.21,3.07,98.53,33.19,17.37,0,1,0,1,0,1,0,Esc4
726,9.2,25.97,19.26,3.76,6.49,0.3,0.68,91.1,24.49,3048005.31,38.83,55.51,0.21,1.77,98.55,29.16,14.74,0,1,0,1,0,1,0,Esc4
727,9.79,26.23,19.57,4.09,6.7,0.31,0.6,91.59,25.84,3081698.97,38.41,56.2,0.22,1.56,98.53,30.09,15.27,0,1,0,1,0,1,0,Esc4
728,9.48,26.41,19.2,4.03,6.59,0.3,0.91,91.19,24.34,3065841.94,38.6,55.19,0.21,2.35,98.54,32.37,16.08,0,1,0,1,0,1,0,Esc4
729,10.41,26.61,19.72,4.26,6.89,0.31,1.16,90.82,26.77,3148009.67,37.6,55.69,0.22,2.95,98.49,31.6,16.85,0,1,0,1,0,1,0,Esc4
730,9.13,25.79,18.77,3.92,6.39,0.3,0.69,89.81,22.73,2987300.13,39.62,54.61,0.2,1.81,98.58,34.38,17.62,0,1,0,0,0,1,0,Esc4
731,8.88,25.07,18.8,3.67,6.3,0.3,0.36,90.55,22.91,2971611.79,39.83,55.23,0.2,0.96,98.59,31.96,16.13,0,1,0,1,0,1,0,Esc4
732,9.88,26.4,19.56,4.11,6.7,0.3,0.84,90.82,25.4,3082057.85,38.4,55.62,0.21,2.14,98.53,31.4,16.23,0,1,0,1,0,1,0,Esc4
733,10.5,27.36,20.07,4.35,6.96,0.3,0.91,91.05,27.18,3138269.47,37.71,56.22,0.22,2.29,98.49,30.15,16.34,0,1,0,1,0,1,0,Esc4
734,9.42,26.25,19.14,3.89,6.47,0.3,0.71,90.55,23.84,3026466.29,39.11,55.15,0.2,1.83,98.56,32.33,16.59,0,1,0,1,0,1,0,Esc4
735,9.64,27.06,19.34,4.03,6.68,0.3,1.16,91.32,25.11,3110979.08,38.04,55.16,0.21,2.99,98.52,30.56,15.37,0,1,0,1,0,1,0,Esc4
736,9.02,25.33,18.84,3.79,6.36,0.3,0.59,91.35,23.12,3006394.65,39.37,55.15,0.2,1.55,98.58,32.63,16.32,0,1,0,1,0,1,0,Esc4
737,8.75,26.05,18.56,3.76,6.29,0.3,0.68,90.85,22.21,2985985.24,39.64,54.59,0.19,1.81,98.59,33.64,16.11,0,1,0,1,0,1,0,Esc4
738,9.26,26.47,18.89,3.96,6.5,0.3,1.01,90.29,23.35,3038319.04,38.95,54.53,0.2,2.62,98.56,33.17,17.27,0,1,0,1,0,1,0,Esc4
739,10.27,26.77,20.11,4.18,6.91,0.3,1.09,91.44,27.35,3164081.92,37.41,56.1,0.22,2.75,98.48,27.93,13.89,0,1,0,1,0,1,0,Esc4
740,9.8,26.48,19.67,4.01,6.73,0.31,0.83,91.7,26.2,3112996.78,38.02,56.06,0.22,2.12,98.51,28.74,15.22,0,1,0,1,0,1,0,Esc4
741,10.13,26.92,19.89,4.12,6.81,0.3,0.92,91.72,26.74,3135554.86,37.75,56.13,0.22,2.34,98.5,29.35,14.65,0,1,0,1,0,1,0,Esc4
742,10.06,26.43,20.07,4.07,6.89,0.31,0.98,92.7,27.92,3184450.35,37.17,56.62,0.23,2.5,98.47,26.93,13.81,0,1,0,1,0,1,0,Esc4
743,9.6,26.4,19.34,4.08,6.7,0.31,0.9,91.81,25.49,3102585.54,38.15,55.72,0.21,2.32,98.52,30.37,16.17,0,1,0,1,0,1,0,Esc4
744,9.5,25.71,19.46,3.89,6.61,0.3,0.51,91.28,25.31,3055899.1,38.73,56.07,0.21,1.33,98.54,28.69,14.82,0,1,0,1,0,1,0,Esc4
745,9.92,27.43,19.66,4.16,6.78,0.31,0.92,91.72,26.1,3118848.39,37.95,55.9,0.22,2.36,98.51,30.65,14.88,0,1,0,1,0,1,0,Esc4
746,9.74,25.66,19.43,3.99,6.6,0.3,0.71,90.23,24.72,3045698.83,38.86,55.43,0.21,1.82,98.55,31.45,15.73,0,1,0,1,0,1,0,Esc4
747,9.62,24.94,19.51,3.92,6.6,0.3,0.42,91.29,25.46,3051059.9,38.79,56.25,0.22,1.08,98.55,29.78,14.99,0,1,0,1,0,1,0,Esc4
748,10.52,27.63,20.1,4.35,6.99,0.3,1.34,91.06,27.26,3179317.67,37.23,55.7,0.22,3.35,98.47,30.25,15.47,0,1,0,1,0,1,0,Esc4
749,10.43,25.92,20.35,4.25,7.08,0.31,1.08,93.21,29.29,3236390.68,36.57,57.04,0.23,2.73,98.44,25.93,13.56,0,1,0,1,0,1,0,Esc4
750,9.2,26.12,19.14,3.73,6.43,0.3,0.6,91.65,24.11,3037646.88,38.96,55.56,0.21,1.58,98.56,30.05,14.67,0,1,0,1,0,1,0,Esc4
751,9.74,26.52,19.59,4.05,6.7,0.3,0.77,91.33,25.86,3094391.86,38.25,55.94,0.22,1.99,98.52,29.54,14.79,0,1,0,1,0,1,0,Esc4
752,9.58,26.29,19.4,3.97,6.63,0.31,0.77,91.68,25.37,3085991.08,38.35,55.82,0.21,1.99,98.53,30.23,15.28,0,1,0,1,0,1,0,Esc4
753,9.43,25.69,19.18,3.98,6.6,0.3,0.85,91.0,24.62,3065779.65,38.61,55.33,0.21,2.2,98.54,31.62,16.07,0,1,0,1,0,1,0,Esc4
754,9.24,26.68,19.01,3.94,6.54,0.31,1.01,91.78,24.22,3079129.62,38.44,55.09,0.2,2.63,98.54,31.92,16.13,0,1,0,1,0,1,0,Esc4
755,10.1,27.09,19.74,4.24,6.9,0.3,1.3,90.8,26.38,3150399.63,37.57,55.39,0.22,3.29,98.49,30.05,15.33,0,1,0,1,0,1,0,Esc4
756,9.62,26.25,19.38,3.99,6.63,0.31,0.71,91.57,25.23,3076548.66,38.47,55.83,0.21,1.85,98.53,30.09,15.29,0,1,0,1,0,1,0,Esc4
757,9.46,25.48,18.84,3.97,6.42,0.3,0.93,89.14,22.61,2997328.21,39.49,54.16,0.2,2.4,98.58,35.78,17.6,0,1,0,0,0,1,0,Esc4
758,9.73,26.46,19.81,4.09,6.81,0.31,0.58,92.19,26.9,3114371.27,38.0,56.7,0.22,1.49,98.51,27.84,13.99,0,1,0,1,0,1,0,Esc4
759,9.87,25.87,19.58,4.05,6.71,0.3,0.74,90.85,25.85,3085550.94,38.36,55.91,0.22,1.9,98.53,30.42,16.02,0,1,0,1,0,1,0,Esc4
760,9.7,27.03,19.26,4.12,6.66,0.3,1.04,90.74,24.67,3081223.82,38.41,55.07,0.21,2.68,98.53,32.73,17.01,0,1,0,1,0,1,0,Esc4
761,9.6,25.86,19.47,3.94,6.6,0.31,0.4,91.7,25.46,3054505.07,38.75,56.35,0.22,1.03,98.55,30.14,14.77,0,1,0,1,0,1,0,Esc4
762,9.92,26.97,19.66,4.24,6.84,0.31,0.94,91.6,26.43,3128022.84,37.84,55.98,0.22,2.4,98.5,29.61,15.95,0,1,0,1,0,1,0,Esc4
763,8.85,25.78,18.39,3.86,6.27,0.3,0.75,89.66,21.39,2956260.46,40.04,53.98,0.19,1.98,98.6,36.77,18.29,0,1,0,0,0,1,0,Esc4
764,10.5,27.41,20.4,4.28,7.03,0.31,0.94,92.04,28.7,3191594.86,37.08,56.86,0.23,2.35,98.46,26.97,13.79,0,1,0,1,0,1,0,Esc4
765,9.77,26.1,19.39,4.05,6.64,0.3,0.51,90.56,25.19,3044596.75,38.87,55.91,0.21,1.33,98.55,31.09,15.64,0,1,0,1,0,1,0,Esc4
766,9.98,26.28,19.73,4.11,6.78,0.31,0.88,91.89,26.46,3126873.56,37.85,56.11,0.22,2.25,98.5,29.27,14.97,0,1,0,1,0,1,0,Esc4
767,9.07,25.45,18.94,3.73,6.4,0.31,0.34,91.42,24.02,3008490.07,39.34,55.83,0.21,0.9,98.57,31.11,16.57,0,1,0,1,0,1,0,Esc4
768,9.14,25.98,18.77,3.91,6.42,0.3,0.76,90.08,22.96,3003609.48,39.4,54.66,0.2,2.0,98.58,34.03,17.61,0,1,0,1,0,1,0,Esc4
769,9.77,26.83,19.29,4.2,6.71,0.3,1.2,89.93,24.55,3082604.26,38.39,54.7,0.21,3.07,98.53,33.22,16.7,0,1,0,0,0,1,0,Esc4
770,9.84,26.02,19.27,4.04,6.58,0.3,0.73,89.64,24.39,3032002.45,39.04,55.18,0.21,1.88,98.56,33.38,17.2,0,1,0,0,0,1,0,Esc4
771,8.95,24.75,18.61,3.73,6.25,0.3,0.58,88.98,21.83,2944217.18,40.2,54.25,0.19,1.53,98.61,34.83,17.73,0,1,0,0,0,1,0,Esc4
772,10.36,26.65,20.14,4.23,7.01,0.31,1.29,91.77,28.05,3204338.57,36.94,56.14,0.23,3.23,98.46,27.25,14.26,0,1,0,1,0,1,0,Esc4
773,10.27,27.15,19.81,4.26,6.88,0.3,1.12,90.61,26.44,3132594.57,37.78,55.61,0.22,2.83,98.5,31.18,15.9,0,1,0,1,0,1,0,Esc4
774,9.05,25.18,18.89,3.79,6.38,0.3,0.68,90.87,23.2,3012075.21,39.29,54.98,0.2,1.79,98.57,32.17,16.08,0,1,0,1,0,1,0,Esc4
775,9.44,26.31,19.24,4.05,6.61,0.31,0.75,91.52,24.73,3065838.28,38.6,55.58,0.21,1.96,98.54,32.2,17.2,0,1,0,1,0,1,0,Esc4
776,8.69,23.69,18.49,3.55,6.16,0.3,0.35,89.87,21.77,2932613.86,40.36,54.68,0.19,0.92,98.62,33.56,16.74,0,1,0,0,0,1,0,Esc4
777,10.25,26.27,19.94,4.18,6.85,0.31,0.85,91.51,27.15,3137037.82,37.73,56.35,0.22,2.15,98.5,29.25,14.68,0,1,0,1,0,1,0,Esc4
778,10.19,26.23,19.92,4.14,6.86,0.3,1.11,91.36,26.98,3154898.68,37.52,55.93,0.22,2.81,98.49,28.46,14.99,0,1,0,1,0,1,0,Esc4
779,10.07,27.14,19.72,4.17,6.82,0.31,0.94,91.47,26.49,3128244.62,37.83,55.98,0.22,2.4,98.5,30.58,15.97,0,1,0,1,0,1,0,Esc4
780,8.93,25.66,18.62,3.74,6.32,0.3,0.84,89.94,22.4,2994628.14,39.52,54.32,0.19,2.2,98.58,33.5,17.15,0,1,0,0,0,1,0,Esc4
781,10.15,26.51,19.81,4.21,6.86,0.3,0.92,91.27,26.75,3131159.3,37.8,56.07,0.22,2.35,98.5,29.72,15.38,0,1,0,1,0,1,0,Esc4
782,8.71,24.66,18.61,3.57,6.24,0.3,0.47,90.86,22.52,2975241.74,39.78,54.98,0.2,1.26,98.59,32.13,16.49,0,1,0,1,0,1,0,Esc4
783,9.78,26.33,19.14,4.1,6.62,0.3,1.14,89.66,24.17,3064364.85,38.62,54.58,0.2,2.94,98.54,33.66,17.11,0,1,0,0,0,1,0,Esc4
784,9.09,25.69,18.83,3.86,6.46,0.31,0.96,91.54,23.51,3053275.53,38.76,54.85,0.2,2.51,98.55,32.68,16.9,0,1,0,1,0,1,0,Esc4
785,10.39,26.75,20.27,4.15,6.95,0.31,0.93,92.6,28.45,3191885.86,37.08,56.86,0.23,2.35,98.47,26.93,13.44,0,1,0,1,0,1,0,Esc4
786,8.74,25.43,18.45,3.77,6.23,0.3,0.67,90.48,21.66,2966136.28,39.9,54.34,0.19,1.77,98.6,35.27,17.59,0,1,0,1,0,1,0,Esc4
787,10.22,26.93,19.99,4.17,6.9,0.31,0.99,92.09,27.52,3166615.35,37.38,56.38,0.23,2.51,98.48,27.9,14.39,0,1,0,1,0,1,0,Esc4
788,9.3,25.55,18.94,3.84,6.39,0.3,0.54,89.79,23.17,2985007.6,39.65,54.98,0.2,1.41,98.59,33.29,16.99,0,1,0,0,0,1,0,Esc4
789,9.51,26.2,19.41,3.97,6.62,0.3,0.7,90.9,24.92,3058905.97,38.69,55.62,0.21,1.81,98.54,30.35,14.77,0,1,0,1,0,1,0,Esc4
790,9.99,26.83,19.62,4.11,6.77,0.3,0.98,90.92,26.11,3115531.88,37.99,55.71,0.22,2.5,98.51,30.52,15.47,0,1,0,1,0,1,0,Esc4
791,9.9,26.22,19.46,4.12,6.69,0.3,0.91,90.5,25.21,3080429.13,38.42,55.4,0.21,2.34,98.53,31.82,16.32,0,1,0,1,0,1,0,Esc4
792,9.88,25.81,19.37,4.06,6.64,0.3,0.68,90.65,24.97,3055462.95,38.74,55.62,0.21,1.77,98.54,31.77,16.24,0,1,0,1,0,1,0,Esc4
793,9.95,26.1,19.79,4.05,6.79,0.3,0.92,91.42,26.63,3130138.39,37.81,56.06,0.22,2.35,98.5,28.67,14.5,0,1,0,1,0,1,0,Esc4
794,10.16,26.59,19.78,4.15,6.86,0.3,1.25,90.68,26.55,3147917.44,37.6,55.5,0.22,3.14,98.49,29.7,15.21,0,1,0,1,0,1,0,Esc4
795,9.7,26.05,19.29,4.12,6.7,0.3,1.2,91.1,25.04,3110566.35,38.05,55.06,0.21,3.09,98.52,32.38,15.64,0,1,0,1,0,1,0,Esc4
796,9.19,25.66,19.1,3.86,6.51,0.3,0.87,91.05,24.13,3055689.95,38.73,55.14,0.2,2.26,98.55,31.28,15.67,0,1,0,1,0,1,0,Esc4
797,9.23,26.23,19.02,3.94,6.52,0.3,0.83,90.96,23.9,3044660.81,38.87,55.07,0.2,2.17,98.55,31.67,15.71,0,1,0,1,0,1,0,Esc4
798,9.86,26.09,19.55,4.12,6.72,0.3,0.88,90.55,25.4,3082533.96,38.4,55.53,0.21,2.24,98.53,31.32,15.63,0,1,0,1,0,1,0,Esc4
799,9.98,26.3,19.69,4.14,6.79,0.31,0.84,91.56,26.42,3118808.36,37.95,56.09,0.22,2.16,98.51,30.38,15.4,0,1,0,1,0,1,0,Esc4
800,9.44,26.35,19.15,3.92,6.53,0.3,0.74,90.45,24.26,3039615.94,38.94,55.24,0.21,1.92,98.55,31.5,16.32,0,1,0,1,0,1,0,Esc4
801,9.13,25.76,18.92,3.82,6.39,0.3,0.61,90.64,23.33,3005458.87,39.38,55.08,0.2,1.6,98.58,32.84,16.26,0,1,0,1,0,1,0,Esc4
802,8.81,26.36,18.6,3.8,6.32,0.3,0.8,90.3,22.26,2991299.76,39.57,54.37,0.19,2.11,98.58,33.74,16.97,0,1,0,1,0,1,0,Esc4
803,10.17,25.74,20.02,4.2,6.87,0.31,0.54,91.94,27.48,3123009.6,37.9,56.92,0.23,1.39,98.5,28.29,14.42,0,1,0,1,0,1,0,Esc4
804,9.34,25.71,19.14,3.91,6.5,0.3,0.51,90.43,24.15,3015804.99,39.25,55.49,0.21,1.34,98.57,30.62,15.75,0,1,0,1,0,1,0,Esc4
805,9.84,26.31,19.6,4.03,6.71,0.31,0.73,91.51,25.94,3095380.49,38.24,56.05,0.22,1.89,98.52,29.56,15.39,0,1,0,1,0,1,0,Esc4
806,9.62,26.06,19.33,3.96,6.61,0.31,0.88,91.48,25.05,3086225.48,38.35,55.53,0.21,2.28,98.53,30.59,16.2,0,1,0,1,0,1,0,Esc4
807,9.51,26.12,19.04,4.0,6.49,0.3,0.6,89.75,23.5,2997558.19,39.48,55.02,0.2,1.55,98.58,34.08,17.41,0,1,0,0,0,1,0,Esc4
808,9.07,25.19,18.65,3.79,6.31,0.3,0.52,89.41,22.35,2957451.49,40.02,54.61,0.2,1.37,98.6,34.15,17.44,0,1,0,0,0,1,0,Esc4
809,9.44,26.1,19.12,4.0,6.63,0.3,1.28,91.07,24.36,3098988.76,38.19,54.7,0.2,3.29,98.52,32.34,16.3,0,1,0,1,0,1,0,Esc4
810,9.0,25.14,18.64,3.8,6.33,0.3,0.55,90.42,22.64,2979694.6,39.72,54.85,0.2,1.46,98.59,33.51,17.34,0,1,0,1,0,1,0,Esc4
811,9.72,26.77,19.27,4.12,6.65,0.3,0.74,90.97,24.95,3063474.47,38.63,55.59,0.21,1.91,98.54,33.08,16.73,0,1,0,1,0,1,0,Esc4
812,9.29,25.72,19.21,3.84,6.5,0.3,0.66,91.54,24.57,3053140.82,38.77,55.64,0.21,1.72,98.55,30.42,15.42,0,1,0,1,0,1,0,Esc4
813,9.72,27.14,19.3,4.14,6.67,0.3,0.99,90.57,24.64,3073457.35,38.51,55.1,0.21,2.54,98.53,32.55,16.92,0,1,0,1,0,1,0,Esc4
814,10.3,26.38,20.04,4.25,6.95,0.31,0.99,92.23,27.73,3174031.71,37.29,56.48,0.23,2.5,98.48,29.58,14.96,0,1,0,1,0,1,0,Esc4
815,9.92,25.92,19.71,4.1,6.77,0.31,0.84,91.75,26.45,3121653.17,37.91,56.13,0.22,2.16,98.51,29.34,15.26,0,1,0,1,0,1,0,Esc4
816,9.75,26.71,19.61,4.04,6.73,0.31,0.99,92.35,26.12,3133902.91,37.77,55.92,0.22,2.54,98.5,29.28,15.11,0,1,0,1,0,1,0,Esc4
817,9.22,24.51,19.01,3.69,6.37,0.3,0.44,90.71,23.7,3000704.76,39.44,55.46,0.2,1.15,98.58,31.28,15.68,0,1,0,1,0,1,0,Esc4
818,8.99,24.46,18.82,3.69,6.33,0.3,0.55,90.57,23.22,2996793.79,39.49,55.1,0.2,1.45,98.58,31.56,16.22,0,1,0,1,0,1,0,Esc4
819,9.25,25.4,18.9,3.84,6.38,0.3,0.52,89.68,23.0,2977259.72,39.75,54.91,0.2,1.36,98.59,33.84,17.5,0,1,0,0,0,1,0,Esc4
820,8.97,25.13,18.89,3.7,6.37,0.3,0.75,91.58,23.39,3031920.48,39.04,55.08,0.2,1.98,98.56,32.29,16.38,0,1,0,1,0,1,0,Esc4
821,9.66,25.91,19.59,4.01,6.67,0.3,0.78,91.54,25.53,3088363.19,38.32,55.85,0.21,1.99,98.53,29.07,14.63,0,1,0,1,0,1,0,Esc4
822,9.05,25.5,18.95,3.71,6.39,0.3,0.49,91.13,23.75,3012190.67,39.29,55.48,0.2,1.29,98.57,30.53,16.27,0,1,0,1,0,1,0,Esc4
823,9.57,25.72,19.48,3.84,6.53,0.3,0.52,90.9,24.9,3040764.24,38.92,55.85,0.21,1.33,98.55,30.21,15.16,0,1,0,1,0,1,0,Esc4
824,8.52,25.31,18.32,3.56,6.15,0.3,0.71,90.07,21.17,2952053.67,40.09,54.02,0.19,1.88,98.61,34.73,16.83,0,1,0,1,0,1,0,Esc4
825,9.08,25.35,18.87,3.84,6.41,0.3,0.64,91.01,23.42,3015260.65,39.25,55.13,0.2,1.69,98.57,32.34,16.7,0,1,0,1,0,1,0,Esc4
826,9.62,26.03,19.3,3.95,6.59,0.3,0.87,91.29,24.9,3078096.33,38.45,55.46,0.21,2.24,98.53,31.36,16.05,0,1,0,1,0,1,0,Esc4
827,9.51,26.07,19.21,3.97,6.53,0.3,0.72,90.84,24.1,3038444.66,38.95,55.28,0.21,1.88,98.56,32.0,15.93,0,1,0,1,0,1,0,Esc4
828,8.48,25.53,18.06,3.63,6.08,0.3,0.71,89.25,20.33,2921124.82,40.52,53.53,0.18,1.9,98.63,37.11,19.08,0,1,0,0,0,1,0,Esc4
829,10.13,26.28,19.94,4.16,6.86,0.31,0.77,91.83,27.31,3137630.34,37.72,56.55,0.23,1.96,98.5,28.13,14.44,0,1,0,1,0,1,0,Esc4
830,9.38,26.3,19.14,3.87,6.46,0.3,0.48,89.91,23.82,2998382.89,39.47,55.33,0.21,1.25,98.58,31.67,15.75,0,1,0,0,0,1,0,Esc4
831,9.12,24.87,18.93,3.81,6.41,0.3,0.59,91.27,23.63,3019344.54,39.2,55.34,0.2,1.54,98.57,31.69,15.63,0,1,0,1,0,1,0,Esc4
832,9.21,25.96,18.88,3.87,6.45,0.3,0.81,90.94,23.46,3031794.06,39.04,54.93,0.2,2.13,98.56,33.34,16.5,0,1,0,1,0,1,0,Esc4
833,9.86,26.27,19.61,4.03,6.77,0.3,1.0,90.92,26.22,3119943.14,37.94,55.72,0.22,2.55,98.51,28.62,15.12,0,1,0,1,0,1,0,Esc4
834,9.57,26.3,19.18,4.06,6.62,0.3,0.89,90.24,24.43,3055200.26,38.74,55.08,0.21,2.31,98.54,32.52,16.91,0,1,0,1,0,1,0,Esc4
835,9.26,25.97,19.12,3.83,6.48,0.31,0.6,92.03,24.27,3045955.83,38.86,55.68,0.21,1.58,98.55,31.51,15.5,0,1,0,1,0,1,0,Esc4
836,9.94,27.36,19.56,4.19,6.76,0.3,0.99,90.35,25.49,3092616.28,38.27,55.38,0.21,2.52,98.52,30.92,15.9,0,1,0,1,0,1,0,Esc4
837,10.4,27.17,20.14,4.29,6.97,0.3,1.07,91.6,27.78,3174591.6,37.28,56.3,0.23,2.69,98.48,28.6,14.94,0,1,0,1,0,1,0,Esc4
838,9.08,25.2,18.64,3.84,6.29,0.3,0.54,89.56,21.99,2951563.96,40.1,54.47,0.19,1.42,98.6,35.88,17.6,0,1,0,0,0,1,0,Esc4
839,9.39,25.46,19.29,3.89,6.59,0.31,0.86,91.59,24.9,3081546.11,38.41,55.51,0.21,2.24,98.53,29.81,15.28,0,1,0,1,0,1,0,Esc4
840,9.51,26.02,19.54,3.86,6.63,0.31,0.65,92.97,26.21,3112312.11,38.03,56.48,0.22,1.69,98.52,27.3,13.82,0,1,0,1,0,1,0,Esc4
841,10.31,26.62,20.31,4.3,7.09,0.31,1.39,92.58,28.71,3241548.05,36.51,56.37,0.23,3.47,98.44,26.3,13.08,0,1,0,1,0,1,0,Esc4
842,9.17,25.33,19.22,3.73,6.42,0.31,0.32,92.16,24.36,3024156.95,39.14,56.11,0.21,0.84,98.57,29.73,14.56,0,1,0,1,0,1,0,Esc4
843,9.27,27.13,19.04,3.94,6.53,0.31,0.98,91.7,24.05,3070881.6,38.54,55.06,0.2,2.54,98.54,32.27,16.14,0,1,0,1,0,1,0,Esc4
844,9.26,26.3,19.25,3.82,6.53,0.3,0.79,91.28,24.47,3060029.07,38.68,55.4,0.21,2.06,98.55,29.34,15.03,0,1,0,1,0,1,0,Esc4
845,9.52,25.52,19.42,3.83,6.54,0.3,0.55,91.59,25.02,3055380.79,38.74,55.97,0.21,1.42,98.55,30.28,14.88,0,1,0,1,0,1,0,Esc4
846,9.5,25.96,19.19,3.94,6.51,0.3,0.59,90.03,24.06,3015633.62,39.25,55.29,0.21,1.54,98.57,32.25,16.81,0,1,0,1,0,1,0,Esc4
847,9.68,26.07,19.44,4.01,6.65,0.3,0.87,91.06,25.23,3084090.89,38.38,55.55,0.21,2.24,98.53,30.98,15.6,0,1,0,1,0,1,0,Esc4
848,10.48,26.51,20.51,4.19,7.07,0.31,1.21,92.21,29.3,3234719.34,36.59,56.74,0.23,3.01,98.44,24.48,12.74,0,1,0,1,0,1,0,Esc4
849,9.68,25.72,19.41,4.06,6.68,0.3,0.83,91.35,25.26,3084542.9,38.37,55.65,0.21,2.14,98.53,30.56,15.06,0,1,0,1,0,1,0,Esc4
850,9.45,26.16,19.13,3.98,6.53,0.3,0.74,90.62,24.05,3036186.96,38.98,55.19,0.21,1.93,98.56,32.3,16.4,0,1,0,1,0,1,0,Esc4
851,10.03,26.19,19.97,4.13,6.85,0.31,0.77,92.41,27.33,3145398.47,37.63,56.65,0.23,1.96,98.49,28.45,13.74,0,1,0,1,0,1,0,Esc4
852,9.39,26.19,19.0,3.97,6.47,0.3,0.51,90.78,23.75,3009045.82,39.33,55.39,0.2,1.35,98.57,33.14,16.97,0,1,0,1,0,1,0,Esc4
853,9.19,25.32,18.9,3.93,6.46,0.3,0.76,90.71,23.34,3020375.34,39.19,54.91,0.2,1.99,98.57,33.82,17.45,0,1,0,1,0,1,0,Esc4
854,9.87,25.94,19.55,4.07,6.7,0.3,0.7,91.18,25.74,3082758.84,38.39,55.97,0.22,1.8,98.53,30.51,15.81,0,1,0,1,0,1,0,Esc4
855,9.4,26.32,19.38,3.89,6.62,0.31,0.92,91.89,25.26,3099637.68,38.18,55.63,0.21,2.37,98.52,28.85,14.52,0,1,0,1,0,1,0,Esc4
856,9.3,25.16,19.0,3.83,6.43,0.3,0.57,90.45,23.68,3009241.82,39.33,55.24,0.2,1.5,98.57,32.49,15.71,0,1,0,1,0,1,0,Esc4
857,9.14,26.26,18.94,3.85,6.42,0.3,0.65,90.71,23.34,3009749.07,39.32,55.05,0.2,1.69,98.57,32.88,16.7,0,1,0,1,0,1,0,Esc4
858,8.97,24.74,18.61,3.77,6.29,0.3,0.46,90.65,22.49,2970383.8,39.85,54.96,0.2,1.21,98.6,34.54,18.29,0,1,0,1,0,1,0,Esc4
859,9.56,25.67,19.33,3.99,6.61,0.31,0.53,91.26,25.23,3055155.85,38.74,56.01,0.21,1.37,98.54,30.63,15.79,0,1,0,1,0,1,0,Esc4
860,9.37,24.81,19.03,3.89,6.5,0.3,0.66,91.02,24.17,3036901.86,38.97,55.4,0.21,1.73,98.56,32.22,16.93,0,1,0,1,0,1,0,Esc4
861,9.85,26.25,19.46,4.03,6.66,0.3,0.7,90.86,25.34,3069059.13,38.56,55.77,0.21,1.81,98.54,30.78,16.28,0,1,0,1,0,1,0,Esc4
862,9.7,25.86,19.49,3.98,6.63,0.3,0.77,91.57,25.33,3084141.74,38.38,55.79,0.21,1.99,98.53,31.01,15.35,0,1,0,1,0,1,0,Esc4
863,9.38,25.52,18.98,3.94,6.49,0.3,0.84,90.03,23.54,3024682.42,39.13,54.77,0.2,2.18,98.56,32.83,16.86,0,1,0,1,0,1,0,Esc4
864,9.57,27.62,19.31,4.03,6.66,0.3,1.17,90.74,24.74,3094977.89,38.24,54.93,0.21,3.0,98.52,31.09,15.77,0,1,0,1,0,1,0,Esc4
865,9.34,27.44,18.98,3.96,6.51,0.3,0.95,90.65,23.55,3041753.4,38.91,54.73,0.2,2.47,98.55,33.43,17.27,0,1,0,1,0,1,0,Esc4
866,9.8,26.29,19.43,4.07,6.67,0.3,0.87,90.72,25.3,3081046.24,38.41,55.5,0.21,2.24,98.53,31.43,16.44,0,1,0,1,0,1,0,Esc4
867,9.31,25.95,19.18,3.8,6.47,0.3,0.51,91.49,24.39,3034657.57,39.0,55.76,0.21,1.33,98.56,30.66,15.19,0,1,0,1,0,1,0,Esc4
868,9.55,26.47,19.14,4.02,6.57,0.3,0.8,90.18,24.17,3039564.73,38.94,55.09,0.21,2.07,98.55,33.19,17.44,0,1,0,1,0,1,0,Esc4
869,10.46,27.11,20.17,4.28,7.03,0.31,1.3,91.91,28.17,3211424.18,36.85,56.19,0.23,3.27,98.46,27.75,14.49,0,1,0,1,0,1,0,Esc4
870,9.67,25.1,19.52,3.99,6.68,0.3,0.81,91.11,25.48,3085570.13,38.36,55.72,0.21,2.09,98.53,29.74,15.52,0,1,0,1,0,1,0,Esc4
871,9.2,25.77,18.76,3.83,6.34,0.3,0.73,89.97,22.55,2988127.64,39.61,54.52,0.2,1.91,98.59,34.45,17.2,0,1,0,0,0,1,0,Esc4
872,8.83,25.67,18.36,3.73,6.19,0.3,0.69,89.58,21.15,2943707.48,40.21,53.94,0.19,1.83,98.61,36.04,17.92,0,1,0,0,0,1,0,Esc4
873,9.59,26.01,19.53,3.99,6.64,0.31,0.64,92.39,25.7,3090452.82,38.3,56.22,0.22,1.65,98.53,29.93,15.38,0,1,0,1,0,1,0,Esc4
874,9.76,26.45,19.29,4.12,6.67,0.3,0.93,90.62,24.83,3073620.69,38.51,55.25,0.21,2.39,98.53,32.8,16.62,0,1,0,1,0,1,0,Esc4
875,9.29,25.71,19.08,3.91,6.51,0.3,0.72,91.11,24.05,3039802.44,38.94,55.3,0.21,1.88,98.56,31.69,15.47,0,1,0,1,0,1,0,Esc4
876,9.69,26.43,19.62,3.96,6.67,0.3,0.81,91.48,25.79,3098234.74,38.2,55.9,0.22,2.08,98.52,29.51,14.48,0,1,0,1,0,1,0,Esc4
877,10.29,26.92,20.0,4.3,6.95,0.3,0.94,91.33,27.32,3147626.17,37.6,56.26,0.22,2.38,98.49,29.17,15.49,0,1,0,1,0,1,0,Esc4
878,8.64,25.49,18.33,3.67,6.19,0.3,0.64,90.63,21.61,2964423.31,39.93,54.36,0.19,1.72,98.6,34.76,18.01,0,1,0,1,0,1,0,Esc4
879,9.79,26.2,19.71,4.07,6.77,0.31,0.65,92.04,26.55,3110196.13,38.05,56.45,0.22,1.69,98.51,28.07,14.63,0,1,0,1,0,1,0,Esc4
880,9.78,25.52,19.83,3.98,6.76,0.31,0.94,92.06,26.68,3139444.22,37.7,56.14,0.22,2.39,98.5,27.65,13.8,0,1,0,1,0,1,0,Esc4
881,9.51,25.77,19.24,3.94,6.54,0.3,0.47,90.92,24.64,3030987.09,39.05,55.81,0.21,1.24,98.56,31.03,15.59,0,1,0,1,0,1,0,Esc4
882,9.38,26.63,18.99,3.99,6.52,0.3,0.87,90.58,23.72,3039090.58,38.94,54.89,0.2,2.27,98.56,33.27,17.48,0,1,0,1,0,1,0,Esc4
883,8.39,25.02,18.17,3.49,6.04,0.3,0.52,90.11,20.6,2920365.28,40.53,54.03,0.18,1.39,98.63,35.87,17.47,0,1,0,1,0,1,0,Esc4
884,9.66,26.38,19.57,4.01,6.69,0.31,0.77,92.14,25.98,3107307.96,38.09,56.12,0.22,1.98,98.52,29.27,15.13,0,1,0,1,0,1,0,Esc4
885,10.01,26.62,19.87,4.24,6.94,0.31,1.2,92.54,27.39,3189937.59,37.1,56.13,0.22,3.06,98.47,28.91,15.13,0,1,0,1,0,1,0,Esc4
886,9.76,26.87,19.46,4.1,6.73,0.3,1.17,91.3,25.29,3115895.08,37.98,55.23,0.21,2.98,98.51,31.95,16.32,0,1,0,1,0,1,0,Esc4
887,9.98,25.96,19.83,4.13,6.85,0.31,0.95,92.12,27.23,3156099.15,37.5,56.33,0.22,2.42,98.49,28.23,15.14,0,1,0,1,0,1,0,Esc4
888,9.12,26.07,18.94,3.81,6.45,0.3,0.87,91.0,23.6,3041317.8,38.92,54.92,0.2,2.27,98.56,31.69,16.53,0,1,0,1,0,1,0,Esc4
889,9.49,26.71,19.02,4.07,6.54,0.3,0.59,90.09,23.79,3009794.76,39.32,55.2,0.2,1.54,98.57,33.98,18.02,0,1,0,1,0,1,0,Esc4
890,9.52,26.8,19.34,3.99,6.61,0.3,0.8,91.0,24.71,3062681.66,38.64,55.43,0.21,2.06,98.54,30.71,15.72,0,1,0,1,0,1,0,Esc4
891,9.55,26.93,19.1,4.12,6.67,0.3,1.4,90.12,24.06,3091180.64,38.29,54.29,0.2,3.59,98.53,33.04,16.61,0,1,0,1,0,1,0,Esc4
892,10.38,26.49,20.03,4.23,6.94,0.31,1.24,91.7,27.5,3184055.77,37.17,56.0,0.22,3.11,98.47,28.9,14.4,0,1,0,1,0,1,0,Esc4
893,9.71,26.3,19.56,3.95,6.65,0.3,0.87,91.18,25.58,3093639.89,38.26,55.69,0.21,2.23,98.52,29.89,15.53,0,1,0,1,0,1,0,Esc4
894,9.66,25.66,19.69,3.9,6.66,0.31,0.56,92.91,26.47,3109477.13,38.06,56.68,0.22,1.45,98.52,27.47,13.99,0,1,0,1,0,1,0,Esc4
895,10.8,26.58,20.56,4.37,7.14,0.31,1.16,92.16,29.44,3233393.47,36.6,56.86,0.24,2.88,98.44,26.96,13.4,0,1,0,1,0,1,0,Esc4
896,10.13,26.26,19.77,4.07,6.78,0.31,0.9,91.5,26.57,3127294.86,37.85,56.07,0.22,2.3,98.5,29.55,15.24,0,1,0,1,0,1,0,Esc4
897,9.7,26.25,19.24,4.06,6.61,0.3,0.8,89.82,24.32,3039124.57,38.94,55.09,0.21,2.07,98.55,32.95,16.8,0,1,0,0,0,1,0,Esc4
898,10.19,26.61,19.92,4.22,6.88,0.3,0.95,91.01,26.75,3129465.02,37.82,56.0,0.22,2.4,98.5,29.75,14.94,0,1,0,1,0,1,0,Esc4
899,8.91,25.41,18.9,3.67,6.35,0.31,0.47,91.55,23.5,3008597.83,39.34,55.48,0.2,1.25,98.58,30.58,15.25,0,1,0,1,0,1,0,Esc4
900,9.59,25.59,19.24,3.94,6.57,0.3,0.74,90.38,24.51,3045566.56,38.86,55.33,0.21,1.92,98.55,31.58,16.1,0,1,0,1,0,1,0,Esc4
901,9.51,26.23,18.99,4.09,6.53,0.3,0.86,89.65,23.34,3016945.23,39.23,54.61,0.2,2.24,98.57,34.14,17.52,0,1,0,0,0,1,0,Esc4
902,9.85,25.99,19.46,4.05,6.67,0.3,0.87,90.97,25.23,3082996.93,38.39,55.53,0.21,2.24,98.53,31.64,16.0,0,1,0,1,0,1,0,Esc4
903,10.66,26.63,20.42,4.26,7.05,0.31,1.23,91.93,28.81,3220962.84,36.75,56.51,0.23,3.07,98.45,26.95,13.97,0,1,0,1,0,1,0,Esc4
904,9.23,24.72,18.79,3.93,6.48,0.3,0.78,89.92,23.34,3013461.12,39.28,54.76,0.2,2.04,98.57,33.73,17.39,0,1,0,0,0,1,0,Esc4
905,8.95,25.04,18.53,3.73,6.25,0.3,0.56,89.37,21.94,2949860.32,40.12,54.39,0.19,1.47,98.61,34.94,17.73,0,1,0,0,0,1,0,Esc4
906,9.29,25.36,19.24,3.8,6.51,0.31,0.73,92.4,24.71,3073826.61,38.5,55.74,0.21,1.9,98.54,29.7,14.75,0,1,0,1,0,1,0,Esc4
907,9.73,26.11,19.18,4.09,6.54,0.3,0.76,89.0,23.63,3006400.15,39.37,54.75,0.2,1.95,98.57,33.76,17.07,0,1,0,0,0,1,0,Esc4
908,9.67,25.82,19.46,4.06,6.69,0.3,0.8,90.9,25.34,3077830.5,38.45,55.65,0.21,2.05,98.53,30.51,15.74,0,1,0,1,0,1,0,Esc4
909,9.51,26.26,19.16,3.85,6.48,0.3,0.71,89.86,23.93,3020796.38,39.18,55.06,0.21,1.84,98.57,31.94,16.45,0,1,0,0,0,1,0,Esc4
910,9.81,25.87,19.56,3.99,6.7,0.3,0.88,91.37,25.81,3104335.05,38.13,55.79,0.22,2.27,98.52,29.59,14.89,0,1,0,1,0,1,0,Esc4
911,9.86,26.02,19.74,4.05,6.75,0.3,0.81,91.59,26.32,3112921.17,38.02,56.1,0.22,2.07,98.51,28.56,14.37,0,1,0,1,0,1,0,Esc4
912,9.23,25.54,18.84,3.86,6.36,0.3,0.71,90.11,22.73,2992167.78,39.56,54.63,0.2,1.85,98.58,34.26,17.42,0,1,0,1,0,1,0,Esc4
913,9.76,26.26,19.54,4.0,6.68,0.31,0.71,92.0,25.93,3098898.54,38.19,56.15,0.22,1.84,98.52,29.78,15.23,0,1,0,1,0,1,0,Esc4
914,9.24,25.94,18.8,3.96,6.41,0.3,0.53,90.27,22.96,2984920.91,39.65,54.98,0.2,1.41,98.58,35.25,17.15,0,1,0,1,0,1,0,Esc4
915,9.3,26.04,19.06,3.91,6.52,0.3,0.74,90.7,24.08,3037828.94,38.96,55.22,0.21,1.93,98.56,31.61,16.11,0,1,0,1,0,1,0,Esc4
916,9.33,24.7,19.25,3.75,6.45,0.31,0.24,91.93,24.75,3024887.83,39.13,56.32,0.21,0.64,98.56,29.7,15.25,0,1,0,1,0,1,0,Esc4
917,9.41,25.71,19.25,3.82,6.48,0.3,0.48,90.86,24.47,3025694.07,39.12,55.73,0.21,1.24,98.56,30.19,15.85,0,1,0,1,0,1,0,Esc4
918,9.68,26.36,19.69,4.03,6.77,0.31,1.02,92.56,26.38,3146726.18,37.61,56.0,0.22,2.62,98.5,28.56,14.32,0,1,0,1,0,1,0,Esc4
919,8.97,25.66,18.78,3.73,6.32,0.3,0.63,90.6,22.74,2991588.91,39.56,54.83,0.2,1.65,98.58,33.29,17.2,0,1,0,1,0,1,0,Esc4
920,10.08,26.3,19.98,4.13,6.87,0.31,0.69,92.72,27.71,3151697.0,37.55,56.93,0.23,1.76,98.49,28.01,14.44,0,1,0,1,0,1,0,Esc4
921,9.53,25.44,19.21,3.97,6.55,0.3,0.59,91.07,24.59,3041797.36,38.91,55.67,0.21,1.53,98.55,31.29,16.02,0,1,0,1,0,1,0,Esc4
922,9.79,26.42,19.54,4.08,6.69,0.3,0.87,90.97,25.33,3085483.67,38.36,55.57,0.21,2.24,98.53,30.94,15.57,0,1,0,1,0,1,0,Esc4
923,10.54,26.09,20.38,4.29,7.09,0.31,0.96,93.27,29.37,3227350.47,36.67,57.24,0.24,2.42,98.45,26.43,13.57,0,1,0,1,0,1,0,Esc4
924,10.07,26.5,19.38,4.23,6.72,0.3,0.84,89.5,24.9,3053753.87,38.76,55.21,0.21,2.16,98.54,33.79,17.41,0,1,0,0,0,1,0,Esc4
925,9.39,26.39,19.15,4.02,6.57,0.3,0.7,90.69,24.23,3037992.65,38.96,55.32,0.21,1.83,98.55,32.08,16.71,0,1,0,1,0,1,0,Esc4
926,9.09,25.42,18.61,3.83,6.32,0.3,0.56,89.4,22.15,2955795.91,40.04,54.48,0.19,1.47,98.6,34.95,18.26,0,1,0,0,0,1,0,Esc4
927,8.58,25.03,18.27,3.61,6.13,0.3,0.49,90.65,21.3,2942772.31,40.22,54.43,0.19,1.33,98.61,35.75,18.19,0,1,0,1,0,1,0,Esc4
928,9.59,25.66,19.31,3.96,6.63,0.3,0.9,90.93,25.09,3082178.91,38.4,55.42,0.21,2.34,98.53,30.2,15.8,0,1,0,1,0,1,0,Esc4
929,9.72,25.87,19.31,3.99,6.59,0.3,0.8,90.29,24.55,3050384.13,38.8,55.25,0.21,2.07,98.55,32.0,16.58,0,1,0,1,0,1,0,Esc4
930,9.7,26.32,19.34,4.0,6.62,0.3,0.93,91.2,24.88,3081613.83,38.41,55.37,0.21,2.39,98.53,31.65,15.85,0,1,0,1,0,1,0,Esc4
931,9.66,26.5,19.69,3.97,6.71,0.31,0.78,92.26,26.39,3120962.07,37.92,56.27,0.22,2.02,98.51,27.88,14.3,0,1,0,1,0,1,0,Esc4
932,10.13,26.21,19.86,4.13,6.83,0.31,0.8,91.92,27.11,3137348.36,37.72,56.45,0.22,2.06,98.5,28.95,14.96,0,1,0,1,0,1,0,Esc4
933,8.79,25.92,18.54,3.74,6.28,0.3,0.67,90.37,22.19,2978440.83,39.74,54.53,0.19,1.76,98.59,33.98,16.88,0,1,0,1,0,1,0,Esc4
934,8.4,25.55,18.19,3.59,6.06,0.3,0.43,89.39,20.49,2900368.88,40.81,53.97,0.18,1.14,98.64,36.47,18.34,0,1,0,0,0,1,0,Esc4
935,8.85,25.23,18.65,3.69,6.27,0.3,0.5,90.58,22.31,2968566.44,39.87,54.83,0.19,1.31,98.6,33.37,16.52,0,1,0,1,0,1,0,Esc4
936,9.79,26.64,19.46,4.05,6.69,0.31,0.83,91.25,25.57,3091502.68,38.28,55.75,0.21,2.13,98.52,30.05,15.9,0,1,0,1,0,1,0,Esc4
937,9.75,26.5,19.67,4.06,6.75,0.31,0.78,92.38,26.4,3122295.35,37.91,56.28,0.22,2.02,98.51,29.01,15.17,0,1,0,1,0,1,0,Esc4
938,9.64,26.36,19.19,3.95,6.5,0.3,0.81,90.17,23.81,3030043.66,39.06,54.95,0.2,2.08,98.56,33.66,16.65,0,1,0,1,0,1,0,Esc4
939,9.27,26.47,18.81,3.95,6.45,0.3,1.07,89.77,22.75,3022214.02,39.16,54.14,0.2,2.78,98.57,34.36,17.03,0,1,0,0,0,1,0,Esc4
940,8.91,25.77,18.62,3.71,6.27,0.3,0.61,90.42,22.36,2978317.1,39.74,54.68,0.19,1.61,98.59,33.79,17.46,0,1,0,1,0,1,0,Esc4
941,9.91,25.88,19.78,3.98,6.75,0.31,0.8,91.87,26.78,3128467.33,37.83,56.32,0.22,2.06,98.51,27.76,14.68,0,1,0,1,0,1,0,Esc4
942,9.54,26.15,19.19,3.97,6.59,0.3,1.02,90.65,24.31,3069171.49,38.56,54.94,0.21,2.64,98.54,32.32,16.52,0,1,0,1,0,1,0,Esc4
943,9.04,25.2,18.67,3.78,6.29,0.3,0.54,89.6,22.37,2961717.55,39.96,54.62,0.2,1.42,98.6,33.78,17.44,0,1,0,0,0,1,0,Esc4
944,9.95,26.4,19.58,4.09,6.7,0.3,0.71,90.44,25.56,3069587.94,38.56,55.78,0.22,1.81,98.53,30.89,15.99,0,1,0,1,0,1,0,Esc4
945,9.68,26.14,19.46,4.02,6.7,0.3,1.0,91.34,25.5,3106574.28,38.1,55.53,0.21,2.56,98.52,30.31,15.68,0,1,0,1,0,1,0,Esc4
946,9.59,25.92,19.5,3.89,6.61,0.3,0.61,90.63,25.3,3056507.91,38.72,55.83,0.21,1.57,98.54,29.38,15.05,0,1,0,1,0,1,0,Esc4
947,10.22,27.35,19.98,4.28,6.94,0.3,1.15,91.43,27.02,3160162.51,37.45,55.91,0.22,2.9,98.48,29.1,15.8,0,1,0,1,0,1,0,Esc4
948,9.13,26.1,18.85,3.81,6.41,0.3,0.78,90.77,23.27,3021321.28,39.17,54.87,0.2,2.04,98.57,32.78,16.91,0,1,0,1,0,1,0,Esc4
949,9.37,25.43,19.01,3.95,6.49,0.3,0.9,90.32,23.6,3034786.42,39.0,54.78,0.2,2.32,98.56,32.97,17.0,0,1,0,1,0,1,0,Esc4
950,10.71,26.61,20.35,4.38,7.05,0.3,1.0,91.41,28.3,3180203.29,37.22,56.56,0.23,2.5,98.47,29.22,14.9,0,1,0,1,0,1,0,Esc4
951,10.0,26.33,19.91,4.1,6.86,0.31,0.8,92.26,27.32,3146974.66,37.61,56.58,0.23,2.05,98.49,28.03,14.33,0,1,0,1,0,1,0,Esc4
952,9.9,26.76,19.73,4.11,6.78,0.31,0.85,91.64,26.38,3118476.45,37.95,56.09,0.22,2.16,98.51,29.12,14.33,0,1,0,1,0,1,0,Esc4
953,9.92,25.92,19.83,4.05,6.83,0.3,1.03,91.5,26.74,3143745.83,37.65,55.96,0.22,2.62,98.49,27.66,13.83,0,1,0,1,0,1,0,Esc4
954,9.35,26.02,19.1,3.88,6.5,0.3,0.93,91.23,24.08,3061201.88,38.66,55.07,0.2,2.4,98.55,31.65,16.05,0,1,0,1,0,1,0,Esc4
955,9.68,26.0,19.26,4.04,6.59,0.3,0.98,90.13,24.13,3053226.18,38.76,54.85,0.2,2.51,98.55,33.21,16.16,0,1,0,1,0,1,0,Esc4
956,9.44,27.03,19.11,4.07,6.6,0.3,0.98,91.32,24.33,3073821.38,38.5,55.11,0.21,2.54,98.54,32.92,17.0,0,1,0,1,0,1,0,Esc4
957,9.87,27.08,19.67,4.08,6.79,0.31,1.14,91.55,26.22,3141331.57,37.68,55.64,0.22,2.91,98.5,29.46,15.77,0,1,0,1,0,1,0,Esc4
958,9.75,26.4,19.61,4.05,6.69,0.3,0.68,91.21,25.73,3081532.7,38.41,56.0,0.22,1.75,98.53,29.84,14.77,0,1,0,1,0,1,0,Esc4
959,9.65,26.58,19.38,3.91,6.57,0.3,0.76,90.32,24.77,3052583.42,38.77,55.38,0.21,1.97,98.55,30.75,15.96,0,1,0,1,0,1,0,Esc4
960,10.18,27.68,19.97,4.23,6.93,0.31,1.25,92.13,27.13,3181185.47,37.21,55.92,0.22,3.16,98.47,29.24,14.63,0,1,0,1,0,1,0,Esc4
961,9.71,26.68,19.44,4.0,6.66,0.31,0.79,91.34,25.48,3086482.94,38.35,55.78,0.21,2.04,98.53,30.31,16.37,0,1,0,1,0,1,0,Esc4
962,8.93,25.49,18.63,3.73,6.29,0.3,0.67,89.98,22.19,2973948.97,39.8,54.46,0.19,1.77,98.59,33.75,16.81,0,1,0,0,0,1,0,Esc4
963,9.86,27.06,19.31,4.19,6.71,0.3,1.07,89.99,24.64,3073147.4,38.51,54.9,0.21,2.73,98.53,32.91,17.26,0,1,0,0,0,1,0,Esc4
964,9.87,26.07,19.41,4.15,6.72,0.3,1.04,90.48,25.13,3090230.65,38.3,55.2,0.21,2.67,98.52,31.94,15.68,0,1,0,1,0,1,0,Esc4
965,9.78,26.31,19.44,4.05,6.69,0.3,0.89,90.9,25.44,3089303.64,38.31,55.58,0.21,2.28,98.53,31.26,16.02,0,1,0,1,0,1,0,Esc4
966,8.87,24.88,18.48,3.74,6.22,0.3,0.36,89.86,21.87,2936728.19,40.3,54.7,0.19,0.97,98.61,34.9,17.52,0,1,0,0,0,1,0,Esc4
967,10.48,26.7,20.15,4.32,7.01,0.3,1.34,90.79,27.66,3185926.82,37.15,55.79,0.23,3.34,98.47,28.57,14.4,0,1,0,1,0,1,0,Esc4
968,9.11,25.74,18.71,3.77,6.28,0.3,0.54,89.85,22.32,2963396.83,39.94,54.65,0.2,1.42,98.6,34.25,18.08,0,1,0,0,0,1,0,Esc4
969,8.87,26.07,18.44,3.81,6.24,0.3,0.64,89.59,21.47,2947184.26,40.16,54.15,0.19,1.68,98.61,36.13,18.18,0,1,0,0,0,1,0,Esc4
970,9.41,25.47,19.32,3.88,6.59,0.31,0.76,92.47,25.36,3094841.61,38.24,55.95,0.21,1.99,98.53,30.0,15.57,0,1,0,1,0,1,0,Esc4
971,9.56,25.68,19.33,4.01,6.62,0.3,0.81,91.11,24.92,3071602.49,38.53,55.51,0.21,2.1,98.54,31.0,14.95,0,1,0,1,0,1,0,Esc4
972,9.17,26.64,18.95,3.88,6.41,0.3,0.56,90.26,23.17,2992000.4,39.56,55.03,0.2,1.45,98.58,33.56,16.71,0,1,0,1,0,1,0,Esc4
973,10.16,27.13,19.71,4.25,6.83,0.3,1.08,90.72,26.16,3122699.37,37.9,55.57,0.22,2.74,98.51,31.52,16.13,0,1,0,1,0,1,0,Esc4
974,9.23,26.36,18.9,3.9,6.45,0.3,0.96,89.96,23.09,3022416.34,39.16,54.44,0.2,2.48,98.57,33.51,17.46,0,1,0,0,0,1,0,Esc4
975,10.48,26.72,20.12,4.32,6.99,0.3,0.98,91.51,27.72,3163569.03,37.41,56.38,0.23,2.47,98.48,29.55,15.76,0,1,0,1,0,1,0,Esc4
976,10.02,26.47,19.81,4.08,6.81,0.3,0.96,91.5,26.64,3133936.77,37.77,56.02,0.22,2.44,98.5,28.83,15.48,0,1,0,1,0,1,0,Esc4
977,9.88,25.87,19.57,4.07,6.7,0.3,0.79,91.38,25.73,3093594.2,38.26,55.88,0.22,2.04,98.52,31.11,15.79,0,1,0,1,0,1,0,Esc4
978,9.53,26.39,19.1,4.02,6.54,0.3,0.78,90.07,23.93,3030106.21,39.06,55.0,0.2,2.03,98.56,33.19,16.83,0,1,0,1,0,1,0,Esc4
979,9.68,25.35,19.42,3.94,6.57,0.3,0.46,90.64,25.01,3035625.81,38.99,55.93,0.21,1.19,98.56,30.3,15.48,0,1,0,1,0,1,0,Esc4
980,10.26,26.67,19.96,4.14,6.84,0.31,0.73,91.67,27.12,3128202.08,37.84,56.51,0.22,1.87,98.5,28.27,14.4,0,1,0,1,0,1,0,Esc4
981,10.68,26.89,20.58,4.36,7.11,0.3,0.92,91.74,29.2,3199878.09,36.99,57.02,0.24,2.3,98.46,26.13,13.2,0,1,0,1,0,1,0,Esc4
982,11.02,27.35,20.79,4.44,7.25,0.31,1.32,92.46,30.2,3271226.95,36.18,56.95,0.24,3.26,98.42,26.14,13.43,0,1,0,1,0,1,0,Esc4
983,9.61,26.29,19.46,4.0,6.68,0.31,1.03,92.03,25.61,3120020.27,37.93,55.63,0.21,2.64,98.51,29.78,15.19,0,1,0,1,0,1,0,Esc4
984,9.46,26.3,19.18,4.05,6.56,0.3,0.75,90.39,24.05,3032947.41,39.02,55.15,0.21,1.93,98.56,32.36,16.42,0,1,0,1,0,1,0,Esc4
985,9.01,25.0,18.81,3.68,6.29,0.3,0.52,90.26,22.71,2976526.62,39.76,54.9,0.2,1.36,98.59,32.55,16.59,0,1,0,1,0,1,0,Esc4
986,10.34,26.7,20.12,4.28,7.0,0.31,1.16,91.8,27.9,3188943.0,37.11,56.26,0.23,2.92,98.47,27.68,14.05,0,1,0,1,0,1,0,Esc4
987,10.3,26.31,20.33,4.07,6.9,0.31,0.66,92.37,28.26,3158702.85,37.47,57.12,0.23,1.66,98.49,26.31,13.14,0,1,0,1,0,1,0,Esc4
988,10.09,26.92,19.8,4.17,6.81,0.3,0.91,91.22,26.43,3120368.88,37.93,55.97,0.22,2.31,98.51,29.51,14.89,0,1,0,1,0,1,0,Esc4
989,9.19,26.9,18.8,3.86,6.41,0.3,1.19,89.47,22.66,3026338.55,39.11,53.91,0.19,3.07,98.57,34.15,16.92,0,1,0,0,0,1,0,Esc4
990,10.09,25.91,19.83,4.08,6.77,0.3,0.87,91.57,26.59,3124756.41,37.88,56.13,0.22,2.21,98.51,29.22,14.87,0,1,0,1,0,1,0,Esc4
991,10.13,26.64,19.91,4.19,6.88,0.31,1.03,91.93,27.18,3160002.02,37.45,56.19,0.22,2.61,98.49,29.15,15.25,0,1,0,1,0,1,0,Esc4
992,9.78,26.12,19.59,3.99,6.7,0.3,0.93,90.64,25.67,3095608.98,38.23,55.57,0.21,2.37,98.52,29.72,14.96,0,1,0,1,0,1,0,Esc4
993,10.0,26.68,19.77,4.22,6.89,0.31,1.21,92.15,26.9,3172379.49,37.31,55.89,0.22,3.07,98.48,29.16,15.3,0,1,0,1,0,1,0,Esc4
994,8.89,25.26,18.93,3.65,6.34,0.3,0.57,91.36,23.32,3010116.84,39.32,55.25,0.2,1.49,98.57,30.73,15.99,0,1,0,1,0,1,0,Esc4
995,9.59,26.27,19.24,4.02,6.61,0.3,1.07,90.28,24.38,3070110.36,38.55,54.86,0.21,2.74,98.54,32.04,15.99,0,1,0,1,0,1,0,Esc4
996,9.54,25.34,19.18,3.98,6.58,0.31,0.71,91.31,24.73,3059771.26,38.68,55.59,0.21,1.86,98.54,31.41,16.13,0,1,0,1,0,1,0,Esc4
997,10.37,26.89,19.88,4.35,6.97,0.3,1.26,91.1,26.94,3164784.47,37.4,55.69,0.22,3.18,98.48,30.1,16.19,0,1,0,1,0,1,0,Esc4
998,9.12,25.0,18.56,3.88,6.32,0.3,0.6,89.42,22.09,2958187.2,40.01,54.42,0.19,1.57,98.6,35.27,18.68,0,1,0,0,0,1,0,Esc4
999,9.64,25.96,19.39,4.04,6.62,0.3,0.55,91.4,25.03,3053238.06,38.76,55.93,0.21,1.42,98.55,31.34,16.05,0,1,0,1,0,1,0,Esc4
0,14.37,31.27,22.41,5.07,7.43,0.29,3.3,95.76,41.02,3577160.62,24.81,53.72,0.3,7.13,98.26,15.74,15.9,0,1,0,1,0,1,0,Esc5
1,14.12,30.49,22.3,4.95,7.35,0.29,3.17,95.65,40.3,3544003.58,25.05,53.62,0.29,6.86,98.28,14.92,14.96,0,1,0,1,0,1,0,Esc5
2,15.33,31.54,23.66,5.19,7.73,0.29,3.62,96.89,45.4,3730307.82,23.8,54.9,0.32,7.56,98.18,11.41,13.06,0,1,0,1,0,1,0,Esc5
3,14.13,32.14,22.22,5.05,7.45,0.29,3.76,95.75,40.43,3602366.43,24.64,53.04,0.29,8.08,98.25,15.49,16.36,0,1,0,1,0,1,0,Esc5
4,14.71,30.77,22.9,5.13,7.56,0.29,3.31,96.34,42.84,3631691.3,24.44,54.37,0.31,7.06,98.23,13.81,13.86,0,1,0,1,0,1,0,Esc5
5,14.55,31.6,22.83,5.07,7.56,0.29,3.62,96.44,42.83,3660245.75,24.25,54.03,0.3,7.7,98.22,12.69,13.49,0,1,0,1,0,1,0,Esc5
6,15.11,31.58,23.32,5.24,7.7,0.29,3.6,96.53,44.03,3688897.18,24.06,54.47,0.31,7.56,98.2,13.14,14.14,0,1,0,1,0,1,0,Esc5
7,14.67,31.22,22.98,5.01,7.43,0.29,2.85,95.85,42.17,3564677.39,24.9,54.61,0.31,6.1,98.27,13.55,13.57,0,1,0,1,0,1,0,Esc5
8,14.58,31.45,22.91,5.09,7.54,0.29,3.05,96.41,42.95,3613445.06,24.57,54.68,0.31,6.56,98.24,12.5,13.14,0,1,0,1,0,1,0,Esc5
9,14.79,31.26,23.26,5.08,7.59,0.29,3.11,96.72,44.0,3647995.65,24.33,54.99,0.31,6.62,98.22,11.21,11.94,0,1,0,1,0,1,0,Esc5
10,15.45,31.35,23.87,5.2,7.76,0.29,3.53,97.44,46.25,3750860.37,23.67,55.3,0.32,7.36,98.16,11.13,12.35,0,1,0,1,0,1,0,Esc5
11,14.88,31.61,23.3,5.09,7.56,0.29,2.86,96.98,44.09,3630342.73,24.45,55.31,0.31,6.12,98.23,12.03,12.71,0,1,0,1,0,1,0,Esc5
12,15.08,32.49,23.4,5.21,7.72,0.29,3.77,96.79,44.64,3724107.88,23.84,54.5,0.31,7.89,98.18,11.8,13.05,0,1,0,1,0,1,0,Esc5
13,13.78,31.63,21.99,4.87,7.24,0.29,2.8,94.93,39.0,3470608.28,25.58,53.51,0.29,6.14,98.32,15.19,15.12,0,1,0,1,0,1,0,Esc5
14,14.67,31.72,23.07,5.06,7.56,0.29,3.45,96.37,43.25,3653761.11,24.29,54.36,0.31,7.31,98.22,12.41,13.11,0,1,0,1,0,1,0,Esc5
15,15.61,31.74,24.0,5.33,7.95,0.29,4.19,97.58,47.61,3851833.54,23.05,54.99,0.32,8.65,98.11,10.21,11.95,0,1,0,1,0,1,0,Esc5
16,15.55,31.37,24.13,5.19,7.79,0.29,3.65,97.38,47.06,3781174.92,23.48,55.42,0.32,7.54,98.15,9.06,10.61,0,1,0,1,0,1,0,Esc5
17,14.67,31.59,23.1,5.11,7.57,0.29,3.02,96.55,43.52,3624982.5,24.49,54.91,0.31,6.46,98.23,11.83,13.31,0,1,0,1,0,1,0,Esc5
18,15.01,31.5,23.09,5.2,7.66,0.29,3.9,95.77,43.16,3685123.37,24.09,53.81,0.3,8.18,98.2,13.99,14.21,0,1,0,1,0,1,0,Esc5
19,15.02,31.89,23.34,5.18,7.69,0.29,3.76,96.56,44.28,3711458.83,23.92,54.38,0.31,7.88,98.19,11.98,12.97,0,1,0,1,0,1,0,Esc5
20,14.05,31.64,22.33,4.9,7.32,0.29,3.2,95.86,40.54,3555719.83,24.96,53.69,0.3,6.92,98.28,13.78,14.76,0,1,0,1,0,1,0,Esc5
21,15.77,32.41,24.01,5.32,7.9,0.29,4.41,96.74,46.57,3830190.63,23.18,54.43,0.32,9.01,98.12,11.57,12.55,0,1,0,1,0,1,0,Esc5
22,14.17,31.52,22.54,4.96,7.36,0.29,2.94,95.94,41.03,3545629.69,25.04,54.15,0.3,6.35,98.28,13.51,14.05,0,1,0,1,0,1,0,Esc5
23,14.74,31.69,23.03,5.14,7.64,0.29,3.86,96.58,43.53,3701121.62,23.98,54.01,0.3,8.15,98.19,12.2,13.34,0,1,0,1,0,1,0,Esc5
24,14.82,31.46,23.14,5.14,7.62,0.29,3.32,96.61,43.75,3659393.22,24.26,54.68,0.31,7.05,98.22,12.48,13.07,0,1,0,1,0,1,0,Esc5
25,14.26,30.23,22.72,4.88,7.34,0.29,2.49,96.48,42.14,3541098.06,25.07,55.03,0.31,5.42,98.28,12.26,12.58,0,1,0,1,0,1,0,Esc5
26,15.23,31.63,23.63,5.14,7.7,0.29,3.74,96.93,45.25,3736678.82,23.76,54.73,0.31,7.79,98.17,11.44,12.17,0,1,0,1,0,1,0,Esc5
27,15.11,32.12,23.51,5.19,7.69,0.29,3.42,96.73,44.73,3693076.18,24.04,54.89,0.31,7.19,98.2,11.51,12.68,0,1,0,1,0,1,0,Esc5
28,14.93,31.42,23.25,5.14,7.59,0.29,2.82,96.41,44.13,3623180.45,24.5,55.3,0.32,6.04,98.23,12.64,13.03,0,1,0,1,0,1,0,Esc5
29,15.42,31.68,23.85,5.26,7.81,0.29,3.91,97.2,46.14,3779186.78,23.49,54.84,0.32,8.1,98.15,11.16,12.58,0,1,0,1,0,1,0,Esc5
30,14.87,31.54,23.34,5.18,7.65,0.29,3.3,96.87,44.32,3674572.32,24.16,54.91,0.31,6.98,98.21,12.04,12.76,0,1,0,1,0,1,0,Esc5
31,14.49,31.35,22.67,5.06,7.45,0.29,3.1,95.46,41.42,3564703.25,24.9,54.06,0.3,6.65,98.27,14.33,14.16,0,1,0,1,0,1,0,Esc5
32,14.29,31.77,22.7,5.0,7.47,0.29,3.32,96.37,42.24,3617376.18,24.54,54.15,0.3,7.13,98.24,12.37,13.06,0,1,0,1,0,1,0,Esc5
33,14.16,31.24,22.47,5.02,7.45,0.29,3.43,96.29,41.3,3600445.99,24.65,53.73,0.3,7.37,98.25,13.35,14.11,0,1,0,1,0,1,0,Esc5
34,14.58,31.31,22.81,5.06,7.53,0.29,3.54,95.95,42.16,3629804.53,24.46,53.89,0.3,7.52,98.23,13.54,13.92,0,1,0,1,0,1,0,Esc5
35,14.61,31.41,22.96,5.05,7.56,0.29,3.46,97.18,43.55,3673823.56,24.16,54.49,0.31,7.39,98.21,12.31,12.67,0,1,0,1,0,1,0,Esc5
36,15.98,32.0,24.44,5.33,7.9,0.29,3.42,96.5,47.5,3761006.9,23.6,55.74,0.33,7.02,98.15,10.16,11.64,0,1,0,1,0,1,0,Esc5
37,14.75,31.83,23.08,5.08,7.56,0.29,2.95,96.54,43.71,3625220.8,24.49,55.04,0.31,6.33,98.23,12.32,13.19,0,1,0,1,0,1,0,Esc5
38,13.9,31.0,22.27,4.84,7.24,0.29,2.4,96.16,40.44,3486870.51,25.46,54.54,0.3,5.29,98.31,13.84,13.45,0,1,0,1,0,1,0,Esc5
39,15.65,32.1,23.78,5.29,7.88,0.29,4.4,96.4,46.16,3817380.07,23.25,54.27,0.31,9.04,98.13,11.31,12.44,0,1,0,1,0,1,0,Esc5
40,14.48,31.52,22.88,4.96,7.4,0.29,2.53,96.15,42.13,3541356.89,25.07,54.99,0.31,5.46,98.28,12.6,12.71,0,1,0,1,0,1,0,Esc5
41,14.88,31.66,23.48,5.06,7.58,0.29,2.8,97.13,44.73,3643209.06,24.37,55.59,0.32,5.97,98.23,10.71,12.0,0,1,0,1,0,1,0,Esc5
42,15.4,32.42,23.91,5.24,7.77,0.29,3.7,96.99,45.67,3743462.75,23.71,54.93,0.32,7.65,98.17,10.91,12.28,0,1,0,1,0,1,0,Esc5
43,14.53,31.27,22.81,5.03,7.49,0.29,3.34,96.34,42.64,3628230.21,24.47,54.25,0.3,7.15,98.24,12.85,13.94,0,1,0,1,0,1,0,Esc5
44,15.07,31.28,23.33,5.08,7.54,0.29,2.74,96.22,43.61,3597450.65,24.68,55.23,0.31,5.84,98.25,13.32,13.39,0,1,0,1,0,1,0,Esc5
45,15.23,31.33,23.45,5.17,7.71,0.29,3.7,96.23,44.87,3718540.32,23.87,54.59,0.31,7.74,98.18,11.82,12.88,0,1,0,1,0,1,0,Esc5
46,14.4,30.88,22.87,4.98,7.43,0.29,2.75,96.73,42.71,3582410.85,24.78,54.96,0.31,5.95,98.26,12.36,12.72,0,1,0,1,0,1,0,Esc5
47,14.91,31.57,23.28,5.09,7.61,0.29,3.4,96.54,44.02,3672506.77,24.17,54.68,0.31,7.19,98.21,11.62,12.71,0,1,0,1,0,1,0,Esc5
48,14.42,32.07,22.73,4.99,7.48,0.29,3.56,96.74,42.45,3647971.89,24.33,54.0,0.3,7.61,98.23,12.9,13.58,0,1,0,1,0,1,0,Esc5
49,14.93,31.99,23.31,5.14,7.67,0.29,3.8,96.75,44.39,3720675.67,23.86,54.38,0.31,7.98,98.18,11.36,12.79,0,1,0,1,0,1,0,Esc5
50,13.83,30.92,22.17,4.85,7.27,0.29,2.79,96.19,40.5,3523456.83,25.19,54.12,0.3,6.13,98.3,13.71,14.69,0,1,0,1,0,1,0,Esc5
51,14.87,31.53,23.19,5.13,7.64,0.29,3.84,96.75,43.74,3704971.89,23.96,54.14,0.31,8.06,98.19,12.02,13.41,0,1,0,1,0,1,0,Esc5
52,14.5,31.53,22.96,5.06,7.5,0.29,3.09,96.6,42.61,3607348.52,24.61,54.56,0.31,6.61,98.25,12.88,13.53,0,1,0,1,0,1,0,Esc5
53,14.22,31.18,22.48,5.05,7.42,0.29,2.83,95.76,41.19,3539302.64,25.08,54.28,0.3,6.15,98.28,14.31,15.35,0,1,0,1,0,1,0,Esc5
54,14.68,30.93,22.97,5.11,7.53,0.29,2.77,96.15,42.68,3577378.19,24.81,54.9,0.31,5.95,98.26,13.51,13.47,0,1,0,1,0,1,0,Esc5
55,14.44,30.92,22.77,4.94,7.41,0.29,3.04,96.01,42.03,3582397.02,24.78,54.37,0.3,6.53,98.26,12.96,13.48,0,1,0,1,0,1,0,Esc5
56,14.3,31.75,22.01,5.13,7.51,0.29,4.11,94.66,39.86,3608592.34,24.6,52.38,0.29,8.81,98.24,16.82,16.65,0,1,0,1,0,1,0,Esc5
57,14.06,30.81,22.48,4.95,7.35,0.29,2.43,96.42,41.4,3516701.69,25.24,54.84,0.31,5.33,98.3,12.9,13.37,0,1,0,1,0,1,0,Esc5
58,14.65,31.84,22.88,5.11,7.52,0.29,3.26,95.68,41.95,3593871.37,24.7,54.1,0.3,6.93,98.25,14.13,14.38,0,1,0,1,0,1,0,Esc5
59,14.36,30.95,22.89,4.95,7.38,0.29,2.54,96.78,42.1,3547300.74,25.02,55.02,0.31,5.5,98.28,13.11,12.96,0,1,0,1,0,1,0,Esc5
60,14.3,32.06,22.3,5.04,7.43,0.29,3.46,95.17,40.39,3567609.87,24.88,53.3,0.29,7.44,98.27,16.07,15.99,0,1,0,1,0,1,0,Esc5
61,13.4,30.69,21.88,4.78,7.15,0.29,2.58,96.1,39.08,3465160.02,25.62,53.87,0.29,5.71,98.33,13.7,14.36,0,1,0,1,0,1,0,Esc5
62,13.97,31.86,22.49,4.96,7.37,0.29,3.11,96.74,41.09,3570123.35,24.86,54.05,0.3,6.72,98.27,12.75,13.78,0,1,0,1,0,1,0,Esc5
63,14.91,31.09,23.13,5.16,7.63,0.29,3.28,95.99,43.52,3642634.65,24.37,54.59,0.31,6.96,98.22,13.07,13.88,0,1,0,1,0,1,0,Esc5
64,14.31,31.1,22.71,4.91,7.35,0.29,2.85,96.49,42.02,3570292.87,24.86,54.6,0.31,6.18,98.27,12.39,12.81,0,1,0,1,0,1,0,Esc5
65,14.21,31.08,22.61,4.97,7.42,0.29,3.33,96.99,41.98,3617316.55,24.54,54.11,0.3,7.17,98.24,13.04,13.4,0,1,0,1,0,1,0,Esc5
66,13.74,31.17,21.93,4.93,7.26,0.29,2.68,95.42,39.4,3477272.13,25.53,53.81,0.29,5.91,98.32,15.47,15.76,0,1,0,1,0,1,0,Esc5
67,14.63,30.91,23.22,5.04,7.52,0.29,2.99,97.19,43.78,3636512.4,24.41,55.09,0.31,6.39,98.23,11.69,11.74,0,1,0,1,0,1,0,Esc5
68,15.23,31.99,23.51,5.22,7.69,0.29,3.43,96.68,44.56,3687818.32,24.07,54.82,0.31,7.2,98.2,12.56,13.37,0,1,0,1,0,1,0,Esc5
69,13.73,31.11,22.08,4.86,7.26,0.29,2.74,95.98,39.95,3503031.39,25.34,53.98,0.3,6.04,98.31,14.53,14.27,0,1,0,1,0,1,0,Esc5
70,14.11,32.19,22.32,4.98,7.36,0.29,2.87,95.41,40.59,3524486.18,25.19,54.01,0.3,6.26,98.29,14.15,14.95,0,1,0,1,0,1,0,Esc5
71,14.31,31.16,22.79,4.96,7.42,0.29,2.95,96.72,42.27,3588023.82,24.74,54.61,0.31,6.35,98.26,12.88,13.16,0,1,0,1,0,1,0,Esc5
72,13.99,31.28,22.44,4.88,7.31,0.29,2.54,96.55,41.22,3523911.37,25.19,54.68,0.3,5.58,98.29,12.86,13.97,0,1,0,1,0,1,0,Esc5
73,15.24,31.08,23.59,5.17,7.72,0.29,3.53,97.09,45.87,3739181.41,23.74,55.12,0.32,7.42,98.17,11.15,12.17,0,1,0,1,0,1,0,Esc5
74,15.22,31.3,23.56,5.18,7.7,0.29,3.33,96.91,45.16,3699489.38,23.99,55.13,0.32,7.01,98.19,11.65,12.98,0,1,0,1,0,1,0,Esc5
75,14.11,31.03,22.64,4.9,7.38,0.29,3.18,96.66,42.03,3603547.0,24.63,54.27,0.3,6.87,98.25,11.9,12.98,0,1,0,1,0,1,0,Esc5
76,14.68,30.98,22.77,5.1,7.53,0.29,3.31,96.02,42.44,3617334.59,24.54,54.19,0.3,7.09,98.24,14.31,15.08,0,1,0,1,0,1,0,Esc5
77,14.11,31.15,22.3,4.93,7.36,0.29,2.99,95.93,40.82,3546420.98,25.03,53.99,0.3,6.51,98.28,14.13,14.91,0,1,0,1,0,1,0,Esc5
78,15.18,32.1,23.64,5.17,7.7,0.29,3.45,96.67,45.0,3702134.32,23.98,54.96,0.32,7.21,98.19,11.21,11.83,0,1,0,1,0,1,0,Esc5
79,15.55,32.3,24.24,5.19,7.87,0.29,4.2,98.11,48.14,3869134.59,22.94,55.2,0.32,8.61,98.1,7.64,10.01,0,1,0,1,0,1,0,Esc5
80,14.97,31.19,23.42,5.15,7.67,0.29,3.2,96.67,44.69,3673421.0,24.16,55.1,0.32,6.78,98.21,10.8,11.98,0,1,0,1,0,1,0,Esc5
81,13.63,31.58,21.81,4.9,7.22,0.29,2.71,95.56,38.58,3459479.25,25.66,53.53,0.29,5.98,98.33,16.06,15.39,0,1,0,1,0,1,0,Esc5
82,14.14,31.28,22.73,4.9,7.33,0.29,2.52,96.52,41.72,3532999.14,25.13,54.88,0.31,5.48,98.29,12.83,13.34,0,1,0,1,0,1,0,Esc5
83,14.61,31.55,23.02,5.02,7.59,0.29,3.97,97.0,44.06,3731475.3,23.79,54.07,0.31,8.4,98.18,10.48,12.06,0,1,0,1,0,1,0,Esc5
84,15.23,31.96,23.71,5.13,7.69,0.29,3.41,97.15,45.57,3719745.5,23.86,55.21,0.32,7.14,98.18,10.66,11.6,0,1,0,1,0,1,0,Esc5
85,15.44,31.43,23.71,5.2,7.77,0.29,3.64,96.49,45.99,3746953.79,23.69,55.02,0.32,7.61,98.17,10.92,12.17,0,1,0,1,0,1,0,Esc5
86,14.42,32.17,22.88,5.03,7.46,0.29,3.07,96.74,42.26,3597628.76,24.67,54.48,0.3,6.59,98.25,13.02,13.44,0,1,0,1,0,1,0,Esc5
87,14.98,31.05,23.22,5.13,7.63,0.29,3.33,96.1,43.8,3656189.85,24.28,54.64,0.31,7.06,98.22,12.71,13.06,0,1,0,1,0,1,0,Esc5
88,15.29,31.54,23.74,5.13,7.68,0.29,3.34,96.94,45.64,3711320.51,23.92,55.27,0.32,6.99,98.19,10.56,11.94,0,1,0,1,0,1,0,Esc5
89,15.46,31.18,23.88,5.27,7.85,0.29,3.95,96.77,46.45,3787419.67,23.44,54.86,0.32,8.16,98.14,10.49,11.91,0,1,0,1,0,1,0,Esc5
90,14.67,31.51,22.94,5.15,7.59,0.29,3.53,96.47,42.71,3646970.94,24.34,54.11,0.3,7.49,98.22,13.73,14.49,0,1,0,1,0,1,0,Esc5
91,13.98,31.27,22.55,4.86,7.3,0.29,2.58,96.74,41.63,3539641.68,25.08,54.8,0.3,5.64,98.29,11.66,12.71,0,1,0,1,0,1,0,Esc5
92,15.53,31.34,23.92,5.21,7.69,0.29,2.81,96.44,45.77,3662156.71,24.24,55.86,0.32,5.9,98.21,11.39,11.6,0,1,0,1,0,1,0,Esc5
93,14.83,31.92,22.93,5.13,7.59,0.29,3.59,96.19,42.6,3647968.32,24.33,54.0,0.3,7.61,98.22,14.53,15.11,0,1,0,1,0,1,0,Esc5
94,15.53,31.88,23.78,5.29,7.84,0.29,4.07,96.7,46.31,3794458.53,23.39,54.67,0.32,8.42,98.14,11.33,12.97,0,1,0,1,0,1,0,Esc5
95,15.95,31.6,24.36,5.37,7.97,0.29,3.89,97.4,48.66,3848001.09,23.07,55.61,0.33,7.99,98.11,9.59,11.82,0,1,0,1,0,1,0,Esc5
96,14.97,31.65,23.31,5.17,7.71,0.29,3.89,96.76,44.54,3732378.75,23.78,54.32,0.31,8.16,98.18,11.6,12.9,0,1,0,1,0,1,0,Esc5
97,14.17,31.44,22.46,5.05,7.43,0.29,2.96,96.49,41.43,3566337.92,24.89,54.29,0.3,6.44,98.27,14.01,14.6,0,1,0,1,0,1,0,Esc5
98,14.31,31.04,22.5,4.98,7.36,0.29,2.52,95.79,41.12,3511576.05,25.28,54.61,0.3,5.51,98.3,14.84,14.22,0,1,0,1,0,1,0,Esc5
99,14.99,31.63,23.22,5.19,7.66,0.29,3.72,96.66,43.92,3698753.15,24.0,54.31,0.31,7.83,98.19,13.11,14.2,0,1,0,1,0,1,0,Esc5
100,14.65,31.64,22.95,5.03,7.46,0.29,2.77,95.77,42.19,3559015.36,24.94,54.71,0.31,5.94,98.27,13.39,13.67,0,1,0,1,0,1,0,Esc5
101,14.48,31.07,22.93,5.0,7.45,0.29,2.65,96.67,43.04,3582496.41,24.78,55.17,0.31,5.74,98.26,11.98,12.28,0,1,0,1,0,1,0,Esc5
102,15.25,31.24,23.58,5.19,7.7,0.29,3.55,96.61,45.22,3715999.17,23.89,54.88,0.32,7.43,98.18,11.59,12.7,0,1,0,1,0,1,0,Esc5
103,14.83,31.41,23.06,5.13,7.61,0.29,3.84,96.13,43.01,3679620.33,24.12,53.87,0.3,8.07,98.21,13.43,14.31,0,1,0,1,0,1,0,Esc5
104,15.05,31.36,23.43,5.13,7.64,0.29,3.28,96.7,44.6,3678341.39,24.13,54.99,0.31,6.93,98.21,12.21,12.64,0,1,0,1,0,1,0,Esc5
105,14.87,31.88,23.14,5.13,7.63,0.29,3.29,96.27,43.7,3651241.13,24.31,54.66,0.31,6.98,98.22,12.27,13.24,0,1,0,1,0,1,0,Esc5
106,14.44,31.27,22.55,5.04,7.43,0.29,2.96,95.7,41.49,3558459.66,24.95,54.23,0.3,6.41,98.27,14.99,15.25,0,1,0,1,0,1,0,Esc5
107,14.69,31.03,23.22,5.03,7.53,0.29,2.87,96.57,43.7,3617140.07,24.54,55.14,0.31,6.14,98.24,11.55,12.57,0,1,0,1,0,1,0,Esc5
108,15.09,31.21,23.48,5.2,7.71,0.29,3.38,97.0,45.06,3703279.03,23.97,55.05,0.32,7.13,98.19,11.23,12.27,0,1,0,1,0,1,0,Esc5
109,14.34,31.25,22.75,4.98,7.4,0.29,2.52,96.09,42.0,3535780.41,25.11,54.92,0.31,5.47,98.28,13.1,13.26,0,1,0,1,0,1,0,Esc5
110,13.76,31.81,21.8,4.99,7.3,0.29,3.34,95.6,39.07,3528505.08,25.16,53.0,0.29,7.31,98.29,16.42,16.28,0,1,0,1,0,1,0,Esc5
111,14.51,31.38,22.67,5.09,7.53,0.29,3.57,96.19,42.06,3633212.42,24.43,53.81,0.3,7.64,98.23,14.27,14.65,0,1,0,1,0,1,0,Esc5
112,14.14,31.43,22.48,5.02,7.38,0.29,2.77,95.98,41.01,3531210.19,25.14,54.31,0.3,6.03,98.29,14.51,14.48,0,1,0,1,0,1,0,Esc5
113,13.96,30.91,22.31,4.82,7.22,0.29,2.31,95.76,40.47,3474902.51,25.55,54.6,0.3,5.09,98.32,13.54,13.5,0,1,0,1,0,1,0,Esc5
114,14.47,31.5,22.78,5.04,7.49,0.29,3.19,96.3,42.48,3611082.86,24.58,54.36,0.3,6.85,98.24,13.32,13.75,0,1,0,1,0,1,0,Esc5
115,15.39,31.59,23.76,5.23,7.79,0.29,3.94,96.76,46.03,3777444.74,23.5,54.74,0.32,8.18,98.15,10.4,11.49,0,1,0,1,0,1,0,Esc5
116,14.76,31.49,22.98,5.18,7.61,0.29,3.31,96.17,43.05,3635710.23,24.42,54.42,0.31,7.06,98.23,13.95,14.42,0,1,0,1,0,1,0,Esc5
117,15.11,31.63,23.58,5.15,7.69,0.29,3.43,97.29,45.53,3721824.54,23.85,55.16,0.32,7.21,98.18,10.67,11.77,0,1,0,1,0,1,0,Esc5
118,14.26,31.51,22.77,4.97,7.42,0.29,2.91,96.24,41.98,3570928.91,24.86,54.52,0.3,6.26,98.27,11.85,12.67,0,1,0,1,0,1,0,Esc5
119,15.23,31.78,23.5,5.14,7.71,0.29,3.77,96.33,45.03,3729770.56,23.8,54.57,0.31,7.88,98.18,11.56,12.59,0,1,0,1,0,1,0,Esc5
120,15.26,32.26,23.62,5.25,7.79,0.29,3.94,97.0,45.31,3759076.93,23.61,54.56,0.31,8.18,98.16,11.31,12.79,0,1,0,1,0,1,0,Esc5
121,14.84,31.27,22.93,5.19,7.65,0.29,3.86,95.98,43.02,3681575.5,24.11,53.81,0.3,8.15,98.2,13.71,15.18,0,1,0,1,0,1,0,Esc5
122,15.24,31.91,23.48,5.18,7.76,0.29,4.12,96.46,45.15,3766954.68,23.56,54.26,0.31,8.56,98.16,11.62,13.02,0,1,0,1,0,1,0,Esc5
123,14.73,31.84,23.14,5.08,7.62,0.29,3.61,96.88,44.21,3702781.18,23.97,54.52,0.31,7.66,98.19,11.43,12.53,0,1,0,1,0,1,0,Esc5
124,15.43,31.94,23.49,5.3,7.81,0.29,4.11,96.26,45.07,3760829.44,23.6,54.22,0.31,8.54,98.16,13.09,14.09,0,1,0,1,0,1,0,Esc5
125,13.97,31.11,22.2,4.97,7.35,0.29,2.97,96.16,40.39,3536675.53,25.1,53.91,0.3,6.49,98.29,14.6,14.77,0,1,0,1,0,1,0,Esc5
126,15.26,31.18,23.85,5.17,7.73,0.29,3.28,97.53,46.32,3731174.11,23.79,55.59,0.32,6.87,98.18,9.53,11.02,0,1,0,1,0,1,0,Esc5
127,13.81,31.22,22.03,4.9,7.23,0.29,2.28,95.46,39.38,3441958.13,25.79,54.25,0.3,5.06,98.34,15.92,15.34,0,1,0,1,0,1,0,Esc5
128,14.24,30.83,22.5,4.95,7.32,0.29,2.51,95.89,40.77,3502403.9,25.34,54.53,0.3,5.48,98.3,14.96,14.63,0,1,0,1,0,1,0,Esc5
129,15.02,31.18,23.38,5.15,7.66,0.29,3.41,96.71,44.53,3688077.79,24.07,54.83,0.31,7.2,98.2,11.55,12.66,0,1,0,1,0,1,0,Esc5
130,14.78,31.62,23.03,5.07,7.51,0.29,2.7,96.0,42.83,3572071.45,24.85,55.0,0.31,5.79,98.26,13.43,14.48,0,1,0,1,0,1,0,Esc5
131,14.88,31.96,23.17,5.13,7.62,0.29,3.54,96.29,43.62,3671434.39,24.18,54.38,0.31,7.48,98.21,12.69,13.64,0,1,0,1,0,1,0,Esc5
132,14.67,31.54,23.0,5.07,7.55,0.29,3.09,96.06,42.94,3612007.56,24.58,54.62,0.31,6.6,98.24,12.79,13.43,0,1,0,1,0,1,0,Esc5
133,13.81,31.0,22.02,4.87,7.25,0.29,3.16,95.57,39.25,3514374.07,25.26,53.28,0.29,6.87,98.3,15.73,15.88,0,1,0,1,0,1,0,Esc5
134,13.55,30.76,21.76,4.9,7.23,0.29,2.92,95.82,38.92,3490061.96,25.43,53.42,0.29,6.45,98.31,16.13,16.49,0,1,0,1,0,1,0,Esc5
135,13.75,30.86,22.08,4.87,7.21,0.29,2.62,95.58,39.43,3472026.41,25.57,53.92,0.29,5.75,98.32,15.1,15.1,0,1,0,1,0,1,0,Esc5
136,14.17,30.62,22.66,4.96,7.42,0.29,3.03,96.66,42.06,3590788.75,24.72,54.44,0.3,6.56,98.26,12.39,13.7,0,1,0,1,0,1,0,Esc5
137,15.9,31.99,24.39,5.31,7.94,0.29,4.23,97.54,48.13,3865295.27,22.97,55.15,0.32,8.62,98.1,9.68,11.19,0,1,0,1,0,1,0,Esc5
138,15.61,31.82,23.77,5.35,7.86,0.29,3.89,96.81,46.13,3773903.69,23.52,54.82,0.32,8.07,98.15,12.29,13.59,0,1,0,1,0,1,0,Esc5
139,14.12,30.81,22.54,4.96,7.34,0.29,2.4,95.9,40.9,3494650.97,25.4,54.69,0.3,5.24,98.31,13.85,13.64,0,1,0,1,0,1,0,Esc5
140,14.39,31.13,22.7,4.99,7.41,0.29,2.65,96.15,41.97,3548567.27,25.01,54.78,0.31,5.75,98.28,13.39,13.91,0,1,0,1,0,1,0,Esc5
141,15.17,30.98,23.64,5.15,7.69,0.29,3.08,96.94,45.66,3690453.22,24.05,55.55,0.32,6.5,98.2,10.37,11.19,0,1,0,1,0,1,0,Esc5
142,14.21,31.81,22.37,5.03,7.42,0.29,3.31,95.69,40.74,3569348.16,24.87,53.62,0.3,7.14,98.27,15.33,15.31,0,1,0,1,0,1,0,Esc5
143,13.64,31.77,21.82,4.84,7.19,0.29,2.84,95.82,38.76,3477383.58,25.53,53.47,0.29,6.25,98.32,15.76,15.53,0,1,0,1,0,1,0,Esc5
144,13.68,31.51,22.1,4.84,7.21,0.29,2.55,96.4,39.86,3486626.47,25.46,54.2,0.3,5.64,98.32,13.94,14.29,0,1,0,1,0,1,0,Esc5
145,14.98,31.97,23.3,5.19,7.71,0.29,3.63,96.36,44.58,3706560.37,23.95,54.57,0.31,7.65,98.19,11.75,12.98,0,1,0,1,0,1,0,Esc5
146,15.05,31.6,23.3,5.17,7.64,0.29,3.29,95.99,43.82,3651030.0,24.31,54.7,0.31,6.94,98.22,12.89,13.13,0,1,0,1,0,1,0,Esc5
147,14.44,31.34,22.7,5.05,7.49,0.29,3.28,95.97,41.96,3602441.19,24.64,54.09,0.3,7.04,98.25,13.71,14.26,0,1,0,1,0,1,0,Esc5
148,15.15,31.43,23.61,5.18,7.73,0.29,3.79,97.05,45.2,3742373.17,23.72,54.68,0.31,7.9,98.17,11.09,12.29,0,1,0,1,0,1,0,Esc5
149,15.38,31.8,23.96,5.18,7.76,0.29,3.5,97.74,46.76,3766345.35,23.57,55.53,0.32,7.29,98.16,9.34,10.52,0,1,0,1,0,1,0,Esc5
150,14.8,31.55,23.1,5.13,7.57,0.29,3.03,96.39,43.3,3619505.88,24.52,54.84,0.31,6.46,98.24,13.06,13.64,0,1,0,1,0,1,0,Esc5
151,13.88,31.73,22.34,4.91,7.28,0.29,2.41,96.79,40.66,3498978.54,25.37,54.66,0.3,5.32,98.31,13.82,14.07,0,1,0,1,0,1,0,Esc5
152,14.33,31.13,22.69,5.03,7.48,0.29,3.25,96.82,42.35,3619926.78,24.52,54.31,0.3,7.0,98.24,12.96,13.37,0,1,0,1,0,1,0,Esc5
153,15.06,31.11,23.43,5.13,7.61,0.29,2.89,96.37,44.49,3636998.3,24.41,55.35,0.32,6.15,98.23,11.81,12.22,0,1,0,1,0,1,0,Esc5
154,13.73,30.74,22.17,4.86,7.19,0.29,2.12,96.17,39.89,3446747.55,25.75,54.67,0.3,4.7,98.34,13.66,13.75,0,1,0,1,0,1,0,Esc5
155,14.88,31.23,23.57,5.01,7.56,0.29,2.94,97.02,44.86,3657845.74,24.27,55.48,0.32,6.23,98.22,9.54,10.36,0,1,0,1,0,1,0,Esc5
156,14.03,31.46,22.34,4.94,7.31,0.29,2.4,96.19,40.8,3495893.6,25.39,54.66,0.3,5.28,98.31,14.36,14.07,0,1,0,1,0,1,0,Esc5
157,14.37,31.13,22.57,5.02,7.43,0.29,3.01,95.93,41.73,3571731.95,24.85,54.28,0.3,6.51,98.27,13.92,14.71,0,1,0,1,0,1,0,Esc5
158,14.99,31.23,23.22,5.18,7.65,0.29,3.33,96.17,43.89,3658303.4,24.26,54.66,0.31,7.05,98.21,12.55,13.33,0,1,0,1,0,1,0,Esc5
159,14.88,31.48,22.98,5.13,7.52,0.28,3.15,95.72,42.03,3587206.19,24.75,54.27,0.3,6.69,98.25,14.77,14.86,0,1,0,1,0,1,0,Esc5
160,14.46,30.92,22.99,5.02,7.53,0.29,3.39,96.83,43.26,3654692.77,24.29,54.45,0.31,7.22,98.22,11.68,12.63,0,1,0,1,0,1,0,Esc5
161,14.29,31.22,22.63,5.0,7.47,0.29,3.4,96.23,42.09,3619367.07,24.53,54.01,0.3,7.29,98.24,12.49,13.62,0,1,0,1,0,1,0,Esc5
162,14.24,31.11,22.66,5.0,7.47,0.29,3.13,96.9,42.36,3610396.88,24.59,54.44,0.3,6.77,98.25,12.73,13.54,0,1,0,1,0,1,0,Esc5
163,14.39,31.25,22.76,5.03,7.48,0.29,3.04,96.42,42.3,3594969.93,24.69,54.49,0.31,6.55,98.25,12.88,13.96,0,1,0,1,0,1,0,Esc5
164,14.99,31.07,23.51,5.14,7.64,0.29,3.08,96.72,44.66,3661003.79,24.25,55.23,0.32,6.51,98.21,11.46,12.66,0,1,0,1,0,1,0,Esc5
165,15.49,31.51,23.8,5.2,7.73,0.29,3.59,96.27,45.08,3710294.16,23.92,54.81,0.31,7.44,98.19,12.14,12.79,0,1,0,1,0,1,0,Esc5
166,13.15,31.06,21.63,4.65,7.02,0.29,2.57,95.95,37.9,3432687.96,25.86,53.48,0.29,5.72,98.35,14.33,14.18,0,1,0,1,0,1,0,Esc5
167,14.97,31.44,23.17,5.16,7.63,0.29,3.37,96.31,43.59,3655529.82,24.28,54.55,0.31,7.14,98.22,13.05,13.69,0,1,0,1,0,1,0,Esc5
168,14.12,30.98,22.6,4.95,7.37,0.29,3.05,96.82,41.41,3574105.88,24.84,54.22,0.3,6.59,98.27,13.01,13.28,0,1,0,1,0,1,0,Esc5
169,15.2,31.64,23.49,5.2,7.73,0.29,3.67,96.42,44.83,3715166.66,23.89,54.63,0.31,7.67,98.18,11.77,13.16,0,1,0,1,0,1,0,Esc5
170,14.29,31.05,22.69,5.01,7.46,0.29,3.19,96.01,41.86,3591045.24,24.72,54.15,0.3,6.85,98.26,12.84,13.3,0,1,0,1,0,1,0,Esc5
171,13.88,31.58,22.27,4.87,7.28,0.29,2.85,96.68,40.5,3533133.57,25.12,54.12,0.3,6.24,98.29,14.37,14.42,0,1,0,1,0,1,0,Esc5
172,13.92,30.53,22.47,4.84,7.26,0.29,2.38,96.52,40.99,3502435.21,25.34,54.79,0.3,5.22,98.31,12.85,12.8,0,1,0,1,0,1,0,Esc5
173,14.15,31.71,22.5,4.96,7.41,0.29,3.22,96.19,41.27,3581183.78,24.79,53.94,0.3,6.95,98.26,13.74,14.35,0,1,0,1,0,1,0,Esc5
174,15.1,31.21,23.41,5.19,7.72,0.29,3.52,96.74,45.05,3713561.22,23.9,54.85,0.31,7.43,98.18,11.12,12.47,0,1,0,1,0,1,0,Esc5
175,13.98,31.66,22.26,4.96,7.36,0.29,3.53,96.27,40.48,3588590.34,24.74,53.36,0.29,7.61,98.26,14.42,14.94,0,1,0,1,0,1,0,Esc5
176,15.15,31.81,23.6,5.13,7.71,0.29,3.78,97.37,45.72,3759457.64,23.61,54.85,0.32,7.9,98.16,10.29,11.96,0,1,0,1,0,1,0,Esc5
177,15.27,31.36,23.66,5.25,7.77,0.29,3.6,96.88,45.83,3741979.97,23.72,55.04,0.32,7.54,98.17,11.12,12.43,0,1,0,1,0,1,0,Esc5
178,14.95,31.15,23.18,5.14,7.61,0.29,3.2,95.62,43.33,3626090.72,24.48,54.59,0.31,6.78,98.23,13.29,13.56,0,1,0,1,0,1,0,Esc5
179,15.34,31.26,24.0,5.19,7.78,0.29,3.42,97.47,47.12,3765191.52,23.58,55.67,0.32,7.13,98.16,8.69,10.48,0,1,0,1,0,1,0,Esc5
180,15.48,31.94,23.82,5.18,7.68,0.29,2.91,96.25,45.25,3655888.14,24.28,55.58,0.32,6.11,98.21,11.69,11.96,0,1,0,1,0,1,0,Esc5
181,15.13,31.86,23.46,5.14,7.64,0.29,3.35,96.41,44.05,3664773.13,24.22,54.74,0.31,7.04,98.21,12.58,12.8,0,1,0,1,0,1,0,Esc5
182,14.54,31.25,22.69,5.12,7.56,0.29,3.9,96.2,42.13,3664424.5,24.22,53.51,0.3,8.27,98.22,13.88,14.15,0,1,0,1,0,1,0,Esc5
183,15.16,31.74,23.45,5.19,7.72,0.29,3.7,97.04,45.02,3731053.07,23.79,54.7,0.31,7.76,98.18,12.31,13.54,0,1,0,1,0,1,0,Esc5
184,15.22,31.53,23.29,5.19,7.64,0.29,3.45,95.75,43.6,3655153.03,24.29,54.42,0.31,7.26,98.22,14.19,14.85,0,1,0,1,0,1,0,Esc5
185,14.36,31.54,22.8,5.03,7.47,0.29,3.07,96.64,42.58,3606075.33,24.62,54.55,0.31,6.61,98.25,12.64,13.99,0,1,0,1,0,1,0,Esc5
186,15.75,31.79,24.03,5.26,7.85,0.29,4.15,96.8,46.58,3807921.0,23.31,54.71,0.32,8.51,98.13,10.93,12.3,0,1,0,1,0,1,0,Esc5
187,14.45,31.18,22.84,5.03,7.5,0.29,3.25,96.53,42.58,3621324.02,24.51,54.37,0.3,6.96,98.24,12.75,13.22,0,1,0,1,0,1,0,Esc5
188,15.39,31.29,23.62,5.2,7.75,0.29,3.57,96.49,45.67,3731417.42,23.79,54.99,0.32,7.48,98.17,11.56,12.61,0,1,0,1,0,1,0,Esc5
189,13.71,31.27,22.08,4.9,7.29,0.29,2.86,96.6,40.3,3529100.62,25.15,54.02,0.3,6.29,98.29,14.18,14.8,0,1,0,1,0,1,0,Esc5
190,14.93,31.68,23.11,5.17,7.63,0.29,3.67,96.07,43.17,3667934.82,24.2,54.09,0.31,7.73,98.21,13.81,14.6,0,1,0,1,0,1,0,Esc5
191,15.39,32.08,23.56,5.25,7.8,0.29,4.24,96.57,45.29,3780845.53,23.48,54.19,0.31,8.77,98.15,12.29,13.65,0,1,0,1,0,1,0,Esc5
192,14.38,31.52,22.47,5.03,7.44,0.29,3.43,95.84,40.99,3587781.74,24.74,53.61,0.3,7.36,98.26,15.33,15.66,0,1,0,1,0,1,0,Esc5
193,12.6,30.05,20.87,4.59,6.8,0.28,1.88,94.64,35.02,3284575.87,27.03,53.07,0.28,4.29,98.43,18.06,17.18,0,1,0,1,0,1,0,Esc5
194,14.36,31.41,22.79,4.98,7.43,0.29,2.87,96.49,42.4,3582211.81,24.78,54.71,0.31,6.2,98.26,13.05,13.08,0,1,0,1,0,1,0,Esc5
195,14.81,31.91,23.36,5.07,7.65,0.29,3.68,97.01,44.7,3721053.84,23.86,54.62,0.31,7.74,98.18,10.2,11.47,0,1,0,1,0,1,0,Esc5
196,14.57,31.84,22.8,5.06,7.5,0.29,3.25,95.99,42.29,3606765.67,24.61,54.22,0.3,6.95,98.25,13.78,14.36,0,1,0,1,0,1,0,Esc5
197,15.21,31.24,23.76,5.16,7.74,0.29,3.62,97.16,45.52,3736981.47,23.75,54.98,0.32,7.55,98.17,10.56,11.25,0,1,0,1,0,1,0,Esc5
198,14.8,31.6,23.17,5.1,7.55,0.29,3.31,96.44,43.07,3635896.56,24.41,54.47,0.31,7.01,98.23,13.17,14.02,0,1,0,1,0,1,0,Esc5
199,15.38,31.93,23.55,5.21,7.76,0.29,3.8,96.36,45.3,3740895.09,23.73,54.62,0.31,7.94,98.17,12.44,13.47,0,1,0,1,0,1,0,Esc5
200,14.87,31.49,23.14,5.11,7.59,0.29,3.12,96.51,43.93,3644896.86,24.35,54.91,0.31,6.67,98.22,12.71,13.37,0,1,0,1,0,1,0,Esc5
201,15.05,31.68,23.48,5.18,7.66,0.29,3.24,96.7,44.52,3671113.92,24.18,55.03,0.31,6.82,98.21,12.27,13.0,0,1,0,1,0,1,0,Esc5
202,14.7,31.65,23.17,5.05,7.59,0.29,3.65,96.7,43.96,3695119.85,24.02,54.38,0.31,7.71,98.2,11.05,12.53,0,1,0,1,0,1,0,Esc5
203,14.51,31.46,22.79,5.06,7.5,0.29,3.48,96.32,42.35,3632756.52,24.44,54.01,0.3,7.43,98.23,12.94,13.67,0,1,0,1,0,1,0,Esc5
204,14.72,31.65,22.95,5.16,7.63,0.29,3.78,96.62,43.25,3688486.45,24.07,54.02,0.3,8.01,98.2,13.65,14.75,0,1,0,1,0,1,0,Esc5
205,14.56,31.65,22.99,5.08,7.5,0.29,2.93,96.34,42.58,3589024.13,24.73,54.71,0.31,6.27,98.25,12.7,13.17,0,1,0,1,0,1,0,Esc5
206,15.4,31.35,23.76,5.24,7.8,0.29,4.09,97.08,46.13,3794671.67,23.39,54.63,0.32,8.46,98.14,10.44,11.67,0,1,0,1,0,1,0,Esc5
207,15.29,32.06,23.59,5.22,7.71,0.29,3.35,96.37,44.92,3688585.33,24.07,54.99,0.32,7.04,98.2,12.07,13.16,0,1,0,1,0,1,0,Esc5
208,14.66,31.67,22.8,5.17,7.61,0.29,3.44,96.05,42.67,3635800.11,24.41,54.14,0.3,7.34,98.23,14.08,15.29,0,1,0,1,0,1,0,Esc5
209,15.33,31.43,23.59,5.28,7.81,0.29,3.9,96.61,45.73,3763200.29,23.59,54.65,0.32,8.13,98.16,11.79,13.57,0,1,0,1,0,1,0,Esc5
210,14.57,30.98,22.9,5.02,7.43,0.29,2.69,96.08,42.12,3552559.26,24.99,54.79,0.31,5.78,98.28,14.18,13.53,0,1,0,1,0,1,0,Esc5
211,14.21,30.93,22.48,4.94,7.37,0.29,2.76,95.99,41.41,3542626.23,25.06,54.45,0.3,6.01,98.28,13.4,13.71,0,1,0,1,0,1,0,Esc5
212,13.68,31.04,22.26,4.83,7.23,0.29,2.18,96.7,40.65,3478770.34,25.52,54.91,0.3,4.83,98.32,12.95,13.6,0,1,0,1,0,1,0,Esc5
213,15.27,31.89,23.37,5.23,7.72,0.29,3.71,96.23,44.42,3705900.9,23.95,54.44,0.31,7.77,98.19,13.29,14.46,0,1,0,1,0,1,0,Esc5
214,14.75,31.19,22.94,5.12,7.58,0.29,3.4,96.18,42.96,3641408.35,24.38,54.29,0.31,7.25,98.23,12.89,13.87,0,1,0,1,0,1,0,Esc5
215,14.54,31.12,22.79,5.1,7.58,0.29,3.83,96.57,42.82,3681502.12,24.11,53.81,0.3,8.15,98.21,13.08,13.57,0,1,0,1,0,1,0,Esc5
216,15.49,32.15,23.89,5.26,7.79,0.29,3.59,96.9,46.09,3745239.24,23.7,55.16,0.32,7.45,98.17,11.08,12.36,0,1,0,1,0,1,0,Esc5
217,14.95,32.13,23.07,5.25,7.67,0.29,3.61,95.53,42.89,3648823.45,24.33,54.01,0.3,7.61,98.22,13.88,14.98,0,1,0,1,0,1,0,Esc5
218,14.35,31.57,22.9,5.02,7.51,0.29,3.27,96.89,43.02,3638542.43,24.4,54.5,0.31,7.01,98.23,11.8,12.32,0,1,0,1,0,1,0,Esc5
219,14.85,30.9,23.32,5.12,7.56,0.29,2.85,96.53,43.65,3612255.2,24.57,55.17,0.31,6.06,98.24,12.61,12.45,0,1,0,1,0,1,0,Esc5
220,14.92,31.71,23.48,5.02,7.58,0.29,3.3,97.06,44.75,3686099.95,24.08,55.05,0.31,6.96,98.2,10.41,12.03,0,1,0,1,0,1,0,Esc5
221,14.35,31.17,22.63,5.01,7.46,0.29,3.48,96.53,41.82,3622048.89,24.51,53.88,0.3,7.45,98.24,13.62,14.11,0,1,0,1,0,1,0,Esc5
222,15.45,31.94,23.81,5.24,7.75,0.29,3.43,96.42,45.5,3711134.71,23.92,55.11,0.32,7.15,98.18,11.59,12.24,0,1,0,1,0,1,0,Esc5
223,13.36,30.23,21.85,4.76,7.08,0.29,1.87,95.91,38.68,3391905.0,26.17,54.51,0.3,4.2,98.37,14.92,15.01,0,1,0,1,0,1,0,Esc5
224,13.82,31.61,21.89,4.94,7.27,0.29,3.05,95.46,39.2,3503180.49,25.34,53.34,0.29,6.68,98.31,16.01,16.46,0,1,0,1,0,1,0,Esc5
225,14.86,30.8,23.33,5.06,7.54,0.29,2.75,96.68,44.16,3619516.51,24.52,55.42,0.32,5.88,98.24,12.06,12.18,0,1,0,1,0,1,0,Esc5
226,15.34,31.65,23.49,5.28,7.79,0.29,3.95,96.19,44.82,3738094.16,23.75,54.31,0.31,8.23,98.17,12.81,13.62,0,1,0,1,0,1,0,Esc5
227,14.97,31.31,23.25,5.19,7.68,0.29,3.47,96.62,44.44,3692145.89,24.04,54.71,0.31,7.35,98.2,12.84,13.97,0,1,0,1,0,1,0,Esc5
228,13.83,30.95,22.27,4.85,7.26,0.29,2.65,96.2,40.39,3507338.6,25.31,54.25,0.3,5.82,98.3,13.61,14.3,0,1,0,1,0,1,0,Esc5
229,15.37,31.42,23.49,5.26,7.74,0.29,3.58,96.29,44.74,3703219.12,23.97,54.69,0.31,7.49,98.19,12.79,13.28,0,1,0,1,0,1,0,Esc5
230,15.35,31.47,23.64,5.24,7.8,0.29,4.06,96.58,45.74,3777060.96,23.5,54.5,0.31,8.42,98.15,11.25,12.65,0,1,0,1,0,1,0,Esc5
231,14.64,30.65,23.0,5.03,7.5,0.29,3.0,96.69,43.07,3613423.88,24.57,54.81,0.31,6.43,98.24,12.61,12.68,0,1,0,1,0,1,0,Esc5
232,14.21,31.72,22.38,5.03,7.43,0.29,3.45,95.98,41.07,3593964.44,24.7,53.6,0.3,7.43,98.26,14.68,15.41,0,1,0,1,0,1,0,Esc5
233,15.24,31.43,23.54,5.24,7.73,0.29,3.47,96.45,45.06,3704394.5,23.96,54.9,0.32,7.29,98.19,12.49,13.54,0,1,0,1,0,1,0,Esc5
234,14.31,31.03,22.86,4.92,7.39,0.29,2.63,96.81,42.66,3571672.37,24.85,55.08,0.31,5.71,98.27,11.5,12.4,0,1,0,1,0,1,0,Esc5
235,14.68,32.4,23.12,5.13,7.63,0.29,3.65,97.04,43.69,3691283.06,24.05,54.34,0.31,7.72,98.2,11.98,13.66,0,1,0,1,0,1,0,Esc5
236,13.86,30.49,22.22,4.85,7.23,0.29,2.39,96.05,40.05,3473140.12,25.56,54.41,0.3,5.27,98.32,14.04,14.62,0,1,0,1,0,1,0,Esc5
237,13.68,30.94,21.99,4.86,7.2,0.29,2.71,95.82,39.09,3473537.42,25.56,53.72,0.29,5.96,98.32,15.2,15.01,0,1,0,1,0,1,0,Esc5
238,14.35,30.91,22.77,4.96,7.42,0.29,3.21,96.71,41.94,3601374.15,24.65,54.24,0.3,6.87,98.25,13.25,14.07,0,1,0,1,0,1,0,Esc5
239,14.8,31.79,23.1,5.1,7.58,0.29,3.45,96.6,43.57,3665688.97,24.22,54.47,0.31,7.32,98.21,12.17,13.13,0,1,0,1,0,1,0,Esc5
240,14.83,30.99,23.09,5.09,7.55,0.29,2.92,96.22,43.59,3616217.94,24.55,55.01,0.31,6.26,98.24,12.48,13.02,0,1,0,1,0,1,0,Esc5
241,15.15,31.52,23.52,5.18,7.72,0.29,3.49,96.84,45.23,3716470.55,23.88,54.97,0.32,7.35,98.18,11.03,12.2,0,1,0,1,0,1,0,Esc5
242,14.84,30.99,22.9,5.13,7.55,0.29,3.34,95.49,42.4,3611979.07,24.58,54.12,0.3,7.1,98.24,14.58,14.66,0,1,0,1,0,1,0,Esc5
243,14.11,31.29,22.38,5.01,7.42,0.29,3.4,96.18,40.84,3585267.4,24.76,53.61,0.3,7.32,98.26,13.98,14.12,0,1,0,1,0,1,0,Esc5
244,14.7,31.67,22.98,5.08,7.54,0.29,3.29,96.43,43.05,3635498.41,24.42,54.46,0.31,7.01,98.23,12.7,13.39,0,1,0,1,0,1,0,Esc5
245,13.91,31.42,22.03,4.95,7.23,0.29,2.47,95.35,39.07,3447043.9,25.75,53.93,0.29,5.44,98.33,16.45,15.82,0,1,0,1,0,1,0,Esc5
246,15.08,32.07,23.77,5.17,7.77,0.29,3.72,97.58,46.17,3768920.41,23.55,55.08,0.32,7.76,98.16,9.6,11.59,0,1,0,1,0,1,0,Esc5
247,14.01,31.15,22.33,4.89,7.24,0.29,2.26,96.07,40.29,3468646.28,25.59,54.65,0.3,4.97,98.32,14.87,14.27,0,1,0,1,0,1,0,Esc5
248,15.82,31.71,24.18,5.28,7.88,0.29,3.98,97.1,47.47,3819669.37,23.24,55.17,0.32,8.17,98.13,9.88,11.23,0,1,0,1,0,1,0,Esc5
249,15.12,30.93,23.81,4.99,7.58,0.29,2.85,97.65,46.01,3685550.11,24.09,55.98,0.32,6.02,98.2,8.42,10.06,0,1,0,1,0,1,0,Esc5
250,14.74,30.73,22.96,5.13,7.55,0.29,3.05,96.28,42.66,3603033.63,24.64,54.59,0.31,6.54,98.25,13.66,14.2,0,1,0,1,0,1,0,Esc5
251,15.7,32.24,23.88,5.35,7.92,0.29,4.34,96.42,46.24,3812253.41,23.28,54.37,0.31,8.89,98.13,12.1,13.48,0,1,0,1,0,1,0,Esc5
252,14.21,31.21,22.63,4.93,7.41,0.29,3.14,96.5,42.17,3601508.01,24.65,54.32,0.3,6.79,98.25,12.08,12.82,0,1,0,1,0,1,0,Esc5
253,13.61,31.07,21.92,4.83,7.25,0.29,3.22,96.12,39.51,3535220.24,25.11,53.34,0.29,7.04,98.29,13.83,14.51,0,1,0,1,0,1,0,Esc5
254,14.47,30.66,22.8,4.99,7.41,0.29,2.33,96.22,42.69,3538987.6,25.08,55.34,0.31,5.09,98.28,12.88,14.03,0,1,0,1,0,1,0,Esc5
255,14.41,31.21,22.6,5.01,7.43,0.29,3.04,95.86,41.46,3566890.9,24.89,54.17,0.3,6.56,98.27,14.4,14.54,0,1,0,1,0,1,0,Esc5
256,13.92,31.74,22.05,4.89,7.3,0.29,3.33,95.57,39.81,3546852.03,25.03,53.28,0.29,7.23,98.28,15.45,15.42,0,1,0,1,0,1,0,Esc5
257,15.85,31.77,24.09,5.36,7.94,0.29,4.35,96.96,47.27,3847565.2,23.07,54.71,0.32,8.89,98.11,11.07,11.58,0,1,0,1,0,1,0,Esc5
258,15.07,31.35,23.54,5.2,7.71,0.29,3.56,97.06,45.08,3718717.15,23.87,54.88,0.31,7.46,98.18,11.5,12.23,0,1,0,1,0,1,0,Esc5
259,15.38,32.05,23.76,5.21,7.8,0.29,4.2,97.09,46.18,3806744.96,23.32,54.54,0.31,8.67,98.14,10.79,12.36,0,1,0,1,0,1,0,Esc5
260,15.14,31.93,23.44,5.17,7.67,0.29,3.26,95.97,44.39,3663436.81,24.23,54.89,0.31,6.88,98.21,12.23,13.02,0,1,0,1,0,1,0,Esc5
261,14.57,31.92,22.59,5.07,7.45,0.29,3.11,95.05,41.05,3552021.39,24.99,53.9,0.3,6.67,98.27,15.24,15.5,0,1,0,1,0,1,0,Esc5
262,14.01,31.48,22.25,4.96,7.34,0.29,3.1,95.76,40.29,3539765.8,25.08,53.7,0.3,6.74,98.29,14.74,15.94,0,1,0,1,0,1,0,Esc5
263,14.61,31.06,23.05,5.02,7.47,0.29,2.6,96.76,43.07,3578079.93,24.81,55.24,0.31,5.62,98.26,12.53,13.08,0,1,0,1,0,1,0,Esc5
264,14.86,31.46,23.28,5.1,7.61,0.29,3.64,97.07,44.11,3701138.38,23.98,54.5,0.31,7.66,98.2,11.84,12.23,0,1,0,1,0,1,0,Esc5
265,15.26,31.91,23.69,5.21,7.8,0.29,4.18,97.47,46.1,3808400.26,23.31,54.56,0.31,8.67,98.13,10.45,11.93,0,1,0,1,0,1,0,Esc5
266,13.69,31.14,21.91,4.86,7.2,0.29,2.8,95.71,39.0,3478723.34,25.52,53.57,0.29,6.17,98.32,15.2,15.65,0,1,0,1,0,1,0,Esc5
267,15.93,31.81,24.28,5.28,7.87,0.29,3.85,97.0,47.7,3812866.65,23.28,55.36,0.32,7.91,98.13,10.29,11.75,0,1,0,1,0,1,0,Esc5
268,15.24,31.97,23.71,5.21,7.77,0.29,3.64,97.37,46.24,3760996.86,23.6,55.14,0.32,7.62,98.16,10.46,11.66,0,1,0,1,0,1,0,Esc5
269,14.68,31.29,22.98,5.06,7.57,0.29,3.47,96.59,43.61,3670125.03,24.19,54.44,0.31,7.4,98.21,12.47,13.25,0,1,0,1,0,1,0,Esc5
270,15.66,32.35,23.97,5.26,7.89,0.29,4.22,96.6,46.9,3822598.17,23.22,54.69,0.32,8.67,98.12,10.37,12.04,0,1,0,1,0,1,0,Esc5
271,15.24,31.18,23.55,5.23,7.81,0.29,4.22,97.15,45.67,3796888.34,23.38,54.34,0.31,8.77,98.14,11.38,12.71,0,1,0,1,0,1,0,Esc5
272,14.84,31.22,23.04,5.13,7.61,0.29,3.58,95.91,43.28,3662999.86,24.23,54.19,0.31,7.58,98.21,13.2,13.75,0,1,0,1,0,1,0,Esc5
273,14.58,31.08,23.0,5.05,7.5,0.29,2.96,96.57,43.06,3609039.21,24.6,54.83,0.31,6.36,98.24,12.4,13.06,0,1,0,1,0,1,0,Esc5
274,14.91,31.75,23.0,5.2,7.65,0.29,3.7,96.25,43.32,3678382.13,24.13,54.1,0.31,7.83,98.2,13.67,14.62,0,1,0,1,0,1,0,Esc5
275,14.9,31.75,23.0,5.15,7.61,0.29,3.38,96.02,43.27,3646941.38,24.34,54.4,0.31,7.2,98.22,13.6,14.82,0,1,0,1,0,1,0,Esc5
276,14.56,31.58,23.0,5.04,7.52,0.29,3.19,96.7,43.12,3631606.15,24.44,54.62,0.31,6.82,98.23,12.46,12.62,0,1,0,1,0,1,0,Esc5
277,14.72,31.99,23.15,5.12,7.61,0.29,3.74,96.8,43.75,3695941.32,24.02,54.23,0.31,7.87,98.2,12.34,13.69,0,1,0,1,0,1,0,Esc5
278,14.5,30.79,22.82,5.0,7.42,0.29,2.51,95.5,42.19,3534495.38,25.11,54.94,0.31,5.43,98.28,13.38,13.1,0,1,0,1,0,1,0,Esc5
279,14.88,31.04,23.52,5.06,7.65,0.29,3.67,97.7,45.67,3752862.16,23.65,54.97,0.32,7.71,98.17,9.25,11.29,0,1,0,1,0,1,0,Esc5
280,14.65,31.41,22.69,5.08,7.52,0.29,3.51,95.65,41.68,3611517.25,24.58,53.74,0.3,7.48,98.24,15.13,15.55,0,1,0,1,0,1,0,Esc5
281,14.91,31.08,23.16,5.11,7.62,0.29,3.36,96.22,43.83,3661791.38,24.24,54.62,0.31,7.13,98.21,12.0,13.11,0,1,0,1,0,1,0,Esc5
282,14.81,31.47,23.23,5.1,7.57,0.29,3.28,96.66,43.63,3651138.89,24.31,54.7,0.31,6.94,98.22,12.44,12.62,0,1,0,1,0,1,0,Esc5
283,14.13,31.97,22.47,4.95,7.38,0.29,3.57,96.37,41.0,3604540.57,24.63,53.49,0.29,7.66,98.25,13.82,14.33,0,1,0,1,0,1,0,Esc5
284,14.62,31.3,23.03,5.06,7.53,0.29,3.18,96.41,42.99,3623208.95,24.5,54.56,0.31,6.79,98.24,12.33,13.26,0,1,0,1,0,1,0,Esc5
285,14.11,31.14,22.29,5.0,7.38,0.29,3.08,95.38,40.2,3530754.48,25.14,53.66,0.3,6.67,98.29,15.61,15.76,0,1,0,1,0,1,0,Esc5
286,14.56,31.92,22.9,5.05,7.53,0.29,3.31,96.89,43.03,3642443.49,24.37,54.47,0.31,7.08,98.23,12.97,14.37,0,1,0,1,0,1,0,Esc5
287,15.54,31.48,23.93,5.32,7.84,0.29,3.62,97.02,46.67,3766208.77,23.57,55.29,0.32,7.53,98.15,11.13,12.41,0,1,0,1,0,1,0,Esc5
288,16.3,31.67,24.89,5.36,8.03,0.29,3.84,97.71,49.83,3874550.58,22.91,56.07,0.33,7.78,98.09,8.28,9.72,0,1,0,1,0,1,0,Esc5
289,14.66,31.19,22.97,5.1,7.53,0.29,2.9,96.55,43.21,3608165.41,24.6,54.95,0.31,6.24,98.24,13.15,12.98,0,1,0,1,0,1,0,Esc5
290,15.07,31.21,23.44,5.16,7.67,0.29,3.69,96.7,44.81,3720145.78,23.86,54.61,0.31,7.74,98.18,11.1,12.27,0,1,0,1,0,1,0,Esc5
291,15.54,31.45,23.88,5.26,7.82,0.29,3.63,96.68,46.28,3753486.11,23.65,55.13,0.32,7.55,98.16,10.84,12.17,0,1,0,1,0,1,0,Esc5
292,15.37,32.15,23.86,5.25,7.83,0.29,4.11,97.22,46.35,3804445.56,23.33,54.71,0.32,8.48,98.14,10.16,11.35,0,1,0,1,0,1,0,Esc5
293,14.71,30.88,23.1,5.07,7.56,0.29,3.0,96.62,43.88,3634970.44,24.42,55.03,0.31,6.44,98.23,11.67,12.68,0,1,0,1,0,1,0,Esc5
294,15.2,31.4,23.36,5.22,7.73,0.29,3.84,96.52,44.63,3728203.95,23.81,54.39,0.31,8.05,98.18,13.2,13.65,0,1,0,1,0,1,0,Esc5
295,15.22,32.11,23.66,5.25,7.78,0.29,3.7,97.14,45.64,3747083.45,23.69,54.9,0.32,7.73,98.17,10.69,12.23,0,1,0,1,0,1,0,Esc5
296,15.17,31.13,23.41,5.19,7.68,0.29,3.39,96.33,44.37,3677922.25,24.14,54.78,0.31,7.14,98.2,12.61,13.48,0,1,0,1,0,1,0,Esc5
297,15.41,31.27,23.93,5.13,7.7,0.29,3.31,96.99,46.0,3718113.22,23.87,55.43,0.32,6.9,98.18,9.95,11.24,0,1,0,1,0,1,0,Esc5
298,13.4,31.03,21.86,4.74,7.15,0.29,2.86,96.27,39.12,3494541.53,25.4,53.61,0.29,6.31,98.31,13.49,14.16,0,1,0,1,0,1,0,Esc5
299,14.71,31.59,23.1,5.09,7.58,0.29,3.33,96.98,44.04,3671441.25,24.18,54.74,0.31,7.11,98.21,11.49,12.66,0,1,0,1,0,1,0,Esc5
300,15.23,31.44,23.61,5.17,7.69,0.29,3.21,96.6,45.1,3683352.35,24.1,55.22,0.32,6.76,98.2,11.68,12.04,0,1,0,1,0,1,0,Esc5
301,14.29,31.26,22.91,4.95,7.45,0.29,3.01,97.17,42.76,3611098.71,24.58,54.74,0.31,6.48,98.25,11.21,12.4,0,1,0,1,0,1,0,Esc5
302,15.3,31.24,23.93,5.17,7.73,0.29,3.09,97.43,46.44,3717099.86,23.88,55.82,0.32,6.5,98.18,9.6,10.36,0,1,0,1,0,1,0,Esc5
303,14.97,30.82,23.45,5.15,7.68,0.29,3.27,97.08,45.27,3700402.23,23.99,55.22,0.32,6.93,98.19,10.81,11.63,0,1,0,1,0,1,0,Esc5
304,14.12,31.58,22.47,4.93,7.37,0.29,2.94,96.1,41.11,3551110.93,25.0,54.18,0.3,6.38,98.28,13.18,13.82,0,1,0,1,0,1,0,Esc5
305,13.71,30.81,21.95,4.9,7.27,0.29,3.03,96.3,39.83,3529142.58,25.15,53.64,0.29,6.67,98.29,14.49,15.44,0,1,0,1,0,1,0,Esc5
306,15.35,31.81,23.73,5.23,7.77,0.29,3.86,96.93,45.75,3761718.46,23.6,54.75,0.32,8.01,98.16,10.57,11.68,0,1,0,1,0,1,0,Esc5
307,15.33,31.96,23.68,5.23,7.78,0.29,3.79,97.31,46.16,3772394.33,23.53,54.96,0.32,7.91,98.15,10.88,12.35,0,1,0,1,0,1,0,Esc5
308,14.96,31.85,23.11,5.2,7.7,0.29,3.96,96.29,44.17,3725626.17,23.83,54.07,0.31,8.33,98.18,12.7,14.21,0,1,0,1,0,1,0,Esc5
309,14.91,32.14,23.15,5.13,7.64,0.29,3.74,96.41,43.84,3695574.83,24.02,54.23,0.31,7.87,98.2,12.34,13.52,0,1,0,1,0,1,0,Esc5
310,15.13,31.37,23.5,5.1,7.65,0.29,3.46,96.79,45.0,3706141.15,23.95,54.92,0.31,7.29,98.19,11.08,12.14,0,1,0,1,0,1,0,Esc5
311,14.8,31.73,23.28,5.02,7.55,0.29,3.21,96.84,44.02,3658204.73,24.27,54.91,0.31,6.81,98.22,11.22,12.17,0,1,0,1,0,1,0,Esc5
312,13.36,30.99,21.65,4.78,7.14,0.29,2.75,95.7,38.58,3463623.51,25.63,53.46,0.29,6.11,98.33,15.17,15.53,0,1,0,1,0,1,0,Esc5
313,15.98,31.98,24.25,5.36,8.0,0.29,4.34,97.17,48.37,3878767.34,22.89,55.04,0.32,8.86,98.09,9.9,11.53,0,1,0,1,0,1,0,Esc5
314,14.42,31.66,22.6,5.05,7.47,0.29,3.39,95.6,41.41,3592517.78,24.71,53.75,0.3,7.27,98.25,13.95,14.92,0,1,0,1,0,1,0,Esc5
315,14.64,31.45,23.1,5.02,7.49,0.29,3.0,96.84,43.4,3623009.51,24.5,54.93,0.31,6.42,98.24,11.79,12.48,0,1,0,1,0,1,0,Esc5
316,14.55,30.77,23.04,5.01,7.54,0.29,3.4,96.95,43.63,3666590.25,24.21,54.56,0.31,7.24,98.22,10.79,12.02,0,1,0,1,0,1,0,Esc5
317,14.27,30.5,22.72,4.95,7.39,0.29,2.76,96.24,41.99,3558968.46,24.94,54.66,0.31,5.98,98.27,11.93,13.3,0,1,0,1,0,1,0,Esc5
318,14.84,31.69,23.11,5.09,7.57,0.29,3.71,96.16,43.13,3671458.55,24.18,54.05,0.3,7.8,98.21,12.62,13.14,0,1,0,1,0,1,0,Esc5
319,14.87,32.12,22.99,5.15,7.62,0.29,3.8,95.84,42.91,3670243.43,24.19,53.83,0.3,8.01,98.21,13.93,14.52,0,1,0,1,0,1,0,Esc5
320,15.35,31.26,23.72,5.19,7.7,0.29,3.04,96.91,45.47,3680777.68,24.12,55.55,0.32,6.4,98.2,11.67,12.18,0,1,0,1,0,1,0,Esc5
321,14.34,30.88,22.6,5.02,7.47,0.29,3.13,95.88,42.03,3590927.74,24.72,54.23,0.3,6.77,98.25,13.04,13.93,0,1,0,1,0,1,0,Esc5
322,15.81,31.9,24.16,5.3,7.9,0.29,4.12,97.01,47.12,3823457.89,23.22,54.93,0.32,8.43,98.12,10.82,11.79,0,1,0,1,0,1,0,Esc5
323,15.7,32.18,24.28,5.29,7.89,0.29,3.69,97.93,47.98,3816767.38,23.26,55.68,0.33,7.62,98.13,9.59,11.14,0,1,0,1,0,1,0,Esc5
324,15.74,32.29,24.27,5.32,7.95,0.29,3.97,97.37,48.12,3842098.56,23.1,55.39,0.32,8.16,98.11,9.16,10.28,0,1,0,1,0,1,0,Esc5
325,14.54,31.01,22.95,4.97,7.41,0.29,2.65,95.88,42.32,3553313.18,24.98,54.89,0.31,5.7,98.28,12.73,12.79,0,1,0,1,0,1,0,Esc5
326,14.98,31.46,23.33,5.21,7.72,0.29,3.55,96.67,44.55,3702431.33,23.98,54.68,0.31,7.5,98.19,11.75,12.52,0,1,0,1,0,1,0,Esc5
327,14.42,31.49,22.87,4.99,7.42,0.29,2.77,96.35,42.22,3566035.51,24.89,54.75,0.31,5.97,98.27,12.63,13.04,0,1,0,1,0,1,0,Esc5
328,14.27,31.48,22.63,4.96,7.39,0.29,2.99,96.12,41.37,3559660.94,24.94,54.21,0.3,6.45,98.27,12.69,13.25,0,1,0,1,0,1,0,Esc5
329,15.53,31.57,23.93,5.26,7.82,0.29,3.87,96.74,46.27,3774178.17,23.52,54.9,0.32,7.99,98.15,10.99,11.82,0,1,0,1,0,1,0,Esc5
330,14.52,31.22,22.96,5.02,7.49,0.29,3.0,96.68,42.98,3610982.92,24.58,54.78,0.31,6.44,98.24,12.47,12.83,0,1,0,1,0,1,0,Esc5
331,15.8,32.4,24.08,5.35,7.9,0.29,3.99,96.83,46.48,3791830.86,23.41,54.88,0.32,8.19,98.14,11.77,12.13,0,1,0,1,0,1,0,Esc5
332,14.74,31.05,23.11,5.09,7.52,0.29,2.98,96.81,43.41,3620382.16,24.52,54.93,0.31,6.38,98.24,12.51,13.54,0,1,0,1,0,1,0,Esc5
333,14.99,31.65,23.38,5.14,7.63,0.29,3.2,96.76,44.18,3659065.72,24.26,54.96,0.31,6.76,98.22,12.57,13.27,0,1,0,1,0,1,0,Esc5
334,13.88,30.89,22.1,4.91,7.27,0.29,2.89,96.2,39.74,3510615.5,25.29,53.78,0.29,6.32,98.3,15.37,15.16,0,1,0,1,0,1,0,Esc5
335,14.23,31.01,22.91,4.91,7.37,0.29,2.51,96.93,42.4,3554555.06,24.97,55.15,0.31,5.44,98.28,11.41,11.94,0,1,0,1,0,1,0,Esc5
336,15.22,31.36,23.76,5.16,7.75,0.29,3.64,97.12,46.01,3752476.55,23.66,55.08,0.32,7.59,98.16,10.02,11.0,0,1,0,1,0,1,0,Esc5
337,15.37,31.97,23.56,5.27,7.82,0.29,4.12,96.2,45.17,3763272.66,23.59,54.25,0.31,8.53,98.16,11.96,13.16,0,1,0,1,0,1,0,Esc5
338,14.58,31.44,22.61,5.08,7.53,0.29,3.89,95.7,41.75,3647995.03,24.33,53.34,0.3,8.26,98.22,14.65,15.34,0,1,0,1,0,1,0,Esc5
339,15.16,30.79,23.63,5.14,7.66,0.29,3.14,96.85,45.05,3678053.34,24.13,55.31,0.32,6.61,98.2,11.49,11.61,0,1,0,1,0,1,0,Esc5
340,15.08,32.58,23.24,5.22,7.67,0.29,3.5,96.75,44.28,3690216.67,24.05,54.65,0.31,7.4,98.2,13.61,14.5,0,1,0,1,0,1,0,Esc5
341,14.44,31.58,22.84,5.03,7.47,0.29,3.06,96.52,42.66,3605155.22,24.62,54.58,0.31,6.57,98.25,12.61,13.49,0,1,0,1,0,1,0,Esc5
342,15.22,31.56,23.64,5.18,7.75,0.29,3.57,97.11,45.95,3744868.76,23.7,55.11,0.32,7.49,98.17,10.43,12.12,0,1,0,1,0,1,0,Esc5
343,14.29,31.66,22.57,5.08,7.53,0.29,3.72,96.34,41.9,3643831.55,24.36,53.62,0.3,7.94,98.23,13.24,14.46,0,1,0,1,0,1,0,Esc5
344,14.18,31.12,22.6,4.96,7.39,0.29,2.99,96.0,41.35,3559762.51,24.94,54.21,0.3,6.45,98.27,13.26,12.84,0,1,0,1,0,1,0,Esc5
345,14.97,31.41,23.42,5.05,7.55,0.29,3.08,96.59,43.89,3639366.89,24.39,55.0,0.31,6.51,98.23,11.79,12.24,0,1,0,1,0,1,0,Esc5
346,14.41,31.35,22.6,5.08,7.48,0.29,3.18,96.3,41.77,3590990.52,24.72,54.15,0.3,6.85,98.25,14.08,14.86,0,1,0,1,0,1,0,Esc5
347,14.61,31.25,22.89,5.05,7.46,0.29,2.98,95.92,42.14,3577589.03,24.81,54.48,0.31,6.37,98.26,13.27,13.8,0,1,0,1,0,1,0,Esc5
348,14.93,31.59,23.19,5.12,7.6,0.29,3.48,96.41,43.8,3671702.0,24.18,54.5,0.31,7.35,98.21,12.44,13.29,0,1,0,1,0,1,0,Esc5
349,14.91,31.1,23.08,5.18,7.64,0.29,3.45,95.13,43.06,3637473.67,24.4,54.2,0.31,7.3,98.23,12.89,13.62,0,1,0,1,0,1,0,Esc5
350,15.08,31.3,23.48,5.21,7.73,0.29,3.43,96.95,45.18,3710325.95,23.92,55.02,0.32,7.24,98.19,11.3,12.56,0,1,0,1,0,1,0,Esc5
351,14.95,32.37,23.36,5.12,7.7,0.29,4.31,96.66,44.19,3758580.81,23.62,53.8,0.3,8.94,98.16,11.23,12.67,0,1,0,1,0,1,0,Esc5
352,14.8,31.59,23.12,5.12,7.58,0.29,3.19,96.53,43.6,3643341.22,24.36,54.77,0.31,6.79,98.22,12.92,13.48,0,1,0,1,0,1,0,Esc5
353,14.77,31.48,22.95,5.12,7.52,0.29,2.78,95.69,42.44,3566561.74,24.89,54.76,0.31,5.97,98.26,14.04,14.0,0,1,0,1,0,1,0,Esc5
354,14.48,31.56,22.82,5.01,7.42,0.29,2.81,95.62,41.69,3547259.94,25.02,54.47,0.3,6.05,98.28,13.15,13.72,0,1,0,1,0,1,0,Esc5
355,14.36,30.83,22.76,4.96,7.39,0.29,2.52,96.14,42.0,3536967.44,25.1,54.93,0.31,5.47,98.28,12.76,12.92,0,1,0,1,0,1,0,Esc5
356,15.0,32.36,23.11,5.22,7.71,0.29,4.22,96.29,43.82,3737940.17,23.75,53.7,0.3,8.83,98.17,13.12,14.51,0,1,0,1,0,1,0,Esc5
357,15.22,31.12,23.74,5.12,7.65,0.29,3.04,96.93,45.47,3681388.56,24.11,55.56,0.32,6.4,98.2,11.05,11.12,0,1,0,1,0,1,0,Esc5
358,15.39,31.84,23.71,5.26,7.8,0.29,3.9,96.8,45.7,3762844.96,23.59,54.69,0.31,8.09,98.16,11.69,12.63,0,1,0,1,0,1,0,Esc5
359,14.17,30.72,22.85,4.91,7.37,0.29,2.36,97.12,42.59,3549493.57,25.01,55.39,0.31,5.16,98.28,11.33,12.12,0,1,0,1,0,1,0,Esc5
360,15.74,31.86,24.16,5.26,7.83,0.29,3.99,96.62,46.57,3788712.61,23.43,54.88,0.32,8.16,98.14,10.55,11.43,0,1,0,1,0,1,0,Esc5
361,15.32,31.51,23.82,5.18,7.72,0.29,3.18,97.08,46.38,3721264.06,23.85,55.67,0.32,6.69,98.18,10.21,11.19,0,1,0,1,0,1,0,Esc5
362,15.3,31.49,23.76,5.23,7.82,0.29,4.33,97.57,46.4,3829830.24,23.18,54.5,0.31,8.93,98.12,10.27,11.9,0,1,0,1,0,1,0,Esc5
363,14.64,31.43,22.88,5.03,7.5,0.29,3.11,95.9,42.71,3604737.64,24.63,54.49,0.31,6.66,98.25,12.7,13.36,0,1,0,1,0,1,0,Esc5
364,15.74,32.01,24.27,5.35,7.91,0.29,3.5,97.36,47.76,3787611.42,23.44,55.78,0.33,7.25,98.14,10.1,11.07,0,1,0,1,0,1,0,Esc5
365,14.56,30.61,22.72,5.08,7.51,0.29,3.34,95.7,41.78,3597519.55,24.67,53.94,0.3,7.13,98.25,14.21,14.95,0,1,0,1,0,1,0,Esc5
366,14.56,31.29,23.05,4.99,7.5,0.29,3.06,96.92,43.45,3632068.82,24.44,54.87,0.31,6.57,98.23,12.01,13.01,0,1,0,1,0,1,0,Esc5
367,14.38,31.58,22.48,5.07,7.48,0.29,3.58,95.25,41.18,3600515.87,24.65,53.44,0.3,7.67,98.25,14.88,15.25,0,1,0,1,0,1,0,Esc5
368,15.62,31.84,24.1,5.24,7.83,0.29,3.8,97.17,46.98,3790554.3,23.42,55.22,0.32,7.84,98.14,9.97,11.49,0,1,0,1,0,1,0,Esc5
369,14.95,31.12,23.32,5.16,7.7,0.29,3.81,96.94,44.68,3731284.45,23.79,54.46,0.31,8.0,98.18,11.39,12.39,0,1,0,1,0,1,0,Esc5
370,15.62,31.6,24.06,5.23,7.82,0.29,3.81,97.18,47.09,3795194.43,23.39,55.23,0.32,7.87,98.14,9.92,11.12,0,1,0,1,0,1,0,Esc5
371,15.09,31.4,23.23,5.22,7.69,0.29,3.44,96.11,43.93,3669334.6,24.19,54.55,0.31,7.28,98.21,12.94,13.68,0,1,0,1,0,1,0,Esc5
372,14.19,31.12,22.7,4.98,7.43,0.29,2.62,96.95,42.61,3571773.38,24.85,55.08,0.31,5.71,98.27,12.34,13.62,0,1,0,1,0,1,0,Esc5
373,14.34,30.82,22.82,4.98,7.44,0.29,3.05,96.78,42.55,3605664.03,24.62,54.58,0.31,6.57,98.25,12.08,12.74,0,1,0,1,0,1,0,Esc5
374,15.09,30.92,23.68,5.09,7.63,0.29,2.79,96.83,45.43,3656339.15,24.28,55.79,0.32,5.91,98.22,10.47,11.51,0,1,0,1,0,1,0,Esc5
375,14.96,32.02,23.4,5.14,7.63,0.29,2.93,96.45,44.27,3635616.73,24.42,55.25,0.32,6.23,98.23,11.38,12.62,0,1,0,1,0,1,0,Esc5
376,13.69,31.14,22.09,4.84,7.22,0.29,2.75,95.89,39.44,3486945.07,25.46,53.81,0.29,6.02,98.32,13.88,14.34,0,1,0,1,0,1,0,Esc5
377,13.8,31.08,22.14,4.94,7.28,0.29,2.62,95.75,39.82,3485634.46,25.47,54.05,0.3,5.77,98.31,14.9,15.51,0,1,0,1,0,1,0,Esc5
378,13.79,31.28,22.01,4.91,7.25,0.29,2.74,95.05,39.02,3467914.05,25.6,53.6,0.29,6.01,98.32,15.85,15.79,0,1,0,1,0,1,0,Esc5
379,14.34,30.73,22.44,5.08,7.46,0.29,3.07,95.72,41.17,3560452.01,24.93,54.01,0.3,6.66,98.27,14.95,15.27,0,1,0,1,0,1,0,Esc5
380,14.69,31.36,23.19,5.03,7.53,0.29,2.88,96.52,43.8,3620363.85,24.52,55.14,0.31,6.17,98.24,10.96,12.04,0,1,0,1,0,1,0,Esc5
381,15.16,31.73,23.39,5.21,7.71,0.29,3.9,96.62,44.36,3724446.04,23.83,54.26,0.31,8.14,98.18,12.64,13.44,0,1,0,1,0,1,0,Esc5
382,15.03,31.49,23.38,5.08,7.62,0.29,3.55,96.12,44.16,3683752.67,24.1,54.53,0.31,7.45,98.2,11.8,12.14,0,1,0,1,0,1,0,Esc5
383,14.39,31.55,22.42,5.05,7.44,0.29,3.18,95.3,40.99,3560815.61,24.93,53.8,0.3,6.87,98.27,15.03,15.68,0,1,0,1,0,1,0,Esc5
384,13.08,30.59,21.71,4.64,6.99,0.29,2.06,96.58,38.22,3402421.42,26.09,54.21,0.29,4.63,98.36,13.84,14.48,0,1,0,1,0,1,0,Esc5
385,15.15,31.56,23.56,5.19,7.74,0.29,3.88,97.15,45.4,3759121.59,23.61,54.64,0.31,8.1,98.16,11.46,12.35,0,1,0,1,0,1,0,Esc5
386,16.02,32.25,24.4,5.36,7.98,0.29,4.28,97.06,48.11,3863034.82,22.98,55.05,0.32,8.7,98.1,10.11,11.67,0,1,0,1,0,1,0,Esc5
387,14.07,30.59,22.48,4.93,7.31,0.29,2.4,96.29,41.06,3505067.87,25.33,54.78,0.3,5.26,98.3,13.33,13.8,0,1,0,1,0,1,0,Esc5
388,14.01,31.23,22.3,4.9,7.28,0.29,2.65,96.18,40.53,3511121.73,25.28,54.3,0.3,5.81,98.3,14.42,14.83,0,1,0,1,0,1,0,Esc5
389,15.51,31.6,23.91,5.25,7.84,0.29,3.85,97.31,46.82,3795851.37,23.39,55.12,0.32,7.98,98.14,10.16,11.16,0,1,0,1,0,1,0,Esc5
390,14.15,31.15,22.33,4.99,7.36,0.29,2.71,95.38,40.44,3505712.2,25.32,54.14,0.3,5.9,98.3,15.14,14.67,0,1,0,1,0,1,0,Esc5
391,14.8,31.53,22.96,5.13,7.57,0.29,3.44,95.92,42.73,3634913.09,24.42,54.17,0.3,7.3,98.23,13.97,14.62,0,1,0,1,0,1,0,Esc5
392,15.27,31.58,23.73,5.2,7.74,0.29,3.48,96.95,45.67,3726282.54,23.82,55.13,0.32,7.29,98.18,10.81,11.78,0,1,0,1,0,1,0,Esc5
393,15.41,31.37,23.59,5.31,7.84,0.29,4.03,96.54,45.37,3764087.77,23.58,54.42,0.31,8.37,98.15,12.88,13.65,0,1,0,1,0,1,0,Esc5
394,15.86,31.55,24.47,5.3,7.96,0.29,3.95,97.68,48.89,3862178.98,22.98,55.66,0.33,8.08,98.1,8.55,9.96,0,1,0,1,0,1,0,Esc5
395,15.14,32.02,23.2,5.24,7.72,0.29,4.0,95.97,43.81,3713698.69,23.9,53.93,0.31,8.36,98.18,13.67,13.84,0,1,0,1,0,1,0,Esc5
396,14.89,31.41,23.23,5.12,7.63,0.29,3.53,96.56,44.01,3684049.45,24.09,54.53,0.31,7.45,98.2,12.05,12.95,0,1,0,1,0,1,0,Esc5
397,14.57,30.96,23.07,5.0,7.49,0.29,3.03,96.84,43.41,3626542.48,24.48,54.89,0.31,6.49,98.24,11.5,12.38,0,1,0,1,0,1,0,Esc5
398,14.58,31.12,23.04,5.02,7.51,0.29,3.23,96.62,43.3,3638810.93,24.39,54.63,0.31,6.88,98.23,11.78,12.5,0,1,0,1,0,1,0,Esc5
399,14.01,30.88,22.39,4.86,7.25,0.29,2.18,95.88,40.56,3466600.3,25.61,54.8,0.3,4.8,98.32,13.78,13.77,0,1,0,1,0,1,0,Esc5
400,14.84,31.31,23.35,5.08,7.56,0.29,3.03,96.99,44.04,3641528.72,24.38,55.11,0.31,6.43,98.23,11.68,12.18,0,1,0,1,0,1,0,Esc5
401,14.43,31.47,22.75,5.04,7.45,0.29,3.01,96.49,42.12,3586038.27,24.75,54.46,0.3,6.48,98.26,13.43,14.0,0,1,0,1,0,1,0,Esc5
402,15.08,31.38,23.48,5.14,7.65,0.29,3.12,96.9,45.06,3678437.11,24.13,55.32,0.32,6.61,98.2,11.83,12.52,0,1,0,1,0,1,0,Esc5
403,14.91,31.55,23.57,5.01,7.6,0.29,3.42,97.63,45.46,3723763.33,23.84,55.18,0.32,7.21,98.18,9.05,10.42,0,1,0,1,0,1,0,Esc5
404,13.83,31.63,22.07,4.86,7.26,0.29,2.97,96.09,39.96,3524082.11,25.19,53.75,0.29,6.51,98.3,14.09,14.88,0,1,0,1,0,1,0,Esc5
405,15.06,31.56,23.29,5.21,7.67,0.29,3.41,96.27,43.84,3666060.05,24.21,54.6,0.31,7.2,98.21,13.55,13.96,0,1,0,1,0,1,0,Esc5
406,14.85,31.07,23.22,5.08,7.61,0.29,3.48,96.5,44.16,3684041.79,24.1,54.61,0.31,7.37,98.2,11.64,12.6,0,1,0,1,0,1,0,Esc5
407,14.33,31.6,22.83,4.97,7.44,0.29,2.96,96.66,42.46,3593523.61,24.7,54.64,0.31,6.39,98.25,11.88,12.89,0,1,0,1,0,1,0,Esc5
408,15.18,31.66,23.39,5.27,7.78,0.29,4.14,96.71,44.8,3760302.9,23.61,54.14,0.31,8.62,98.16,13.08,14.13,0,1,0,1,0,1,0,Esc5
409,15.61,31.92,23.74,5.34,7.95,0.29,5.0,96.99,46.64,3893538.7,22.8,53.82,0.31,10.21,98.09,11.9,13.74,0,1,0,1,0,1,0,Esc5
410,14.11,30.7,22.37,4.96,7.36,0.29,2.88,95.98,40.84,3538062.99,25.09,54.14,0.3,6.27,98.29,14.19,13.86,0,1,0,1,0,1,0,Esc5
411,14.83,31.66,23.28,5.1,7.6,0.29,3.23,96.69,43.87,3654802.78,24.29,54.83,0.31,6.85,98.22,11.81,12.57,0,1,0,1,0,1,0,Esc5
412,14.51,31.42,22.84,5.03,7.47,0.29,3.06,96.12,42.32,3592167.12,24.71,54.46,0.31,6.56,98.25,12.93,14.05,0,1,0,1,0,1,0,Esc5
413,15.95,32.0,23.99,5.37,7.9,0.29,4.03,96.33,46.55,3789935.15,23.42,54.77,0.32,8.27,98.14,12.24,13.58,0,1,0,1,0,1,0,Esc5
414,15.65,32.02,23.62,5.39,7.92,0.29,4.35,95.91,45.76,3796918.71,23.38,54.15,0.31,8.97,98.13,12.59,14.3,0,1,0,1,0,1,0,Esc5
415,14.66,31.42,23.01,5.06,7.55,0.29,3.33,96.13,43.18,3640105.08,24.39,54.44,0.31,7.09,98.23,11.97,12.83,0,1,0,1,0,1,0,Esc5
416,14.76,31.32,23.22,5.07,7.58,0.29,2.98,96.59,43.89,3633110.76,24.43,55.09,0.31,6.36,98.23,11.64,12.61,0,1,0,1,0,1,0,Esc5
417,14.84,30.98,23.26,5.13,7.62,0.29,3.13,97.02,44.4,3664022.9,24.23,55.1,0.31,6.67,98.21,11.42,12.62,0,1,0,1,0,1,0,Esc5
418,15.61,31.61,23.92,5.29,7.82,0.29,3.36,96.53,46.17,3724602.15,23.83,55.39,0.32,7.01,98.18,11.46,12.08,0,1,0,1,0,1,0,Esc5
419,15.25,31.96,23.65,5.15,7.72,0.29,3.71,97.13,45.84,3753917.97,23.65,54.94,0.32,7.75,98.17,10.62,11.56,0,1,0,1,0,1,0,Esc5
420,14.53,31.17,22.89,5.06,7.53,0.29,3.25,96.67,43.14,3638527.79,24.4,54.54,0.31,6.97,98.23,11.64,13.17,0,1,0,1,0,1,0,Esc5
421,14.95,31.83,23.27,5.14,7.66,0.29,3.46,96.78,44.43,3691176.56,24.05,54.74,0.31,7.31,98.2,11.77,12.67,0,1,0,1,0,1,0,Esc5
422,14.72,32.19,23.09,5.13,7.6,0.29,3.36,96.56,43.38,3652114.05,24.31,54.5,0.31,7.15,98.22,12.6,13.38,0,1,0,1,0,1,0,Esc5
423,14.52,30.73,23.08,4.94,7.45,0.29,2.78,96.52,43.26,3596408.7,24.68,55.09,0.31,5.96,98.25,10.94,11.22,0,1,0,1,0,1,0,Esc5
424,14.29,31.51,22.73,4.86,7.32,0.29,2.7,96.72,42.02,3559220.36,24.94,54.79,0.31,5.86,98.28,12.58,12.8,0,1,0,1,0,1,0,Esc5
425,14.56,31.83,22.87,5.06,7.49,0.29,3.04,96.27,42.36,3592400.9,24.71,54.5,0.31,6.51,98.25,12.91,13.67,0,1,0,1,0,1,0,Esc5
426,14.32,31.61,22.66,5.02,7.44,0.29,2.82,96.14,41.96,3562440.61,24.92,54.58,0.31,6.11,98.27,12.69,13.73,0,1,0,1,0,1,0,Esc5
427,15.73,31.85,23.96,5.31,7.9,0.29,4.28,96.69,46.47,3816725.42,23.26,54.54,0.32,8.76,98.13,11.93,13.01,0,1,0,1,0,1,0,Esc5
428,14.85,31.78,23.29,5.13,7.59,0.29,3.04,96.14,43.61,3624030.39,24.49,54.9,0.31,6.46,98.23,12.14,12.21,0,1,0,1,0,1,0,Esc5
429,13.87,30.77,22.43,4.9,7.29,0.29,2.17,96.39,40.86,3479411.48,25.51,54.96,0.3,4.79,98.32,13.09,13.49,0,1,0,1,0,1,0,Esc5
430,14.2,31.57,22.47,4.93,7.3,0.29,2.45,95.42,40.53,3484411.09,25.48,54.47,0.3,5.34,98.31,14.22,13.95,0,1,0,1,0,1,0,Esc5
431,14.49,31.51,22.74,5.04,7.48,0.29,3.22,96.13,42.03,3601086.14,24.65,54.19,0.3,6.91,98.25,13.74,14.08,0,1,0,1,0,1,0,Esc5
432,14.94,31.59,23.07,5.16,7.65,0.29,3.86,95.82,43.08,3679703.89,24.12,53.83,0.3,8.11,98.2,13.43,14.32,0,1,0,1,0,1,0,Esc5
433,13.71,31.29,21.98,4.84,7.24,0.29,3.04,95.93,39.55,3517541.34,25.24,53.53,0.29,6.65,98.3,14.77,14.98,0,1,0,1,0,1,0,Esc5
434,14.51,31.35,22.94,4.97,7.46,0.29,3.21,96.67,42.96,3628881.53,24.46,54.54,0.31,6.86,98.24,12.13,12.88,0,1,0,1,0,1,0,Esc5
435,14.92,31.88,23.59,5.14,7.67,0.29,3.24,97.41,45.12,3694433.97,24.03,55.27,0.32,6.82,98.2,10.33,10.96,0,1,0,1,0,1,0,Esc5
436,15.06,31.58,23.71,5.06,7.6,0.29,2.81,97.36,45.67,3670383.19,24.18,55.88,0.32,5.97,98.21,9.76,10.6,0,1,0,1,0,1,0,Esc5
437,14.62,30.94,22.91,5.09,7.52,0.29,3.1,96.87,43.12,3625988.06,24.48,54.71,0.31,6.66,98.24,13.35,13.84,0,1,0,1,0,1,0,Esc5
438,15.01,31.36,23.74,5.08,7.6,0.29,2.63,97.34,45.49,3649726.36,24.32,56.04,0.32,5.59,98.22,10.27,10.91,0,1,0,1,0,1,0,Esc5
439,14.11,31.23,22.62,4.96,7.38,0.29,2.68,96.8,41.8,3552150.64,24.99,54.74,0.31,5.83,98.28,12.75,13.75,0,1,0,1,0,1,0,Esc5
440,14.01,30.51,22.33,4.94,7.36,0.29,3.15,96.55,41.07,3573725.81,24.84,53.97,0.3,6.84,98.27,13.13,13.8,0,1,0,1,0,1,0,Esc5
441,15.37,31.61,23.73,5.17,7.7,0.29,3.14,96.32,45.56,3686219.47,24.08,55.41,0.32,6.59,98.2,11.16,12.08,0,1,0,1,0,1,0,Esc5
442,15.06,31.47,23.48,5.12,7.58,0.29,2.79,96.58,44.23,3621535.22,24.51,55.4,0.32,5.92,98.24,12.36,12.5,0,1,0,1,0,1,0,Esc5
443,13.85,31.28,22.18,4.91,7.28,0.29,2.89,96.08,39.93,3515123.05,25.25,53.84,0.29,6.32,98.3,14.54,15.1,0,1,0,1,0,1,0,Esc5
444,15.1,31.25,23.4,5.21,7.72,0.29,3.61,96.62,44.85,3714156.16,23.9,54.7,0.31,7.59,98.18,11.85,13.07,0,1,0,1,0,1,0,Esc5
445,14.05,31.28,22.43,5.01,7.4,0.29,2.82,96.13,41.09,3541660.75,25.06,54.31,0.3,6.14,98.28,13.64,14.4,0,1,0,1,0,1,0,Esc5
446,15.03,31.84,23.46,5.14,7.66,0.29,3.38,96.95,45.06,3702111.3,23.98,55.04,0.32,7.13,98.19,11.24,12.18,0,1,0,1,0,1,0,Esc5
447,14.86,31.52,23.11,5.18,7.6,0.29,3.03,96.26,43.23,3615045.93,24.55,54.78,0.31,6.47,98.24,13.88,14.39,0,1,0,1,0,1,0,Esc5
448,14.86,31.72,23.35,5.07,7.6,0.29,3.44,96.56,44.32,3683588.89,24.1,54.73,0.31,7.25,98.2,10.48,11.51,0,1,0,1,0,1,0,Esc5
449,15.48,32.19,23.97,5.24,7.77,0.29,3.35,97.0,46.39,3734529.37,23.77,55.51,0.32,6.99,98.17,10.93,11.54,0,1,0,1,0,1,0,Esc5
450,14.17,30.43,22.5,4.95,7.38,0.29,2.8,96.38,41.73,3558531.04,24.94,54.53,0.3,6.11,98.27,13.9,14.3,0,1,0,1,0,1,0,Esc5
451,15.36,31.97,23.49,5.26,7.77,0.29,3.82,96.06,44.94,3729084.27,23.8,54.48,0.31,7.96,98.17,12.2,12.68,0,1,0,1,0,1,0,Esc5
452,14.77,31.15,23.09,5.1,7.62,0.29,3.66,96.86,43.82,3694970.7,24.02,54.34,0.31,7.75,98.2,11.98,13.25,0,1,0,1,0,1,0,Esc5
453,14.77,30.82,23.41,5.1,7.6,0.29,2.87,97.27,44.63,3649029.47,24.33,55.49,0.32,6.12,98.22,10.65,11.56,0,1,0,1,0,1,0,Esc5
454,14.48,31.43,22.85,5.04,7.49,0.29,3.02,96.03,42.4,3589891.58,24.73,54.51,0.31,6.48,98.25,12.66,13.52,0,1,0,1,0,1,0,Esc5
455,14.8,30.99,23.24,5.1,7.63,0.29,3.35,96.59,44.14,3672065.35,24.17,54.75,0.31,7.11,98.21,11.26,12.71,0,1,0,1,0,1,0,Esc5
456,15.1,32.03,23.09,5.23,7.71,0.29,4.0,95.75,43.39,3701834.92,23.98,53.78,0.3,8.39,98.19,13.91,14.54,0,1,0,1,0,1,0,Esc5
457,14.68,31.41,23.12,5.09,7.58,0.29,3.62,96.81,43.59,3683868.76,24.1,54.33,0.31,7.65,98.21,11.95,12.59,0,1,0,1,0,1,0,Esc5
458,15.3,31.42,23.64,5.29,7.79,0.29,3.57,96.63,45.35,3722176.77,23.85,54.92,0.32,7.46,98.18,12.09,12.78,0,1,0,1,0,1,0,Esc5
459,14.25,31.45,22.6,4.93,7.36,0.29,2.75,95.86,41.42,3539836.07,25.08,54.46,0.3,5.97,98.28,13.0,13.5,0,1,0,1,0,1,0,Esc5
460,15.09,32.36,23.45,5.17,7.68,0.29,3.64,96.52,44.79,3712905.5,23.91,54.64,0.31,7.64,98.19,11.39,12.83,0,1,0,1,0,1,0,Esc5
461,15.53,32.21,23.9,5.24,7.81,0.29,4.24,97.1,46.26,3810188.62,23.3,54.54,0.31,8.7,98.13,10.79,11.9,0,1,0,1,0,1,0,Esc5
462,13.92,30.9,22.15,4.99,7.32,0.29,2.62,95.87,40.0,3491351.83,25.42,54.13,0.3,5.76,98.31,15.37,15.12,0,1,0,1,0,1,0,Esc5
463,14.86,31.46,23.15,5.14,7.59,0.29,3.18,96.27,43.6,3638418.66,24.4,54.75,0.31,6.76,98.23,12.9,13.81,0,1,0,1,0,1,0,Esc5
464,13.94,31.62,22.12,5.0,7.34,0.29,2.98,95.85,40.12,3525364.92,25.18,53.76,0.29,6.51,98.29,15.14,15.79,0,1,0,1,0,1,0,Esc5
465,13.65,30.58,22.08,4.76,7.19,0.29,2.57,96.81,40.14,3501285.79,25.35,54.3,0.3,5.7,98.31,13.73,14.52,0,1,0,1,0,1,0,Esc5
466,14.26,31.18,22.69,5.0,7.41,0.29,2.64,96.46,41.98,3551420.08,24.99,54.82,0.31,5.74,98.28,13.35,13.29,0,1,0,1,0,1,0,Esc5
467,14.94,31.08,23.28,5.16,7.58,0.29,3.04,96.19,43.52,3622357.79,24.51,54.88,0.31,6.46,98.23,13.41,13.82,0,1,0,1,0,1,0,Esc5
468,13.56,31.28,21.65,4.9,7.16,0.29,2.55,95.58,38.35,3438636.11,25.81,53.6,0.29,5.67,98.34,16.46,16.76,0,1,0,1,0,1,0,Esc5
469,15.17,31.54,23.43,5.26,7.74,0.29,3.55,96.51,44.72,3703403.17,23.97,54.73,0.31,7.45,98.19,12.25,13.33,0,1,0,1,0,1,0,Esc5
470,14.93,31.98,22.99,5.2,7.7,0.29,4.45,96.26,43.33,3745615.37,23.7,53.32,0.3,9.29,98.17,13.57,14.6,0,1,0,1,0,1,0,Esc5
471,14.32,30.72,22.94,4.88,7.39,0.29,2.7,97.01,42.72,3580099.92,24.79,55.06,0.31,5.82,98.26,11.08,12.18,0,1,0,1,0,1,0,Esc5
472,14.11,31.64,22.38,4.95,7.39,0.29,3.45,96.11,40.85,3589388.35,24.73,53.54,0.29,7.44,98.26,14.15,14.75,0,1,0,1,0,1,0,Esc5
473,14.78,31.85,23.22,5.06,7.61,0.29,3.54,96.61,44.04,3686800.39,24.08,54.53,0.31,7.49,98.2,11.46,12.44,0,1,0,1,0,1,0,Esc5
474,14.34,30.79,22.6,4.99,7.45,0.29,3.21,96.57,42.19,3609373.07,24.59,54.26,0.3,6.94,98.25,13.49,14.13,0,1,0,1,0,1,0,Esc5
475,14.86,31.29,22.97,5.16,7.66,0.29,3.64,95.93,43.8,3683941.48,24.1,54.25,0.31,7.74,98.2,12.6,13.62,0,1,0,1,0,1,0,Esc5
476,14.15,30.37,22.47,4.93,7.37,0.29,3.05,96.38,41.1,3563878.31,24.91,54.09,0.3,6.61,98.27,14.09,13.99,0,1,0,1,0,1,0,Esc5
477,14.25,31.13,22.39,4.97,7.34,0.29,2.97,95.34,40.4,3524829.78,25.18,53.84,0.3,6.43,98.29,15.38,15.24,0,1,0,1,0,1,0,Esc5
478,15.07,31.68,23.51,5.1,7.58,0.29,3.13,96.48,43.97,3643670.69,24.36,54.98,0.31,6.59,98.22,12.08,12.36,0,1,0,1,0,1,0,Esc5
479,15.32,31.44,23.63,5.22,7.73,0.29,3.39,96.32,45.05,3695339.95,24.02,55.0,0.32,7.1,98.19,12.15,12.36,0,1,0,1,0,1,0,Esc5
480,14.32,31.63,22.99,4.93,7.41,0.29,2.57,96.85,42.8,3569155.34,24.87,55.21,0.31,5.55,98.27,10.78,11.65,0,1,0,1,0,1,0,Esc5
481,14.6,31.92,23.0,5.11,7.6,0.29,3.56,96.52,43.26,3667680.78,24.2,54.25,0.31,7.57,98.21,12.25,13.16,0,1,0,1,0,1,0,Esc5
482,14.73,31.71,23.02,5.14,7.56,0.29,3.13,96.35,42.83,3614082.45,24.56,54.57,0.31,6.68,98.24,14.02,14.02,0,1,0,1,0,1,0,Esc5
483,15.22,31.5,23.58,5.25,7.77,0.29,3.82,96.9,45.31,3747829.13,23.68,54.67,0.31,7.96,98.17,11.73,13.22,0,1,0,1,0,1,0,Esc5
484,15.76,31.91,24.04,5.3,7.93,0.29,4.76,97.16,47.25,3887566.61,22.83,54.29,0.32,9.68,98.09,10.42,11.6,0,1,0,1,0,1,0,Esc5
485,14.96,31.54,23.26,5.12,7.6,0.29,3.0,96.41,44.04,3635633.57,24.42,55.08,0.31,6.4,98.23,12.61,13.1,0,1,0,1,0,1,0,Esc5
486,14.94,31.77,23.16,5.18,7.64,0.29,3.46,96.68,43.95,3678590.33,24.13,54.59,0.31,7.34,98.21,13.28,13.53,0,1,0,1,0,1,0,Esc5
487,14.32,30.91,22.61,4.96,7.43,0.29,3.2,95.9,41.91,3592873.84,24.71,54.13,0.3,6.89,98.26,13.05,13.9,0,1,0,1,0,1,0,Esc5
488,15.46,31.82,23.97,5.14,7.76,0.29,3.95,97.42,46.75,3803366.47,23.34,55.01,0.32,8.16,98.14,9.24,10.81,0,1,0,1,0,1,0,Esc5
489,15.17,31.88,23.4,5.2,7.73,0.29,3.91,96.59,44.93,3743141.1,23.71,54.41,0.31,8.17,98.17,12.01,13.17,0,1,0,1,0,1,0,Esc5
490,14.61,31.58,22.97,5.08,7.56,0.29,3.57,96.56,43.11,3664217.62,24.23,54.2,0.3,7.57,98.22,12.07,12.58,0,1,0,1,0,1,0,Esc5
491,14.02,31.41,22.31,4.96,7.38,0.29,3.19,96.2,41.06,3573390.16,24.84,53.88,0.3,6.93,98.27,13.17,13.97,0,1,0,1,0,1,0,Esc5
492,14.4,31.13,23.01,4.9,7.37,0.29,2.56,96.85,42.58,3561001.74,24.93,55.15,0.31,5.52,98.27,12.08,12.63,0,1,0,1,0,1,0,Esc5
493,14.88,32.06,23.1,5.16,7.61,0.29,3.47,95.81,42.99,3642262.79,24.37,54.22,0.31,7.33,98.22,14.1,14.02,0,1,0,1,0,1,0,Esc5
494,14.96,31.59,23.5,5.05,7.62,0.29,3.37,96.82,44.85,3694345.9,24.03,54.98,0.31,7.11,98.2,10.32,11.45,0,1,0,1,0,1,0,Esc5
495,15.51,31.95,23.78,5.3,7.83,0.29,3.83,96.53,45.81,3757197.7,23.63,54.78,0.32,7.94,98.16,11.61,13.17,0,1,0,1,0,1,0,Esc5
496,15.42,31.76,23.63,5.28,7.86,0.29,4.76,97.0,45.82,3845893.47,23.08,53.83,0.31,9.75,98.11,11.17,13.07,0,1,0,1,0,1,0,Esc5
497,14.48,31.29,23.06,5.01,7.49,0.29,2.84,97.08,43.5,3613646.68,24.56,55.14,0.31,6.1,98.24,11.4,12.71,0,1,0,1,0,1,0,Esc5
498,14.83,31.01,23.08,5.1,7.53,0.29,2.67,96.12,43.02,3577167.53,24.81,55.1,0.31,5.74,98.26,13.35,13.54,0,1,0,1,0,1,0,Esc5
499,15.23,31.47,23.48,5.22,7.71,0.29,3.67,96.32,44.37,3701534.06,23.98,54.5,0.31,7.66,98.19,12.84,13.32,0,1,0,1,0,1,0,Esc5
500,14.42,31.73,22.65,5.02,7.45,0.29,3.22,95.88,41.42,3581007.65,24.79,53.98,0.3,6.91,98.26,14.16,14.45,0,1,0,1,0,1,0,Esc5
501,14.36,31.87,22.47,5.07,7.45,0.29,3.2,95.67,40.89,3563181.83,24.91,53.79,0.3,6.9,98.27,15.08,15.75,0,1,0,1,0,1,0,Esc5
502,15.57,31.68,24.28,5.2,7.83,0.29,3.54,97.97,48.07,3806098.15,23.32,55.87,0.33,7.33,98.13,8.31,9.59,0,1,0,1,0,1,0,Esc5
503,13.92,31.67,22.42,4.85,7.32,0.29,3.03,96.61,41.34,3570479.6,24.86,54.18,0.3,6.6,98.27,11.85,13.31,0,1,0,1,0,1,0,Esc5
504,14.03,31.12,22.3,4.91,7.31,0.29,2.88,95.47,40.21,3514858.49,25.25,53.88,0.3,6.27,98.3,14.65,15.44,0,1,0,1,0,1,0,Esc5
505,14.11,31.21,22.57,4.98,7.42,0.29,3.02,96.64,41.77,3580598.43,24.79,54.35,0.3,6.54,98.26,12.46,13.38,0,1,0,1,0,1,0,Esc5
506,14.19,31.55,22.68,4.94,7.35,0.29,2.65,96.87,41.7,3547039.33,25.03,54.76,0.3,5.75,98.28,13.05,13.1,0,1,0,1,0,1,0,Esc5
507,15.28,31.2,23.52,5.25,7.73,0.29,3.24,96.22,44.75,3672737.17,24.17,55.05,0.32,6.82,98.2,12.76,13.53,0,1,0,1,0,1,0,Esc5
508,15.82,31.64,23.97,5.38,7.93,0.29,4.24,96.25,46.66,3814242.18,23.27,54.59,0.32,8.69,98.13,11.82,13.2,0,1,0,1,0,1,0,Esc5
509,14.48,31.02,22.87,5.0,7.44,0.29,2.73,96.23,42.27,3563303.98,24.91,54.8,0.31,5.89,98.27,12.79,12.87,0,1,0,1,0,1,0,Esc5
510,14.88,31.11,23.43,5.03,7.52,0.29,2.88,96.92,44.09,3629985.08,24.45,55.3,0.31,6.12,98.23,11.56,11.38,0,1,0,1,0,1,0,Esc5
511,14.56,32.06,23.0,5.12,7.58,0.29,3.44,96.69,42.96,3649600.52,24.32,54.31,0.31,7.32,98.22,12.48,13.21,0,1,0,1,0,1,0,Esc5
512,14.66,31.05,23.11,5.09,7.6,0.29,3.52,96.54,43.67,3674787.91,24.16,54.42,0.31,7.47,98.21,11.58,12.88,0,1,0,1,0,1,0,Esc5
513,15.12,31.39,23.48,5.13,7.62,0.29,2.97,96.67,44.94,3658880.82,24.26,55.41,0.32,6.31,98.22,11.4,11.91,0,1,0,1,0,1,0,Esc5
514,15.22,32.3,23.54,5.19,7.72,0.29,3.65,96.93,45.54,3739751.02,23.74,54.89,0.32,7.66,98.17,11.68,13.07,0,1,0,1,0,1,0,Esc5
515,13.36,31.43,21.9,4.76,7.1,0.29,1.88,96.3,38.97,3404571.66,26.07,54.63,0.3,4.23,98.36,14.56,14.46,0,1,0,1,0,1,0,Esc5
516,14.72,31.61,22.88,5.13,7.58,0.29,3.37,95.91,42.89,3632556.41,24.44,54.26,0.31,7.19,98.23,13.55,14.82,0,1,0,1,0,1,0,Esc5
517,14.61,32.02,22.97,5.05,7.56,0.29,3.43,96.49,43.13,3652241.14,24.3,54.34,0.31,7.31,98.22,12.03,13.08,0,1,0,1,0,1,0,Esc5
518,15.31,31.68,23.75,5.25,7.86,0.29,4.48,97.41,46.72,3850884.89,23.05,54.4,0.31,9.23,98.11,9.57,12.0,0,1,0,1,0,1,0,Esc5
519,14.86,31.51,23.26,5.14,7.7,0.29,3.91,97.11,44.96,3751383.01,23.66,54.43,0.31,8.24,98.17,10.67,12.72,0,1,0,1,0,1,0,Esc5
520,13.84,30.67,22.09,4.77,7.14,0.29,2.29,95.43,39.33,3439534.03,25.81,54.22,0.3,5.06,98.34,14.87,14.73,0,1,0,1,0,1,0,Esc5
521,15.74,31.85,23.88,5.37,7.89,0.29,3.79,96.42,46.3,3766276.09,23.57,54.97,0.32,7.85,98.15,12.23,13.79,0,1,0,1,0,1,0,Esc5
522,15.24,32.19,23.57,5.26,7.78,0.29,3.71,96.59,45.23,3732603.93,23.78,54.72,0.31,7.76,98.17,11.78,13.17,0,1,0,1,0,1,0,Esc5
523,13.95,31.27,22.14,4.97,7.3,0.29,2.81,95.31,39.59,3490282.51,25.43,53.73,0.29,6.15,98.31,15.65,15.74,0,1,0,1,0,1,0,Esc5
524,14.07,31.16,22.38,4.96,7.38,0.29,3.0,96.3,41.2,3562366.89,24.92,54.16,0.3,6.53,98.27,13.85,14.48,0,1,0,1,0,1,0,Esc5
525,15.0,31.7,23.38,5.14,7.64,0.29,3.5,96.73,44.3,3688954.05,24.06,54.67,0.31,7.36,98.2,11.93,12.54,0,1,0,1,0,1,0,Esc5
526,14.86,31.25,23.25,5.08,7.56,0.29,3.07,96.45,43.58,3629457.68,24.46,54.88,0.31,6.53,98.23,12.12,12.12,0,1,0,1,0,1,0,Esc5
527,15.12,31.48,23.39,5.09,7.56,0.29,2.95,95.99,43.84,3621128.65,24.51,55.07,0.31,6.25,98.24,12.81,13.31,0,1,0,1,0,1,0,Esc5
528,14.57,31.18,22.9,4.98,7.44,0.29,2.99,96.3,42.69,3598749.57,24.67,54.66,0.31,6.42,98.25,12.72,13.02,0,1,0,1,0,1,0,Esc5
529,14.73,31.32,23.39,5.05,7.53,0.29,2.86,96.95,43.92,3623259.36,24.5,55.26,0.31,6.09,98.24,10.68,11.68,0,1,0,1,0,1,0,Esc5
530,14.77,31.75,22.9,5.12,7.55,0.29,3.22,96.28,42.72,3618508.34,24.53,54.41,0.31,6.88,98.24,13.76,14.06,0,1,0,1,0,1,0,Esc5
531,14.53,31.28,22.96,4.98,7.45,0.29,2.79,96.06,42.58,3574384.82,24.83,54.82,0.31,6.0,98.26,12.47,12.71,0,1,0,1,0,1,0,Esc5
532,15.22,31.81,23.73,5.21,7.74,0.29,3.52,97.58,45.97,3744621.8,23.71,55.23,0.32,7.37,98.17,10.77,12.03,0,1,0,1,0,1,0,Esc5
533,15.96,32.04,24.37,5.33,7.97,0.29,4.24,97.06,48.51,3871363.56,22.93,55.18,0.32,8.64,98.1,9.39,10.8,0,1,0,1,0,1,0,Esc5
534,14.6,31.71,22.75,5.14,7.6,0.29,4.03,96.13,42.4,3681184.28,24.11,53.44,0.3,8.52,98.21,14.14,14.99,0,1,0,1,0,1,0,Esc5
535,14.9,31.95,23.09,5.14,7.62,0.29,3.72,96.35,43.65,3689265.81,24.06,54.19,0.31,7.85,98.2,13.04,13.65,0,1,0,1,0,1,0,Esc5
536,15.09,31.79,23.68,5.1,7.67,0.29,3.33,96.91,45.44,3707901.54,23.94,55.23,0.32,7.0,98.19,10.41,10.89,0,1,0,1,0,1,0,Esc5
537,15.43,32.35,23.67,5.28,7.82,0.29,4.04,96.36,45.25,3757564.04,23.62,54.38,0.31,8.34,98.16,12.17,13.28,0,1,0,1,0,1,0,Esc5
538,14.56,31.86,22.89,5.06,7.51,0.29,3.27,96.09,42.46,3614483.54,24.56,54.28,0.3,6.97,98.24,13.21,13.88,0,1,0,1,0,1,0,Esc5
539,13.9,31.24,22.18,4.96,7.31,0.29,2.83,95.93,40.12,3513608.77,25.26,53.95,0.3,6.19,98.3,14.85,15.48,0,1,0,1,0,1,0,Esc5
540,14.38,30.44,22.77,4.93,7.4,0.29,2.71,96.66,42.41,3570443.01,24.86,54.89,0.31,5.88,98.27,12.18,12.9,0,1,0,1,0,1,0,Esc5
541,14.63,31.91,22.73,5.19,7.6,0.29,3.8,96.23,42.37,3662027.83,24.24,53.69,0.3,8.07,98.22,14.42,15.22,0,1,0,1,0,1,0,Esc5
542,15.61,31.78,23.69,5.39,7.93,0.29,4.43,96.42,45.91,3814548.39,23.27,54.16,0.31,9.12,98.13,12.54,13.44,0,1,0,1,0,1,0,Esc5
543,15.11,31.73,23.37,5.18,7.73,0.29,3.94,96.22,44.62,3734562.76,23.77,54.26,0.31,8.23,98.17,11.61,12.25,0,1,0,1,0,1,0,Esc5
544,14.27,31.31,22.67,4.97,7.4,0.29,3.16,96.24,41.51,3580962.03,24.79,54.1,0.3,6.79,98.26,12.95,13.81,0,1,0,1,0,1,0,Esc5
545,15.4,31.48,23.82,5.22,7.78,0.29,3.56,97.15,46.24,3750856.38,23.67,55.22,0.32,7.44,98.16,10.81,11.59,0,1,0,1,0,1,0,Esc5
546,15.16,31.87,23.37,5.21,7.73,0.29,3.71,96.35,44.98,3726038.63,23.82,54.6,0.31,7.81,98.18,12.15,13.27,0,1,0,1,0,1,0,Esc5
547,14.58,31.47,22.91,5.02,7.53,0.29,3.58,96.73,43.32,3673111.03,24.17,54.23,0.31,7.64,98.21,12.07,13.36,0,1,0,1,0,1,0,Esc5
548,14.68,31.37,22.89,5.16,7.57,0.29,3.11,95.78,42.68,3603761.99,24.63,54.48,0.31,6.66,98.24,13.7,14.88,0,1,0,1,0,1,0,Esc5
549,13.86,30.73,22.35,4.9,7.3,0.29,2.42,96.54,41.01,3508360.33,25.3,54.74,0.3,5.34,98.3,13.36,13.39,0,1,0,1,0,1,0,Esc5
550,14.56,31.32,22.85,5.06,7.48,0.29,2.85,95.78,42.18,3566846.52,24.89,54.59,0.31,6.14,98.27,13.12,13.92,0,1,0,1,0,1,0,Esc5
551,14.38,31.73,22.57,5.08,7.49,0.29,3.23,95.64,41.47,3581763.63,24.78,53.95,0.3,6.95,98.26,14.31,14.54,0,1,0,1,0,1,0,Esc5
552,13.34,30.93,21.66,4.73,7.0,0.28,2.15,95.4,37.52,3378357.78,26.28,53.75,0.29,4.8,98.38,16.05,14.73,0,1,0,1,0,1,0,Esc5
553,14.46,31.16,22.97,4.94,7.43,0.29,2.77,96.81,42.91,3590053.64,24.73,55.01,0.31,5.97,98.26,11.45,12.62,0,1,0,1,0,1,0,Esc5
554,14.01,30.85,22.19,4.96,7.29,0.29,2.6,95.86,40.12,3492018.33,25.42,54.18,0.3,5.71,98.31,15.72,15.91,0,1,0,1,0,1,0,Esc5
555,14.64,32.39,22.82,5.12,7.59,0.29,3.94,96.22,42.45,3675927.55,24.15,53.58,0.3,8.32,98.21,14.01,14.66,0,1,0,1,0,1,0,Esc5
556,13.73,30.77,22.21,4.83,7.2,0.29,2.07,96.34,40.38,3458421.42,25.67,54.91,0.3,4.6,98.33,13.54,13.66,0,1,0,1,0,1,0,Esc5
557,15.36,31.97,23.54,5.2,7.7,0.29,3.54,95.77,44.25,3679448.57,24.13,54.56,0.31,7.38,98.2,12.97,13.31,0,1,0,1,0,1,0,Esc5
558,15.2,32.47,23.53,5.17,7.65,0.29,3.03,96.4,44.83,3656804.64,24.27,55.3,0.32,6.4,98.22,12.12,13.19,0,1,0,1,0,1,0,Esc5
559,15.14,31.75,23.4,5.2,7.68,0.29,3.25,96.42,44.54,3670829.5,24.18,54.98,0.31,6.86,98.21,12.06,12.68,0,1,0,1,0,1,0,Esc5
560,14.99,31.24,23.21,5.17,7.69,0.29,4.04,96.83,44.49,3746362.51,23.69,54.13,0.31,8.49,98.17,12.09,13.89,0,1,0,1,0,1,0,Esc5
561,14.63,31.66,22.88,5.15,7.64,0.29,4.21,96.38,42.77,3711205.76,23.92,53.41,0.3,8.85,98.19,13.21,13.56,0,1,0,1,0,1,0,Esc5
562,15.36,31.28,23.41,5.36,7.79,0.29,3.56,96.24,44.87,3706653.43,23.95,54.73,0.31,7.49,98.18,14.3,14.54,0,1,0,1,0,1,0,Esc5
563,15.98,31.91,24.37,5.36,7.93,0.29,3.51,97.16,48.12,3795055.0,23.39,55.86,0.33,7.23,98.14,10.09,11.25,0,1,0,1,0,1,0,Esc5
564,15.21,31.29,23.66,5.16,7.72,0.29,3.55,96.86,45.76,3735454.53,23.76,55.08,0.32,7.43,98.17,10.41,11.48,0,1,0,1,0,1,0,Esc5
565,14.1,31.31,22.32,4.98,7.39,0.29,3.33,96.21,40.88,3581075.69,24.79,53.69,0.3,7.2,98.26,13.59,13.82,0,1,0,1,0,1,0,Esc5
566,15.45,31.76,23.84,5.28,7.82,0.29,3.48,97.22,46.53,3752356.55,23.66,55.4,0.32,7.28,98.16,10.65,11.58,0,1,0,1,0,1,0,Esc5
567,14.18,30.67,22.59,4.94,7.35,0.29,2.64,96.09,41.3,3528403.34,25.16,54.57,0.3,5.74,98.29,13.34,13.28,0,1,0,1,0,1,0,Esc5
568,14.9,31.18,23.32,5.1,7.64,0.29,3.36,96.42,44.3,3675095.56,24.15,54.79,0.31,7.1,98.21,11.78,12.33,0,1,0,1,0,1,0,Esc5
569,15.36,31.57,23.61,5.27,7.85,0.29,4.11,96.81,46.27,3801552.46,23.35,54.6,0.32,8.56,98.14,10.78,12.59,0,1,0,1,0,1,0,Esc5
570,15.7,31.83,24.15,5.3,7.87,0.29,3.46,96.95,47.17,3764440.41,23.58,55.62,0.32,7.17,98.15,10.57,11.61,0,1,0,1,0,1,0,Esc5
571,15.12,31.43,23.53,5.14,7.66,0.29,3.01,96.6,45.13,3667591.87,24.2,55.43,0.32,6.38,98.21,10.82,11.4,0,1,0,1,0,1,0,Esc5
572,14.46,31.74,22.56,5.1,7.47,0.28,3.45,95.33,40.93,3581294.58,24.79,53.52,0.3,7.37,98.26,15.68,15.73,0,1,0,1,0,1,0,Esc5
573,13.56,30.45,21.75,4.83,7.16,0.29,2.54,95.22,38.47,3437944.9,25.82,53.63,0.29,5.63,98.34,15.59,15.73,0,1,0,1,0,1,0,Esc5
574,13.98,30.72,22.45,4.88,7.29,0.29,2.53,96.4,41.03,3516402.4,25.24,54.63,0.3,5.55,98.3,13.29,13.75,0,1,0,1,0,1,0,Esc5
575,14.94,30.82,23.15,5.15,7.63,0.29,3.45,96.04,43.47,3657211.47,24.27,54.4,0.31,7.3,98.22,13.18,13.23,0,1,0,1,0,1,0,Esc5
576,14.03,31.62,22.47,4.87,7.27,0.29,2.5,95.79,40.46,3490474.22,25.43,54.42,0.3,5.46,98.31,13.55,13.56,0,1,0,1,0,1,0,Esc5
577,14.41,31.73,22.56,5.03,7.42,0.29,3.02,95.48,41.04,3549378.56,25.01,54.03,0.3,6.51,98.28,14.56,14.57,0,1,0,1,0,1,0,Esc5
578,15.05,31.27,23.52,5.11,7.61,0.29,2.89,97.2,45.18,3663330.72,24.23,55.63,0.32,6.14,98.21,11.21,12.24,0,1,0,1,0,1,0,Esc5
579,15.04,31.14,23.47,5.13,7.65,0.29,3.19,96.57,44.7,3671585.9,24.18,55.11,0.32,6.74,98.21,11.76,13.13,0,1,0,1,0,1,0,Esc5
580,14.96,31.57,23.21,5.16,7.64,0.29,3.37,96.49,44.17,3673004.63,24.17,54.72,0.31,7.15,98.21,12.65,13.78,0,1,0,1,0,1,0,Esc5
581,14.94,31.44,23.32,5.08,7.59,0.29,3.35,96.25,43.55,3651914.13,24.31,54.58,0.31,7.06,98.22,12.31,12.81,0,1,0,1,0,1,0,Esc5
582,15.43,32.15,23.9,5.27,7.82,0.29,3.64,97.02,46.57,3765677.7,23.57,55.24,0.32,7.57,98.15,10.19,11.79,0,1,0,1,0,1,0,Esc5
583,14.43,31.16,22.82,5.01,7.49,0.29,3.46,96.74,42.68,3646040.73,24.35,54.18,0.3,7.41,98.23,12.52,12.99,0,1,0,1,0,1,0,Esc5
584,14.23,31.29,22.45,4.98,7.38,0.29,2.84,95.67,41.22,3542261.56,25.06,54.28,0.3,6.18,98.28,14.0,14.38,0,1,0,1,0,1,0,Esc5
585,15.18,31.79,23.68,5.21,7.77,0.29,3.5,97.31,45.88,3738785.91,23.74,55.2,0.32,7.34,98.17,10.94,12.59,0,1,0,1,0,1,0,Esc5
586,14.84,31.23,23.26,5.1,7.55,0.29,2.88,96.49,43.55,3611115.94,24.58,55.07,0.31,6.15,98.24,12.83,13.59,0,1,0,1,0,1,0,Esc5
587,15.85,31.68,24.21,5.33,7.95,0.29,4.25,97.61,47.85,3861149.92,22.99,55.03,0.32,8.7,98.1,10.22,11.51,0,1,0,1,0,1,0,Esc5
588,14.44,31.47,22.95,4.96,7.49,0.29,3.42,96.88,42.94,3648667.05,24.33,54.34,0.31,7.28,98.23,11.17,11.94,0,1,0,1,0,1,0,Esc5
589,14.47,31.63,22.71,5.01,7.44,0.29,3.27,95.83,41.77,3593934.2,24.7,54.02,0.3,7.01,98.25,13.62,14.33,0,1,0,1,0,1,0,Esc5
590,14.43,31.52,22.82,5.06,7.5,0.29,3.05,96.55,42.7,3608485.74,24.6,54.62,0.31,6.57,98.25,12.92,13.7,0,1,0,1,0,1,0,Esc5
591,16.0,31.97,24.14,5.43,8.03,0.29,4.69,96.37,47.61,3881283.54,22.87,54.41,0.32,9.51,98.09,10.57,12.5,0,1,0,1,0,1,0,Esc5
592,15.03,31.74,23.29,5.21,7.7,0.29,3.46,96.52,44.41,3687990.69,24.07,54.7,0.31,7.32,98.2,12.38,13.87,0,1,0,1,0,1,0,Esc5
593,14.78,31.72,23.17,5.14,7.67,0.29,3.84,97.17,44.2,3723903.39,23.84,54.29,0.31,8.1,98.18,11.58,13.24,0,1,0,1,0,1,0,Esc5
594,14.84,31.36,23.09,5.14,7.59,0.29,3.0,96.38,43.62,3624666.31,24.49,54.95,0.31,6.41,98.23,13.07,13.95,0,1,0,1,0,1,0,Esc5
595,14.24,31.58,22.66,4.93,7.41,0.29,3.09,96.63,41.96,3593044.2,24.71,54.34,0.3,6.68,98.26,12.55,12.9,0,1,0,1,0,1,0,Esc5
596,15.36,31.69,23.87,5.15,7.74,0.29,3.51,97.14,46.32,3748541.42,23.68,55.31,0.32,7.32,98.17,9.71,11.28,0,1,0,1,0,1,0,Esc5
597,15.22,31.89,23.63,5.22,7.73,0.29,3.55,97.17,45.17,3719951.25,23.86,54.93,0.31,7.42,98.18,11.35,12.53,0,1,0,1,0,1,0,Esc5
598,14.53,31.36,23.13,5.0,7.5,0.29,3.06,97.27,43.6,3638723.38,24.4,54.96,0.31,6.55,98.23,11.0,11.6,0,1,0,1,0,1,0,Esc5
599,15.39,31.94,23.66,5.26,7.86,0.29,4.49,97.18,45.98,3828624.29,23.19,54.17,0.31,9.25,98.12,11.11,12.91,0,1,0,1,0,1,0,Esc5
600,14.08,30.48,22.61,4.89,7.38,0.29,2.6,96.49,42.33,3558069.73,24.95,54.95,0.31,5.69,98.27,11.24,12.08,0,1,0,1,0,1,0,Esc5
601,14.58,31.07,23.21,5.0,7.54,0.29,3.28,97.35,44.15,3674549.19,24.16,54.9,0.31,6.98,98.21,9.83,11.14,0,1,0,1,0,1,0,Esc5
602,14.49,31.66,22.67,5.13,7.49,0.29,3.29,95.8,41.28,3580265.38,24.79,53.84,0.3,7.04,98.26,14.88,15.06,0,1,0,1,0,1,0,Esc5
603,13.79,31.19,22.09,4.92,7.27,0.29,2.69,96.11,39.85,3495913.27,25.39,54.02,0.3,5.92,98.31,15.21,15.13,0,1,0,1,0,1,0,Esc5
604,15.88,31.57,24.4,5.21,7.84,0.29,3.77,97.35,48.08,3818907.05,23.24,55.59,0.33,7.74,98.13,9.0,10.02,0,1,0,1,0,1,0,Esc5
605,16.02,31.84,24.37,5.36,7.97,0.29,3.93,97.06,48.32,3837995.84,23.13,55.46,0.33,8.05,98.11,10.03,11.35,0,1,0,1,0,1,0,Esc5
606,14.93,31.16,23.37,5.08,7.62,0.29,3.54,96.84,44.64,3703883.61,23.97,54.74,0.31,7.45,98.19,10.8,11.26,0,1,0,1,0,1,0,Esc5
607,15.31,31.53,23.59,5.21,7.73,0.29,3.42,96.91,45.78,3726090.96,23.82,55.21,0.32,7.21,98.18,11.65,12.4,0,1,0,1,0,1,0,Esc5
608,13.95,30.62,22.48,4.83,7.28,0.29,2.68,96.56,41.25,3535540.0,25.11,54.53,0.3,5.85,98.29,12.54,13.47,0,1,0,1,0,1,0,Esc5
609,14.52,31.31,22.93,5.03,7.47,0.29,3.03,96.01,42.26,3586074.19,24.75,54.46,0.31,6.48,98.26,12.57,13.23,0,1,0,1,0,1,0,Esc5
610,14.05,31.81,22.24,4.98,7.42,0.29,3.68,95.92,40.51,3599499.22,24.66,53.17,0.29,7.92,98.25,14.37,15.24,0,1,0,1,0,1,0,Esc5
611,15.5,31.26,23.98,5.15,7.67,0.29,3.04,96.54,45.45,3674091.41,24.16,55.55,0.32,6.33,98.21,11.27,11.28,0,1,0,1,0,1,0,Esc5
612,15.16,32.19,23.43,5.2,7.7,0.29,3.73,96.47,44.38,3709547.1,23.93,54.44,0.31,7.8,98.19,12.25,12.61,0,1,0,1,0,1,0,Esc5
613,14.17,30.4,22.62,4.89,7.34,0.29,2.78,96.71,41.57,3553950.35,24.98,54.56,0.3,6.04,98.28,12.64,13.19,0,1,0,1,0,1,0,Esc5
614,14.35,31.67,22.7,5.03,7.47,0.29,3.15,96.49,42.26,3603444.43,24.63,54.35,0.3,6.79,98.25,13.1,13.71,0,1,0,1,0,1,0,Esc5
615,13.12,29.56,21.44,4.67,6.97,0.29,2.22,95.08,37.15,3373006.09,26.32,53.5,0.29,4.98,98.38,15.72,15.82,0,1,0,1,0,1,0,Esc5
616,12.76,30.73,21.12,4.65,6.89,0.29,2.11,95.55,36.23,3345082.37,26.54,53.33,0.28,4.8,98.4,16.63,16.24,0,1,0,1,0,1,0,Esc5
617,16.04,31.66,24.3,5.4,8.02,0.29,4.53,97.19,48.09,3887479.69,22.83,54.79,0.32,9.18,98.09,10.62,12.09,0,1,0,1,0,1,0,Esc5
618,13.99,30.93,22.21,4.96,7.34,0.29,2.97,95.46,40.27,3524889.35,25.18,53.8,0.3,6.47,98.29,14.54,15.18,0,1,0,1,0,1,0,Esc5
619,15.18,32.16,23.46,5.22,7.77,0.29,4.11,96.89,45.45,3777665.97,23.5,54.35,0.31,8.58,98.15,11.18,13.04,0,1,0,1,0,1,0,Esc5
620,13.75,30.57,21.99,4.83,7.2,0.29,2.61,95.65,39.22,3467329.36,25.6,53.85,0.29,5.75,98.33,15.05,14.72,0,1,0,1,0,1,0,Esc5
621,14.74,31.41,22.96,5.1,7.54,0.29,3.19,96.02,42.74,3615021.14,24.56,54.45,0.31,6.8,98.24,14.04,13.98,0,1,0,1,0,1,0,Esc5
622,13.51,31.77,21.82,4.77,7.15,0.29,2.75,95.43,38.76,3465268.65,25.62,53.52,0.29,6.06,98.33,14.23,14.75,0,1,0,1,0,1,0,Esc5
623,14.53,31.72,22.85,5.03,7.48,0.29,2.9,96.41,42.7,3592727.68,24.71,54.75,0.31,6.26,98.25,12.74,13.46,0,1,0,1,0,1,0,Esc5
624,14.67,31.27,23.16,5.06,7.52,0.29,3.04,96.56,43.24,3617601.53,24.54,54.82,0.31,6.47,98.24,12.28,12.77,0,1,0,1,0,1,0,Esc5
625,14.91,31.13,23.3,5.09,7.61,0.29,3.17,96.83,44.47,3667722.97,24.2,55.07,0.31,6.75,98.21,11.38,12.13,0,1,0,1,0,1,0,Esc5
626,15.34,31.6,23.72,5.18,7.77,0.29,4.0,96.86,45.94,3779830.75,23.48,54.65,0.32,8.29,98.15,10.54,11.52,0,1,0,1,0,1,0,Esc5
627,15.59,31.43,24.07,5.25,7.85,0.29,3.65,97.47,47.53,3797775.45,23.37,55.54,0.32,7.58,98.14,9.73,11.01,0,1,0,1,0,1,0,Esc5
628,14.48,31.37,22.78,5.01,7.47,0.29,3.2,96.27,42.32,3607205.71,24.61,54.31,0.3,6.86,98.25,13.13,13.68,0,1,0,1,0,1,0,Esc5
629,15.13,31.64,23.52,5.14,7.65,0.29,3.32,96.61,44.88,3687916.53,24.07,55.03,0.32,7.0,98.2,11.53,12.57,0,1,0,1,0,1,0,Esc5
630,14.81,31.19,23.35,5.04,7.55,0.29,3.16,96.9,44.06,3654590.26,24.29,54.99,0.31,6.69,98.22,11.48,12.18,0,1,0,1,0,1,0,Esc5
631,14.81,32.16,23.27,5.1,7.61,0.29,3.46,96.72,43.98,3677105.38,24.14,54.61,0.31,7.3,98.21,11.24,11.99,0,1,0,1,0,1,0,Esc5
632,14.15,31.1,22.55,4.95,7.39,0.29,2.98,96.62,41.67,3573823.34,24.84,54.35,0.3,6.46,98.27,13.04,13.52,0,1,0,1,0,1,0,Esc5
633,13.63,30.47,22.01,4.82,7.2,0.29,2.77,95.64,39.12,3478731.13,25.52,53.66,0.29,6.08,98.32,14.65,14.46,0,1,0,1,0,1,0,Esc5
634,14.98,31.84,22.97,5.27,7.7,0.29,3.96,95.47,42.77,3678878.9,24.13,53.61,0.3,8.32,98.2,14.63,15.41,0,1,0,1,0,1,0,Esc5
635,15.07,32.27,23.56,5.15,7.7,0.29,3.58,97.24,45.44,3733747.28,23.77,54.98,0.32,7.51,98.18,10.48,12.01,0,1,0,1,0,1,0,Esc5
636,13.92,30.99,22.46,4.85,7.26,0.29,2.28,96.73,41.03,3497043.51,25.38,54.93,0.3,5.02,98.31,13.06,13.08,0,1,0,1,0,1,0,Esc5
637,15.19,31.51,23.46,5.19,7.7,0.29,3.47,96.49,44.86,3699521.97,23.99,54.84,0.31,7.3,98.19,12.42,13.45,0,1,0,1,0,1,0,Esc5
638,14.66,31.07,23.19,5.06,7.54,0.29,2.99,96.83,43.88,3635508.82,24.42,55.08,0.31,6.4,98.23,11.14,12.51,0,1,0,1,0,1,0,Esc5
639,14.27,30.63,22.65,4.94,7.4,0.29,2.87,96.73,42.33,3584017.97,24.77,54.69,0.31,6.24,98.26,12.29,13.0,0,1,0,1,0,1,0,Esc5
640,14.8,31.2,23.31,5.09,7.59,0.29,3.1,97.12,44.25,3657289.58,24.27,55.1,0.31,6.6,98.22,11.36,12.03,0,1,0,1,0,1,0,Esc5
641,13.47,31.07,21.62,4.87,7.2,0.29,3.08,95.33,38.3,3483373.27,25.48,52.99,0.29,6.8,98.32,15.91,15.79,0,1,0,1,0,1,0,Esc5
642,14.56,30.95,23.09,4.97,7.43,0.29,2.21,96.84,43.55,3557933.29,24.95,55.83,0.32,4.81,98.27,11.31,12.23,0,1,0,1,0,1,0,Esc5
643,14.94,31.85,23.56,5.14,7.64,0.29,3.05,97.29,44.84,3670336.53,24.19,55.38,0.32,6.46,98.21,11.08,11.22,0,1,0,1,0,1,0,Esc5
644,13.56,30.82,21.93,4.78,7.14,0.29,2.32,95.55,38.92,3434231.17,25.85,54.06,0.29,5.15,98.34,14.73,14.49,0,1,0,1,0,1,0,Esc5
645,15.4,31.78,23.57,5.27,7.8,0.29,4.12,96.49,45.35,3771842.6,23.53,54.32,0.31,8.55,98.15,11.72,13.04,0,1,0,1,0,1,0,Esc5
646,14.72,31.24,23.19,5.07,7.58,0.29,3.4,96.54,43.7,3664273.49,24.23,54.57,0.31,7.2,98.21,11.76,12.77,0,1,0,1,0,1,0,Esc5
647,15.1,31.6,23.3,5.19,7.69,0.29,3.79,96.04,44.06,3702330.48,23.98,54.23,0.31,7.94,98.19,12.8,13.27,0,1,0,1,0,1,0,Esc5
648,14.52,31.21,23.07,4.99,7.47,0.29,2.48,96.79,43.36,3575956.41,24.82,55.47,0.31,5.37,98.26,11.29,12.29,0,1,0,1,0,1,0,Esc5
649,14.14,31.21,22.46,4.96,7.36,0.29,2.53,96.38,41.29,3522962.64,25.2,54.71,0.3,5.54,98.29,14.35,15.05,0,1,0,1,0,1,0,Esc5
650,15.09,31.8,23.38,5.14,7.66,0.29,3.32,96.7,44.78,3687651.57,24.07,54.98,0.31,7.04,98.2,11.63,12.57,0,1,0,1,0,1,0,Esc5
651,15.05,31.02,23.55,5.08,7.62,0.29,2.92,97.26,45.43,3674059.6,24.16,55.67,0.32,6.21,98.21,10.22,11.13,0,1,0,1,0,1,0,Esc5
652,15.07,31.35,23.52,5.17,7.66,0.29,2.86,96.78,44.95,3650953.66,24.31,55.56,0.32,6.08,98.22,11.7,12.6,0,1,0,1,0,1,0,Esc5
653,15.23,31.61,23.5,5.21,7.72,0.29,3.76,96.73,44.86,3727343.1,23.82,54.58,0.31,7.85,98.18,12.26,13.52,0,1,0,1,0,1,0,Esc5
654,14.69,31.22,23.29,4.98,7.51,0.29,2.79,97.3,44.44,3637221.88,24.41,55.51,0.32,5.98,98.23,10.14,10.82,0,1,0,1,0,1,0,Esc5
655,13.39,30.87,21.59,4.76,7.15,0.29,2.98,95.43,38.34,3476957.99,25.53,53.12,0.29,6.6,98.32,15.08,15.8,0,1,0,1,0,1,0,Esc5
656,13.81,31.36,22.3,4.87,7.34,0.29,3.33,96.59,41.01,3589046.63,24.73,53.75,0.3,7.23,98.26,12.62,14.2,0,1,0,1,0,1,0,Esc5
657,14.78,31.84,23.39,5.07,7.58,0.29,3.05,97.14,44.38,3655807.77,24.28,55.21,0.31,6.48,98.22,10.72,11.94,0,1,0,1,0,1,0,Esc5
658,14.34,30.88,22.58,5.06,7.46,0.29,2.98,96.05,41.51,3564950.4,24.9,54.28,0.3,6.44,98.27,14.45,14.65,0,1,0,1,0,1,0,Esc5
659,14.61,31.77,22.97,5.05,7.57,0.29,3.64,96.91,43.48,3684764.03,24.09,54.26,0.31,7.73,98.21,12.22,13.16,0,1,0,1,0,1,0,Esc5
660,14.76,31.41,23.33,5.03,7.54,0.29,2.87,96.88,43.96,3627082.83,24.47,55.27,0.31,6.12,98.23,11.76,12.01,0,1,0,1,0,1,0,Esc5
661,14.41,31.19,22.96,4.95,7.43,0.29,2.89,96.8,42.88,3598683.49,24.67,54.87,0.31,6.21,98.25,11.45,11.8,0,1,0,1,0,1,0,Esc5
662,13.97,31.11,22.41,4.87,7.28,0.29,2.71,96.37,40.93,3527276.09,25.17,54.38,0.3,5.91,98.29,13.15,13.84,0,1,0,1,0,1,0,Esc5
663,15.02,31.71,23.47,5.15,7.68,0.29,3.35,96.88,44.88,3694131.7,24.03,55.02,0.31,7.07,98.2,11.21,12.18,0,1,0,1,0,1,0,Esc5
664,15.34,31.8,23.74,5.16,7.72,0.29,3.49,97.2,45.95,3737181.87,23.75,55.22,0.32,7.3,98.17,11.06,12.35,0,1,0,1,0,1,0,Esc5
665,14.94,31.66,23.4,5.12,7.64,0.29,3.46,97.11,44.53,3697271.98,24.01,54.82,0.31,7.3,98.2,11.42,11.68,0,1,0,1,0,1,0,Esc5
666,13.06,31.02,21.37,4.71,7.02,0.29,2.35,95.77,37.3,3397381.56,26.13,53.48,0.28,5.3,98.37,16.26,16.08,0,1,0,1,0,1,0,Esc5
667,15.38,31.46,23.88,5.2,7.77,0.29,3.6,96.92,46.1,3748156.6,23.68,55.15,0.32,7.48,98.17,10.39,11.34,0,1,0,1,0,1,0,Esc5
668,15.15,31.76,23.45,5.18,7.75,0.29,4.07,96.87,45.08,3764953.8,23.58,54.31,0.31,8.49,98.16,12.01,13.24,0,1,0,1,0,1,0,Esc5
669,15.46,31.62,23.77,5.31,7.83,0.29,3.76,96.87,46.05,3761387.92,23.6,54.95,0.32,7.82,98.16,11.65,12.76,0,1,0,1,0,1,0,Esc5
670,14.06,30.76,22.38,4.98,7.38,0.29,2.96,96.28,41.2,3557709.12,24.95,54.18,0.3,6.45,98.27,13.66,14.06,0,1,0,1,0,1,0,Esc5
671,15.59,31.87,24.13,5.29,7.93,0.29,4.16,97.93,48.22,3868928.2,22.94,55.23,0.32,8.57,98.1,8.52,10.63,0,1,0,1,0,1,0,Esc5
672,14.77,31.94,23.05,5.13,7.62,0.29,3.91,96.26,43.13,3689820.7,24.06,53.83,0.3,8.21,98.2,12.72,13.85,0,1,0,1,0,1,0,Esc5
673,15.73,31.93,24.14,5.25,7.85,0.29,3.98,97.04,47.42,3817715.86,23.25,55.14,0.32,8.17,98.13,10.01,11.2,0,1,0,1,0,1,0,Esc5
674,14.13,31.62,22.36,5.01,7.42,0.29,3.51,95.73,40.87,3591170.94,24.72,53.44,0.3,7.56,98.26,14.41,14.8,0,1,0,1,0,1,0,Esc5
675,14.21,31.08,22.6,4.97,7.4,0.29,2.88,96.22,41.66,3561150.2,24.93,54.44,0.3,6.23,98.27,13.25,13.49,0,1,0,1,0,1,0,Esc5
676,15.36,32.07,23.67,5.19,7.73,0.29,3.8,96.56,45.26,3739931.75,23.73,54.65,0.31,7.9,98.17,11.07,12.18,0,1,0,1,0,1,0,Esc5
677,15.47,31.73,23.68,5.25,7.76,0.29,3.55,96.27,45.14,3711094.53,23.92,54.86,0.32,7.4,98.18,12.06,12.41,0,1,0,1,0,1,0,Esc5
678,15.79,31.47,23.95,5.37,7.99,0.29,4.84,96.75,47.4,3895314.78,22.79,54.19,0.32,9.86,98.08,10.29,12.27,0,1,0,1,0,1,0,Esc5
679,14.71,30.92,23.07,5.06,7.49,0.29,2.52,96.34,43.05,3566236.89,24.89,55.3,0.31,5.43,98.27,13.14,13.75,0,1,0,1,0,1,0,Esc5
680,14.51,31.67,22.96,5.01,7.48,0.29,3.14,96.38,42.5,3606447.26,24.61,54.47,0.31,6.7,98.25,12.51,12.84,0,1,0,1,0,1,0,Esc5
681,14.31,31.59,22.38,5.08,7.48,0.29,3.53,95.4,40.79,3586956.96,24.75,53.39,0.29,7.57,98.26,16.07,16.01,0,1,0,1,0,1,0,Esc5
682,14.13,30.62,22.55,4.87,7.3,0.29,2.52,96.15,41.3,3517558.26,25.24,54.68,0.3,5.5,98.3,12.95,13.19,0,1,0,1,0,1,0,Esc5
683,14.9,31.13,23.5,5.1,7.59,0.29,2.74,97.26,44.89,3644021.86,24.36,55.72,0.32,5.85,98.22,10.87,11.24,0,1,0,1,0,1,0,Esc5
684,14.35,31.67,22.74,5.01,7.53,0.29,3.6,96.68,42.84,3663622.98,24.23,54.07,0.3,7.7,98.22,12.11,12.97,0,1,0,1,0,1,0,Esc5
685,15.12,31.91,23.36,5.17,7.67,0.29,3.78,96.25,44.07,3701676.93,23.98,54.26,0.31,7.9,98.19,12.51,13.26,0,1,0,1,0,1,0,Esc5
686,13.95,31.06,22.22,4.94,7.31,0.29,2.9,95.79,40.31,3524093.16,25.19,53.92,0.3,6.34,98.29,14.6,14.81,0,1,0,1,0,1,0,Esc5
687,14.04,30.57,22.22,4.98,7.34,0.29,2.9,95.39,39.99,3510912.54,25.28,53.79,0.3,6.32,98.3,15.45,15.3,0,1,0,1,0,1,0,Esc5
688,14.69,31.66,22.8,5.16,7.54,0.29,3.19,95.55,41.84,3584824.59,24.76,54.11,0.3,6.82,98.26,14.67,15.18,0,1,0,1,0,1,0,Esc5
689,13.95,32.08,22.09,4.91,7.26,0.28,3.1,95.15,39.24,3503517.23,25.34,53.3,0.29,6.72,98.31,15.18,15.18,0,1,0,1,0,1,0,Esc5
690,14.35,31.38,22.81,5.03,7.46,0.29,2.68,96.43,42.52,3567840.56,24.88,54.94,0.31,5.8,98.27,12.89,13.88,0,1,0,1,0,1,0,Esc5
691,14.7,31.52,22.87,5.08,7.56,0.29,3.64,96.32,42.84,3661167.97,24.25,54.0,0.3,7.74,98.22,13.61,14.77,0,1,0,1,0,1,0,Esc5
692,15.8,32.15,24.17,5.31,7.93,0.29,4.18,97.21,47.79,3850181.97,23.06,55.05,0.32,8.57,98.11,9.66,11.63,0,1,0,1,0,1,0,Esc5
693,14.45,30.96,22.84,5.04,7.47,0.29,3.12,96.82,42.48,3608670.88,24.6,54.5,0.31,6.69,98.25,12.83,13.92,0,1,0,1,0,1,0,Esc5
694,15.15,31.47,23.42,5.21,7.71,0.29,3.48,96.24,44.48,3687737.52,24.07,54.7,0.31,7.32,98.2,12.41,12.96,0,1,0,1,0,1,0,Esc5
695,13.96,30.69,22.18,4.96,7.35,0.29,3.11,96.06,40.61,3553803.07,24.98,53.79,0.3,6.8,98.28,13.97,14.19,0,1,0,1,0,1,0,Esc5
696,14.99,31.62,23.44,5.11,7.62,0.29,3.32,96.82,44.59,3681845.89,24.11,54.95,0.31,7.01,98.2,11.13,11.95,0,1,0,1,0,1,0,Esc5
697,14.54,31.23,22.91,5.1,7.58,0.29,3.8,96.56,43.1,3685740.49,24.08,53.94,0.3,8.06,98.2,12.34,13.66,0,1,0,1,0,1,0,Esc5
698,14.08,31.2,22.25,5.03,7.38,0.29,3.09,95.67,40.27,3536956.65,25.1,53.7,0.3,6.7,98.28,15.29,15.21,0,1,0,1,0,1,0,Esc5
699,14.61,31.54,23.16,5.08,7.55,0.29,2.94,97.4,43.95,3639400.28,24.39,55.21,0.31,6.31,98.23,11.32,11.93,0,1,0,1,0,1,0,Esc5
700,14.18,31.35,22.42,4.96,7.35,0.29,2.7,95.8,40.87,3519258.62,25.22,54.32,0.3,5.88,98.29,14.39,14.29,0,1,0,1,0,1,0,Esc5
701,13.87,31.69,22.24,4.85,7.21,0.29,2.31,95.75,39.74,3454935.64,25.69,54.38,0.3,5.08,98.33,14.6,14.87,0,1,0,1,0,1,0,Esc5
702,14.56,31.94,22.89,5.07,7.5,0.29,2.88,96.55,42.87,3595030.72,24.69,54.83,0.31,6.22,98.25,13.27,13.95,0,1,0,1,0,1,0,Esc5
703,15.05,31.73,23.39,5.18,7.69,0.29,3.58,96.43,44.29,3693749.67,24.03,54.57,0.31,7.51,98.2,11.67,12.13,0,1,0,1,0,1,0,Esc5
704,16.24,31.97,24.41,5.4,7.98,0.29,4.03,96.34,47.49,3814277.71,23.27,55.1,0.32,8.18,98.12,11.86,12.41,0,1,0,1,0,1,0,Esc5
705,15.39,31.8,23.67,5.24,7.78,0.29,3.76,96.53,45.67,3748409.05,23.68,54.79,0.32,7.84,98.16,11.58,12.62,0,1,0,1,0,1,0,Esc5
706,14.92,30.87,23.28,5.17,7.65,0.29,3.23,96.87,44.32,3668951.16,24.19,54.96,0.31,6.87,98.21,12.61,13.3,0,1,0,1,0,1,0,Esc5
707,15.21,32.18,23.35,5.23,7.71,0.29,3.83,96.23,44.18,3710056.96,23.93,54.24,0.31,8.01,98.19,13.15,14.02,0,1,0,1,0,1,0,Esc5
708,14.8,32.32,23.0,5.14,7.6,0.29,3.96,96.16,42.63,3679913.71,24.12,53.63,0.3,8.32,98.21,13.9,14.24,0,1,0,1,0,1,0,Esc5
709,14.43,31.31,22.81,5.07,7.49,0.29,2.75,96.49,42.61,3578637.03,24.8,54.91,0.31,5.95,98.26,13.01,13.68,0,1,0,1,0,1,0,Esc5
710,13.69,31.43,22.0,4.86,7.22,0.29,2.71,96.25,39.62,3492284.97,25.42,53.93,0.29,5.97,98.31,14.67,15.07,0,1,0,1,0,1,0,Esc5
711,14.96,31.78,23.26,5.15,7.65,0.29,3.53,96.36,44.09,3683190.79,24.1,54.52,0.31,7.45,98.2,12.35,13.65,0,1,0,1,0,1,0,Esc5
712,14.67,31.48,22.9,5.08,7.49,0.29,2.81,95.82,42.33,3568760.07,24.87,54.7,0.31,6.05,98.26,13.78,13.94,0,1,0,1,0,1,0,Esc5
713,14.27,32.09,22.76,5.05,7.47,0.29,3.02,96.83,42.25,3594171.13,24.7,54.52,0.3,6.51,98.25,12.75,14.46,0,1,0,1,0,1,0,Esc5
714,14.12,30.75,22.55,4.97,7.44,0.29,2.99,96.79,42.39,3598161.14,24.67,54.57,0.31,6.5,98.25,11.84,13.09,0,1,0,1,0,1,0,Esc5
715,15.02,31.73,23.23,5.17,7.68,0.29,4.0,96.23,43.72,3713079.31,23.91,53.92,0.31,8.36,98.19,12.41,14.02,0,1,0,1,0,1,0,Esc5
716,14.35,31.49,22.84,4.99,7.45,0.29,3.07,96.83,42.72,3611648.81,24.58,54.62,0.31,6.6,98.25,12.04,13.22,0,1,0,1,0,1,0,Esc5
717,16.34,31.79,24.76,5.43,8.06,0.29,4.15,97.41,49.33,3885932.05,22.84,55.58,0.33,8.38,98.09,9.49,10.8,0,1,0,1,0,1,0,Esc5
718,13.35,30.25,21.76,4.69,7.01,0.29,1.9,95.56,37.99,3372760.25,26.32,54.21,0.29,4.27,98.38,15.25,15.02,0,1,0,1,0,1,0,Esc5
719,14.16,31.14,22.43,4.99,7.41,0.29,3.33,96.01,41.19,3587816.28,24.74,53.77,0.3,7.19,98.26,14.13,13.76,0,1,0,1,0,1,0,Esc5
720,15.42,31.91,23.71,5.19,7.76,0.29,4.01,96.8,45.7,3772407.55,23.53,54.56,0.31,8.31,98.15,11.1,12.57,0,1,0,1,0,1,0,Esc5
721,14.47,31.53,22.82,4.98,7.43,0.29,3.19,96.34,42.21,3602553.27,24.64,54.29,0.3,6.83,98.25,13.03,14.23,0,1,0,1,0,1,0,Esc5
722,14.24,31.36,22.72,5.01,7.41,0.29,2.48,97.04,42.22,3548120.78,25.02,55.12,0.31,5.41,98.28,13.01,13.57,0,1,0,1,0,1,0,Esc5
723,15.1,31.71,23.59,5.14,7.73,0.29,3.97,97.34,45.59,3773134.82,23.53,54.61,0.31,8.27,98.16,9.99,12.02,0,1,0,1,0,1,0,Esc5
724,13.69,30.98,22.26,4.82,7.25,0.29,2.62,96.46,40.58,3512663.93,25.27,54.36,0.3,5.76,98.3,12.15,13.25,0,1,0,1,0,1,0,Esc5
725,15.5,31.73,23.89,5.25,7.78,0.29,3.33,97.32,46.54,3740560.22,23.73,55.58,0.32,6.98,98.17,11.29,12.12,0,1,0,1,0,1,0,Esc5
726,13.7,31.14,22.15,4.79,7.2,0.29,2.29,96.45,40.33,3478272.61,25.52,54.65,0.3,5.09,98.32,12.86,13.5,0,1,0,1,0,1,0,Esc5
727,13.99,31.38,22.51,4.82,7.25,0.29,2.34,96.44,41.21,3503590.55,25.34,54.89,0.3,5.14,98.31,12.63,13.17,0,1,0,1,0,1,0,Esc5
728,13.48,31.12,21.74,4.79,7.13,0.29,2.56,95.14,38.29,3433842.42,25.85,53.53,0.29,5.68,98.34,15.13,15.22,0,1,0,1,0,1,0,Esc5
729,14.54,31.58,22.93,5.0,7.45,0.29,2.73,96.59,42.88,3583613.95,24.77,55.02,0.31,5.9,98.26,12.28,13.11,0,1,0,1,0,1,0,Esc5
730,14.6,31.46,22.93,5.03,7.48,0.29,2.89,96.28,42.75,3590903.6,24.72,54.77,0.31,6.22,98.25,12.85,13.1,0,1,0,1,0,1,0,Esc5
731,14.56,31.4,22.98,5.01,7.49,0.29,3.28,96.68,42.87,3630343.42,24.45,54.44,0.31,6.98,98.24,12.26,13.3,0,1,0,1,0,1,0,Esc5
732,15.02,31.58,23.43,5.14,7.63,0.29,3.15,96.79,44.62,3667674.91,24.2,55.15,0.32,6.67,98.21,11.58,12.36,0,1,0,1,0,1,0,Esc5
733,14.47,31.18,22.85,5.04,7.5,0.29,3.35,95.87,42.31,3614928.2,24.56,54.12,0.3,7.14,98.24,12.77,13.94,0,1,0,1,0,1,0,Esc5
734,14.58,30.78,23.05,4.99,7.5,0.29,3.15,96.62,43.37,3633751.63,24.43,54.73,0.31,6.73,98.23,11.75,12.06,0,1,0,1,0,1,0,Esc5
735,15.82,32.09,24.03,5.35,7.97,0.29,4.82,96.79,47.07,3883210.6,22.86,54.16,0.31,9.77,98.09,11.12,12.3,0,1,0,1,0,1,0,Esc5
736,14.98,31.71,23.38,5.13,7.68,0.29,3.66,97.15,45.07,3731391.74,23.79,54.75,0.31,7.72,98.18,11.25,12.67,0,1,0,1,0,1,0,Esc5
737,15.43,31.63,23.97,5.21,7.81,0.29,4.0,97.32,46.59,3801216.32,23.35,54.91,0.32,8.25,98.14,9.73,11.05,0,1,0,1,0,1,0,Esc5
738,15.4,31.42,23.79,5.21,7.8,0.29,3.9,97.06,46.21,3780819.75,23.48,54.86,0.32,8.09,98.15,10.07,11.16,0,1,0,1,0,1,0,Esc5
739,14.68,31.99,22.76,5.14,7.56,0.29,3.63,95.67,42.15,3633844.41,24.43,53.74,0.3,7.72,98.23,14.31,14.73,0,1,0,1,0,1,0,Esc5
740,15.89,31.84,23.99,5.34,7.98,0.29,4.84,96.84,47.2,3889236.28,22.82,54.15,0.31,9.83,98.09,11.05,12.51,0,1,0,1,0,1,0,Esc5
741,15.39,31.51,23.68,5.28,7.8,0.29,3.72,96.58,45.52,3740256.26,23.73,54.81,0.32,7.74,98.17,11.46,12.53,0,1,0,1,0,1,0,Esc5
742,15.38,31.95,23.86,5.22,7.77,0.29,3.51,96.6,45.98,3733073.02,23.78,55.17,0.32,7.31,98.17,9.74,10.66,0,1,0,1,0,1,0,Esc5
743,14.92,31.76,23.21,5.19,7.65,0.29,3.43,96.09,43.63,3659363.23,24.26,54.47,0.31,7.26,98.21,12.78,14.11,0,1,0,1,0,1,0,Esc5
744,14.81,32.69,22.95,5.2,7.66,0.29,3.85,96.5,43.14,3689356.04,24.06,53.91,0.3,8.13,98.2,13.64,13.96,0,1,0,1,0,1,0,Esc5
745,15.45,31.57,23.96,5.2,7.8,0.29,3.95,97.19,46.86,3802826.07,23.34,55.01,0.32,8.16,98.14,9.82,11.4,0,1,0,1,0,1,0,Esc5
746,14.87,31.69,23.32,5.04,7.55,0.29,3.09,96.86,44.32,3655790.83,24.28,55.12,0.31,6.56,98.22,10.97,12.15,0,1,0,1,0,1,0,Esc5
747,14.02,30.77,22.54,4.91,7.35,0.29,2.8,96.52,41.35,3549279.53,25.01,54.45,0.3,6.09,98.28,12.44,12.91,0,1,0,1,0,1,0,Esc5
748,14.21,31.89,22.44,4.95,7.34,0.29,2.65,95.43,40.74,3508243.53,25.3,54.31,0.3,5.77,98.3,14.34,14.41,0,1,0,1,0,1,0,Esc5
749,15.12,31.02,23.57,5.1,7.58,0.29,2.81,96.63,44.38,3628033.79,24.47,55.44,0.32,5.95,98.23,12.32,12.11,0,1,0,1,0,1,0,Esc5
750,14.74,31.19,23.04,5.05,7.51,0.29,3.03,96.32,42.96,3609195.39,24.59,54.71,0.31,6.48,98.24,13.56,13.98,0,1,0,1,0,1,0,Esc5
751,14.47,30.99,22.76,5.04,7.47,0.29,3.1,96.22,42.19,3594896.72,24.69,54.36,0.3,6.68,98.25,13.5,14.42,0,1,0,1,0,1,0,Esc5
752,14.48,31.22,22.99,4.99,7.47,0.29,2.87,96.73,42.91,3597595.32,24.67,54.9,0.31,6.17,98.25,11.86,12.3,0,1,0,1,0,1,0,Esc5
753,14.63,31.22,22.94,5.08,7.54,0.29,3.12,96.31,42.82,3613525.74,24.57,54.56,0.31,6.68,98.24,12.95,13.42,0,1,0,1,0,1,0,Esc5
754,15.07,31.3,23.62,5.12,7.68,0.29,3.2,96.93,45.33,3692865.85,24.04,55.33,0.32,6.74,98.2,11.11,11.35,0,1,0,1,0,1,0,Esc5
755,14.87,31.41,22.81,5.19,7.56,0.29,3.09,95.08,41.82,3570521.3,24.86,54.18,0.3,6.6,98.26,15.49,15.39,0,1,0,1,0,1,0,Esc5
756,13.58,30.87,22.03,4.72,7.08,0.29,1.91,95.78,39.22,3408219.56,26.05,54.64,0.3,4.27,98.36,13.53,13.51,0,1,0,1,0,1,0,Esc5
757,14.83,31.65,23.13,5.15,7.59,0.29,3.19,96.34,43.62,3640892.03,24.38,54.74,0.31,6.8,98.23,12.41,13.74,0,1,0,1,0,1,0,Esc5
758,15.5,31.9,24.02,5.24,7.83,0.29,4.0,97.4,46.68,3803509.81,23.34,54.94,0.32,8.24,98.14,10.04,11.84,0,1,0,1,0,1,0,Esc5
759,15.06,31.42,23.21,5.2,7.65,0.29,3.32,95.99,43.69,3649609.4,24.32,54.6,0.31,7.03,98.22,13.13,13.92,0,1,0,1,0,1,0,Esc5
760,14.8,31.52,23.33,5.1,7.61,0.29,3.25,97.28,44.88,3690611.02,24.05,55.14,0.32,6.91,98.2,10.74,11.98,0,1,0,1,0,1,0,Esc5
761,15.24,31.67,23.65,5.14,7.68,0.29,3.32,96.63,45.27,3698454.86,24.0,55.16,0.32,6.98,98.19,10.59,11.84,0,1,0,1,0,1,0,Esc5
762,14.51,31.5,22.79,4.99,7.43,0.29,2.86,95.91,41.79,3558711.88,24.94,54.49,0.3,6.15,98.27,13.89,13.85,0,1,0,1,0,1,0,Esc5
763,14.42,31.09,22.89,4.96,7.42,0.29,2.85,96.81,42.51,3586065.82,24.75,54.8,0.31,6.15,98.26,12.23,12.7,0,1,0,1,0,1,0,Esc5
764,15.66,32.3,23.83,5.3,7.79,0.29,3.36,96.25,45.64,3706746.32,23.95,55.22,0.32,7.0,98.18,12.19,12.79,0,1,0,1,0,1,0,Esc5
765,13.72,31.69,21.96,4.85,7.25,0.29,3.03,95.94,39.49,3516477.34,25.24,53.52,0.29,6.65,98.3,15.12,15.17,0,1,0,1,0,1,0,Esc5
766,14.97,31.82,23.33,5.17,7.74,0.29,4.04,97.14,45.1,3767891.39,23.56,54.35,0.31,8.48,98.16,10.96,12.55,0,1,0,1,0,1,0,Esc5
767,14.88,31.55,23.26,5.09,7.57,0.29,3.16,96.43,43.8,3643499.14,24.36,54.85,0.31,6.71,98.23,12.1,12.51,0,1,0,1,0,1,0,Esc5
768,14.32,31.56,22.48,5.04,7.45,0.29,3.31,95.55,41.24,3581879.25,24.78,53.78,0.3,7.12,98.26,14.42,14.76,0,1,0,1,0,1,0,Esc5
769,15.36,31.48,23.49,5.28,7.83,0.29,4.24,96.53,45.4,3783847.6,23.46,54.19,0.31,8.8,98.15,11.76,13.1,0,1,0,1,0,1,0,Esc5
770,15.89,31.7,24.04,5.38,7.95,0.29,4.21,96.42,47.07,3824897.51,23.21,54.76,0.32,8.63,98.12,11.64,12.13,0,1,0,1,0,1,0,Esc5
771,14.17,31.18,22.43,4.92,7.36,0.29,3.07,96.21,41.45,3573884.03,24.84,54.14,0.3,6.67,98.27,13.0,13.91,0,1,0,1,0,1,0,Esc5
772,14.76,31.34,23.01,5.16,7.63,0.29,3.42,96.12,43.38,3653357.97,24.3,54.4,0.31,7.27,98.22,12.69,13.37,0,1,0,1,0,1,0,Esc5
773,14.2,31.26,22.68,4.91,7.35,0.29,2.58,96.42,41.98,3545160.26,25.04,54.87,0.31,5.63,98.28,11.91,12.51,0,1,0,1,0,1,0,Esc5
774,13.99,30.98,22.34,4.91,7.34,0.29,3.0,96.15,40.54,3541824.05,25.06,53.93,0.3,6.52,98.28,13.44,13.8,0,1,0,1,0,1,0,Esc5
775,14.21,31.14,22.35,5.03,7.4,0.29,3.06,95.81,40.79,3549780.5,25.01,53.91,0.3,6.63,98.28,14.64,15.53,0,1,0,1,0,1,0,Esc5
776,14.78,31.35,23.12,5.14,7.6,0.29,2.93,96.18,43.57,3614828.93,24.56,54.99,0.31,6.27,98.24,12.36,12.72,0,1,0,1,0,1,0,Esc5
777,14.57,31.22,22.89,5.01,7.49,0.29,3.22,96.03,42.7,3616678.3,24.54,54.39,0.31,6.88,98.24,12.61,13.27,0,1,0,1,0,1,0,Esc5
778,14.24,30.6,22.79,4.94,7.35,0.29,2.01,96.61,42.08,3499975.12,25.36,55.57,0.31,4.41,98.3,12.42,12.69,0,1,0,1,0,1,0,Esc5
779,14.85,31.64,23.09,5.2,7.65,0.29,3.34,96.42,43.88,3663571.77,24.23,54.65,0.31,7.12,98.21,13.2,14.15,0,1,0,1,0,1,0,Esc5
780,13.11,31.6,21.13,4.75,6.97,0.28,2.27,94.39,35.89,3338548.23,26.59,52.93,0.28,5.12,98.4,18.42,17.96,0,1,0,1,0,1,0,Esc5
781,15.12,31.38,23.18,5.18,7.66,0.29,3.39,95.7,43.85,3658312.34,24.26,54.54,0.31,7.18,98.21,13.51,14.14,0,1,0,1,0,1,0,Esc5
782,13.84,30.45,22.22,4.9,7.27,0.29,2.46,96.28,40.27,3488476.87,25.45,54.43,0.3,5.42,98.31,14.19,14.43,0,1,0,1,0,1,0,Esc5
783,15.32,31.79,23.53,5.3,7.82,0.29,3.87,96.69,45.35,3752105.67,23.66,54.6,0.31,8.08,98.16,12.33,13.44,0,1,0,1,0,1,0,Esc5
784,14.1,30.96,22.5,4.93,7.38,0.29,2.95,96.3,41.9,3576235.28,24.82,54.42,0.3,6.42,98.27,12.37,14.01,0,1,0,1,0,1,0,Esc5
785,14.97,31.55,23.44,5.1,7.66,0.29,3.43,97.09,45.01,3707784.05,23.94,54.99,0.31,7.24,98.19,10.58,11.75,0,1,0,1,0,1,0,Esc5
786,14.16,30.81,22.25,4.99,7.34,0.29,2.97,95.67,40.22,3525339.38,25.18,53.8,0.3,6.47,98.29,15.18,15.39,0,1,0,1,0,1,0,Esc5
787,14.99,31.44,23.63,5.07,7.59,0.29,2.9,97.35,45.17,3665390.29,24.22,55.65,0.32,6.14,98.21,9.84,10.54,0,1,0,1,0,1,0,Esc5
788,13.99,31.58,22.27,4.92,7.29,0.29,2.75,95.53,39.99,3498371.63,25.37,53.96,0.3,6.0,98.31,14.41,14.96,0,1,0,1,0,1,0,Esc5
789,14.26,31.05,22.46,5.02,7.45,0.29,3.54,95.73,41.12,3599511.4,24.66,53.51,0.3,7.58,98.25,14.31,14.17,0,1,0,1,0,1,0,Esc5
790,14.44,31.62,22.74,5.1,7.61,0.29,3.83,96.8,43.06,3691913.18,24.04,53.9,0.3,8.17,98.2,12.4,13.94,0,1,0,1,0,1,0,Esc5
791,14.77,31.82,23.25,5.1,7.65,0.29,3.91,97.03,44.16,3726621.65,23.82,54.21,0.31,8.21,98.18,10.54,12.24,0,1,0,1,0,1,0,Esc5
792,13.55,31.19,21.86,4.83,7.15,0.29,2.62,96.15,38.79,3462405.43,25.64,53.74,0.29,5.81,98.33,15.85,15.29,0,1,0,1,0,1,0,Esc5
793,14.37,31.53,22.59,5.06,7.49,0.29,3.26,96.07,41.77,3596090.61,24.68,54.05,0.3,7.01,98.25,13.82,14.42,0,1,0,1,0,1,0,Esc5
794,14.72,31.47,23.04,5.04,7.51,0.29,2.74,96.1,43.16,3586885.29,24.75,55.06,0.31,5.9,98.26,12.32,12.89,0,1,0,1,0,1,0,Esc5
795,14.39,31.14,22.82,5.02,7.49,0.29,3.25,96.6,42.58,3621431.11,24.51,54.37,0.3,6.96,98.24,12.2,13.33,0,1,0,1,0,1,0,Esc5
796,13.93,30.91,22.16,4.92,7.29,0.29,2.81,95.84,40.13,3511292.13,25.28,53.96,0.3,6.15,98.3,14.74,15.16,0,1,0,1,0,1,0,Esc5
797,15.32,31.98,23.61,5.23,7.74,0.29,3.58,96.26,45.41,3721701.09,23.85,54.87,0.32,7.5,98.18,11.17,12.33,0,1,0,1,0,1,0,Esc5
798,16.08,31.77,24.57,5.3,7.96,0.29,4.07,97.56,48.95,3873449.65,22.92,55.56,0.33,8.29,98.1,8.98,10.29,0,1,0,1,0,1,0,Esc5
799,14.7,31.65,22.98,5.17,7.63,0.29,3.75,96.48,43.25,3683608.18,24.1,54.04,0.3,7.94,98.2,12.85,13.74,0,1,0,1,0,1,0,Esc5
800,14.13,30.87,22.64,4.9,7.34,0.29,2.4,96.88,41.91,3532719.17,25.13,55.09,0.31,5.27,98.29,12.44,12.99,0,1,0,1,0,1,0,Esc5
801,15.24,31.88,23.57,5.24,7.72,0.29,3.28,96.66,45.12,3690016.46,24.06,55.13,0.32,6.91,98.2,12.46,13.46,0,1,0,1,0,1,0,Esc5
802,15.05,31.08,23.51,5.11,7.66,0.29,3.33,97.1,45.36,3707438.67,23.94,55.18,0.32,7.04,98.19,10.22,11.72,0,1,0,1,0,1,0,Esc5
803,15.09,31.88,23.36,5.23,7.74,0.29,3.93,96.87,44.29,3729580.98,23.8,54.24,0.31,8.2,98.18,13.14,14.1,0,1,0,1,0,1,0,Esc5
804,15.02,31.79,23.43,5.19,7.68,0.29,3.3,97.07,44.97,3693835.83,24.03,55.1,0.32,6.98,98.2,11.75,12.78,0,1,0,1,0,1,0,Esc5
805,15.06,32.04,23.37,5.18,7.69,0.29,3.85,96.5,44.46,3723121.03,23.84,54.32,0.31,8.06,98.18,12.24,12.92,0,1,0,1,0,1,0,Esc5
806,14.33,32.06,22.42,5.08,7.44,0.29,3.4,95.89,40.56,3572858.5,24.84,53.5,0.29,7.31,98.27,15.52,16.05,0,1,0,1,0,1,0,Esc5
807,14.73,31.41,22.81,5.11,7.5,0.29,3.09,95.54,42.02,3580587.12,24.79,54.27,0.3,6.62,98.26,14.84,15.28,0,1,0,1,0,1,0,Esc5
808,15.15,31.61,23.46,5.26,7.77,0.29,3.94,96.57,44.89,3744013.03,23.71,54.38,0.31,8.21,98.17,12.01,12.65,0,1,0,1,0,1,0,Esc5
809,13.97,31.48,22.33,4.87,7.3,0.29,2.94,96.24,40.68,3541369.83,25.07,54.06,0.3,6.4,98.29,13.5,13.67,0,1,0,1,0,1,0,Esc5
810,14.36,31.54,22.67,5.09,7.49,0.29,2.93,96.26,42.09,3577633.36,24.81,54.52,0.3,6.33,98.26,13.89,14.24,0,1,0,1,0,1,0,Esc5
811,15.09,31.87,23.56,5.18,7.71,0.29,3.77,97.29,45.4,3748873.13,23.68,54.76,0.31,7.88,98.17,11.05,12.57,0,1,0,1,0,1,0,Esc5
812,15.69,31.66,23.82,5.28,7.85,0.29,3.94,96.4,46.13,3773963.94,23.52,54.74,0.32,8.15,98.15,11.72,12.42,0,1,0,1,0,1,0,Esc5
813,15.11,31.28,23.56,5.14,7.7,0.29,3.4,97.14,45.62,3722647.11,23.85,55.21,0.32,7.17,98.18,10.11,11.2,0,1,0,1,0,1,0,Esc5
814,14.87,31.28,23.17,5.12,7.62,0.29,3.46,96.07,43.67,3663665.52,24.23,54.44,0.31,7.33,98.21,12.39,13.05,0,1,0,1,0,1,0,Esc5
815,14.62,31.16,23.01,5.02,7.53,0.29,3.44,96.35,43.14,3649600.3,24.32,54.31,0.31,7.32,98.22,12.14,13.08,0,1,0,1,0,1,0,Esc5
816,15.0,31.66,23.28,5.18,7.67,0.29,3.71,96.39,44.02,3697833.76,24.01,54.34,0.31,7.79,98.19,12.23,12.55,0,1,0,1,0,1,0,Esc5
817,15.3,31.54,23.78,5.18,7.75,0.29,3.5,97.35,46.29,3750139.59,23.67,55.33,0.32,7.32,98.17,10.09,11.65,0,1,0,1,0,1,0,Esc5
818,13.61,31.11,21.95,4.82,7.2,0.29,2.61,95.74,39.49,3477735.25,25.52,53.95,0.29,5.78,98.32,14.2,14.84,0,1,0,1,0,1,0,Esc5
819,14.17,31.53,22.81,4.93,7.38,0.29,2.68,97.36,42.54,3578269.73,24.81,55.03,0.31,5.83,98.26,11.8,12.37,0,1,0,1,0,1,0,Esc5
820,14.64,30.72,23.07,4.97,7.46,0.29,2.82,96.6,43.13,3597215.71,24.68,55.02,0.31,6.05,98.25,12.12,12.59,0,1,0,1,0,1,0,Esc5
821,15.23,31.57,23.51,5.26,7.78,0.29,3.93,97.01,45.38,3761303.66,23.6,54.55,0.31,8.22,98.16,11.83,12.95,0,1,0,1,0,1,0,Esc5
822,15.12,31.37,23.4,5.15,7.64,0.29,3.16,95.68,44.13,3643382.92,24.36,54.89,0.31,6.67,98.22,12.37,13.46,0,1,0,1,0,1,0,Esc5
823,15.22,31.77,23.26,5.19,7.67,0.29,3.74,95.86,43.78,3687922.12,24.07,54.17,0.31,7.85,98.2,13.38,14.16,0,1,0,1,0,1,0,Esc5
824,14.51,31.45,22.93,5.04,7.54,0.29,3.64,96.64,43.02,3669403.72,24.19,54.11,0.3,7.73,98.21,12.21,13.26,0,1,0,1,0,1,0,Esc5
825,15.5,31.78,23.82,5.21,7.74,0.29,3.35,96.54,45.71,3710548.06,23.92,55.26,0.32,6.99,98.19,11.5,11.89,0,1,0,1,0,1,0,Esc5
826,14.38,32.12,22.57,5.08,7.47,0.29,3.05,95.55,41.24,3557986.24,24.95,54.06,0.3,6.58,98.27,14.86,15.06,0,1,0,1,0,1,0,Esc5
827,14.94,32.27,23.37,5.17,7.65,0.29,3.22,96.74,44.44,3669759.55,24.19,55.01,0.31,6.83,98.21,11.88,12.83,0,1,0,1,0,1,0,Esc5
828,13.43,31.32,21.8,4.86,7.24,0.29,2.97,96.56,39.3,3512707.83,25.27,53.55,0.29,6.58,98.3,14.45,15.14,0,1,0,1,0,1,0,Esc5
829,15.4,31.64,23.94,5.23,7.84,0.29,3.93,97.61,47.11,3813703.86,23.28,55.13,0.32,8.14,98.13,9.42,11.08,0,1,0,1,0,1,0,Esc5
830,13.89,30.47,22.5,4.86,7.29,0.29,2.56,96.91,41.47,3534491.01,25.11,54.77,0.3,5.6,98.29,11.91,13.06,0,1,0,1,0,1,0,Esc5
831,14.09,31.67,22.19,4.98,7.31,0.29,2.73,95.24,39.83,3489468.78,25.44,53.89,0.3,5.98,98.31,15.75,15.24,0,1,0,1,0,1,0,Esc5
832,15.66,31.73,23.77,5.34,7.91,0.29,4.29,96.85,46.56,3824730.84,23.21,54.52,0.32,8.86,98.12,12.05,13.38,0,1,0,1,0,1,0,Esc5
833,14.43,31.27,22.52,5.06,7.44,0.28,3.11,94.82,40.73,3541768.61,25.06,53.76,0.3,6.69,98.28,14.97,14.94,0,1,0,1,0,1,0,Esc5
834,15.39,31.44,23.7,5.26,7.79,0.29,3.66,97.17,46.18,3759154.38,23.61,55.08,0.32,7.66,98.16,11.37,12.97,0,1,0,1,0,1,0,Esc5
835,15.02,32.25,23.35,5.16,7.66,0.29,3.36,96.93,44.58,3688486.4,24.07,54.91,0.31,7.12,98.2,11.69,12.8,0,1,0,1,0,1,0,Esc5
836,14.93,31.89,23.28,5.04,7.53,0.29,2.93,96.53,43.8,3623890.9,24.49,55.1,0.31,6.25,98.24,12.41,12.51,0,1,0,1,0,1,0,Esc5
837,13.81,30.74,22.08,4.87,7.27,0.29,3.13,95.92,39.83,3532998.35,25.13,53.52,0.29,6.84,98.29,14.63,14.46,0,1,0,1,0,1,0,Esc5
838,14.93,32.02,23.01,5.16,7.63,0.29,3.77,95.93,43.21,3677490.38,24.14,53.96,0.3,7.95,98.21,13.82,14.96,0,1,0,1,0,1,0,Esc5
839,15.11,32.04,23.7,5.15,7.66,0.29,3.34,97.49,45.2,3705789.21,23.95,55.2,0.32,7.0,98.19,10.97,11.3,0,1,0,1,0,1,0,Esc5
840,14.66,31.05,23.29,5.0,7.51,0.29,2.64,96.89,44.04,3608157.23,24.6,55.53,0.32,5.65,98.24,10.67,11.45,0,1,0,1,0,1,0,Esc5
841,15.22,31.45,23.79,5.08,7.61,0.29,2.72,97.16,45.35,3651469.77,24.31,55.89,0.32,5.75,98.22,10.42,11.34,0,1,0,1,0,1,0,Esc5
842,14.19,31.3,22.72,4.96,7.35,0.29,2.47,96.56,41.42,3520491.83,25.21,54.85,0.3,5.37,98.29,13.19,13.2,0,1,0,1,0,1,0,Esc5
843,15.02,31.25,23.41,5.15,7.63,0.29,3.0,96.51,44.52,3649605.36,24.32,55.25,0.32,6.37,98.22,11.83,12.36,0,1,0,1,0,1,0,Esc5
844,13.86,30.57,22.35,4.82,7.26,0.29,2.77,96.71,40.99,3539416.79,25.08,54.37,0.3,6.06,98.29,12.64,13.61,0,1,0,1,0,1,0,Esc5
845,14.1,30.93,22.54,4.93,7.35,0.29,2.67,96.37,41.27,3533572.1,25.12,54.55,0.3,5.82,98.29,13.21,14.03,0,1,0,1,0,1,0,Esc5
846,15.12,31.31,23.76,5.07,7.61,0.29,2.93,97.07,45.32,3668005.19,24.2,55.64,0.32,6.18,98.21,10.01,10.73,0,1,0,1,0,1,0,Esc5
847,13.61,30.6,22.24,4.8,7.21,0.29,2.33,96.89,40.6,3492606.21,25.42,54.75,0.3,5.15,98.31,12.46,12.87,0,1,0,1,0,1,0,Esc5
848,14.71,31.19,23.03,5.1,7.55,0.29,3.2,96.23,43.19,3628421.22,24.46,54.58,0.31,6.82,98.23,12.57,13.08,0,1,0,1,0,1,0,Esc5
849,13.93,31.57,22.57,4.9,7.37,0.29,3.05,96.76,41.43,3575091.36,24.83,54.24,0.3,6.59,98.27,11.97,13.41,0,1,0,1,0,1,0,Esc5
850,14.85,31.06,23.4,5.06,7.61,0.29,3.47,97.28,44.83,3707457.26,23.94,54.9,0.31,7.32,98.19,9.98,11.48,0,1,0,1,0,1,0,Esc5
851,14.41,31.29,22.94,5.0,7.49,0.29,3.06,97.04,43.11,3623820.61,24.5,54.77,0.31,6.58,98.24,11.8,12.46,0,1,0,1,0,1,0,Esc5
852,15.26,31.73,23.53,5.22,7.76,0.29,3.75,96.67,45.52,3746337.97,23.69,54.77,0.31,7.85,98.17,12.11,13.17,0,1,0,1,0,1,0,Esc5
853,14.46,31.61,22.98,4.97,7.46,0.29,3.07,96.75,43.09,3621461.48,24.51,54.74,0.31,6.59,98.24,11.12,11.94,0,1,0,1,0,1,0,Esc5
854,14.63,31.91,23.14,5.06,7.55,0.29,3.1,97.15,43.64,3642868.39,24.37,54.92,0.31,6.63,98.23,11.94,13.05,0,1,0,1,0,1,0,Esc5
855,14.81,31.5,23.07,5.14,7.63,0.29,3.75,96.36,43.68,3693231.51,24.04,54.16,0.31,7.92,98.2,12.14,13.26,0,1,0,1,0,1,0,Esc5
856,14.09,30.72,22.32,4.92,7.31,0.29,2.84,95.54,40.36,3517064.49,25.24,53.99,0.3,6.18,98.3,14.53,14.36,0,1,0,1,0,1,0,Esc5
857,14.0,31.71,22.37,4.93,7.32,0.29,2.94,95.98,40.34,3527504.14,25.16,53.92,0.3,6.38,98.29,13.81,14.68,0,1,0,1,0,1,0,Esc5
858,14.2,31.14,22.49,4.91,7.33,0.29,2.71,96.06,41.24,3533412.49,25.12,54.46,0.3,5.9,98.29,13.62,13.83,0,1,0,1,0,1,0,Esc5
859,14.81,31.55,23.18,5.11,7.61,0.29,3.31,96.85,44.35,3677849.05,24.14,54.86,0.31,7.06,98.21,11.43,12.72,0,1,0,1,0,1,0,Esc5
860,15.48,32.27,23.68,5.26,7.83,0.29,4.29,96.51,45.82,3798417.07,23.37,54.28,0.31,8.85,98.14,11.4,12.86,0,1,0,1,0,1,0,Esc5
861,15.05,31.16,23.7,5.06,7.59,0.29,2.8,97.01,45.03,3649063.98,24.33,55.7,0.32,5.92,98.22,10.08,10.77,0,1,0,1,0,1,0,Esc5
862,14.33,30.9,22.7,4.98,7.4,0.29,2.87,96.59,41.97,3572158.92,24.85,54.58,0.3,6.21,98.27,12.93,13.24,0,1,0,1,0,1,0,Esc5
863,14.95,30.99,23.16,5.17,7.62,0.29,3.35,95.87,43.18,3638426.35,24.4,54.42,0.31,7.09,98.23,13.58,13.63,0,1,0,1,0,1,0,Esc5
864,14.0,31.45,22.33,4.93,7.28,0.29,2.36,95.77,40.3,3474835.5,25.55,54.51,0.3,5.18,98.32,14.43,14.25,0,1,0,1,0,1,0,Esc5
865,14.87,31.82,23.24,5.07,7.56,0.29,2.9,96.32,43.5,3612060.63,24.58,55.04,0.31,6.19,98.24,12.4,12.82,0,1,0,1,0,1,0,Esc5
866,14.52,31.32,23.05,5.0,7.44,0.29,2.37,96.71,43.07,3557451.0,24.95,55.49,0.31,5.14,98.27,12.14,12.28,0,1,0,1,0,1,0,Esc5
867,15.2,30.97,23.61,5.15,7.74,0.29,4.02,96.78,45.59,3771742.09,23.53,54.52,0.31,8.35,98.16,9.81,11.29,0,1,0,1,0,1,0,Esc5
868,14.86,31.42,22.88,5.18,7.6,0.29,3.46,95.5,42.51,3627514.15,24.47,54.03,0.3,7.36,98.23,14.89,14.92,0,1,0,1,0,1,0,Esc5
869,14.55,31.38,22.91,5.08,7.49,0.29,2.91,96.29,42.37,3581666.67,24.78,54.66,0.31,6.24,98.26,13.9,13.87,0,1,0,1,0,1,0,Esc5
870,14.76,31.04,22.99,5.07,7.52,0.29,3.12,96.22,42.97,3616451.21,24.55,54.6,0.31,6.68,98.24,13.34,13.9,0,1,0,1,0,1,0,Esc5
871,15.63,31.57,24.04,5.26,7.85,0.29,3.86,97.15,47.04,3798234.12,23.37,55.15,0.32,7.98,98.14,10.38,11.63,0,1,0,1,0,1,0,Esc5
872,14.27,31.06,22.6,4.99,7.44,0.29,3.23,96.21,41.99,3601047.35,24.65,54.15,0.3,6.96,98.25,12.61,13.56,0,1,0,1,0,1,0,Esc5
873,14.98,31.71,23.25,5.17,7.67,0.29,3.52,96.3,44.22,3686892.64,24.08,54.57,0.31,7.45,98.2,11.84,13.29,0,1,0,1,0,1,0,Esc5
874,14.84,31.74,22.98,5.16,7.58,0.29,3.37,95.91,42.74,3628317.45,24.47,54.25,0.31,7.15,98.23,13.92,14.91,0,1,0,1,0,1,0,Esc5
875,14.54,31.28,23.03,5.05,7.51,0.29,2.8,96.79,43.4,3605264.8,24.62,55.12,0.31,6.03,98.25,12.06,12.34,0,1,0,1,0,1,0,Esc5
876,14.06,30.81,22.65,4.8,7.28,0.29,2.83,96.6,41.31,3550268.49,25.0,54.42,0.3,6.13,98.28,11.74,12.62,0,1,0,1,0,1,0,Esc5
877,15.49,31.34,23.92,5.22,7.79,0.29,3.47,96.78,46.21,3737877.25,23.75,55.31,0.32,7.22,98.17,10.43,11.24,0,1,0,1,0,1,0,Esc5
878,14.27,31.59,22.5,4.99,7.39,0.29,2.57,95.99,41.49,3527988.4,25.16,54.69,0.3,5.61,98.29,13.82,14.38,0,1,0,1,0,1,0,Esc5
879,15.75,31.65,24.03,5.35,7.96,0.29,4.43,96.99,47.71,3868363.52,22.95,54.72,0.32,9.07,98.1,10.08,12.15,0,1,0,1,0,1,0,Esc5
880,14.85,30.68,23.52,5.0,7.56,0.29,2.92,97.37,45.19,3669051.22,24.19,55.61,0.32,6.21,98.21,9.72,10.87,0,1,0,1,0,1,0,Esc5
881,15.17,31.46,23.76,5.11,7.67,0.29,3.39,97.13,45.72,3720336.73,23.86,55.26,0.32,7.1,98.18,10.07,10.73,0,1,0,1,0,1,0,Esc5
882,14.64,31.91,22.91,5.1,7.51,0.29,3.12,96.03,42.38,3597481.17,24.67,54.4,0.31,6.67,98.25,13.36,13.9,0,1,0,1,0,1,0,Esc5
883,15.04,30.93,23.52,5.15,7.69,0.29,3.6,97.01,44.92,3718969.33,23.87,54.8,0.31,7.54,98.18,10.82,11.81,0,1,0,1,0,1,0,Esc5
884,15.45,31.66,24.03,5.19,7.75,0.29,3.11,97.47,46.83,3729784.17,23.8,55.93,0.33,6.52,98.18,10.07,11.61,0,1,0,1,0,1,0,Esc5
885,14.22,31.19,22.62,4.92,7.34,0.29,2.56,96.23,41.54,3529078.23,25.15,54.75,0.31,5.57,98.29,13.3,13.37,0,1,0,1,0,1,0,Esc5
886,15.54,31.49,23.61,5.29,7.79,0.29,3.67,95.9,45.25,3721534.27,23.85,54.71,0.32,7.66,98.18,12.66,13.45,0,1,0,1,0,1,0,Esc5
887,14.79,32.12,23.05,5.17,7.6,0.29,3.48,96.17,43.03,3647577.24,24.34,54.24,0.31,7.36,98.22,13.7,14.5,0,1,0,1,0,1,0,Esc5
888,14.46,30.6,22.85,5.05,7.51,0.29,2.93,96.48,42.92,3602577.92,24.64,54.79,0.31,6.33,98.25,12.44,13.62,0,1,0,1,0,1,0,Esc5
889,14.19,31.13,22.67,4.97,7.42,0.29,2.88,96.6,42.09,3576795.0,24.82,54.59,0.31,6.25,98.26,12.33,12.81,0,1,0,1,0,1,0,Esc5
890,14.59,31.67,22.81,5.03,7.48,0.29,3.18,96.28,42.36,3607535.88,24.61,54.36,0.3,6.82,98.25,13.87,13.9,0,1,0,1,0,1,0,Esc5
891,14.02,31.24,22.36,4.94,7.31,0.29,2.63,95.9,40.37,3501182.59,25.35,54.26,0.3,5.74,98.3,13.84,14.12,0,1,0,1,0,1,0,Esc5
892,14.6,31.1,23.05,5.04,7.51,0.29,3.03,96.71,43.03,3614370.05,24.56,54.78,0.31,6.47,98.24,11.72,12.79,0,1,0,1,0,1,0,Esc5
893,15.0,31.89,23.28,5.22,7.68,0.29,3.39,96.34,43.95,3666261.29,24.21,54.64,0.31,7.16,98.21,13.35,14.14,0,1,0,1,0,1,0,Esc5
894,14.7,31.14,23.17,5.04,7.56,0.29,3.16,96.78,43.77,3647903.14,24.33,54.86,0.31,6.74,98.22,11.78,12.14,0,1,0,1,0,1,0,Esc5
895,14.33,31.45,22.62,5.05,7.46,0.29,3.07,96.1,41.66,3576740.33,24.82,54.22,0.3,6.63,98.26,13.86,14.54,0,1,0,1,0,1,0,Esc5
896,14.86,31.6,22.96,5.2,7.64,0.29,3.59,96.08,43.08,3660649.32,24.25,54.12,0.31,7.62,98.21,14.41,15.32,0,1,0,1,0,1,0,Esc5
897,14.64,30.52,22.87,5.1,7.52,0.29,3.03,96.0,42.62,3597707.61,24.67,54.57,0.31,6.5,98.25,13.57,13.9,0,1,0,1,0,1,0,Esc5
898,14.43,30.4,22.99,5.04,7.49,0.29,2.69,96.75,43.09,3587658.67,24.74,55.15,0.31,5.81,98.26,11.88,12.78,0,1,0,1,0,1,0,Esc5
899,15.33,31.21,23.68,5.21,7.75,0.29,3.36,96.45,45.58,3708200.01,23.94,55.19,0.32,7.04,98.19,11.3,12.34,0,1,0,1,0,1,0,Esc5
900,14.38,31.43,22.85,5.01,7.45,0.29,2.7,96.62,42.33,3566464.54,24.89,54.88,0.31,5.85,98.27,12.42,13.19,0,1,0,1,0,1,0,Esc5
901,14.64,30.87,23.12,5.03,7.53,0.29,2.95,96.79,43.78,3628828.67,24.46,55.08,0.31,6.32,98.23,11.18,12.09,0,1,0,1,0,1,0,Esc5
902,14.85,31.19,23.33,5.04,7.55,0.29,3.08,96.75,44.05,3645784.93,24.35,55.04,0.31,6.54,98.22,11.64,12.07,0,1,0,1,0,1,0,Esc5
903,14.25,31.92,22.62,4.94,7.31,0.29,2.34,96.28,41.12,3498405.26,25.37,54.86,0.3,5.1,98.31,13.53,14.02,0,1,0,1,0,1,0,Esc5
904,15.61,31.72,23.96,5.23,7.81,0.29,3.61,96.83,46.72,3763477.83,23.59,55.29,0.32,7.49,98.16,10.29,11.59,0,1,0,1,0,1,0,Esc5
905,14.43,30.82,22.28,5.18,7.52,0.29,3.49,94.85,40.64,3575239.77,24.83,53.32,0.29,7.51,98.26,16.83,16.5,0,1,0,1,0,1,0,Esc5
906,14.84,31.87,23.04,5.13,7.61,0.29,3.78,96.32,43.21,3683156.06,24.1,53.99,0.3,7.98,98.2,13.29,14.08,0,1,0,1,0,1,0,Esc5
907,15.3,31.46,23.58,5.21,7.75,0.29,3.5,96.42,45.36,3716123.25,23.89,54.97,0.32,7.35,98.18,11.49,12.62,0,1,0,1,0,1,0,Esc5
908,15.12,31.98,23.47,5.19,7.74,0.29,4.09,96.82,45.02,3765369.05,23.57,54.28,0.31,8.53,98.16,11.19,12.76,0,1,0,1,0,1,0,Esc5
909,14.13,31.27,22.62,4.89,7.39,0.29,3.03,96.72,42.09,3591961.74,24.71,54.45,0.3,6.56,98.26,12.02,12.49,0,1,0,1,0,1,0,Esc5
910,15.11,31.37,23.72,5.04,7.53,0.29,2.21,96.71,44.87,3589728.31,24.73,56.26,0.32,4.72,98.25,11.03,11.16,0,1,0,1,0,1,0,Esc5
911,13.86,31.0,22.18,4.93,7.34,0.29,3.24,95.65,40.37,3554008.28,24.98,53.54,0.29,7.05,98.28,13.87,14.8,0,1,0,1,0,1,0,Esc5
912,14.78,31.24,23.23,5.06,7.59,0.29,3.41,96.43,44.12,3675932.68,24.15,54.68,0.31,7.22,98.21,11.01,11.77,0,1,0,1,0,1,0,Esc5
913,15.15,31.02,23.32,5.2,7.66,0.29,3.18,96.2,43.97,3648406.26,24.33,54.87,0.31,6.74,98.22,13.3,14.12,0,1,0,1,0,1,0,Esc5
914,15.31,31.47,23.85,5.16,7.72,0.29,3.19,97.09,46.22,3717075.47,23.88,55.62,0.32,6.7,98.18,10.29,11.04,0,1,0,1,0,1,0,Esc5
915,14.93,31.06,23.14,5.16,7.63,0.29,3.27,95.82,43.86,3649447.46,24.32,54.68,0.31,6.95,98.22,12.74,13.16,0,1,0,1,0,1,0,Esc5
916,14.97,31.67,23.27,5.16,7.66,0.29,3.61,96.33,44.07,3690550.16,24.05,54.45,0.31,7.6,98.2,12.29,13.06,0,1,0,1,0,1,0,Esc5
917,15.4,31.99,23.55,5.28,7.78,0.29,4.06,96.69,45.1,3759638.81,23.61,54.33,0.31,8.42,98.16,13.36,14.43,0,1,0,1,0,1,0,Esc5
918,15.34,31.28,23.51,5.23,7.7,0.29,3.45,96.41,44.64,3689454.46,24.06,54.8,0.31,7.24,98.2,12.86,13.37,0,1,0,1,0,1,0,Esc5
919,14.8,31.36,23.16,5.04,7.53,0.29,3.07,96.1,43.44,3623020.36,24.5,54.8,0.31,6.54,98.24,12.46,12.83,0,1,0,1,0,1,0,Esc5
920,14.94,31.69,23.49,5.06,7.59,0.29,3.04,96.7,44.68,3658982.99,24.26,55.29,0.32,6.44,98.22,10.5,11.23,0,1,0,1,0,1,0,Esc5
921,13.81,30.72,22.21,4.85,7.24,0.29,2.52,96.39,39.95,3485464.03,25.47,54.27,0.3,5.55,98.32,14.09,14.21,0,1,0,1,0,1,0,Esc5
922,15.41,31.19,23.92,5.17,7.76,0.29,3.49,96.74,46.32,3742138.4,23.72,55.32,0.32,7.26,98.17,9.7,10.34,0,1,0,1,0,1,0,Esc5
923,15.0,30.88,23.24,5.18,7.69,0.29,3.75,96.49,44.16,3708360.26,23.94,54.35,0.31,7.89,98.19,12.3,12.72,0,1,0,1,0,1,0,Esc5
924,14.65,31.4,22.78,5.16,7.58,0.29,3.39,95.71,42.43,3621654.53,24.51,54.08,0.3,7.25,98.24,14.61,15.58,0,1,0,1,0,1,0,Esc5
925,14.72,31.7,23.3,5.07,7.61,0.29,3.18,97.26,44.52,3674376.48,24.16,55.11,0.31,6.78,98.21,10.34,11.95,0,1,0,1,0,1,0,Esc5
926,15.41,31.29,23.81,5.18,7.7,0.29,2.91,96.26,45.69,3668868.69,24.19,55.69,0.32,6.13,98.21,11.2,11.63,0,1,0,1,0,1,0,Esc5
927,14.37,32.26,22.26,5.1,7.41,0.28,3.44,94.89,39.52,3537310.05,25.09,53.03,0.29,7.38,98.28,17.3,17.32,0,1,0,1,0,1,0,Esc5
928,14.82,31.14,22.88,5.18,7.64,0.29,3.9,95.34,42.69,3668574.09,24.2,53.6,0.3,8.22,98.21,14.18,15.14,0,1,0,1,0,1,0,Esc5
929,14.46,31.48,22.73,5.07,7.48,0.29,3.04,96.0,41.99,3581314.68,24.79,54.36,0.3,6.53,98.26,13.85,13.74,0,1,0,1,0,1,0,Esc5
930,14.29,31.35,22.76,5.01,7.51,0.29,3.38,96.63,42.24,3626284.88,24.48,54.14,0.3,7.24,98.24,11.9,13.0,0,1,0,1,0,1,0,Esc5
931,14.26,30.85,22.84,4.94,7.41,0.29,2.57,96.69,42.72,3566903.31,24.89,55.14,0.31,5.59,98.27,11.72,12.15,0,1,0,1,0,1,0,Esc5
932,13.59,30.99,21.84,4.88,7.18,0.29,2.31,95.48,38.56,3422229.04,25.94,53.95,0.29,5.13,98.35,15.74,15.34,0,1,0,1,0,1,0,Esc5
933,13.5,31.11,21.81,4.88,7.17,0.29,2.17,96.02,38.94,3426655.43,25.9,54.27,0.29,4.86,98.35,15.66,15.23,0,1,0,1,0,1,0,Esc5
934,14.08,30.73,22.54,4.99,7.4,0.29,2.9,96.69,41.78,3571638.8,24.85,54.49,0.3,6.3,98.27,13.16,14.0,0,1,0,1,0,1,0,Esc5
935,14.11,31.06,22.38,4.9,7.29,0.29,2.73,96.19,40.74,3523202.99,25.2,54.29,0.3,5.96,98.29,14.46,14.71,0,1,0,1,0,1,0,Esc5
936,16.46,31.41,24.87,5.39,8.04,0.29,3.93,97.38,49.92,3881856.74,22.87,55.96,0.33,7.96,98.09,8.68,10.04,0,1,0,1,0,1,0,Esc5
937,15.27,31.83,23.82,5.19,7.7,0.29,2.74,97.11,45.9,3668010.45,24.2,56.01,0.32,5.81,98.21,10.83,11.4,0,1,0,1,0,1,0,Esc5
938,13.49,31.38,21.94,4.84,7.22,0.29,2.96,96.31,39.29,3507014.81,25.31,53.56,0.29,6.5,98.31,14.4,15.01,0,1,0,1,0,1,0,Esc5
939,14.88,31.87,23.28,5.11,7.64,0.29,3.78,96.66,44.12,3708843.2,23.93,54.31,0.31,7.93,98.19,11.87,12.67,0,1,0,1,0,1,0,Esc5
940,14.39,31.21,22.77,4.98,7.38,0.29,2.55,96.19,41.78,3533355.72,25.12,54.84,0.31,5.52,98.29,13.73,13.61,0,1,0,1,0,1,0,Esc5
941,15.71,32.23,23.99,5.38,7.95,0.29,4.27,97.11,47.29,3842807.11,23.1,54.77,0.32,8.78,98.11,11.01,13.56,0,1,0,1,0,1,0,Esc5
942,14.32,31.41,22.64,5.0,7.46,0.29,3.29,96.63,41.91,3608371.85,24.6,54.12,0.3,7.07,98.25,13.81,14.8,0,1,0,1,0,1,0,Esc5
943,15.14,32.24,23.73,5.19,7.79,0.29,4.01,97.53,45.94,3787987.61,23.43,54.71,0.31,8.32,98.15,9.58,11.2,0,1,0,1,0,1,0,Esc5
944,15.01,30.61,23.37,5.15,7.67,0.29,3.34,96.82,44.89,3693118.96,24.04,55.01,0.32,7.07,98.2,11.8,12.58,0,1,0,1,0,1,0,Esc5
945,14.71,32.01,22.77,5.19,7.61,0.29,3.44,95.52,42.23,3618718.44,24.53,53.96,0.3,7.34,98.24,14.65,15.16,0,1,0,1,0,1,0,Esc5
946,15.34,32.13,23.57,5.21,7.76,0.29,3.95,96.53,45.06,3747731.78,23.69,54.42,0.31,8.2,98.17,11.83,13.04,0,1,0,1,0,1,0,Esc5
947,13.52,30.91,21.67,4.86,7.13,0.29,2.25,95.25,38.04,3400904.87,26.1,53.79,0.29,5.03,98.36,16.72,16.35,0,1,0,1,0,1,0,Esc5
948,14.23,31.13,22.82,4.96,7.41,0.29,2.54,96.98,42.51,3561454.43,24.92,55.16,0.31,5.52,98.27,11.66,12.88,0,1,0,1,0,1,0,Esc5
949,14.84,31.29,22.83,5.18,7.6,0.29,3.35,95.8,42.77,3627355.68,24.47,54.24,0.31,7.15,98.23,14.87,15.82,0,1,0,1,0,1,0,Esc5
950,15.25,32.1,23.64,5.15,7.65,0.29,3.05,96.02,44.67,3650000.34,24.32,55.22,0.32,6.41,98.22,11.27,12.16,0,1,0,1,0,1,0,Esc5
951,14.47,31.65,22.72,5.08,7.52,0.29,3.35,96.53,42.11,3617785.42,24.54,54.11,0.3,7.17,98.24,13.93,14.18,0,1,0,1,0,1,0,Esc5
952,14.95,30.92,23.41,5.11,7.64,0.29,3.42,97.08,44.66,3695898.79,24.02,54.88,0.31,7.22,98.2,11.37,11.98,0,1,0,1,0,1,0,Esc5
953,15.2,31.59,23.56,5.21,7.74,0.29,3.59,96.66,45.4,3726867.55,23.82,54.89,0.32,7.53,98.18,11.15,12.55,0,1,0,1,0,1,0,Esc5
954,15.47,32.36,23.83,5.28,7.82,0.29,3.65,96.97,46.14,3754290.62,23.64,55.1,0.32,7.59,98.16,11.24,12.44,0,1,0,1,0,1,0,Esc5
955,14.37,31.49,23.01,4.91,7.38,0.29,2.51,96.88,42.73,3562537.64,24.92,55.26,0.31,5.43,98.27,11.61,12.39,0,1,0,1,0,1,0,Esc5
956,14.2,31.7,22.28,4.98,7.32,0.28,2.85,95.01,39.66,3491646.66,25.42,53.7,0.29,6.19,98.31,16.04,15.73,0,1,0,1,0,1,0,Esc5
957,14.49,31.49,22.86,5.04,7.49,0.29,3.1,96.31,42.58,3604780.57,24.62,54.49,0.31,6.66,98.25,12.37,13.67,0,1,0,1,0,1,0,Esc5
958,15.25,31.53,23.61,5.14,7.64,0.29,2.88,96.23,44.98,3646896.17,24.34,55.51,0.32,6.09,98.22,11.25,11.55,0,1,0,1,0,1,0,Esc5
959,14.29,31.68,22.44,5.12,7.51,0.29,3.82,95.76,41.05,3623292.23,24.5,53.19,0.29,8.16,98.24,15.17,15.25,0,1,0,1,0,1,0,Esc5
960,14.18,30.82,22.57,4.95,7.37,0.29,2.97,96.19,41.23,3556155.07,24.96,54.2,0.3,6.41,98.28,13.23,13.42,0,1,0,1,0,1,0,Esc5
961,14.5,30.89,22.85,5.07,7.49,0.29,3.07,95.93,41.93,3580629.32,24.79,54.31,0.3,6.58,98.26,13.15,13.86,0,1,0,1,0,1,0,Esc5
962,15.54,31.52,23.81,5.27,7.84,0.29,3.96,96.97,46.65,3797977.29,23.37,54.91,0.32,8.21,98.14,11.06,12.16,0,1,0,1,0,1,0,Esc5
963,14.55,31.72,22.87,5.08,7.51,0.29,3.14,96.35,42.68,3611857.15,24.58,54.5,0.31,6.73,98.24,12.55,13.26,0,1,0,1,0,1,0,Esc5
964,13.94,31.09,22.06,4.87,7.25,0.29,3.02,95.5,39.45,3506901.71,25.31,53.48,0.29,6.59,98.3,15.4,15.96,0,1,0,1,0,1,0,Esc5
965,14.98,32.01,23.16,5.21,7.68,0.29,3.59,96.4,43.81,3681752.29,24.11,54.38,0.31,7.58,98.2,13.44,14.81,0,1,0,1,0,1,0,Esc5
966,13.76,30.6,22.15,4.88,7.24,0.29,2.5,96.01,39.94,3480449.68,25.5,54.24,0.3,5.52,98.32,14.6,14.63,0,1,0,1,0,1,0,Esc5
967,13.91,31.29,22.26,4.9,7.3,0.29,2.87,96.55,40.67,3537949.55,25.09,54.14,0.3,6.27,98.29,14.18,14.24,0,1,0,1,0,1,0,Esc5
968,14.78,31.71,22.96,5.11,7.58,0.29,3.56,96.0,43.08,3656724.22,24.28,54.15,0.31,7.55,98.22,13.08,14.18,0,1,0,1,0,1,0,Esc5
969,14.14,31.42,22.22,5.04,7.41,0.29,3.47,95.74,40.14,3567661.74,24.88,53.26,0.29,7.48,98.27,15.55,16.32,0,1,0,1,0,1,0,Esc5
970,14.34,31.54,22.74,5.01,7.41,0.29,2.62,96.27,41.8,3540734.81,25.07,54.77,0.31,5.68,98.28,13.25,13.41,0,1,0,1,0,1,0,Esc5
971,15.15,31.74,23.36,5.22,7.73,0.29,3.84,96.53,44.67,3729152.97,23.8,54.4,0.31,8.04,98.18,12.13,13.36,0,1,0,1,0,1,0,Esc5
972,14.08,31.66,22.35,4.96,7.37,0.29,3.25,95.99,40.58,3562671.56,24.92,53.66,0.3,7.03,98.27,14.32,14.71,0,1,0,1,0,1,0,Esc5
973,14.99,31.7,23.41,5.16,7.67,0.29,3.27,96.9,44.84,3686078.8,24.08,55.09,0.32,6.92,98.2,11.62,12.6,0,1,0,1,0,1,0,Esc5
974,15.0,31.15,23.31,5.18,7.71,0.29,3.66,96.87,44.58,3713735.3,23.9,54.57,0.31,7.71,98.19,12.12,12.94,0,1,0,1,0,1,0,Esc5
975,12.99,30.2,21.34,4.7,6.98,0.29,2.03,95.37,36.97,3356547.9,26.45,53.67,0.29,4.6,98.39,16.31,16.55,0,1,0,1,0,1,0,Esc5
976,15.08,32.34,23.16,5.23,7.74,0.29,3.95,96.06,44.12,3721389.64,23.85,54.06,0.31,8.3,98.18,12.9,13.81,0,1,0,1,0,1,0,Esc5
977,13.17,31.03,21.53,4.61,6.95,0.28,2.22,95.15,37.19,3374529.53,26.31,53.52,0.29,4.98,98.38,15.77,15.51,0,1,0,1,0,1,0,Esc5
978,14.61,31.51,22.82,5.12,7.57,0.29,3.16,95.98,42.59,3608372.08,24.6,54.41,0.31,6.78,98.24,14.04,14.47,0,1,0,1,0,1,0,Esc5
979,14.31,30.7,22.84,4.96,7.44,0.29,2.99,96.52,42.48,3595121.58,24.69,54.62,0.31,6.43,98.25,11.57,12.68,0,1,0,1,0,1,0,Esc5
980,15.03,31.95,23.42,5.2,7.71,0.29,4.0,96.61,44.54,3740503.67,23.73,54.22,0.31,8.34,98.17,11.03,12.55,0,1,0,1,0,1,0,Esc5
981,14.25,31.22,22.7,4.97,7.4,0.29,2.76,96.29,41.88,3556880.09,24.96,54.64,0.31,5.99,98.27,13.4,13.59,0,1,0,1,0,1,0,Esc5
982,13.56,31.48,22.0,4.82,7.18,0.29,2.52,96.45,39.41,3472442.41,25.56,54.09,0.29,5.57,98.32,14.21,14.34,0,1,0,1,0,1,0,Esc5
983,14.7,31.69,22.96,5.13,7.57,0.29,3.12,96.19,43.07,3618762.0,24.53,54.62,0.31,6.67,98.24,13.17,14.34,0,1,0,1,0,1,0,Esc5
984,14.15,30.13,22.38,4.98,7.37,0.29,2.76,95.64,40.75,3520167.58,25.22,54.21,0.3,6.01,98.29,14.15,14.84,0,1,0,1,0,1,0,Esc5
985,15.44,32.12,23.85,5.26,7.82,0.29,3.76,96.82,46.18,3764857.61,23.58,54.99,0.32,7.81,98.16,10.65,11.92,0,1,0,1,0,1,0,Esc5
986,14.34,31.18,22.78,4.95,7.39,0.29,2.54,96.43,42.04,3541971.32,25.06,54.95,0.31,5.51,98.28,12.59,12.97,0,1,0,1,0,1,0,Esc5
987,15.2,31.88,23.54,5.25,7.78,0.29,3.67,96.79,45.53,3740377.87,23.73,54.86,0.32,7.7,98.17,11.49,12.49,0,1,0,1,0,1,0,Esc5
988,15.64,31.19,23.95,5.25,7.82,0.29,3.72,96.74,46.3,3761742.04,23.6,55.07,0.32,7.7,98.16,11.47,11.68,0,1,0,1,0,1,0,Esc5
989,15.53,31.96,23.64,5.3,7.85,0.29,4.31,96.41,45.55,3792650.98,23.41,54.17,0.31,8.9,98.14,12.46,13.81,0,1,0,1,0,1,0,Esc5
990,14.17,31.5,22.6,4.9,7.35,0.29,3.04,96.0,41.0,3553297.05,24.98,54.04,0.3,6.54,98.28,13.84,14.04,0,1,0,1,0,1,0,Esc5
991,14.14,31.22,22.55,4.97,7.37,0.29,2.89,96.61,41.37,3558806.75,24.94,54.37,0.3,6.28,98.27,13.52,14.04,0,1,0,1,0,1,0,Esc5
992,15.12,32.15,23.53,5.21,7.74,0.29,3.43,97.16,45.4,3717722.56,23.88,55.11,0.32,7.22,98.18,11.36,12.37,0,1,0,1,0,1,0,Esc5
993,14.72,32.12,23.12,5.08,7.59,0.29,3.67,96.67,43.42,3681319.2,24.11,54.21,0.31,7.74,98.21,12.18,12.82,0,1,0,1,0,1,0,Esc5
994,14.28,30.82,22.83,4.96,7.4,0.29,2.67,96.86,42.19,3561419.76,24.92,54.9,0.31,5.77,98.27,12.32,12.9,0,1,0,1,0,1,0,Esc5
995,13.78,31.69,22.2,4.85,7.28,0.29,2.91,96.25,40.42,3532181.79,25.13,53.98,0.3,6.37,98.29,12.99,14.54,0,1,0,1,0,1,0,Esc5
996,13.96,30.98,22.27,4.86,7.29,0.29,3.27,96.19,40.26,3558436.39,24.95,53.56,0.29,7.08,98.28,14.04,14.61,0,1,0,1,0,1,0,Esc5
997,14.58,30.91,22.98,5.11,7.55,0.29,3.03,96.64,43.13,3617859.74,24.54,54.78,0.31,6.51,98.24,12.69,13.2,0,1,0,1,0,1,0,Esc5
998,14.38,31.16,22.48,5.02,7.42,0.29,2.85,95.57,41.23,3541439.7,25.07,54.27,0.3,6.18,98.28,15.27,15.01,0,1,0,1,0,1,0,Esc5
999,14.8,31.19,23.39,5.06,7.57,0.29,3.1,97.41,44.41,3664491.89,24.22,55.19,0.31,6.59,98.21,10.66,11.0,0,1,0,1,0,1,0,Esc5
0,4.12,13.8,13.69,1.92,4.53,0.32,0.0,75.78,3.84,2902882.52,50.96,42.92,0.05,0.0,98.68,71.42,36.04,0,1,0,0,1,1,0,Esc6
1,4.71,15.21,13.98,2.18,4.66,0.31,0.0,74.61,4.34,2906266.43,50.91,42.99,0.06,0.0,98.68,68.79,34.04,0,1,0,0,1,1,0,Esc6
2,4.48,16.26,13.7,2.14,4.52,0.31,0.0,74.36,3.86,2883346.77,51.31,42.53,0.05,0.0,98.69,71.71,36.37,0,1,0,0,1,1,0,Esc6
3,4.6,15.25,13.98,2.29,4.72,0.31,0.0,75.42,4.42,2921197.07,50.65,43.28,0.06,0.0,98.67,69.01,33.18,0,1,0,0,1,1,0,Esc6
4,5.21,21.12,14.2,2.9,4.93,0.31,0.0,75.41,4.95,2942466.54,50.28,43.69,0.07,0.0,98.65,68.6,34.25,0,1,0,0,1,1,0,Esc6
5,5.06,24.91,14.12,3.31,4.99,0.32,0.0,75.82,4.84,2944160.77,50.25,43.72,0.07,0.0,98.65,69.18,35.24,0,1,0,0,1,1,0,Esc6
6,4.76,14.82,14.06,2.32,4.74,0.31,0.0,75.26,4.51,2922476.65,50.62,43.3,0.06,0.0,98.67,68.75,33.95,0,1,0,0,1,1,0,Esc6
7,4.71,17.58,14.13,2.28,4.79,0.32,0.0,76.96,4.65,2952566.46,50.11,43.88,0.06,0.0,98.65,67.66,33.16,0,1,0,0,1,1,0,Esc6
8,4.96,16.67,14.25,2.47,4.96,0.32,0.0,77.7,5.21,2986120.4,49.54,44.51,0.07,0.0,98.63,66.02,33.37,0,1,0,0,1,1,0,Esc6
9,4.72,16.52,14.01,2.37,4.79,0.32,0.0,76.38,4.58,2941689.81,50.29,43.67,0.06,0.0,98.66,68.59,35.04,0,1,0,0,1,1,0,Esc6
10,4.91,15.46,14.17,2.4,4.86,0.32,0.0,76.12,4.86,2949280.74,50.16,43.82,0.07,0.0,98.65,67.4,33.59,0,1,0,0,1,1,0,Esc6
11,4.22,13.82,13.7,1.92,4.54,0.32,0.0,75.76,3.9,2905098.77,50.93,42.96,0.05,0.0,98.68,70.59,35.39,0,1,0,0,1,1,0,Esc6
12,4.51,16.16,13.81,2.28,4.58,0.31,0.0,75.0,3.99,2897793.16,51.05,42.82,0.06,0.0,98.68,71.55,35.23,0,1,0,0,1,1,0,Esc6
13,4.68,16.63,14.0,2.32,4.81,0.32,0.0,77.06,4.65,2954139.82,50.08,43.91,0.06,0.0,98.65,68.48,34.94,0,1,0,0,1,1,0,Esc6
14,4.36,15.37,13.81,2.16,4.67,0.32,0.0,75.8,4.19,2917630.62,50.71,43.21,0.06,0.0,98.67,69.99,36.03,0,1,0,0,1,1,0,Esc6
15,4.69,16.14,14.02,2.39,4.78,0.32,0.0,75.72,4.57,2931560.61,50.47,43.48,0.06,0.0,98.66,68.67,34.36,0,1,0,0,1,1,0,Esc6
16,4.11,14.15,13.58,1.91,4.47,0.32,0.0,75.81,3.64,2895245.92,51.1,42.77,0.05,0.0,98.69,72.57,35.82,0,1,0,0,1,1,0,Esc6
17,4.66,16.11,13.87,2.37,4.67,0.31,0.0,75.02,4.22,2907657.51,50.88,43.01,0.06,0.0,98.67,70.96,35.75,0,1,0,0,1,1,0,Esc6
18,4.66,20.7,14.05,2.7,4.85,0.32,0.0,77.06,4.6,2952064.9,50.12,43.87,0.06,0.0,98.65,69.87,34.45,0,1,0,0,1,1,0,Esc6
19,4.76,18.35,14.08,2.56,4.81,0.31,0.0,75.67,4.62,2932860.64,50.44,43.5,0.06,0.0,98.66,68.81,33.38,0,1,0,0,1,1,0,Esc6
20,4.43,14.16,13.83,2.07,4.57,0.31,0.0,74.96,4.06,2900309.6,51.01,42.87,0.06,0.0,98.68,70.66,35.46,0,1,0,0,1,1,0,Esc6
21,4.46,15.31,13.92,2.15,4.63,0.31,0.0,75.47,4.19,2912509.2,50.8,43.11,0.06,0.0,98.67,70.24,34.29,0,1,0,0,1,1,0,Esc6
22,5.0,17.01,14.26,2.52,4.97,0.32,0.0,76.76,5.2,2972171.66,49.78,44.25,0.07,0.0,98.64,65.56,33.46,0,1,0,0,1,1,0,Esc6
23,4.8,15.15,14.17,2.36,4.88,0.32,0.0,76.23,4.95,2954180.66,50.08,43.91,0.07,0.0,98.65,66.2,33.65,0,1,0,0,1,1,0,Esc6
24,4.45,16.16,13.79,2.26,4.66,0.31,0.0,75.17,4.16,2907201.17,50.89,43.0,0.06,0.0,98.67,70.38,35.69,0,1,0,0,1,1,0,Esc6
25,4.7,17.18,14.0,2.41,4.75,0.31,0.0,75.43,4.47,2923529.18,50.61,43.32,0.06,0.0,98.66,69.08,33.7,0,1,0,0,1,1,0,Esc6
26,4.88,18.5,14.2,2.73,4.97,0.32,0.0,76.59,5.01,2962075.3,49.95,44.06,0.07,0.0,98.64,67.08,33.55,0,1,0,0,1,1,0,Esc6
27,4.63,16.19,13.93,2.29,4.72,0.32,0.0,75.89,4.45,2929245.67,50.51,43.43,0.06,0.0,98.66,69.25,34.23,0,1,0,0,1,1,0,Esc6
28,4.63,16.04,14.03,2.34,4.75,0.31,0.0,75.54,4.47,2925020.36,50.58,43.35,0.06,0.0,98.66,68.85,33.0,0,1,0,0,1,1,0,Esc6
29,4.82,14.95,14.03,2.31,4.77,0.32,0.0,75.86,4.59,2934548.86,50.41,43.54,0.06,0.0,98.66,68.8,34.83,0,1,0,0,1,1,0,Esc6
30,4.92,17.77,14.17,2.6,4.88,0.32,0.0,76.02,4.89,2948622.36,50.17,43.8,0.07,0.0,98.65,67.1,32.72,0,1,0,0,1,1,0,Esc6
31,4.19,14.64,13.71,1.93,4.55,0.32,0.0,76.0,3.9,2908889.53,50.86,43.04,0.05,0.0,98.68,70.73,35.36,0,1,0,0,1,1,0,Esc6
32,4.66,15.95,13.84,2.42,4.61,0.31,0.0,74.51,4.09,2894665.47,51.11,42.76,0.06,0.0,98.68,71.77,35.59,0,1,0,0,1,1,0,Esc6
33,5.18,20.52,14.36,2.94,5.09,0.32,0.0,77.26,5.41,2987538.58,49.52,44.54,0.07,0.0,98.63,66.14,32.46,0,1,0,0,1,1,0,Esc6
34,5.14,23.07,14.13,3.14,4.9,0.31,0.04,75.36,4.69,2934573.14,50.41,43.43,0.06,0.1,98.66,70.05,34.71,0,1,0,0,1,1,0,Esc6
35,4.83,18.31,13.95,2.55,4.77,0.32,0.0,75.87,4.52,2931876.87,50.46,43.48,0.06,0.0,98.66,69.82,36.01,0,1,0,0,1,1,0,Esc6
36,5.03,17.24,14.29,2.56,4.95,0.32,0.0,75.95,5.1,2956371.73,50.04,43.95,0.07,0.0,98.64,65.96,32.94,0,1,0,0,1,1,0,Esc6
37,4.76,17.53,14.16,2.51,4.92,0.32,0.0,76.91,4.97,2965038.98,49.9,44.12,0.07,0.0,98.64,67.08,33.33,0,1,0,0,1,1,0,Esc6
38,4.94,17.42,14.18,2.59,4.86,0.31,0.0,75.18,4.76,2931714.24,50.46,43.48,0.07,0.0,98.66,67.81,33.23,0,1,0,0,1,1,0,Esc6
39,4.55,15.05,13.95,2.15,4.71,0.32,0.0,76.71,4.41,2939298.25,50.33,43.63,0.06,0.0,98.66,69.39,35.1,0,1,0,0,1,1,0,Esc6
40,4.86,16.12,14.26,2.43,4.9,0.32,0.0,76.41,4.92,2955692.02,50.05,43.94,0.07,0.0,98.65,67.15,32.19,0,1,0,0,1,1,0,Esc6
41,5.08,19.83,14.3,2.75,5.02,0.32,0.0,76.92,5.22,2975021.79,49.73,44.3,0.07,0.0,98.63,66.28,32.91,0,1,0,0,1,1,0,Esc6
42,4.55,16.9,13.96,2.37,4.75,0.32,0.0,76.16,4.4,2930963.34,50.48,43.47,0.06,0.0,98.66,69.29,34.45,0,1,0,0,1,1,0,Esc6
43,4.79,18.0,14.07,2.43,4.81,0.32,0.0,76.44,4.68,2946337.55,50.21,43.76,0.06,0.0,98.65,68.2,34.07,0,1,0,0,1,1,0,Esc6
44,4.73,15.75,13.99,2.35,4.76,0.32,0.0,76.23,4.54,2937587.18,50.36,43.59,0.06,0.0,98.66,68.82,33.89,0,1,0,0,1,1,0,Esc6
45,4.4,15.29,13.9,2.13,4.68,0.32,0.0,76.09,4.27,2924704.64,50.58,43.35,0.06,0.0,98.67,68.91,34.0,0,1,0,0,1,1,0,Esc6
46,4.75,18.09,13.92,2.57,4.74,0.31,0.0,75.09,4.36,2913995.76,50.77,43.14,0.06,0.0,98.67,70.01,35.17,0,1,0,0,1,1,0,Esc6
47,3.98,14.37,13.43,1.87,4.38,0.31,0.0,74.37,3.34,2862732.32,51.68,42.12,0.05,0.0,98.7,74.09,38.21,0,1,0,0,1,1,0,Esc6
48,4.15,14.72,13.72,1.94,4.54,0.32,0.0,75.94,3.89,2907229.96,50.89,43.0,0.05,0.0,98.68,70.62,35.29,0,1,0,0,1,1,0,Esc6
49,4.39,16.19,13.79,2.34,4.58,0.31,0.0,74.36,3.91,2885253.96,51.28,42.57,0.05,0.0,98.69,71.43,34.87,0,1,0,0,1,1,0,Esc6
50,4.37,15.59,13.82,2.17,4.63,0.32,0.0,75.68,4.11,2912548.43,50.8,43.11,0.06,0.0,98.67,70.08,34.54,0,1,0,0,1,1,0,Esc6
51,4.84,16.39,14.14,2.47,4.86,0.32,0.0,76.5,4.81,2952392.14,50.11,43.88,0.07,0.0,98.65,67.34,33.64,0,1,0,0,1,1,0,Esc6
52,4.9,17.95,14.02,2.47,4.74,0.31,0.0,74.97,4.5,2917955.96,50.7,43.21,0.06,0.0,98.67,69.53,34.81,0,1,0,0,1,1,0,Esc6
53,5.22,23.56,14.32,3.14,5.09,0.32,0.0,76.55,5.29,2972693.22,49.77,44.26,0.07,0.0,98.63,67.02,33.36,0,1,0,0,1,1,0,Esc6
54,4.03,14.05,13.65,1.87,4.52,0.32,0.0,75.77,3.76,2899684.65,51.02,42.86,0.05,0.0,98.68,71.15,36.08,0,1,0,0,1,1,0,Esc6
55,4.89,17.22,14.14,2.49,4.8,0.31,0.0,75.15,4.62,2925425.48,50.57,43.36,0.06,0.0,98.66,68.23,34.0,0,1,0,0,1,1,0,Esc6
56,4.81,17.17,14.12,2.39,4.82,0.31,0.0,75.62,4.73,2936789.66,50.38,43.58,0.06,0.0,98.66,67.41,33.42,0,1,0,0,1,1,0,Esc6
57,4.23,15.29,13.64,2.11,4.49,0.31,0.0,74.59,3.71,2880573.72,51.36,42.48,0.05,0.0,98.69,72.83,35.79,0,1,0,0,1,1,0,Esc6
58,4.54,14.24,14.01,2.07,4.71,0.32,0.0,75.73,4.49,2928318.14,50.52,43.42,0.06,0.0,98.66,67.11,33.64,0,1,0,0,1,1,0,Esc6
59,4.52,16.37,13.85,2.26,4.63,0.31,0.0,75.67,4.06,2910298.96,50.84,43.06,0.06,0.0,98.67,71.54,35.26,0,1,0,0,1,1,0,Esc6
60,5.05,19.87,14.36,2.75,5.08,0.32,0.0,78.01,5.45,2999933.67,49.32,44.77,0.07,0.0,98.62,65.7,32.39,0,1,0,0,1,1,0,Esc6
61,4.57,15.35,13.76,2.22,4.56,0.31,0.0,74.76,3.97,2893827.17,51.12,42.74,0.06,0.0,98.68,72.38,36.77,0,1,0,0,1,1,0,Esc6
62,4.32,14.67,13.75,2.04,4.56,0.31,0.0,75.3,3.93,2899856.62,51.02,42.86,0.05,0.0,98.68,71.63,35.58,0,1,0,0,1,1,0,Esc6
63,4.73,16.18,14.15,2.34,4.86,0.32,0.0,77.61,4.86,2970595.75,49.8,44.22,0.07,0.0,98.64,66.96,33.11,0,1,0,0,1,1,0,Esc6
64,4.9,15.16,14.17,2.34,4.82,0.31,0.0,75.82,4.8,2942221.26,50.28,43.68,0.07,0.0,98.65,67.47,33.43,0,1,0,0,1,1,0,Esc6
65,4.88,20.71,14.07,2.77,4.87,0.32,0.0,76.22,4.72,2944731.35,50.24,43.73,0.06,0.0,98.65,68.65,34.24,0,1,0,0,1,1,0,Esc6
66,4.34,13.65,13.83,1.97,4.59,0.31,0.0,75.33,4.12,2907807.25,50.88,43.02,0.06,0.0,98.68,69.25,33.9,0,1,0,0,1,1,0,Esc6
67,4.6,17.51,13.81,2.4,4.61,0.31,0.0,74.69,4.04,2895238.11,51.1,42.77,0.06,0.0,98.68,71.9,35.91,0,1,0,0,1,1,0,Esc6
68,5.12,17.83,14.28,2.64,4.98,0.32,0.0,76.63,5.2,2970015.82,49.81,44.21,0.07,0.0,98.64,66.58,33.33,0,1,0,0,1,1,0,Esc6
69,4.52,17.42,13.96,2.41,4.83,0.32,0.0,77.02,4.63,2952816.36,50.1,43.88,0.06,0.0,98.65,68.13,34.63,0,1,0,0,1,1,0,Esc6
70,5.04,17.11,14.43,2.55,5.06,0.32,0.0,77.41,5.5,2993422.6,49.42,44.65,0.07,0.0,98.62,64.95,31.52,0,1,0,0,1,1,0,Esc6
71,4.8,19.82,14.01,2.66,4.78,0.31,0.0,75.32,4.5,2922826.86,50.62,43.31,0.06,0.0,98.66,69.26,34.65,0,1,0,0,1,1,0,Esc6
72,4.92,19.16,14.02,2.62,4.82,0.32,0.0,75.69,4.66,2934699.5,50.41,43.54,0.06,0.0,98.66,69.15,35.7,0,1,0,0,1,1,0,Esc6
73,4.76,16.3,13.91,2.49,4.72,0.31,0.0,75.35,4.35,2917441.23,50.71,43.2,0.06,0.0,98.67,70.15,35.83,0,1,0,0,1,1,0,Esc6
74,4.68,16.76,14.03,2.37,4.77,0.32,0.0,75.87,4.53,2932232.99,50.45,43.49,0.06,0.0,98.66,68.4,34.44,0,1,0,0,1,1,0,Esc6
75,4.99,17.75,14.13,2.55,4.87,0.32,0.0,76.13,4.86,2949390.75,50.16,43.82,0.07,0.0,98.65,68.16,34.28,0,1,0,0,1,1,0,Esc6
76,4.96,17.68,14.24,2.52,4.92,0.32,0.0,76.16,5.0,2955386.33,50.06,43.93,0.07,0.0,98.64,66.5,33.16,0,1,0,0,1,1,0,Esc6
77,4.87,17.32,14.17,2.56,4.91,0.32,0.0,76.64,4.92,2959002.12,50.0,44.0,0.07,0.0,98.64,67.06,33.52,0,1,0,0,1,1,0,Esc6
78,4.18,14.57,13.72,2.02,4.54,0.31,0.0,74.63,3.88,2887925.24,51.23,42.62,0.05,0.0,98.69,72.0,35.58,0,1,0,0,1,1,0,Esc6
79,4.51,15.93,13.95,2.22,4.74,0.32,0.0,77.16,4.44,2947262.29,50.2,43.78,0.06,0.0,98.65,68.72,34.47,0,1,0,0,1,1,0,Esc6
80,4.61,16.52,13.9,2.41,4.77,0.32,0.0,76.04,4.46,2931668.39,50.46,43.48,0.06,0.0,98.66,69.42,34.94,0,1,0,0,1,1,0,Esc6
81,4.65,21.18,13.99,2.64,4.75,0.31,0.0,74.83,4.33,2909376.05,50.85,43.05,0.06,0.0,98.67,70.06,34.32,0,1,0,0,1,1,0,Esc6
82,4.44,15.1,13.85,2.16,4.65,0.32,0.0,76.12,4.21,2922767.92,50.62,43.31,0.06,0.0,98.67,69.65,35.05,0,1,0,0,1,1,0,Esc6
83,4.94,17.74,14.22,2.52,4.93,0.32,0.0,76.56,5.08,2964239.89,49.91,44.1,0.07,0.0,98.64,65.9,32.83,0,1,0,0,1,1,0,Esc6
84,4.46,15.62,13.88,2.21,4.68,0.32,0.0,76.33,4.34,2931233.55,50.47,43.47,0.06,0.0,98.66,69.07,35.43,0,1,0,0,1,1,0,Esc6
85,4.64,15.22,14.08,2.14,4.76,0.32,0.0,76.59,4.62,2946184.88,50.22,43.76,0.06,0.0,98.65,67.64,32.81,0,1,0,0,1,1,0,Esc6
86,5.15,18.33,14.3,2.72,5.0,0.32,0.0,75.69,5.2,2956749.35,50.04,43.96,0.07,0.0,98.64,66.32,33.39,0,1,0,0,1,1,0,Esc6
87,4.57,15.72,14.11,2.37,4.85,0.32,0.0,76.89,4.72,2954508.73,50.07,43.92,0.06,0.0,98.65,67.91,33.16,0,1,0,0,1,1,0,Esc6
88,4.57,18.12,13.99,2.36,4.75,0.32,0.0,76.05,4.4,2929430.22,50.5,43.44,0.06,0.0,98.66,69.13,34.18,0,1,0,0,1,1,0,Esc6
89,4.89,15.79,14.17,2.45,4.92,0.32,0.0,77.38,5.01,2973191.3,49.76,44.27,0.07,0.0,98.64,66.64,33.74,0,1,0,0,1,1,0,Esc6
90,4.64,16.36,13.95,2.43,4.83,0.32,0.0,76.75,4.67,2950440.18,50.14,43.84,0.06,0.0,98.65,68.47,35.39,0,1,0,0,1,1,0,Esc6
91,4.6,15.39,14.07,2.27,4.82,0.32,0.0,77.5,4.7,2962323.65,49.94,44.06,0.06,0.0,98.64,68.76,33.88,0,1,0,0,1,1,0,Esc6
92,4.51,15.32,13.92,2.22,4.72,0.32,0.0,75.58,4.37,2921672.41,50.64,43.29,0.06,0.0,98.67,68.53,35.07,0,1,0,0,1,1,0,Esc6
93,4.93,18.42,13.97,2.67,4.76,0.32,0.0,75.7,4.47,2927101.73,50.54,43.39,0.06,0.0,98.66,70.71,36.37,0,1,0,0,1,1,0,Esc6
94,4.3,13.54,13.76,1.92,4.51,0.31,0.0,75.58,3.86,2900895.4,51.0,42.88,0.05,0.0,98.68,71.62,34.96,0,1,0,0,1,1,0,Esc6
95,4.63,17.1,13.99,2.33,4.76,0.32,0.0,76.39,4.57,2941241.1,50.3,43.66,0.06,0.0,98.66,68.18,34.8,0,1,0,0,1,1,0,Esc6
96,4.57,13.95,14.02,2.11,4.75,0.32,0.0,76.64,4.6,2946019.3,50.22,43.76,0.06,0.0,98.65,67.09,33.07,0,1,0,0,1,1,0,Esc6
97,4.48,14.65,13.82,2.18,4.61,0.31,0.0,75.47,4.09,2908626.84,50.86,43.03,0.06,0.0,98.68,70.29,34.95,0,1,0,0,1,1,0,Esc6
98,4.64,15.35,13.95,2.27,4.69,0.31,0.0,75.4,4.41,2920668.84,50.65,43.27,0.06,0.0,98.67,69.04,33.98,0,1,0,0,1,1,0,Esc6
99,4.9,15.02,14.14,2.39,4.87,0.32,0.0,75.75,4.92,2946042.72,50.22,43.76,0.07,0.0,98.65,66.68,33.96,0,1,0,0,1,1,0,Esc6
100,4.77,19.03,14.11,2.46,4.85,0.32,0.0,76.8,4.81,2956628.0,50.04,43.96,0.07,0.0,98.65,67.72,34.14,0,1,0,0,1,1,0,Esc6
101,4.94,17.34,14.19,2.59,4.92,0.32,0.0,75.77,4.95,2947782.03,50.19,43.79,0.07,0.0,98.65,67.3,33.85,0,1,0,0,1,1,0,Esc6
102,4.28,15.77,13.71,2.08,4.57,0.32,0.0,75.77,3.96,2907636.33,50.88,43.01,0.05,0.0,98.68,71.42,36.64,0,1,0,0,1,1,0,Esc6
103,4.42,14.54,13.87,2.13,4.66,0.32,0.0,75.65,4.23,2916866.45,50.72,43.19,0.06,0.0,98.67,69.75,35.24,0,1,0,0,1,1,0,Esc6
104,4.51,16.24,13.9,2.25,4.68,0.31,0.0,75.24,4.29,2913578.87,50.78,43.13,0.06,0.0,98.67,69.24,34.71,0,1,0,0,1,1,0,Esc6
105,4.57,15.55,13.87,2.35,4.67,0.32,0.0,76.0,4.24,2922225.29,50.63,43.3,0.06,0.0,98.67,70.95,35.21,0,1,0,0,1,1,0,Esc6
106,4.66,16.32,13.93,2.39,4.74,0.31,0.0,75.32,4.4,2918761.19,50.69,43.23,0.06,0.0,98.67,69.72,35.08,0,1,0,0,1,1,0,Esc6
107,4.63,16.14,13.89,2.31,4.68,0.31,0.0,74.86,4.31,2908806.81,50.86,43.04,0.06,0.0,98.67,69.36,35.48,0,1,0,0,1,1,0,Esc6
108,5.21,21.23,14.21,3.07,5.01,0.32,0.0,76.58,5.1,2965565.17,49.89,44.13,0.07,0.0,98.64,68.3,34.01,0,1,0,0,1,1,0,Esc6
109,4.75,18.44,13.99,2.55,4.79,0.32,0.0,75.94,4.56,2934422.37,50.42,43.53,0.06,0.0,98.66,69.31,34.76,0,1,0,0,1,1,0,Esc6
110,4.69,17.68,13.88,2.53,4.75,0.32,0.0,75.72,4.37,2923647.19,50.6,43.32,0.06,0.0,98.66,70.13,35.64,0,1,0,0,1,1,0,Esc6
111,4.54,15.65,14.0,2.22,4.81,0.32,0.0,77.53,4.66,2961335.45,49.96,44.05,0.06,0.0,98.65,68.22,34.86,0,1,0,0,1,1,0,Esc6
112,4.54,14.71,13.91,2.11,4.63,0.31,0.0,75.48,4.21,2913429.73,50.78,43.13,0.06,0.0,98.67,69.07,34.07,0,1,0,0,1,1,0,Esc6
113,4.78,16.86,14.25,2.37,4.96,0.33,0.0,78.28,5.13,2991088.9,49.46,44.6,0.07,0.0,98.63,65.79,32.97,0,1,0,0,1,1,0,Esc6
114,4.94,17.57,14.13,2.57,4.85,0.31,0.0,75.49,4.73,2934712.17,50.41,43.54,0.06,0.0,98.66,68.46,34.11,0,1,0,0,1,1,0,Esc6
115,4.52,17.56,13.92,2.37,4.76,0.32,0.0,76.56,4.48,2939967.58,50.32,43.64,0.06,0.0,98.66,68.58,34.67,0,1,0,0,1,1,0,Esc6
116,4.75,15.93,14.04,2.37,4.81,0.32,0.0,75.82,4.68,2937390.75,50.37,43.59,0.06,0.0,98.66,67.84,34.73,0,1,0,0,1,1,0,Esc6
117,5.25,18.78,14.41,2.8,5.1,0.32,0.0,77.44,5.49,2993610.37,49.42,44.65,0.07,0.0,98.62,65.15,32.46,0,1,0,0,1,1,0,Esc6
118,4.94,17.02,14.18,2.56,4.92,0.32,0.0,76.4,4.99,2958303.95,50.01,43.99,0.07,0.0,98.64,67.34,34.06,0,1,0,0,1,1,0,Esc6
119,4.61,17.14,13.96,2.39,4.74,0.32,0.0,76.02,4.42,2929769.95,50.5,43.44,0.06,0.0,98.66,69.4,34.1,0,1,0,0,1,1,0,Esc6
120,4.72,18.4,13.94,2.56,4.76,0.31,0.0,75.05,4.37,2913705.9,50.78,43.13,0.06,0.0,98.67,70.36,35.45,0,1,0,0,1,1,0,Esc6
121,4.8,16.55,14.0,2.48,4.72,0.31,0.0,74.45,4.38,2905700.89,50.92,42.97,0.06,0.0,98.67,69.5,34.87,0,1,0,0,1,1,0,Esc6
122,4.72,15.62,14.08,2.31,4.81,0.32,0.0,75.91,4.73,2940920.56,50.31,43.66,0.06,0.0,98.65,67.95,33.97,0,1,0,0,1,1,0,Esc6
123,4.31,14.94,13.85,2.07,4.62,0.32,0.0,76.1,4.11,2918365.23,50.69,43.22,0.06,0.0,98.67,69.73,33.52,0,1,0,0,1,1,0,Esc6
124,4.51,16.45,13.89,2.29,4.63,0.31,0.0,73.93,4.14,2888346.49,51.22,42.63,0.06,0.0,98.68,70.19,34.76,0,1,0,0,1,1,0,Esc6
125,5.04,17.46,14.33,2.59,4.98,0.32,0.0,77.12,5.21,2977782.68,49.68,44.36,0.07,0.0,98.63,65.37,31.85,0,1,0,0,1,1,0,Esc6
126,4.73,16.89,13.98,2.38,4.69,0.31,0.0,75.56,4.33,2919512.81,50.67,43.24,0.06,0.0,98.67,69.93,34.98,0,1,0,0,1,1,0,Esc6
127,4.51,14.58,13.98,2.16,4.72,0.32,0.0,76.93,4.46,2944601.02,50.24,43.73,0.06,0.0,98.66,68.54,33.45,0,1,0,0,1,1,0,Esc6
128,5.22,18.68,14.31,2.71,4.95,0.31,0.0,75.38,5.06,2946592.14,50.21,43.77,0.07,0.0,98.65,67.21,32.38,0,1,0,0,1,1,0,Esc6
129,4.43,17.31,13.73,2.35,4.6,0.32,0.0,75.78,3.96,2907656.49,50.88,43.01,0.05,0.0,98.68,72.47,35.97,0,1,0,0,1,1,0,Esc6
130,4.35,15.32,13.82,2.15,4.62,0.32,0.0,76.11,4.07,2917301.04,50.71,43.2,0.06,0.0,98.67,70.77,35.0,0,1,0,0,1,1,0,Esc6
131,4.32,13.88,13.86,2.05,4.66,0.32,0.0,76.1,4.25,2924219.21,50.59,43.34,0.06,0.0,98.67,69.43,34.6,0,1,0,0,1,1,0,Esc6
132,4.96,17.22,14.19,2.52,4.9,0.32,0.0,76.42,4.92,2955652.24,50.06,43.94,0.07,0.0,98.65,67.25,34.43,0,1,0,0,1,1,0,Esc6
133,4.73,17.24,13.96,2.38,4.75,0.32,0.0,76.48,4.51,2940174.5,50.32,43.64,0.06,0.0,98.66,69.46,35.06,0,1,0,0,1,1,0,Esc6
134,4.24,13.93,13.67,2.0,4.48,0.31,0.0,74.8,3.75,2885509.62,51.27,42.58,0.05,0.0,98.69,71.93,35.5,0,1,0,0,1,1,0,Esc6
135,4.73,15.74,13.83,2.33,4.62,0.31,0.0,74.44,4.12,2894922.9,51.11,42.76,0.06,0.0,98.68,71.45,35.98,0,1,0,0,1,1,0,Esc6
136,4.59,15.66,13.82,2.27,4.62,0.31,0.0,74.63,4.15,2898996.69,51.03,42.84,0.06,0.0,98.68,70.59,35.83,0,1,0,0,1,1,0,Esc6
137,4.45,15.23,13.91,2.21,4.73,0.32,0.0,77.06,4.44,2945689.12,50.22,43.75,0.06,0.0,98.66,68.83,34.84,0,1,0,0,1,1,0,Esc6
138,4.62,17.1,13.88,2.43,4.68,0.32,0.0,75.59,4.25,2916927.47,50.72,43.19,0.06,0.0,98.67,70.76,35.54,0,1,0,0,1,1,0,Esc6
139,4.35,15.83,13.66,2.16,4.47,0.31,0.0,74.4,3.63,2874534.53,51.47,42.36,0.05,0.0,98.7,73.24,36.36,0,1,0,0,1,1,0,Esc6
140,4.39,15.83,14.06,2.11,4.78,0.32,0.0,76.8,4.56,2946877.21,50.2,43.77,0.06,0.0,98.65,66.96,32.51,0,1,0,0,1,1,0,Esc6
141,4.66,15.66,13.95,2.24,4.68,0.31,0.0,75.45,4.34,2918392.03,50.69,43.22,0.06,0.0,98.67,69.6,34.64,0,1,0,0,1,1,0,Esc6
142,4.99,18.1,14.09,2.67,4.83,0.31,0.0,74.72,4.66,2920811.0,50.65,43.27,0.06,0.0,98.66,68.94,34.22,0,1,0,0,1,1,0,Esc6
143,4.43,16.25,13.78,2.15,4.58,0.32,0.0,75.67,4.03,2909145.25,50.86,43.04,0.06,0.0,98.68,71.12,36.03,0,1,0,0,1,1,0,Esc6
144,4.77,18.74,14.01,2.62,4.8,0.32,0.0,76.06,4.54,2935306.42,50.4,43.55,0.06,0.0,98.66,69.95,34.47,0,1,0,0,1,1,0,Esc6
145,5.08,18.54,14.4,2.7,5.07,0.32,0.0,77.26,5.43,2988504.72,49.5,44.55,0.07,0.0,98.63,64.77,31.86,0,1,0,0,1,1,0,Esc6
146,4.59,16.99,13.96,2.35,4.72,0.32,0.0,76.01,4.4,2928855.98,50.51,43.43,0.06,0.0,98.66,69.38,34.85,0,1,0,0,1,1,0,Esc6
147,4.64,18.93,13.95,2.56,4.76,0.31,0.0,75.58,4.38,2921909.11,50.63,43.29,0.06,0.0,98.67,70.04,35.1,0,1,0,0,1,1,0,Esc6
148,4.31,15.03,13.85,2.06,4.62,0.32,0.0,76.24,4.11,2920692.38,50.65,43.27,0.06,0.0,98.67,70.14,34.75,0,1,0,0,1,1,0,Esc6
149,4.86,16.41,14.24,2.54,5.0,0.32,0.0,77.87,5.2,2987773.29,49.52,44.54,0.07,0.0,98.63,66.1,32.99,0,1,0,0,1,1,0,Esc6
150,4.68,16.0,13.97,2.2,4.62,0.31,0.0,75.2,4.17,2908034.46,50.87,43.02,0.06,0.0,98.68,70.26,34.02,0,1,0,0,1,1,0,Esc6
151,4.39,15.59,13.75,2.12,4.56,0.31,0.0,74.48,3.95,2888752.29,51.21,42.64,0.06,0.0,98.69,70.84,35.84,0,1,0,0,1,1,0,Esc6
152,4.95,15.63,14.15,2.42,4.9,0.32,0.0,76.44,5.03,2960549.66,49.97,44.03,0.07,0.0,98.64,66.63,33.22,0,1,0,0,1,1,0,Esc6
153,4.64,17.22,13.98,2.49,4.81,0.32,0.0,76.92,4.62,2950933.56,50.14,43.85,0.06,0.0,98.65,68.73,34.44,0,1,0,0,1,1,0,Esc6
154,4.37,14.28,13.87,2.04,4.64,0.32,0.0,75.98,4.2,2920468.51,50.66,43.26,0.06,0.0,98.67,69.56,33.5,0,1,0,0,1,1,0,Esc6
155,4.47,17.11,13.89,2.24,4.65,0.31,0.0,75.13,4.19,2907793.43,50.88,43.02,0.06,0.0,98.67,70.36,34.58,0,1,0,0,1,1,0,Esc6
156,4.88,18.74,14.29,2.66,4.95,0.32,0.0,77.61,5.0,2976053.25,49.71,44.32,0.07,0.0,98.63,67.05,31.64,0,1,0,0,1,1,0,Esc6
157,4.81,16.67,14.11,2.45,4.77,0.31,0.0,75.31,4.54,2924534.45,50.59,43.34,0.06,0.0,98.66,69.09,33.97,0,1,0,0,1,1,0,Esc6
158,4.15,13.33,13.66,1.86,4.52,0.32,0.0,75.64,3.81,2899852.35,51.02,42.86,0.05,0.0,98.68,71.45,35.95,0,1,0,0,1,1,0,Esc6
159,4.11,13.19,13.56,1.84,4.39,0.31,0.0,75.03,3.48,2877746.66,51.41,42.42,0.05,0.0,98.7,73.58,36.44,0,1,0,0,1,1,0,Esc6
160,4.31,13.62,13.98,2.0,4.74,0.32,0.0,76.67,4.44,2939953.83,50.32,43.64,0.06,0.0,98.66,67.07,33.44,0,1,0,0,1,1,0,Esc6
161,4.52,19.51,13.81,2.45,4.65,0.31,0.0,75.53,4.08,2909185.4,50.85,43.04,0.06,0.0,98.67,72.0,36.18,0,1,0,0,1,1,0,Esc6
162,4.53,17.76,13.92,2.27,4.7,0.31,0.0,75.57,4.33,2919933.92,50.67,43.25,0.06,0.0,98.67,69.41,34.78,0,1,0,0,1,1,0,Esc6
163,4.21,14.41,13.73,1.94,4.52,0.31,0.0,74.91,3.88,2892316.68,51.15,42.71,0.05,0.0,98.69,70.85,35.0,0,1,0,0,1,1,0,Esc6
164,4.69,19.14,13.99,2.7,4.86,0.32,0.0,76.66,4.64,2947999.08,50.18,43.79,0.06,0.0,98.65,69.23,34.91,0,1,0,0,1,1,0,Esc6
165,4.44,14.59,13.83,2.13,4.58,0.31,0.0,75.12,4.0,2900127.74,51.01,42.87,0.06,0.0,98.68,70.81,34.4,0,1,0,0,1,1,0,Esc6
166,4.37,16.66,13.81,2.2,4.64,0.32,0.0,75.83,4.17,2916871.88,50.72,43.19,0.06,0.0,98.67,69.94,35.05,0,1,0,0,1,1,0,Esc6
167,4.94,17.98,14.12,2.65,4.92,0.32,0.0,76.39,4.96,2956845.69,50.03,43.96,0.07,0.0,98.64,67.78,35.02,0,1,0,0,1,1,0,Esc6
168,4.35,14.85,13.87,2.03,4.63,0.32,0.0,76.71,4.2,2930972.77,50.48,43.47,0.06,0.0,98.66,69.65,34.17,0,1,0,0,1,1,0,Esc6
169,4.47,15.18,13.92,2.24,4.76,0.32,0.0,76.67,4.46,2940817.75,50.31,43.66,0.06,0.0,98.66,69.35,35.26,0,1,0,0,1,1,0,Esc6
170,4.95,17.27,14.14,2.55,4.87,0.32,0.0,75.76,4.78,2940801.05,50.31,43.66,0.07,0.0,98.65,68.08,33.92,0,1,0,0,1,1,0,Esc6
171,4.48,15.17,13.87,2.18,4.61,0.31,0.0,74.55,4.12,2896641.04,51.07,42.8,0.06,0.0,98.68,69.73,34.07,0,1,0,0,1,1,0,Esc6
172,4.76,20.72,14.01,2.65,4.81,0.31,0.0,75.42,4.58,2927552.97,50.54,43.4,0.06,0.0,98.66,69.09,35.12,0,1,0,0,1,1,0,Esc6
173,5.02,19.8,14.15,2.76,4.93,0.32,0.0,76.29,4.94,2954585.86,50.07,43.92,0.07,0.0,98.65,67.54,33.62,0,1,0,0,1,1,0,Esc6
174,4.43,15.4,13.84,2.19,4.63,0.31,0.0,74.98,4.11,2902445.99,50.97,42.91,0.06,0.0,98.68,70.27,34.61,0,1,0,0,1,1,0,Esc6
175,5.54,18.39,14.53,2.89,5.15,0.32,0.0,76.85,5.73,2994876.79,49.4,44.67,0.08,0.0,98.62,65.01,32.6,0,1,0,0,1,1,0,Esc6
176,4.43,15.43,13.77,2.19,4.57,0.31,0.0,74.66,3.92,2890059.18,51.19,42.67,0.05,0.0,98.69,72.31,36.38,0,1,0,0,1,1,0,Esc6
177,4.8,18.42,14.08,2.62,4.85,0.32,0.0,75.67,4.75,2938224.79,50.35,43.61,0.07,0.0,98.65,68.23,34.72,0,1,0,0,1,1,0,Esc6
178,4.85,15.89,14.21,2.45,4.91,0.32,0.0,77.21,5.0,2970489.32,49.8,44.22,0.07,0.0,98.64,66.66,32.6,0,1,0,0,1,1,0,Esc6
179,4.86,16.45,14.32,2.4,4.98,0.32,0.0,77.55,5.27,2986035.36,49.55,44.51,0.07,0.0,98.63,64.17,31.59,0,1,0,0,1,1,0,Esc6
180,4.64,20.14,13.92,2.55,4.68,0.31,0.0,74.93,4.19,2905151.33,50.93,42.96,0.06,0.0,98.68,70.59,35.07,0,1,0,0,1,1,0,Esc6
181,4.34,13.21,13.74,2.03,4.56,0.31,0.0,75.08,3.92,2896426.32,51.08,42.79,0.05,0.0,98.68,70.64,35.6,0,1,0,0,1,1,0,Esc6
182,4.39,15.85,13.71,2.19,4.51,0.31,0.0,74.08,3.79,2876589.73,51.43,42.4,0.05,0.0,98.69,71.87,36.71,0,1,0,0,1,1,0,Esc6
183,4.46,15.12,13.89,2.02,4.63,0.31,0.0,75.34,4.23,2912342.17,50.8,43.1,0.06,0.0,98.67,69.16,34.62,0,1,0,0,1,1,0,Esc6
184,4.76,18.13,13.98,2.52,4.77,0.31,0.0,74.85,4.55,2918265.56,50.7,43.22,0.06,0.0,98.67,69.05,35.16,0,1,0,0,1,1,0,Esc6
185,4.43,14.77,13.8,2.09,4.62,0.32,0.0,75.76,4.19,2916841.25,50.72,43.19,0.06,0.0,98.67,69.43,35.17,0,1,0,0,1,1,0,Esc6
186,4.82,19.88,14.03,2.7,4.78,0.31,0.0,75.53,4.44,2923547.95,50.6,43.32,0.06,0.0,98.66,69.96,35.25,0,1,0,0,1,1,0,Esc6
187,4.56,16.74,14.0,2.29,4.7,0.31,0.0,75.52,4.33,2919235.73,50.68,43.24,0.06,0.0,98.67,69.69,33.43,0,1,0,0,1,1,0,Esc6
188,4.76,16.47,14.06,2.47,4.81,0.32,0.0,75.96,4.65,2938383.04,50.35,43.61,0.06,0.0,98.66,68.35,34.44,0,1,0,0,1,1,0,Esc6
189,4.28,14.04,13.78,1.96,4.61,0.32,0.0,75.89,4.13,2916329.97,50.73,43.18,0.06,0.0,98.67,69.68,35.42,0,1,0,0,1,1,0,Esc6
190,5.1,19.6,14.31,2.65,4.97,0.32,0.0,77.99,5.21,2989921.41,49.48,44.58,0.07,0.0,98.63,67.03,32.34,0,1,0,0,1,1,0,Esc6
191,4.61,15.92,13.85,2.21,4.65,0.31,0.0,75.23,4.26,2912233.71,50.8,43.1,0.06,0.0,98.67,70.2,35.72,0,1,0,0,1,1,0,Esc6
192,4.48,15.04,13.92,2.13,4.69,0.32,0.0,75.88,4.35,2924893.78,50.58,43.35,0.06,0.0,98.67,69.07,34.92,0,1,0,0,1,1,0,Esc6
193,4.63,15.86,13.88,2.28,4.66,0.31,0.0,75.03,4.25,2908813.26,50.86,43.04,0.06,0.0,98.67,70.01,35.83,0,1,0,0,1,1,0,Esc6
194,4.4,14.02,13.9,2.03,4.63,0.32,0.0,75.94,4.21,2920384.83,50.66,43.26,0.06,0.0,98.67,69.22,34.04,0,1,0,0,1,1,0,Esc6
195,4.91,18.04,14.19,2.61,4.89,0.32,0.0,76.5,4.91,2956703.42,50.04,43.96,0.07,0.0,98.65,67.25,33.15,0,1,0,0,1,1,0,Esc6
196,4.26,14.73,13.78,1.99,4.55,0.31,0.0,75.36,3.98,2902384.85,50.97,42.91,0.06,0.0,98.68,70.42,34.89,0,1,0,0,1,1,0,Esc6
197,4.68,16.45,13.91,2.44,4.74,0.32,0.0,75.55,4.45,2924474.58,50.59,43.34,0.06,0.0,98.66,69.2,34.58,0,1,0,0,1,1,0,Esc6
198,4.86,15.95,14.08,2.41,4.88,0.32,0.0,76.51,4.92,2957050.36,50.03,43.96,0.07,0.0,98.65,66.77,34.98,0,1,0,0,1,1,0,Esc6
199,4.66,15.35,13.97,2.23,4.68,0.32,0.0,75.91,4.34,2925198.49,50.58,43.35,0.06,0.0,98.67,70.26,34.4,0,1,0,0,1,1,0,Esc6
200,4.94,20.04,14.14,2.6,4.86,0.32,0.0,76.6,4.83,2954850.52,50.07,43.92,0.07,0.0,98.65,68.0,33.48,0,1,0,0,1,1,0,Esc6
201,4.39,14.24,13.83,2.09,4.66,0.32,0.0,76.08,4.23,2923144.54,50.61,43.31,0.06,0.0,98.67,69.83,35.01,0,1,0,0,1,1,0,Esc6
202,4.32,14.25,13.76,2.01,4.55,0.31,0.0,74.88,3.95,2894457.09,51.11,42.75,0.05,0.0,98.68,70.7,34.67,0,1,0,0,1,1,0,Esc6
203,4.89,19.37,14.08,2.63,4.86,0.32,0.0,75.69,4.78,2939540.73,50.33,43.63,0.07,0.0,98.65,68.19,34.89,0,1,0,0,1,1,0,Esc6
204,4.75,16.52,14.15,2.38,4.9,0.32,0.0,76.55,4.96,2959107.26,50.0,44.0,0.07,0.0,98.64,66.32,32.92,0,1,0,0,1,1,0,Esc6
205,4.52,15.96,13.94,2.17,4.68,0.31,0.0,75.52,4.33,2918903.81,50.69,43.23,0.06,0.0,98.67,68.6,33.96,0,1,0,0,1,1,0,Esc6
206,4.6,16.73,13.91,2.32,4.73,0.32,0.0,75.69,4.38,2923598.37,50.6,43.32,0.06,0.0,98.67,69.46,34.9,0,1,0,0,1,1,0,Esc6
207,4.38,15.44,13.87,2.16,4.63,0.31,0.0,75.49,4.11,2909946.36,50.84,43.06,0.06,0.0,98.67,70.08,34.9,0,1,0,0,1,1,0,Esc6
208,4.6,14.77,14.01,2.25,4.75,0.32,0.0,76.07,4.47,2932858.88,50.44,43.5,0.06,0.0,98.66,68.74,34.59,0,1,0,0,1,1,0,Esc6
209,4.73,15.95,14.01,2.38,4.77,0.32,0.0,76.34,4.51,2938058.57,50.35,43.6,0.06,0.0,98.66,68.99,34.53,0,1,0,0,1,1,0,Esc6
210,5.16,17.54,14.23,2.67,4.93,0.32,0.0,75.83,5.01,2950804.45,50.14,43.85,0.07,0.0,98.65,67.82,33.87,0,1,0,0,1,1,0,Esc6
211,4.3,16.0,13.66,2.28,4.54,0.31,0.0,75.22,3.75,2891245.2,51.17,42.69,0.05,0.0,98.69,73.27,37.17,0,1,0,0,1,1,0,Esc6
212,4.94,17.57,14.14,2.6,4.87,0.31,0.0,75.03,4.78,2930287.66,50.49,43.45,0.07,0.0,98.66,68.0,34.5,0,1,0,0,1,1,0,Esc6
213,4.77,15.83,14.09,2.3,4.82,0.32,0.0,75.76,4.77,2940151.3,50.32,43.64,0.07,0.0,98.66,66.84,33.45,0,1,0,0,1,1,0,Esc6
214,5.2,19.79,14.54,2.79,5.18,0.32,0.0,77.65,5.8,3009051.05,49.17,44.93,0.08,0.0,98.61,63.69,31.42,0,1,0,0,1,1,0,Esc6
215,4.58,17.04,13.99,2.39,4.75,0.32,0.0,76.56,4.45,2939076.25,50.34,43.62,0.06,0.0,98.66,69.95,33.7,0,1,0,0,1,1,0,Esc6
216,4.71,17.23,13.99,2.52,4.8,0.31,0.0,75.14,4.52,2921103.69,50.65,43.28,0.06,0.0,98.66,69.28,34.67,0,1,0,0,1,1,0,Esc6
217,4.8,16.03,14.08,2.46,4.85,0.32,0.0,76.6,4.76,2951770.78,50.12,43.86,0.06,0.0,98.65,68.87,34.32,0,1,0,0,1,1,0,Esc6
218,4.93,15.11,14.18,2.39,4.87,0.32,0.0,76.15,4.91,2951580.17,50.12,43.86,0.07,0.0,98.65,67.23,32.8,0,1,0,0,1,1,0,Esc6
219,4.95,19.85,14.01,2.87,4.81,0.31,0.0,74.79,4.54,2916908.87,50.72,43.19,0.06,0.0,98.67,70.55,35.4,0,1,0,0,1,1,0,Esc6
220,4.35,15.8,13.84,2.12,4.64,0.32,0.0,75.64,4.17,2914308.83,50.77,43.14,0.06,0.0,98.67,69.4,33.87,0,1,0,0,1,1,0,Esc6
221,4.78,15.86,14.08,2.31,4.8,0.32,0.0,76.22,4.71,2944499.94,50.24,43.73,0.06,0.0,98.65,67.46,33.76,0,1,0,0,1,1,0,Esc6
222,4.52,17.21,13.81,2.24,4.63,0.31,0.0,75.1,4.16,2906249.08,50.91,42.99,0.06,0.0,98.68,70.45,36.05,0,1,0,0,1,1,0,Esc6
223,4.24,14.73,13.74,2.02,4.54,0.31,0.0,75.51,3.86,2899945.66,51.02,42.86,0.05,0.0,98.68,71.48,35.77,0,1,0,0,1,1,0,Esc6
224,5.04,17.5,14.35,2.6,4.96,0.32,0.0,76.68,5.13,2968069.27,49.85,44.17,0.07,0.0,98.64,66.39,31.98,0,1,0,0,1,1,0,Esc6
225,4.32,15.44,13.92,2.01,4.62,0.32,0.0,76.69,4.12,2927521.61,50.54,43.4,0.06,0.0,98.67,69.98,33.65,0,1,0,0,1,1,0,Esc6
226,4.88,16.86,14.25,2.48,4.95,0.32,0.0,77.13,5.13,2974406.14,49.74,44.29,0.07,0.0,98.64,65.82,32.38,0,1,0,0,1,1,0,Esc6
227,4.86,18.4,14.21,2.63,4.97,0.32,0.0,77.43,5.05,2975425.9,49.72,44.31,0.07,0.0,98.63,66.29,32.61,0,1,0,0,1,1,0,Esc6
228,4.48,15.19,13.86,2.15,4.68,0.32,0.0,76.4,4.29,2930118.05,50.49,43.45,0.06,0.0,98.66,69.42,34.66,0,1,0,0,1,1,0,Esc6
229,5.01,18.1,14.22,2.54,4.9,0.31,0.0,75.34,4.97,2942328.11,50.28,43.68,0.07,0.0,98.65,67.16,33.52,0,1,0,0,1,1,0,Esc6
230,4.57,17.54,13.93,2.36,4.71,0.32,0.0,76.57,4.32,2933662.27,50.43,43.52,0.06,0.0,98.66,70.62,34.71,0,1,0,0,1,1,0,Esc6
231,4.73,16.82,13.88,2.44,4.68,0.31,0.0,75.24,4.3,2913691.82,50.78,43.13,0.06,0.0,98.67,70.58,34.94,0,1,0,0,1,1,0,Esc6
232,4.79,18.76,13.95,2.58,4.74,0.31,0.0,74.91,4.4,2912953.66,50.79,43.12,0.06,0.0,98.67,69.96,35.15,0,1,0,0,1,1,0,Esc6
233,4.44,15.79,13.87,2.14,4.62,0.31,0.0,75.12,4.12,2904859.67,50.93,42.96,0.06,0.0,98.68,69.72,34.33,0,1,0,0,1,1,0,Esc6
234,4.47,14.78,13.96,2.13,4.69,0.32,0.0,76.96,4.36,2941009.27,50.3,43.66,0.06,0.0,98.66,69.33,33.71,0,1,0,0,1,1,0,Esc6
235,4.85,18.65,14.13,2.59,4.89,0.32,0.0,77.14,4.92,2966098.64,49.88,44.14,0.07,0.0,98.64,67.37,33.74,0,1,0,0,1,1,0,Esc6
236,4.79,17.54,14.02,2.41,4.73,0.31,0.0,74.5,4.49,2910776.13,50.83,43.07,0.06,0.0,98.67,68.87,34.75,0,1,0,0,1,1,0,Esc6
237,5.1,17.24,14.27,2.58,4.96,0.32,0.0,76.04,5.18,2960943.81,49.97,44.04,0.07,0.0,98.64,65.86,33.41,0,1,0,0,1,1,0,Esc6
238,4.73,16.8,14.04,2.39,4.82,0.32,0.0,76.29,4.71,2945565.62,50.23,43.75,0.06,0.0,98.65,67.77,35.13,0,1,0,0,1,1,0,Esc6
239,4.62,16.17,13.88,2.44,4.68,0.31,0.0,75.05,4.22,2907862.82,50.88,43.02,0.06,0.0,98.67,71.59,35.57,0,1,0,0,1,1,0,Esc6
240,4.48,14.93,13.8,2.11,4.63,0.32,0.0,75.83,4.2,2918223.35,50.7,43.22,0.06,0.0,98.67,69.97,35.64,0,1,0,0,1,1,0,Esc6
241,4.6,16.54,14.04,2.24,4.75,0.31,0.0,75.74,4.48,2928287.06,50.52,43.41,0.06,0.0,98.66,68.23,33.33,0,1,0,0,1,1,0,Esc6
242,4.79,22.15,13.94,2.82,4.74,0.31,0.0,75.47,4.32,2918091.78,50.7,43.22,0.06,0.0,98.67,71.1,35.26,0,1,0,0,1,1,0,Esc6
243,4.31,14.0,13.9,2.05,4.7,0.32,0.0,77.1,4.33,2941881.34,50.29,43.68,0.06,0.0,98.66,69.15,34.05,0,1,0,0,1,1,0,Esc6
244,4.52,14.77,13.89,2.12,4.67,0.32,0.0,76.1,4.35,2928099.12,50.53,43.41,0.06,0.0,98.66,69.24,34.82,0,1,0,0,1,1,0,Esc6
245,4.75,16.28,14.0,2.41,4.76,0.31,0.0,75.21,4.53,2922680.81,50.62,43.31,0.06,0.0,98.66,69.15,34.0,0,1,0,0,1,1,0,Esc6
246,4.43,17.43,13.79,2.28,4.65,0.32,0.0,75.36,4.18,2910815.04,50.83,43.07,0.06,0.0,98.67,70.17,36.41,0,1,0,0,1,1,0,Esc6
247,4.64,14.92,14.2,2.17,4.81,0.32,0.0,76.89,4.74,2955469.46,50.06,43.93,0.06,0.0,98.65,66.55,31.74,0,1,0,0,1,1,0,Esc6
248,4.34,14.68,13.85,2.0,4.64,0.32,0.0,76.44,4.21,2927513.01,50.54,43.4,0.06,0.0,98.67,69.34,34.85,0,1,0,0,1,1,0,Esc6
249,4.4,17.61,13.74,2.32,4.59,0.31,0.0,75.07,3.95,2897239.28,51.06,42.81,0.05,0.0,98.68,72.28,36.51,0,1,0,0,1,1,0,Esc6
250,4.8,17.11,14.02,2.43,4.77,0.31,0.0,75.3,4.56,2924971.5,50.58,43.35,0.06,0.0,98.66,68.31,34.52,0,1,0,0,1,1,0,Esc6
251,4.86,18.13,14.04,2.6,4.81,0.32,0.0,75.45,4.65,2930810.81,50.48,43.46,0.06,0.0,98.66,69.09,35.08,0,1,0,0,1,1,0,Esc6
252,4.57,15.04,13.94,2.26,4.69,0.31,0.0,75.32,4.35,2916870.37,50.72,43.19,0.06,0.0,98.67,70.02,34.83,0,1,0,0,1,1,0,Esc6
253,4.68,15.02,13.98,2.31,4.78,0.32,0.0,75.66,4.62,2932576.93,50.45,43.5,0.06,0.0,98.66,67.9,34.48,0,1,0,0,1,1,0,Esc6
254,4.89,17.91,14.27,2.58,5.02,0.33,0.0,78.15,5.3,2996239.77,49.38,44.7,0.07,0.0,98.62,65.78,32.36,0,1,0,0,1,1,0,Esc6
255,4.28,13.93,13.75,2.02,4.59,0.32,0.0,75.77,4.08,2912445.56,50.8,43.11,0.06,0.0,98.67,70.36,36.34,0,1,0,0,1,1,0,Esc6
256,4.67,17.9,13.92,2.42,4.74,0.32,0.0,75.92,4.44,2929187.15,50.51,43.43,0.06,0.0,98.66,69.68,34.41,0,1,0,0,1,1,0,Esc6
257,5.24,19.25,14.45,2.84,5.12,0.32,0.0,78.07,5.61,3007607.68,49.19,44.91,0.08,0.0,98.61,65.17,31.99,0,1,0,0,1,1,0,Esc6
258,4.25,14.57,13.74,1.97,4.57,0.32,0.0,75.8,3.98,2908752.43,50.86,43.03,0.06,0.0,98.68,70.17,35.17,0,1,0,0,1,1,0,Esc6
259,5.12,19.77,14.33,2.7,5.01,0.32,0.0,76.75,5.25,2974029.49,49.75,44.28,0.07,0.0,98.63,65.83,31.81,0,1,0,0,1,1,0,Esc6
260,5.11,18.51,14.3,2.69,4.99,0.32,0.0,77.01,5.27,2978542.59,49.67,44.37,0.07,0.0,98.63,66.59,33.75,0,1,0,0,1,1,0,Esc6
261,4.94,16.48,14.15,2.45,4.86,0.32,0.0,75.66,4.91,2944653.53,50.24,43.73,0.07,0.0,98.65,66.88,33.6,0,1,0,0,1,1,0,Esc6
262,4.29,14.38,13.8,2.02,4.59,0.32,0.0,75.72,4.02,2909389.9,50.85,43.05,0.06,0.0,98.68,70.19,34.75,0,1,0,0,1,1,0,Esc6
263,4.75,18.18,14.08,2.45,4.86,0.32,0.0,76.81,4.83,2957659.08,50.02,43.98,0.07,0.0,98.65,67.15,34.08,0,1,0,0,1,1,0,Esc6
264,4.16,13.82,13.68,1.98,4.54,0.31,0.0,75.22,3.87,2896416.57,51.08,42.79,0.05,0.0,98.68,70.6,35.58,0,1,0,0,1,1,0,Esc6
265,4.58,16.64,13.91,2.42,4.68,0.31,0.0,74.8,4.21,2904026.17,50.94,42.94,0.06,0.0,98.68,70.01,34.73,0,1,0,0,1,1,0,Esc6
266,4.63,15.75,13.96,2.35,4.76,0.32,0.0,75.83,4.5,2930490.97,50.48,43.46,0.06,0.0,98.66,69.26,35.05,0,1,0,0,1,1,0,Esc6
267,4.34,14.07,13.76,2.05,4.55,0.31,0.0,74.49,3.91,2887218.35,51.24,42.61,0.05,0.0,98.69,70.77,35.32,0,1,0,0,1,1,0,Esc6
268,4.88,15.5,14.28,2.35,4.92,0.32,0.0,76.89,5.08,2968859.27,49.83,44.19,0.07,0.0,98.64,65.9,32.21,0,1,0,0,1,1,0,Esc6
269,4.45,17.13,13.94,2.3,4.69,0.32,0.0,76.15,4.24,2924594.49,50.59,43.34,0.06,0.0,98.67,70.22,33.74,0,1,0,0,1,1,0,Esc6
270,4.88,15.74,14.17,2.5,4.88,0.32,0.0,76.1,4.92,2951202.18,50.13,43.85,0.07,0.0,98.65,66.76,33.64,0,1,0,0,1,1,0,Esc6
271,5.0,17.83,14.07,2.68,4.81,0.32,0.0,76.24,4.64,2942156.03,50.28,43.68,0.06,0.0,98.65,69.41,34.2,0,1,0,0,1,1,0,Esc6
272,4.93,15.1,14.25,2.41,4.94,0.32,0.0,77.18,5.14,2975862.9,49.72,44.32,0.07,0.0,98.63,65.67,33.07,0,1,0,0,1,1,0,Esc6
273,4.7,15.91,14.09,2.29,4.83,0.32,0.0,77.31,4.79,2963630.28,49.92,44.09,0.07,0.0,98.64,67.46,33.2,0,1,0,0,1,1,0,Esc6
274,4.76,18.58,14.03,2.57,4.84,0.32,0.0,75.83,4.7,2938624.04,50.35,43.61,0.06,0.0,98.65,68.11,35.21,0,1,0,0,1,1,0,Esc6
275,4.67,16.56,14.09,2.39,4.86,0.32,0.0,77.19,4.82,2963009.95,49.93,44.08,0.07,0.0,98.64,67.34,33.6,0,1,0,0,1,1,0,Esc6
276,4.3,16.85,13.85,2.15,4.63,0.32,0.0,76.61,4.13,2926788.44,50.55,43.39,0.06,0.0,98.67,70.58,34.85,0,1,0,0,1,1,0,Esc6
277,4.76,16.62,14.22,2.45,4.94,0.33,0.0,78.22,5.09,2988593.31,49.5,44.56,0.07,0.0,98.63,66.49,32.06,0,1,0,0,1,1,0,Esc6
278,4.52,15.63,13.89,2.34,4.7,0.32,0.0,76.12,4.28,2925654.2,50.57,43.36,0.06,0.0,98.67,70.5,34.36,0,1,0,0,1,1,0,Esc6
279,4.79,17.69,14.06,2.59,4.86,0.32,0.0,76.24,4.69,2943978.63,50.25,43.72,0.06,0.0,98.65,68.78,33.89,0,1,0,0,1,1,0,Esc6
280,4.93,19.27,14.16,2.64,4.83,0.31,0.0,75.65,4.72,2936617.62,50.38,43.58,0.06,0.0,98.66,68.26,33.1,0,1,0,0,1,1,0,Esc6
281,4.53,18.43,13.94,2.44,4.7,0.32,0.0,76.67,4.3,2934229.9,50.42,43.53,0.06,0.0,98.66,70.64,34.16,0,1,0,0,1,1,0,Esc6
282,4.74,15.62,13.97,2.32,4.8,0.32,0.0,76.61,4.67,2948587.69,50.17,43.8,0.06,0.0,98.65,68.23,34.75,0,1,0,0,1,1,0,Esc6
283,4.42,17.11,13.8,2.33,4.65,0.32,0.0,75.57,4.12,2911236.89,50.82,43.08,0.06,0.0,98.67,70.56,35.62,0,1,0,0,1,1,0,Esc6
284,4.18,13.54,13.76,1.85,4.55,0.32,0.0,75.73,3.95,2906694.54,50.9,42.99,0.05,0.0,98.68,70.29,34.97,0,1,0,0,1,1,0,Esc6
285,4.22,14.4,13.73,1.93,4.52,0.32,0.0,75.74,3.85,2902989.83,50.96,42.92,0.05,0.0,98.68,71.34,34.97,0,1,0,0,1,1,0,Esc6
286,4.44,15.2,13.86,2.17,4.68,0.32,0.0,76.0,4.26,2922984.85,50.61,43.31,0.06,0.0,98.67,69.97,35.17,0,1,0,0,1,1,0,Esc6
287,4.37,15.31,13.87,2.1,4.69,0.32,0.0,76.06,4.32,2926567.78,50.55,43.38,0.06,0.0,98.67,68.36,35.24,0,1,0,0,1,1,0,Esc6
288,4.49,15.29,13.9,2.17,4.69,0.32,0.0,76.35,4.34,2931478.34,50.47,43.48,0.06,0.0,98.66,69.97,34.85,0,1,0,0,1,1,0,Esc6
289,4.53,14.37,14.03,2.1,4.77,0.32,0.0,77.03,4.62,2952382.04,50.11,43.88,0.06,0.0,98.65,67.73,33.44,0,1,0,0,1,1,0,Esc6
290,4.49,16.52,13.87,2.28,4.7,0.32,0.0,76.23,4.35,2930079.85,50.49,43.45,0.06,0.0,98.66,69.47,35.05,0,1,0,0,1,1,0,Esc6
291,4.73,15.16,14.01,2.37,4.82,0.32,0.0,76.77,4.7,2952200.37,50.11,43.87,0.06,0.0,98.65,68.45,34.0,0,1,0,0,1,1,0,Esc6
292,4.92,16.7,14.1,2.5,4.85,0.32,0.0,76.15,4.79,2946568.53,50.21,43.77,0.07,0.0,98.65,67.41,33.27,0,1,0,0,1,1,0,Esc6
293,4.67,16.64,13.86,2.45,4.66,0.31,0.0,75.32,4.2,2910876.17,50.82,43.08,0.06,0.0,98.67,70.88,36.14,0,1,0,0,1,1,0,Esc6
294,5.23,17.22,14.34,2.71,4.99,0.32,0.0,76.26,5.25,2966772.28,49.87,44.15,0.07,0.0,98.64,66.22,32.42,0,1,0,0,1,1,0,Esc6
295,4.45,17.08,13.83,2.23,4.65,0.32,0.0,76.43,4.23,2928094.12,50.53,43.41,0.06,0.0,98.67,70.47,35.33,0,1,0,0,1,1,0,Esc6
296,4.91,16.94,14.18,2.55,4.97,0.32,0.0,77.24,5.14,2976386.32,49.71,44.33,0.07,0.0,98.63,66.54,34.19,0,1,0,0,1,1,0,Esc6
297,4.61,17.13,13.95,2.36,4.73,0.32,0.0,75.75,4.39,2924518.94,50.59,43.34,0.06,0.0,98.66,69.02,34.41,0,1,0,0,1,1,0,Esc6
298,5.01,19.8,14.16,2.93,4.92,0.32,0.0,76.15,4.81,2947593.27,50.19,43.79,0.07,0.0,98.65,68.9,33.95,0,1,0,0,1,1,0,Esc6
299,5.01,17.39,14.18,2.65,4.93,0.32,0.0,76.25,4.98,2955772.01,50.05,43.94,0.07,0.0,98.64,67.39,34.13,0,1,0,0,1,1,0,Esc6
300,4.32,14.73,13.82,2.0,4.59,0.32,0.0,75.77,4.05,2911331.5,50.82,43.08,0.06,0.0,98.67,70.19,34.83,0,1,0,0,1,1,0,Esc6
301,4.56,16.71,13.82,2.31,4.62,0.31,0.0,75.28,4.12,2907171.17,50.89,43.0,0.06,0.0,98.68,71.04,35.65,0,1,0,0,1,1,0,Esc6
302,4.05,13.68,13.6,1.88,4.46,0.31,0.0,75.31,3.6,2886766.32,51.25,42.6,0.05,0.0,98.69,72.32,36.78,0,1,0,0,1,1,0,Esc6
303,4.93,17.8,14.15,2.65,4.92,0.32,0.0,76.47,4.91,2956243.99,50.04,43.95,0.07,0.0,98.64,67.86,33.97,0,1,0,0,1,1,0,Esc6
304,4.47,15.71,13.87,2.18,4.67,0.32,0.0,76.19,4.29,2926882.14,50.55,43.39,0.06,0.0,98.67,69.43,35.46,0,1,0,0,1,1,0,Esc6
305,4.13,13.07,13.65,1.88,4.5,0.32,0.0,76.09,3.81,2906187.34,50.91,42.98,0.05,0.0,98.68,71.52,35.89,0,1,0,0,1,1,0,Esc6
306,4.83,16.91,14.15,2.42,4.89,0.32,0.0,77.03,4.96,2966030.61,49.88,44.13,0.07,0.0,98.64,66.81,33.33,0,1,0,0,1,1,0,Esc6
307,4.56,15.82,13.99,2.23,4.74,0.32,0.0,77.2,4.49,2949618.88,50.16,43.82,0.06,0.0,98.65,68.68,33.92,0,1,0,0,1,1,0,Esc6
308,4.2,12.77,13.79,1.86,4.6,0.32,0.0,76.9,4.09,2929388.08,50.5,43.44,0.06,0.0,98.67,69.41,34.48,0,1,0,0,1,1,0,Esc6
309,4.27,16.1,13.76,2.06,4.52,0.31,0.0,74.59,3.79,2884044.33,51.3,42.55,0.05,0.0,98.69,72.1,34.96,0,1,0,0,1,1,0,Esc6
310,4.23,15.66,13.81,2.05,4.62,0.31,0.0,75.34,4.09,2906664.06,50.9,42.99,0.06,0.0,98.68,69.94,35.07,0,1,0,0,1,1,0,Esc6
311,5.02,18.07,14.27,2.62,4.92,0.32,0.0,77.05,5.02,2968910.53,49.83,44.19,0.07,0.0,98.64,67.23,32.03,0,1,0,0,1,1,0,Esc6
312,4.33,13.98,13.93,1.94,4.7,0.32,0.0,76.86,4.38,2940288.59,50.32,43.65,0.06,0.0,98.66,68.11,33.92,0,1,0,0,1,1,0,Esc6
313,4.81,15.57,14.06,2.41,4.74,0.31,0.0,75.52,4.45,2923826.75,50.6,43.33,0.06,0.0,98.66,69.75,33.69,0,1,0,0,1,1,0,Esc6
314,5.0,18.51,14.09,2.78,4.89,0.31,0.0,75.32,4.75,2932892.71,50.44,43.5,0.07,0.0,98.66,69.39,34.81,0,1,0,0,1,1,0,Esc6
315,4.54,17.04,13.95,2.34,4.73,0.32,0.0,76.28,4.4,2932659.74,50.45,43.5,0.06,0.0,98.66,69.24,34.28,0,1,0,0,1,1,0,Esc6
316,5.01,15.5,14.24,2.36,4.83,0.32,0.0,76.23,4.89,2951903.59,50.12,43.87,0.07,0.0,98.65,67.09,32.8,0,1,0,0,1,1,0,Esc6
317,4.3,17.59,13.63,2.18,4.44,0.31,0.0,74.12,3.56,2868010.82,51.58,42.23,0.05,0.0,98.7,73.66,36.55,0,1,0,0,1,1,0,Esc6
318,4.67,15.9,14.09,2.31,4.82,0.32,0.0,76.3,4.71,2945795.42,50.22,43.75,0.06,0.0,98.65,67.92,33.73,0,1,0,0,1,1,0,Esc6
319,4.79,19.51,13.96,2.66,4.76,0.31,0.0,75.44,4.4,2920513.31,50.66,43.26,0.06,0.0,98.67,70.6,35.33,0,1,0,0,1,1,0,Esc6
320,4.53,17.82,13.89,2.36,4.69,0.32,0.0,76.57,4.24,2930450.11,50.49,43.46,0.06,0.0,98.66,70.73,34.24,0,1,0,0,1,1,0,Esc6
321,4.63,16.72,13.91,2.39,4.72,0.31,0.0,75.01,4.36,2913035.78,50.79,43.12,0.06,0.0,98.67,69.76,35.15,0,1,0,0,1,1,0,Esc6
322,4.44,15.73,13.88,2.22,4.71,0.32,0.0,75.99,4.33,2925736.61,50.57,43.37,0.06,0.0,98.66,69.43,35.18,0,1,0,0,1,1,0,Esc6
323,4.96,17.29,14.1,2.69,4.91,0.32,0.0,76.41,4.89,2954339.2,50.08,43.91,0.07,0.0,98.65,68.59,34.18,0,1,0,0,1,1,0,Esc6
324,4.56,16.45,13.8,2.45,4.69,0.32,0.0,76.13,4.22,2923460.23,50.61,43.32,0.06,0.0,98.67,71.46,36.44,0,1,0,0,1,1,0,Esc6
325,4.75,15.42,13.95,2.3,4.68,0.31,0.0,74.94,4.36,2911932.08,50.81,43.1,0.06,0.0,98.67,69.39,34.26,0,1,0,0,1,1,0,Esc6
326,4.91,18.01,14.12,2.59,4.81,0.31,0.0,76.08,4.61,2938210.2,50.35,43.61,0.06,0.0,98.66,69.45,33.66,0,1,0,0,1,1,0,Esc6
327,4.53,15.58,13.84,2.23,4.62,0.31,0.0,74.81,4.09,2899013.47,51.03,42.84,0.06,0.0,98.68,70.8,35.16,0,1,0,0,1,1,0,Esc6
328,4.37,14.79,13.75,2.16,4.54,0.31,0.0,75.23,3.87,2896524.81,51.08,42.79,0.05,0.0,98.68,71.67,35.2,0,1,0,0,1,1,0,Esc6
329,4.48,16.37,13.91,2.28,4.69,0.32,0.0,76.0,4.33,2925894.55,50.56,43.37,0.06,0.0,98.67,69.53,34.79,0,1,0,0,1,1,0,Esc6
330,4.6,14.87,13.91,2.27,4.71,0.32,0.0,75.99,4.36,2927175.69,50.54,43.39,0.06,0.0,98.66,69.75,34.69,0,1,0,0,1,1,0,Esc6
331,5.1,18.08,14.38,2.53,5.02,0.32,0.0,77.7,5.45,2995408.05,49.39,44.68,0.07,0.0,98.62,63.95,32.51,0,1,0,0,1,1,0,Esc6
332,4.44,16.12,13.76,2.29,4.58,0.31,0.0,74.6,3.93,2889663.45,51.2,42.66,0.05,0.0,98.69,71.67,35.6,0,1,0,0,1,1,0,Esc6
333,4.48,16.6,13.92,2.24,4.66,0.31,0.0,75.62,4.23,2916440.34,50.73,43.18,0.06,0.0,98.67,69.39,34.05,0,1,0,0,1,1,0,Esc6
334,4.56,14.79,13.98,2.22,4.71,0.32,0.0,76.06,4.37,2928375.41,50.52,43.42,0.06,0.0,98.66,68.84,33.38,0,1,0,0,1,1,0,Esc6
335,4.22,14.57,13.64,2.05,4.5,0.31,0.0,74.89,3.72,2885353.98,51.27,42.57,0.05,0.0,98.69,72.3,36.15,0,1,0,0,1,1,0,Esc6
336,4.55,16.63,13.9,2.42,4.76,0.32,0.0,76.32,4.42,2934244.39,50.42,43.53,0.06,0.0,98.66,69.61,35.14,0,1,0,0,1,1,0,Esc6
337,4.91,16.15,14.27,2.48,4.96,0.32,0.0,77.09,5.12,2973616.43,49.75,44.28,0.07,0.0,98.64,66.14,32.8,0,1,0,0,1,1,0,Esc6
338,4.37,16.52,13.82,2.2,4.6,0.31,0.0,75.62,4.01,2907670.7,50.88,43.01,0.06,0.0,98.68,70.8,35.06,0,1,0,0,1,1,0,Esc6
339,5.14,17.82,14.33,2.72,5.02,0.32,0.0,76.88,5.26,2976075.65,49.71,44.32,0.07,0.0,98.63,66.11,33.04,0,1,0,0,1,1,0,Esc6
340,4.66,15.34,13.97,2.27,4.71,0.32,0.0,75.67,4.44,2925629.99,50.57,43.36,0.06,0.0,98.66,68.73,34.72,0,1,0,0,1,1,0,Esc6
341,4.72,17.91,14.15,2.41,4.86,0.32,0.0,77.6,4.88,2971326.74,49.79,44.23,0.07,0.0,98.64,66.72,32.85,0,1,0,0,1,1,0,Esc6
342,4.63,18.93,13.99,2.43,4.8,0.32,0.0,77.41,4.6,2957059.26,50.03,43.97,0.06,0.0,98.65,68.45,33.86,0,1,0,0,1,1,0,Esc6
343,4.63,14.57,14.0,2.19,4.75,0.32,0.0,76.84,4.55,2947060.46,50.2,43.77,0.06,0.0,98.65,68.21,34.05,0,1,0,0,1,1,0,Esc6
344,4.13,14.6,13.53,1.99,4.46,0.31,0.0,74.68,3.62,2878228.8,51.4,42.43,0.05,0.0,98.69,72.96,37.53,0,1,0,0,1,1,0,Esc6
345,4.62,15.81,14.02,2.32,4.75,0.31,0.0,75.52,4.5,2925906.15,50.56,43.37,0.06,0.0,98.66,68.93,34.66,0,1,0,0,1,1,0,Esc6
346,4.41,16.32,13.85,2.22,4.64,0.32,0.0,75.63,4.15,2913283.85,50.78,43.12,0.06,0.0,98.67,70.68,35.27,0,1,0,0,1,1,0,Esc6
347,4.68,16.3,13.93,2.29,4.71,0.31,0.0,75.23,4.38,2916892.54,50.72,43.19,0.06,0.0,98.67,68.98,34.81,0,1,0,0,1,1,0,Esc6
348,4.48,16.87,13.92,2.36,4.73,0.32,0.0,77.15,4.32,2942337.0,50.28,43.68,0.06,0.0,98.66,69.81,33.78,0,1,0,0,1,1,0,Esc6
349,4.74,15.07,13.99,2.22,4.73,0.32,0.0,75.97,4.58,2935398.93,50.4,43.55,0.06,0.0,98.66,68.33,34.79,0,1,0,0,1,1,0,Esc6
350,4.93,16.99,14.23,2.46,4.93,0.32,0.0,76.66,5.12,2967166.62,49.86,44.16,0.07,0.0,98.64,66.0,33.03,0,1,0,0,1,1,0,Esc6
351,4.3,14.75,13.57,2.03,4.44,0.31,0.0,74.45,3.63,2875217.12,51.46,42.37,0.05,0.0,98.7,72.94,37.33,0,1,0,0,1,1,0,Esc6
352,4.6,15.43,14.1,2.25,4.89,0.33,0.0,78.38,4.94,2984817.78,49.57,44.49,0.07,0.0,98.63,65.61,32.29,0,1,0,0,1,1,0,Esc6
353,4.11,14.09,13.62,1.92,4.46,0.31,0.0,74.66,3.64,2878941.63,51.39,42.44,0.05,0.0,98.69,72.17,35.41,0,1,0,0,1,1,0,Esc6
354,4.42,15.31,13.81,2.15,4.64,0.32,0.0,75.56,4.17,2913093.37,50.79,43.12,0.06,0.0,98.67,69.87,35.34,0,1,0,0,1,1,0,Esc6
355,4.41,14.41,13.78,2.08,4.56,0.31,0.0,74.99,3.95,2896167.57,51.08,42.79,0.06,0.0,98.68,71.06,34.89,0,1,0,0,1,1,0,Esc6
356,4.45,16.21,13.79,2.21,4.56,0.31,0.0,74.4,3.9,2885576.76,51.27,42.58,0.05,0.0,98.69,71.71,35.7,0,1,0,0,1,1,0,Esc6
357,4.85,17.48,14.1,2.5,4.82,0.32,0.0,76.26,4.71,2944795.41,50.24,43.73,0.06,0.0,98.65,68.5,34.16,0,1,0,0,1,1,0,Esc6
358,4.74,18.94,13.97,2.64,4.77,0.32,0.0,75.7,4.44,2926041.99,50.56,43.37,0.06,0.0,98.66,69.55,34.06,0,1,0,0,1,1,0,Esc6
359,4.79,16.62,14.07,2.42,4.81,0.32,0.0,76.18,4.68,2942427.99,50.28,43.69,0.06,0.0,98.65,68.52,34.18,0,1,0,0,1,1,0,Esc6
360,4.61,15.82,13.92,2.3,4.68,0.32,0.0,75.87,4.29,2922599.75,50.62,43.3,0.06,0.0,98.67,69.72,35.12,0,1,0,0,1,1,0,Esc6
361,4.84,15.73,14.26,2.37,4.92,0.32,0.0,77.18,5.05,2971977.86,49.78,44.25,0.07,0.0,98.64,65.55,32.48,0,1,0,0,1,1,0,Esc6
362,4.7,15.18,14.14,2.3,4.89,0.32,0.0,76.98,4.93,2964295.39,49.91,44.1,0.07,0.0,98.64,65.72,33.52,0,1,0,0,1,1,0,Esc6
363,4.73,18.06,14.11,2.46,4.79,0.31,0.0,75.94,4.6,2936163.78,50.39,43.57,0.06,0.0,98.66,68.68,33.52,0,1,0,0,1,1,0,Esc6
364,5.35,20.74,14.44,3.04,5.12,0.32,0.0,76.31,5.51,2977926.53,49.68,44.36,0.07,0.0,98.63,65.77,32.55,0,1,0,0,1,1,0,Esc6
365,4.4,14.85,13.94,2.11,4.71,0.32,0.0,76.55,4.42,2937520.28,50.36,43.59,0.06,0.0,98.66,67.95,33.21,0,1,0,0,1,1,0,Esc6
366,4.49,18.01,13.82,2.33,4.58,0.31,0.0,74.87,3.99,2895950.12,51.09,42.78,0.06,0.0,98.68,71.02,35.5,0,1,0,0,1,1,0,Esc6
367,4.6,15.63,13.91,2.28,4.71,0.32,0.0,75.6,4.35,2920918.56,50.65,43.27,0.06,0.0,98.67,70.02,35.83,0,1,0,0,1,1,0,Esc6
368,5.05,20.45,14.26,2.78,5.02,0.32,0.0,77.42,5.26,2983927.29,49.58,44.47,0.07,0.0,98.63,66.37,33.35,0,1,0,0,1,1,0,Esc6
369,4.81,16.89,14.04,2.4,4.73,0.31,0.0,74.49,4.49,2910764.8,50.83,43.07,0.06,0.0,98.67,68.61,34.35,0,1,0,0,1,1,0,Esc6
370,5.1,17.92,14.23,2.68,4.96,0.32,0.0,76.07,5.09,2957588.33,50.02,43.98,0.07,0.0,98.64,66.56,33.87,0,1,0,0,1,1,0,Esc6
371,4.8,18.91,14.02,2.54,4.74,0.31,0.0,75.6,4.42,2923611.83,50.6,43.32,0.06,0.0,98.67,70.22,33.45,0,1,0,0,1,1,0,Esc6
372,4.33,13.79,13.82,2.0,4.69,0.32,0.0,76.96,4.34,2940041.37,50.32,43.64,0.06,0.0,98.66,68.47,35.31,0,1,0,0,1,1,0,Esc6
373,4.8,17.26,14.19,2.49,4.95,0.32,0.0,77.54,5.04,2976673.2,49.7,44.33,0.07,0.0,98.63,66.57,33.18,0,1,0,0,1,1,0,Esc6
374,4.85,16.03,14.09,2.39,4.82,0.31,0.0,75.4,4.68,2931618.91,50.47,43.48,0.06,0.0,98.66,68.41,34.52,0,1,0,0,1,1,0,Esc6
375,4.87,17.05,14.13,2.44,4.86,0.32,0.0,76.7,4.87,2957883.9,50.02,43.98,0.07,0.0,98.65,67.62,33.41,0,1,0,0,1,1,0,Esc6
376,5.2,20.1,14.34,2.96,5.06,0.32,0.0,76.48,5.25,2970130.41,49.81,44.21,0.07,0.0,98.63,67.33,32.76,0,1,0,0,1,1,0,Esc6
377,4.52,15.89,13.96,2.24,4.7,0.32,0.0,75.86,4.35,2924849.47,50.58,43.35,0.06,0.0,98.67,68.84,34.65,0,1,0,0,1,1,0,Esc6
378,4.72,19.5,14.06,2.59,4.8,0.32,0.0,76.34,4.57,2940355.83,50.32,43.65,0.06,0.0,98.66,68.6,33.35,0,1,0,0,1,1,0,Esc6
379,4.48,13.84,13.94,2.15,4.7,0.32,0.0,76.63,4.39,2937329.78,50.37,43.59,0.06,0.0,98.66,69.4,33.72,0,1,0,0,1,1,0,Esc6
380,4.73,14.59,13.97,2.2,4.7,0.31,0.0,75.45,4.43,2922208.5,50.63,43.3,0.06,0.0,98.67,68.7,35.09,0,1,0,0,1,1,0,Esc6
381,4.27,14.35,13.77,1.96,4.58,0.32,0.0,76.22,4.04,2917301.2,50.71,43.2,0.06,0.0,98.67,70.09,35.63,0,1,0,0,1,1,0,Esc6
382,4.51,17.21,13.91,2.31,4.72,0.32,0.0,76.04,4.36,2927889.88,50.53,43.41,0.06,0.0,98.66,69.0,34.56,0,1,0,0,1,1,0,Esc6
383,4.57,14.71,13.89,2.22,4.68,0.32,0.0,75.95,4.29,2923716.21,50.6,43.33,0.06,0.0,98.67,69.85,34.5,0,1,0,0,1,1,0,Esc6
384,4.65,17.76,14.0,2.39,4.79,0.32,0.0,77.47,4.63,2959101.23,50.0,44.0,0.06,0.0,98.65,68.75,34.33,0,1,0,0,1,1,0,Esc6
385,4.88,16.41,14.18,2.37,4.84,0.32,0.0,75.83,4.86,2944970.98,50.24,43.74,0.07,0.0,98.65,67.13,33.49,0,1,0,0,1,1,0,Esc6
386,5.0,16.74,14.18,2.51,4.9,0.32,0.0,76.0,4.99,2952773.99,50.1,43.88,0.07,0.0,98.65,66.82,34.13,0,1,0,0,1,1,0,Esc6
387,5.03,19.12,14.21,2.75,5.01,0.32,0.0,76.58,5.17,2968390.62,49.84,44.18,0.07,0.0,98.64,67.02,34.57,0,1,0,0,1,1,0,Esc6
388,4.51,16.13,13.95,2.27,4.7,0.31,0.0,74.85,4.36,2910374.42,50.83,43.07,0.06,0.0,98.67,69.2,33.65,0,1,0,0,1,1,0,Esc6
389,4.9,15.74,14.18,2.4,4.87,0.32,0.0,76.58,4.94,2959012.19,50.0,44.0,0.07,0.0,98.64,67.37,33.07,0,1,0,0,1,1,0,Esc6
390,4.57,15.12,13.9,2.22,4.69,0.32,0.0,75.98,4.37,2927161.43,50.54,43.39,0.06,0.0,98.66,69.24,35.02,0,1,0,0,1,1,0,Esc6
391,5.15,20.16,14.38,2.92,5.12,0.32,0.0,77.51,5.52,2995856.34,49.38,44.69,0.07,0.0,98.62,65.92,33.17,0,1,0,0,1,1,0,Esc6
392,5.2,19.36,14.39,2.82,5.1,0.32,0.0,77.76,5.52,2999213.05,49.33,44.75,0.07,0.0,98.62,65.6,32.88,0,1,0,0,1,1,0,Esc6
393,4.85,22.69,13.9,2.85,4.73,0.31,0.0,73.89,4.23,2891661.03,51.16,42.7,0.06,0.0,98.68,71.71,35.8,0,1,0,0,1,1,0,Esc6
394,4.79,18.25,14.12,2.62,4.91,0.32,0.0,76.58,4.9,2957477.36,50.02,43.97,0.07,0.0,98.64,67.07,32.95,0,1,0,0,1,1,0,Esc6
395,4.58,15.48,13.99,2.29,4.78,0.32,0.0,76.25,4.55,2938664.05,50.34,43.61,0.06,0.0,98.66,68.12,33.39,0,1,0,0,1,1,0,Esc6
396,4.62,16.44,14.03,2.3,4.79,0.32,0.0,77.06,4.66,2954587.42,50.07,43.92,0.06,0.0,98.65,67.87,34.14,0,1,0,0,1,1,0,Esc6
397,5.14,19.56,14.17,2.85,4.94,0.32,0.0,75.72,4.95,2947117.8,50.2,43.78,0.07,0.0,98.65,68.27,34.68,0,1,0,0,1,1,0,Esc6
398,4.81,20.23,14.11,2.69,4.93,0.32,0.0,76.72,4.87,2958285.03,50.01,43.99,0.07,0.0,98.64,67.44,33.63,0,1,0,0,1,1,0,Esc6
399,4.67,16.39,13.96,2.44,4.74,0.32,0.0,76.24,4.4,2932297.16,50.45,43.49,0.06,0.0,98.66,69.84,34.83,0,1,0,0,1,1,0,Esc6
400,4.65,16.18,13.88,2.34,4.7,0.32,0.0,75.38,4.34,2917200.34,50.71,43.2,0.06,0.0,98.67,69.52,35.36,0,1,0,0,1,1,0,Esc6
401,4.39,16.89,13.82,2.25,4.63,0.32,0.0,75.77,4.07,2912118.41,50.8,43.1,0.06,0.0,98.67,70.86,34.78,0,1,0,0,1,1,0,Esc6
402,4.42,16.87,13.81,2.25,4.64,0.31,0.0,75.42,4.12,2908986.99,50.86,43.04,0.06,0.0,98.67,70.72,35.36,0,1,0,0,1,1,0,Esc6
403,4.59,18.24,13.86,2.4,4.67,0.32,0.0,75.78,4.21,2917908.05,50.7,43.21,0.06,0.0,98.67,71.03,35.49,0,1,0,0,1,1,0,Esc6
404,4.52,16.8,13.93,2.33,4.68,0.31,0.0,75.06,4.25,2909100.54,50.86,43.04,0.06,0.0,98.67,69.53,34.29,0,1,0,0,1,1,0,Esc6
405,4.98,17.15,14.12,2.58,4.84,0.31,0.0,75.16,4.76,2931305.61,50.47,43.47,0.07,0.0,98.66,67.84,34.04,0,1,0,0,1,1,0,Esc6
406,4.55,16.71,13.91,2.29,4.66,0.31,0.0,75.15,4.23,2909584.79,50.85,43.05,0.06,0.0,98.67,69.99,34.6,0,1,0,0,1,1,0,Esc6
407,4.66,15.69,14.1,2.23,4.78,0.32,0.0,76.18,4.63,2940649.46,50.31,43.65,0.06,0.0,98.66,67.61,32.99,0,1,0,0,1,1,0,Esc6
408,4.97,16.82,14.2,2.55,4.93,0.32,0.0,76.29,5.06,2959505.81,49.99,44.01,0.07,0.0,98.64,66.41,33.53,0,1,0,0,1,1,0,Esc6
409,4.51,16.23,13.89,2.14,4.59,0.31,0.0,74.39,4.12,2894171.49,51.12,42.75,0.06,0.0,98.68,69.78,33.63,0,1,0,0,1,1,0,Esc6
410,4.59,18.21,13.93,2.49,4.77,0.32,0.0,76.06,4.43,2930901.35,50.48,43.46,0.06,0.0,98.66,69.71,35.57,0,1,0,0,1,1,0,Esc6
411,4.14,13.21,13.76,1.88,4.57,0.32,0.0,76.38,3.93,2915191.02,50.75,43.16,0.05,0.0,98.67,70.13,35.06,0,1,0,0,1,1,0,Esc6
412,4.52,15.74,13.89,2.19,4.68,0.32,0.0,75.78,4.28,2920931.8,50.65,43.27,0.06,0.0,98.67,69.5,35.01,0,1,0,0,1,1,0,Esc6
413,4.45,14.49,13.79,2.06,4.61,0.32,0.0,75.74,4.1,2912951.76,50.79,43.12,0.06,0.0,98.67,70.3,35.41,0,1,0,0,1,1,0,Esc6
414,4.48,16.81,13.75,2.29,4.59,0.32,0.0,75.65,3.97,2906216.83,50.91,42.98,0.06,0.0,98.68,72.06,36.43,0,1,0,0,1,1,0,Esc6
415,4.73,18.02,14.11,2.51,4.86,0.32,0.0,77.06,4.72,2957105.2,50.03,43.97,0.06,0.0,98.65,67.94,33.06,0,1,0,0,1,1,0,Esc6
416,4.93,19.56,14.2,2.75,4.96,0.32,0.0,76.95,5.03,2967986.49,49.85,44.17,0.07,0.0,98.64,66.72,33.33,0,1,0,0,1,1,0,Esc6
417,4.78,18.08,14.12,2.54,4.84,0.32,0.0,76.42,4.76,2949282.92,50.16,43.82,0.07,0.0,98.65,68.24,33.35,0,1,0,0,1,1,0,Esc6
418,4.23,14.54,13.78,2.04,4.56,0.31,0.0,75.5,3.87,2900247.67,51.01,42.87,0.05,0.0,98.68,71.46,34.8,0,1,0,0,1,1,0,Esc6
419,4.22,15.57,13.7,2.01,4.53,0.31,0.0,74.71,3.81,2886504.13,51.25,42.6,0.05,0.0,98.69,70.84,35.53,0,1,0,0,1,1,0,Esc6
420,4.89,18.0,14.04,2.55,4.87,0.32,0.0,76.25,4.82,2949066.14,50.17,43.81,0.07,0.0,98.65,68.27,34.85,0,1,0,0,1,1,0,Esc6
421,4.98,18.99,14.22,2.6,4.92,0.32,0.0,76.29,5.0,2957158.91,50.03,43.97,0.07,0.0,98.64,67.15,33.98,0,1,0,0,1,1,0,Esc6
422,4.7,18.32,14.01,2.48,4.79,0.32,0.0,76.42,4.57,2941526.12,50.3,43.67,0.06,0.0,98.66,69.18,33.65,0,1,0,0,1,1,0,Esc6
423,5.38,23.12,14.41,3.08,5.1,0.32,0.0,76.44,5.44,2977187.02,49.69,44.34,0.07,0.0,98.63,66.1,33.16,0,1,0,0,1,1,0,Esc6
424,4.54,16.52,13.73,2.23,4.58,0.32,0.0,75.28,4.01,2902810.58,50.97,42.92,0.06,0.0,98.68,71.15,36.36,0,1,0,0,1,1,0,Esc6
425,4.5,16.31,14.0,2.23,4.76,0.32,0.0,76.9,4.53,2946811.04,50.21,43.77,0.06,0.0,98.65,67.95,32.92,0,1,0,0,1,1,0,Esc6
426,4.7,15.42,13.85,2.37,4.67,0.31,0.0,74.81,4.25,2905765.18,50.91,42.98,0.06,0.0,98.68,70.22,35.61,0,1,0,0,1,1,0,Esc6
427,4.72,17.33,13.95,2.42,4.77,0.32,0.0,75.62,4.56,2929611.09,50.5,43.44,0.06,0.0,98.66,68.85,35.72,0,1,0,0,1,1,0,Esc6
428,4.51,16.14,13.8,2.3,4.6,0.31,0.0,75.1,4.06,2902175.34,50.98,42.91,0.06,0.0,98.68,70.89,34.91,0,1,0,0,1,1,0,Esc6
429,4.88,16.21,14.31,2.41,4.99,0.32,0.0,77.5,5.3,2986520.75,49.54,44.52,0.07,0.0,98.63,64.5,33.05,0,1,0,0,1,1,0,Esc6
430,4.63,14.82,13.95,2.26,4.72,0.31,0.0,75.29,4.4,2918646.01,50.69,43.23,0.06,0.0,98.67,69.31,34.84,0,1,0,0,1,1,0,Esc6
431,4.44,16.28,13.77,2.12,4.57,0.31,0.0,75.13,4.04,2901572.59,50.99,42.89,0.06,0.0,98.68,70.85,35.52,0,1,0,0,1,1,0,Esc6
432,4.95,17.71,14.15,2.55,4.88,0.32,0.0,75.93,4.88,2947233.31,50.2,43.78,0.07,0.0,98.65,67.56,33.95,0,1,0,0,1,1,0,Esc6
433,4.94,16.84,14.04,2.5,4.79,0.31,0.0,75.12,4.64,2925805.45,50.57,43.37,0.06,0.0,98.66,68.94,35.12,0,1,0,0,1,1,0,Esc6
434,4.41,13.24,13.73,2.04,4.52,0.31,0.0,74.9,3.86,2891359.37,51.17,42.69,0.05,0.0,98.69,71.7,35.43,0,1,0,0,1,1,0,Esc6
435,4.54,15.29,13.89,2.16,4.68,0.32,0.0,76.07,4.31,2925971.87,50.56,43.37,0.06,0.0,98.67,69.4,34.29,0,1,0,0,1,1,0,Esc6
436,4.71,15.08,14.01,2.33,4.76,0.32,0.0,75.8,4.55,2931760.23,50.46,43.48,0.06,0.0,98.66,68.96,34.66,0,1,0,0,1,1,0,Esc6
437,4.52,15.15,13.81,2.16,4.57,0.31,0.0,74.16,3.99,2885988.28,51.26,42.59,0.06,0.0,98.69,71.1,35.34,0,1,0,0,1,1,0,Esc6
438,4.57,15.08,13.87,2.2,4.68,0.32,0.0,75.39,4.31,2916136.33,50.73,43.18,0.06,0.0,98.67,69.52,35.09,0,1,0,0,1,1,0,Esc6
439,4.7,16.3,13.98,2.35,4.78,0.32,0.0,76.34,4.57,2940399.76,50.31,43.65,0.06,0.0,98.66,69.01,34.95,0,1,0,0,1,1,0,Esc6
440,4.51,15.57,13.8,2.21,4.59,0.32,0.0,75.68,4.06,2910489.93,50.83,43.07,0.06,0.0,98.68,71.26,35.8,0,1,0,0,1,1,0,Esc6
441,4.7,19.83,13.98,2.55,4.77,0.32,0.0,75.59,4.46,2925498.01,50.57,43.36,0.06,0.0,98.66,69.9,34.06,0,1,0,0,1,1,0,Esc6
442,4.58,16.07,14.04,2.25,4.79,0.32,0.0,76.83,4.62,2949842.46,50.15,43.83,0.06,0.0,98.65,67.9,33.38,0,1,0,0,1,1,0,Esc6
443,4.48,16.39,13.96,2.36,4.75,0.32,0.0,76.65,4.38,2937181.03,50.37,43.59,0.06,0.0,98.66,69.34,33.64,0,1,0,0,1,1,0,Esc6
444,4.57,16.23,13.82,2.24,4.64,0.31,0.0,74.93,4.17,2904156.44,50.94,42.94,0.06,0.0,98.68,70.52,35.78,0,1,0,0,1,1,0,Esc6
445,4.32,14.34,13.74,2.03,4.53,0.31,0.0,74.3,3.86,2882535.25,51.32,42.52,0.05,0.0,98.69,71.4,35.61,0,1,0,0,1,1,0,Esc6
446,4.48,16.31,13.77,2.3,4.6,0.31,0.0,75.08,4.0,2899281.88,51.03,42.85,0.06,0.0,98.68,71.56,35.84,0,1,0,0,1,1,0,Esc6
447,4.94,17.5,14.24,2.41,4.92,0.32,0.0,77.17,5.09,2973655.07,49.75,44.28,0.07,0.0,98.64,66.36,32.99,0,1,0,0,1,1,0,Esc6
448,4.87,18.08,14.02,2.57,4.81,0.31,0.0,75.02,4.65,2924917.92,50.58,43.35,0.06,0.0,98.66,68.68,34.53,0,1,0,0,1,1,0,Esc6
449,4.43,14.61,13.78,2.16,4.66,0.32,0.0,75.83,4.26,2920554.12,50.66,43.26,0.06,0.0,98.67,69.66,35.19,0,1,0,0,1,1,0,Esc6
450,4.78,17.71,13.94,2.45,4.71,0.31,0.0,75.24,4.36,2916173.97,50.73,43.18,0.06,0.0,98.67,69.69,34.99,0,1,0,0,1,1,0,Esc6
451,4.38,13.8,13.88,1.99,4.64,0.32,0.0,75.88,4.18,2918212.84,50.7,43.22,0.06,0.0,98.67,68.81,34.18,0,1,0,0,1,1,0,Esc6
452,4.05,15.3,13.52,1.94,4.32,0.31,0.0,74.0,3.21,2852091.28,51.87,41.9,0.05,0.0,98.71,74.97,36.51,0,1,0,0,1,1,0,Esc6
453,4.39,15.48,13.85,2.18,4.64,0.32,0.0,75.99,4.13,2917856.03,50.7,43.21,0.06,0.0,98.67,70.25,34.79,0,1,0,0,1,1,0,Esc6
454,4.45,15.5,13.8,2.15,4.59,0.32,0.0,75.97,4.02,2913058.82,50.79,43.12,0.06,0.0,98.67,71.29,35.34,0,1,0,0,1,1,0,Esc6
455,4.54,18.09,13.84,2.35,4.69,0.32,0.0,76.34,4.28,2928799.52,50.51,43.42,0.06,0.0,98.66,69.98,34.94,0,1,0,0,1,1,0,Esc6
456,4.74,15.25,14.14,2.29,4.8,0.32,0.0,76.83,4.68,2952168.79,50.11,43.87,0.06,0.0,98.65,67.95,32.7,0,1,0,0,1,1,0,Esc6
457,5.29,20.8,14.5,2.91,5.16,0.32,0.0,77.06,5.69,2996264.08,49.38,44.7,0.08,0.0,98.62,64.17,31.48,0,1,0,0,1,1,0,Esc6
458,4.39,15.78,13.78,2.11,4.59,0.32,0.0,75.64,4.04,2909075.94,50.86,43.04,0.06,0.0,98.68,71.22,35.62,0,1,0,0,1,1,0,Esc6
459,4.81,16.72,13.89,2.46,4.69,0.31,0.0,74.9,4.34,2910335.36,50.83,43.07,0.06,0.0,98.67,70.95,36.42,0,1,0,0,1,1,0,Esc6
460,4.46,14.58,14.02,2.18,4.78,0.32,0.0,77.54,4.6,2958856.8,50.0,44.0,0.06,0.0,98.65,67.87,32.92,0,1,0,0,1,1,0,Esc6
461,4.76,16.7,13.92,2.38,4.71,0.32,0.0,75.74,4.41,2925398.74,50.57,43.36,0.06,0.0,98.67,69.7,34.43,0,1,0,0,1,1,0,Esc6
462,4.82,15.14,14.11,2.38,4.83,0.32,0.0,75.98,4.76,2942800.59,50.27,43.69,0.07,0.0,98.65,67.67,33.59,0,1,0,0,1,1,0,Esc6
463,4.43,15.26,13.84,2.17,4.63,0.31,0.0,75.23,4.14,2907266.08,50.89,43.01,0.06,0.0,98.68,70.32,34.48,0,1,0,0,1,1,0,Esc6
464,5.17,18.52,14.32,2.75,5.04,0.32,0.0,76.75,5.36,2978411.85,49.67,44.37,0.07,0.0,98.63,65.49,33.27,0,1,0,0,1,1,0,Esc6
465,4.41,17.76,13.68,2.43,4.54,0.31,0.0,74.51,3.77,2882008.84,51.33,42.51,0.05,0.0,98.69,72.93,36.42,0,1,0,0,1,1,0,Esc6
466,4.26,15.41,13.63,2.05,4.44,0.31,0.0,74.98,3.59,2881586.48,51.34,42.5,0.05,0.0,98.69,73.72,37.09,0,1,0,0,1,1,0,Esc6
467,4.46,16.88,13.79,2.2,4.61,0.31,0.0,74.74,4.07,2897078.98,51.07,42.8,0.06,0.0,98.68,70.27,35.24,0,1,0,0,1,1,0,Esc6
468,4.39,15.02,13.84,2.11,4.64,0.31,0.0,75.45,4.19,2912649.63,50.79,43.11,0.06,0.0,98.67,69.61,34.85,0,1,0,0,1,1,0,Esc6
469,4.62,16.66,14.02,2.29,4.77,0.32,0.0,76.48,4.61,2944011.22,50.25,43.72,0.06,0.0,98.65,68.34,33.99,0,1,0,0,1,1,0,Esc6
470,4.63,17.08,13.89,2.37,4.72,0.32,0.0,76.2,4.35,2929611.21,50.5,43.44,0.06,0.0,98.66,70.2,35.78,0,1,0,0,1,1,0,Esc6
471,4.94,16.64,14.19,2.46,4.89,0.32,0.0,76.19,4.95,2953543.81,50.09,43.9,0.07,0.0,98.65,66.69,32.8,0,1,0,0,1,1,0,Esc6
472,4.57,15.93,13.84,2.29,4.61,0.31,0.0,75.11,4.09,2903582.1,50.95,42.93,0.06,0.0,98.68,71.24,35.66,0,1,0,0,1,1,0,Esc6
473,4.39,15.2,13.77,2.11,4.53,0.31,0.0,74.78,3.88,2890286.32,51.19,42.67,0.05,0.0,98.69,71.93,36.2,0,1,0,0,1,1,0,Esc6
474,5.14,18.33,14.24,2.8,4.97,0.31,0.0,75.36,5.06,2946137.19,50.22,43.76,0.07,0.0,98.65,67.62,33.35,0,1,0,0,1,1,0,Esc6
475,4.77,14.84,14.1,2.27,4.84,0.32,0.0,77.03,4.84,2961433.44,49.96,44.05,0.07,0.0,98.64,67.26,33.3,0,1,0,0,1,1,0,Esc6
476,4.5,16.44,13.93,2.17,4.66,0.32,0.0,75.91,4.31,2923736.36,50.6,43.33,0.06,0.0,98.67,68.61,34.47,0,1,0,0,1,1,0,Esc6
477,4.61,15.64,14.06,2.22,4.77,0.32,0.0,77.15,4.61,2953742.25,50.09,43.9,0.06,0.0,98.65,68.06,33.55,0,1,0,0,1,1,0,Esc6
478,4.54,14.8,13.87,2.25,4.67,0.31,0.0,75.36,4.23,2912792.24,50.79,43.11,0.06,0.0,98.67,70.73,34.93,0,1,0,0,1,1,0,Esc6
479,4.37,14.37,13.75,2.1,4.58,0.32,0.0,75.65,4.0,2907544.19,50.88,43.01,0.06,0.0,98.68,71.31,36.22,0,1,0,0,1,1,0,Esc6
480,4.61,15.83,14.13,2.34,4.87,0.32,0.0,77.15,4.83,2962815.05,49.93,44.07,0.07,0.0,98.64,66.11,32.18,0,1,0,0,1,1,0,Esc6
481,4.09,14.98,13.73,1.9,4.5,0.31,0.0,75.09,3.75,2889338.12,51.2,42.65,0.05,0.0,98.69,71.17,34.79,0,1,0,0,1,1,0,Esc6
482,4.32,13.74,13.77,1.96,4.55,0.31,0.0,74.69,3.97,2892401.34,51.15,42.71,0.06,0.0,98.68,70.7,35.26,0,1,0,0,1,1,0,Esc6
483,4.25,14.14,13.67,1.93,4.47,0.31,0.0,74.13,3.76,2876257.09,51.44,42.39,0.05,0.0,98.69,71.46,35.83,0,1,0,0,1,1,0,Esc6
484,4.39,17.38,13.78,2.36,4.65,0.32,0.0,75.6,4.06,2909477.95,50.85,43.05,0.06,0.0,98.67,71.25,36.73,0,1,0,0,1,1,0,Esc6
485,4.7,14.22,14.05,2.25,4.81,0.32,0.0,76.71,4.76,2953494.99,50.09,43.9,0.06,0.0,98.65,67.38,34.06,0,1,0,0,1,1,0,Esc6
486,5.0,16.82,14.17,2.58,4.93,0.32,0.0,76.03,5.02,2954092.52,50.08,43.91,0.07,0.0,98.65,66.82,33.66,0,1,0,0,1,1,0,Esc6
487,4.53,14.76,13.94,2.15,4.69,0.32,0.0,76.43,4.35,2933157.99,50.44,43.51,0.06,0.0,98.66,69.06,34.44,0,1,0,0,1,1,0,Esc6
488,4.97,18.62,14.12,2.65,4.89,0.32,0.0,76.16,4.89,2951024.48,50.13,43.85,0.07,0.0,98.65,68.04,34.63,0,1,0,0,1,1,0,Esc6
489,4.47,15.28,13.91,2.17,4.7,0.32,0.0,75.93,4.36,2926099.52,50.56,43.37,0.06,0.0,98.66,68.54,34.95,0,1,0,0,1,1,0,Esc6
490,4.78,17.33,14.08,2.56,4.88,0.32,0.0,76.92,4.82,2958990.18,50.0,44.0,0.07,0.0,98.64,67.59,33.55,0,1,0,0,1,1,0,Esc6
491,4.69,15.99,13.91,2.41,4.74,0.32,0.0,75.57,4.42,2923401.5,50.61,43.32,0.06,0.0,98.67,69.81,35.9,0,1,0,0,1,1,0,Esc6
492,4.51,15.54,13.9,2.29,4.65,0.31,0.0,75.73,4.13,2913836.07,50.77,43.13,0.06,0.0,98.67,70.88,34.35,0,1,0,0,1,1,0,Esc6
493,4.91,16.31,14.25,2.46,4.95,0.32,0.0,77.59,5.12,2980862.44,49.63,44.41,0.07,0.0,98.63,66.43,33.23,0,1,0,0,1,1,0,Esc6
494,4.97,21.0,14.05,2.92,4.9,0.32,0.0,76.41,4.74,2948370.15,50.18,43.8,0.06,0.0,98.65,70.23,35.08,0,1,0,0,1,1,0,Esc6
495,4.79,17.39,14.16,2.37,4.86,0.32,0.0,76.78,4.81,2956686.5,50.04,43.96,0.07,0.0,98.65,67.0,33.13,0,1,0,0,1,1,0,Esc6
496,4.74,15.89,14.02,2.36,4.77,0.32,0.0,76.63,4.59,2945523.62,50.23,43.75,0.06,0.0,98.65,68.44,33.85,0,1,0,0,1,1,0,Esc6
497,4.08,13.45,13.7,1.91,4.48,0.31,0.0,75.68,3.71,2896433.86,51.08,42.79,0.05,0.0,98.68,72.19,35.4,0,1,0,0,1,1,0,Esc6
498,4.29,14.66,13.79,2.02,4.55,0.31,0.0,75.31,3.89,2898532.26,51.04,42.83,0.05,0.0,98.68,71.21,34.71,0,1,0,0,1,1,0,Esc6
499,4.41,14.51,13.91,2.08,4.71,0.32,0.0,76.74,4.42,2940131.27,50.32,43.64,0.06,0.0,98.66,68.21,34.56,0,1,0,0,1,1,0,Esc6
500,4.36,15.63,13.72,2.13,4.52,0.31,0.0,74.83,3.81,2888135.64,51.23,42.63,0.05,0.0,98.69,71.56,35.69,0,1,0,0,1,1,0,Esc6
501,4.86,16.31,14.18,2.41,4.84,0.32,0.0,76.0,4.83,2946075.22,50.22,43.76,0.07,0.0,98.65,67.27,32.69,0,1,0,0,1,1,0,Esc6
502,4.95,18.19,14.12,2.54,4.83,0.31,0.0,75.46,4.74,2934709.34,50.41,43.54,0.07,0.0,98.66,68.15,33.9,0,1,0,0,1,1,0,Esc6
503,5.15,20.15,14.18,2.87,4.91,0.32,0.0,76.25,4.9,2952558.13,50.11,43.88,0.07,0.0,98.65,69.09,34.36,0,1,0,0,1,1,0,Esc6
504,4.56,18.09,13.76,2.42,4.68,0.32,0.0,75.33,4.23,2912481.63,50.8,43.11,0.06,0.0,98.67,70.39,36.51,0,1,0,0,1,1,0,Esc6
505,4.54,14.39,14.02,2.19,4.78,0.32,0.0,76.97,4.6,2950899.49,50.14,43.85,0.06,0.0,98.65,67.35,32.94,0,1,0,0,1,1,0,Esc6
506,4.91,16.9,14.04,2.56,4.81,0.32,0.0,75.93,4.67,2938529.56,50.35,43.61,0.06,0.0,98.66,69.26,35.31,0,1,0,0,1,1,0,Esc6
507,4.63,16.24,14.06,2.27,4.77,0.32,0.0,76.4,4.58,2941754.06,50.29,43.67,0.06,0.0,98.66,68.56,33.99,0,1,0,0,1,1,0,Esc6
508,4.23,15.82,13.78,2.04,4.57,0.32,0.0,75.77,3.94,2906965.38,50.89,43.0,0.05,0.0,98.68,70.54,34.57,0,1,0,0,1,1,0,Esc6
509,4.48,16.36,13.8,2.32,4.6,0.31,0.0,73.65,4.02,2879745.59,51.37,42.46,0.06,0.0,98.69,71.25,36.14,0,1,0,0,1,1,0,Esc6
510,4.54,16.21,13.98,2.25,4.74,0.32,0.0,76.25,4.48,2935680.7,50.4,43.56,0.06,0.0,98.66,67.77,33.65,0,1,0,0,1,1,0,Esc6
511,4.8,17.08,14.06,2.44,4.82,0.32,0.0,75.88,4.69,2938903.2,50.34,43.62,0.06,0.0,98.66,67.61,33.91,0,1,0,0,1,1,0,Esc6
512,4.7,17.81,14.05,2.5,4.83,0.32,0.0,77.02,4.74,2956976.32,50.03,43.96,0.06,0.0,98.65,67.98,34.07,0,1,0,0,1,1,0,Esc6
513,4.92,17.49,14.14,2.57,4.85,0.31,0.0,75.43,4.76,2935176.45,50.4,43.55,0.07,0.0,98.66,68.26,33.68,0,1,0,0,1,1,0,Esc6
514,4.65,16.81,13.88,2.36,4.7,0.32,0.0,76.27,4.32,2929556.6,50.5,43.44,0.06,0.0,98.66,70.37,35.32,0,1,0,0,1,1,0,Esc6
515,4.57,17.74,13.92,2.39,4.7,0.31,0.0,74.87,4.28,2907823.61,50.88,43.02,0.06,0.0,98.67,69.54,35.01,0,1,0,0,1,1,0,Esc6
516,4.67,16.79,13.89,2.42,4.77,0.32,0.0,76.08,4.53,2935188.56,50.4,43.55,0.06,0.0,98.66,69.34,36.07,0,1,0,0,1,1,0,Esc6
517,4.8,19.4,13.88,2.67,4.73,0.31,0.0,74.67,4.35,2907526.42,50.88,43.01,0.06,0.0,98.67,70.96,36.55,0,1,0,0,1,1,0,Esc6
518,5.04,15.89,14.4,2.42,5.02,0.32,0.0,77.58,5.47,2994679.05,49.4,44.67,0.07,0.0,98.62,63.81,31.9,0,1,0,0,1,1,0,Esc6
519,4.9,18.85,14.17,2.55,4.89,0.32,0.0,76.59,4.92,2958363.97,50.01,43.99,0.07,0.0,98.64,67.34,33.35,0,1,0,0,1,1,0,Esc6
520,4.54,16.05,13.88,2.28,4.67,0.31,0.0,75.48,4.23,2914415.19,50.76,43.15,0.06,0.0,98.67,70.19,35.0,0,1,0,0,1,1,0,Esc6
521,4.28,16.25,13.63,2.12,4.49,0.31,0.0,74.31,3.72,2876943.44,51.42,42.4,0.05,0.0,98.69,72.99,37.29,0,1,0,0,1,1,0,Esc6
522,4.42,14.75,13.72,2.11,4.46,0.31,0.0,74.2,3.69,2874147.02,51.47,42.35,0.05,0.0,98.7,72.88,34.99,0,1,0,0,1,1,0,Esc6
523,4.72,16.99,13.94,2.51,4.75,0.32,0.0,76.19,4.4,2931384.73,50.47,43.47,0.06,0.0,98.66,70.11,35.14,0,1,0,0,1,1,0,Esc6
524,4.96,18.37,14.21,2.57,4.93,0.32,0.0,76.25,5.02,2957535.09,50.02,43.97,0.07,0.0,98.64,66.34,33.11,0,1,0,0,1,1,0,Esc6
525,4.55,15.4,13.83,2.23,4.58,0.31,0.0,74.68,4.03,2894940.31,51.1,42.76,0.06,0.0,98.68,70.99,35.08,0,1,0,0,1,1,0,Esc6
526,4.73,16.68,14.08,2.28,4.78,0.32,0.0,76.02,4.64,2938640.76,50.34,43.61,0.06,0.0,98.66,67.53,32.95,0,1,0,0,1,1,0,Esc6
527,4.48,16.72,13.99,2.28,4.73,0.32,0.0,76.83,4.37,2939614.9,50.33,43.63,0.06,0.0,98.66,68.98,33.46,0,1,0,0,1,1,0,Esc6
528,4.56,15.53,14.0,2.3,4.78,0.32,0.0,76.94,4.59,2950164.11,50.15,43.83,0.06,0.0,98.65,67.88,33.28,0,1,0,0,1,1,0,Esc6
529,4.36,15.37,13.89,2.15,4.74,0.32,0.0,77.09,4.41,2945031.48,50.24,43.74,0.06,0.0,98.66,68.23,34.21,0,1,0,0,1,1,0,Esc6
530,4.6,15.6,13.87,2.22,4.63,0.31,0.0,74.73,4.18,2901706.51,50.99,42.9,0.06,0.0,98.68,70.38,35.03,0,1,0,0,1,1,0,Esc6
531,4.59,15.15,13.99,2.22,4.75,0.32,0.0,75.96,4.52,2933140.52,50.44,43.51,0.06,0.0,98.66,67.9,33.83,0,1,0,0,1,1,0,Esc6
532,4.47,15.58,14.02,2.19,4.79,0.32,0.0,77.14,4.64,2954671.24,50.07,43.92,0.06,0.0,98.65,67.72,33.42,0,1,0,0,1,1,0,Esc6
533,4.81,16.85,14.11,2.46,4.88,0.32,0.0,76.91,4.88,2961310.55,49.96,44.05,0.07,0.0,98.64,67.43,33.58,0,1,0,0,1,1,0,Esc6
534,4.89,18.83,14.13,2.65,4.87,0.32,0.0,75.64,4.82,2940419.2,50.31,43.65,0.07,0.0,98.65,67.6,33.9,0,1,0,0,1,1,0,Esc6
535,4.81,16.36,14.17,2.41,4.91,0.32,0.0,77.58,5.03,2976890.38,49.7,44.34,0.07,0.0,98.64,66.58,33.83,0,1,0,0,1,1,0,Esc6
536,4.46,14.58,13.82,2.13,4.61,0.32,0.0,75.87,4.1,2914997.58,50.75,43.16,0.06,0.0,98.67,71.16,35.03,0,1,0,0,1,1,0,Esc6
537,5.04,17.72,14.17,2.59,4.9,0.32,0.0,76.16,4.94,2952633.51,50.11,43.88,0.07,0.0,98.65,67.57,34.48,0,1,0,0,1,1,0,Esc6
538,5.14,19.89,14.34,2.81,5.12,0.33,0.0,78.1,5.58,3006657.4,49.21,44.89,0.07,0.0,98.62,64.95,33.39,0,1,0,0,1,1,0,Esc6
539,4.65,16.98,13.96,2.38,4.73,0.32,0.0,75.69,4.4,2924326.65,50.59,43.34,0.06,0.0,98.66,69.31,33.96,0,1,0,0,1,1,0,Esc6
540,4.85,15.73,13.99,2.44,4.79,0.32,0.0,75.75,4.62,2934102.82,50.42,43.53,0.06,0.0,98.66,69.08,34.9,0,1,0,0,1,1,0,Esc6
541,4.89,18.61,14.12,2.52,4.78,0.31,0.0,76.02,4.61,2937674.94,50.36,43.6,0.06,0.0,98.66,69.78,33.89,0,1,0,0,1,1,0,Esc6
542,4.74,15.62,14.0,2.39,4.76,0.32,0.0,75.94,4.52,2932669.24,50.45,43.5,0.06,0.0,98.66,69.1,34.74,0,1,0,0,1,1,0,Esc6
543,4.42,14.93,13.78,2.18,4.62,0.31,0.0,74.87,4.08,2899640.65,51.02,42.86,0.06,0.0,98.68,71.05,36.14,0,1,0,0,1,1,0,Esc6
544,4.68,16.67,14.0,2.31,4.72,0.31,0.0,75.75,4.38,2924376.89,50.59,43.34,0.06,0.0,98.67,69.02,34.16,0,1,0,0,1,1,0,Esc6
545,4.34,14.92,13.69,2.05,4.43,0.31,0.0,73.97,3.58,2866402.93,51.61,42.19,0.05,0.0,98.7,73.42,35.62,0,1,0,0,1,1,0,Esc6
546,4.47,16.93,13.81,2.25,4.63,0.32,0.0,75.38,4.17,2910675.75,50.83,43.07,0.06,0.0,98.67,70.17,35.13,0,1,0,0,1,1,0,Esc6
547,5.42,22.04,14.46,3.16,5.18,0.32,0.02,77.31,5.64,2999498.56,49.32,44.71,0.08,0.05,98.62,65.82,32.77,0,1,0,0,1,1,0,Esc6
548,5.35,19.91,14.48,2.97,5.14,0.32,0.0,76.93,5.66,2993181.94,49.43,44.64,0.08,0.0,98.62,64.52,32.27,0,1,0,0,1,1,0,Esc6
549,4.26,16.48,13.75,2.14,4.54,0.31,0.0,75.19,3.87,2895585.14,51.09,42.78,0.05,0.0,98.68,71.03,35.2,0,1,0,0,1,1,0,Esc6
550,4.56,14.74,13.97,2.16,4.72,0.32,0.0,76.09,4.48,2933174.54,50.44,43.51,0.06,0.0,98.66,68.62,34.77,0,1,0,0,1,1,0,Esc6
551,4.92,18.29,14.1,2.61,4.88,0.32,0.0,76.6,4.86,2956180.81,50.05,43.95,0.07,0.0,98.65,67.69,33.18,0,1,0,0,1,1,0,Esc6
552,5.07,19.79,14.22,2.83,4.97,0.32,0.0,75.94,5.08,2955248.3,50.06,43.93,0.07,0.0,98.64,67.31,33.42,0,1,0,0,1,1,0,Esc6
553,5.29,19.46,14.41,2.81,5.08,0.32,0.0,76.86,5.47,2984415.17,49.57,44.48,0.07,0.0,98.63,65.59,32.37,0,1,0,0,1,1,0,Esc6
554,4.96,17.01,14.27,2.52,4.94,0.32,0.0,76.38,5.12,2963463.4,49.92,44.09,0.07,0.0,98.64,65.73,31.96,0,1,0,0,1,1,0,Esc6
555,4.88,20.79,14.09,2.8,4.88,0.32,0.0,75.99,4.74,2942295.0,50.28,43.68,0.06,0.0,98.65,68.84,33.37,0,1,0,0,1,1,0,Esc6
556,4.59,16.12,13.8,2.28,4.6,0.31,0.0,74.46,4.11,2894805.01,51.11,42.76,0.06,0.0,98.68,71.15,35.28,0,1,0,0,1,1,0,Esc6
557,4.61,15.94,14.07,2.2,4.76,0.32,0.0,76.52,4.57,2943080.52,50.27,43.7,0.06,0.0,98.66,67.74,33.26,0,1,0,0,1,1,0,Esc6
558,4.83,17.83,14.21,2.54,4.95,0.32,0.0,77.48,5.08,2977459.81,49.69,44.35,0.07,0.0,98.63,66.44,32.57,0,1,0,0,1,1,0,Esc6
559,4.88,16.73,14.04,2.51,4.85,0.32,0.0,75.98,4.78,2943776.72,50.26,43.71,0.07,0.0,98.65,68.19,33.88,0,1,0,0,1,1,0,Esc6
560,4.57,15.76,13.97,2.35,4.77,0.32,0.0,76.04,4.5,2933497.34,50.43,43.51,0.06,0.0,98.66,69.41,34.52,0,1,0,0,1,1,0,Esc6
561,4.93,16.54,14.23,2.48,4.93,0.32,0.0,77.82,5.09,2982661.26,49.6,44.45,0.07,0.0,98.63,66.12,32.37,0,1,0,0,1,1,0,Esc6
562,4.09,13.66,13.67,1.9,4.53,0.32,0.0,75.63,3.82,2900127.17,51.01,42.87,0.05,0.0,98.68,70.91,35.58,0,1,0,0,1,1,0,Esc6
563,4.55,17.2,14.04,2.45,4.82,0.32,0.0,77.25,4.59,2954581.48,50.07,43.92,0.06,0.0,98.65,68.39,33.26,0,1,0,0,1,1,0,Esc6
564,4.45,15.03,13.93,2.11,4.67,0.32,0.0,76.57,4.31,2933371.55,50.44,43.51,0.06,0.0,98.66,68.67,34.24,0,1,0,0,1,1,0,Esc6
565,4.84,17.26,14.17,2.53,4.87,0.32,0.0,76.02,4.8,2945171.62,50.23,43.74,0.07,0.0,98.65,67.5,33.45,0,1,0,0,1,1,0,Esc6
566,4.73,16.75,14.01,2.43,4.78,0.32,0.0,76.02,4.58,2936247.97,50.39,43.57,0.06,0.0,98.66,68.89,34.32,0,1,0,0,1,1,0,Esc6
567,4.53,16.87,13.9,2.34,4.75,0.32,0.0,76.47,4.46,2937882.18,50.36,43.6,0.06,0.0,98.66,69.16,35.12,0,1,0,0,1,1,0,Esc6
568,5.11,19.5,14.26,2.88,5.01,0.32,0.0,76.74,5.16,2970194.5,49.81,44.21,0.07,0.0,98.64,67.16,34.15,0,1,0,0,1,1,0,Esc6
569,4.74,18.16,14.0,2.47,4.71,0.31,0.0,75.69,4.35,2922350.64,50.63,43.3,0.06,0.0,98.67,70.0,33.38,0,1,0,0,1,1,0,Esc6
570,4.52,15.19,13.96,2.15,4.7,0.32,0.0,76.52,4.42,2937055.25,50.37,43.58,0.06,0.0,98.66,68.79,33.56,0,1,0,0,1,1,0,Esc6
571,4.86,16.83,14.29,2.47,4.97,0.32,0.0,78.21,5.19,2992568.55,49.44,44.63,0.07,0.0,98.63,65.48,32.18,0,1,0,0,1,1,0,Esc6
572,4.76,15.37,14.07,2.28,4.84,0.32,0.0,76.4,4.8,2950540.8,50.14,43.84,0.07,0.0,98.65,66.51,33.36,0,1,0,0,1,1,0,Esc6
573,4.7,16.69,13.99,2.35,4.76,0.32,0.0,75.72,4.54,2930552.03,50.48,43.46,0.06,0.0,98.66,68.09,34.25,0,1,0,0,1,1,0,Esc6
574,5.07,18.05,14.23,2.75,5.01,0.32,0.0,76.79,5.26,2974776.01,49.73,44.3,0.07,0.0,98.63,66.32,33.35,0,1,0,0,1,1,0,Esc6
575,4.99,17.01,14.2,2.55,4.86,0.32,0.0,76.28,4.83,2950270.24,50.15,43.84,0.07,0.0,98.65,68.12,32.72,0,1,0,0,1,1,0,Esc6
576,4.74,16.36,13.93,2.35,4.69,0.31,0.0,74.93,4.32,2910248.71,50.84,43.06,0.06,0.0,98.67,70.04,34.79,0,1,0,0,1,1,0,Esc6
577,4.75,18.65,13.96,2.52,4.72,0.31,0.0,74.46,4.36,2904973.98,50.93,42.96,0.06,0.0,98.67,69.94,35.62,0,1,0,0,1,1,0,Esc6
578,4.39,14.26,13.84,1.97,4.59,0.32,0.0,75.9,4.1,2915136.28,50.75,43.16,0.06,0.0,98.67,69.62,33.83,0,1,0,0,1,1,0,Esc6
579,4.13,14.38,13.64,1.96,4.45,0.31,0.0,74.96,3.62,2882284.55,51.33,42.51,0.05,0.0,98.69,72.52,35.78,0,1,0,0,1,1,0,Esc6
580,4.7,15.96,14.19,2.3,4.87,0.32,0.0,76.93,4.85,2960411.71,49.97,44.03,0.07,0.0,98.64,67.17,32.43,0,1,0,0,1,1,0,Esc6
581,4.17,13.42,13.67,1.87,4.48,0.31,0.0,74.28,3.77,2878484.62,51.4,42.44,0.05,0.0,98.69,70.87,35.8,0,1,0,0,1,1,0,Esc6
582,4.64,15.58,14.07,2.28,4.77,0.31,0.0,75.86,4.53,2931833.05,50.46,43.48,0.06,0.0,98.66,68.25,33.55,0,1,0,0,1,1,0,Esc6
583,4.31,16.03,13.63,2.06,4.42,0.31,0.0,73.36,3.61,2858912.45,51.75,42.04,0.05,0.0,98.7,72.59,35.58,0,1,0,0,1,1,0,Esc6
584,4.75,15.39,14.1,2.32,4.86,0.32,0.0,76.6,4.85,2955447.77,50.06,43.93,0.07,0.0,98.65,67.07,33.24,0,1,0,0,1,1,0,Esc6
585,4.75,15.37,14.09,2.26,4.83,0.32,0.0,77.24,4.8,2962981.97,49.93,44.08,0.07,0.0,98.64,67.25,34.24,0,1,0,0,1,1,0,Esc6
586,4.63,16.4,13.94,2.38,4.74,0.32,0.0,75.65,4.38,2922889.32,50.62,43.31,0.06,0.0,98.67,69.87,35.1,0,1,0,0,1,1,0,Esc6
587,4.58,17.93,13.96,2.34,4.73,0.32,0.0,76.18,4.39,2931113.45,50.47,43.47,0.06,0.0,98.66,68.68,34.24,0,1,0,0,1,1,0,Esc6
588,4.22,13.88,13.7,1.99,4.49,0.31,0.0,74.78,3.76,2885488.0,51.27,42.58,0.05,0.0,98.69,71.76,35.45,0,1,0,0,1,1,0,Esc6
589,4.64,15.87,13.93,2.4,4.75,0.32,0.0,76.15,4.46,2933491.86,50.43,43.51,0.06,0.0,98.66,69.39,35.47,0,1,0,0,1,1,0,Esc6
590,4.44,16.45,13.75,2.18,4.54,0.31,0.0,75.05,3.91,2895516.32,51.09,42.77,0.05,0.0,98.68,71.72,36.2,0,1,0,0,1,1,0,Esc6
591,4.9,17.31,14.03,2.58,4.85,0.32,0.0,75.39,4.76,2934598.55,50.41,43.54,0.07,0.0,98.66,68.67,34.61,0,1,0,0,1,1,0,Esc6
592,4.56,14.91,14.0,2.18,4.78,0.32,0.0,76.48,4.6,2944022.43,50.25,43.72,0.06,0.0,98.65,67.27,33.29,0,1,0,0,1,1,0,Esc6
593,5.21,18.46,14.36,2.74,5.09,0.32,0.0,77.74,5.54,2999672.32,49.32,44.76,0.07,0.0,98.62,64.75,32.59,0,1,0,0,1,1,0,Esc6
594,5.0,17.04,14.07,2.53,4.8,0.31,0.0,75.39,4.65,2930141.85,50.49,43.45,0.06,0.0,98.66,68.55,35.0,0,1,0,0,1,1,0,Esc6
595,4.4,15.11,13.86,2.15,4.66,0.32,0.0,75.99,4.25,2922708.05,50.62,43.31,0.06,0.0,98.67,69.29,35.53,0,1,0,0,1,1,0,Esc6
596,4.34,14.76,13.89,2.14,4.69,0.32,0.0,77.14,4.27,2939895.98,50.32,43.64,0.06,0.0,98.66,69.47,34.19,0,1,0,0,1,1,0,Esc6
597,4.85,21.22,14.01,2.62,4.81,0.31,0.04,75.31,4.55,2928334.87,50.52,43.31,0.06,0.1,98.66,68.94,34.51,0,1,0,0,1,1,0,Esc6
598,4.69,18.15,13.98,2.45,4.75,0.31,0.0,74.99,4.38,2913208.52,50.78,43.12,0.06,0.0,98.67,69.56,34.34,0,1,0,0,1,1,0,Esc6
599,4.43,14.9,13.78,2.12,4.53,0.31,0.0,74.77,3.89,2890446.69,51.18,42.67,0.05,0.0,98.69,70.98,34.72,0,1,0,0,1,1,0,Esc6
600,4.28,14.32,13.7,1.99,4.53,0.32,0.0,75.91,3.84,2905011.46,50.93,42.96,0.05,0.0,98.68,72.12,36.46,0,1,0,0,1,1,0,Esc6
601,4.94,19.31,14.06,2.72,4.83,0.32,0.0,75.86,4.61,2935359.03,50.4,43.55,0.06,0.0,98.66,69.72,34.83,0,1,0,0,1,1,0,Esc6
602,4.36,16.06,13.72,2.14,4.55,0.31,0.0,75.1,3.9,2895715.71,51.09,42.78,0.05,0.0,98.68,71.91,36.7,0,1,0,0,1,1,0,Esc6
603,4.62,14.97,13.95,2.29,4.78,0.32,0.0,76.27,4.56,2939030.91,50.34,43.62,0.06,0.0,98.66,68.56,34.51,0,1,0,0,1,1,0,Esc6
604,4.11,13.66,13.6,1.96,4.46,0.31,0.0,74.98,3.66,2884415.83,51.29,42.55,0.05,0.0,98.69,72.43,36.27,0,1,0,0,1,1,0,Esc6
605,5.02,21.96,14.21,2.98,4.99,0.32,0.0,76.95,5.02,2967671.04,49.85,44.17,0.07,0.0,98.64,68.24,34.33,0,1,0,0,1,1,0,Esc6
606,4.86,19.57,14.14,2.67,4.91,0.32,0.0,76.74,4.87,2958211.38,50.01,43.99,0.07,0.0,98.64,68.59,33.58,0,1,0,0,1,1,0,Esc6
607,4.49,18.64,13.76,2.58,4.64,0.32,0.0,75.44,4.02,2905645.54,50.92,42.97,0.06,0.0,98.68,72.65,35.75,0,1,0,0,1,1,0,Esc6
608,4.5,17.02,13.9,2.34,4.66,0.31,0.0,75.08,4.18,2906665.68,50.9,42.99,0.06,0.0,98.68,70.4,34.2,0,1,0,0,1,1,0,Esc6
609,4.51,15.26,13.88,2.11,4.62,0.31,0.0,75.62,4.17,2913963.24,50.77,43.14,0.06,0.0,98.67,69.52,34.53,0,1,0,0,1,1,0,Esc6
610,4.68,14.96,14.11,2.21,4.83,0.32,0.0,76.97,4.8,2959146.42,50.0,44.0,0.07,0.0,98.65,66.43,32.85,0,1,0,0,1,1,0,Esc6
611,4.73,16.45,14.04,2.35,4.78,0.32,0.0,75.68,4.59,2931885.99,50.46,43.48,0.06,0.0,98.66,68.23,34.09,0,1,0,0,1,1,0,Esc6
612,4.67,14.53,13.89,2.24,4.66,0.32,0.0,75.7,4.31,2920959.79,50.65,43.27,0.06,0.0,98.67,70.34,34.88,0,1,0,0,1,1,0,Esc6
613,4.57,16.81,13.85,2.38,4.72,0.32,0.0,76.23,4.35,2929977.06,50.49,43.45,0.06,0.0,98.66,69.64,35.82,0,1,0,0,1,1,0,Esc6
614,4.78,20.4,14.04,2.76,4.83,0.32,0.0,76.68,4.6,2946685.45,50.21,43.77,0.06,0.0,98.65,69.38,34.1,0,1,0,0,1,1,0,Esc6
615,4.81,17.12,14.2,2.5,4.95,0.32,0.0,77.78,5.11,2982965.79,49.6,44.45,0.07,0.0,98.63,66.18,33.02,0,1,0,0,1,1,0,Esc6
616,4.53,14.75,13.94,2.11,4.73,0.32,0.0,77.11,4.47,2947422.09,50.19,43.78,0.06,0.0,98.65,68.47,34.26,0,1,0,0,1,1,0,Esc6
617,4.36,14.59,13.85,2.09,4.62,0.31,0.0,75.04,4.16,2905235.19,50.92,42.97,0.06,0.0,98.68,69.67,34.19,0,1,0,0,1,1,0,Esc6
618,4.24,14.22,13.78,1.96,4.6,0.32,0.0,76.87,4.1,2929217.82,50.51,43.43,0.06,0.0,98.67,69.75,34.64,0,1,0,0,1,1,0,Esc6
619,4.77,18.08,14.02,2.53,4.81,0.32,0.0,75.73,4.61,2933394.08,50.43,43.51,0.06,0.0,98.66,69.0,34.94,0,1,0,0,1,1,0,Esc6
620,4.57,15.28,13.91,2.28,4.71,0.32,0.0,75.81,4.36,2924397.98,50.59,43.34,0.06,0.0,98.67,69.33,34.18,0,1,0,0,1,1,0,Esc6
621,5.38,25.36,14.31,3.29,5.08,0.32,0.02,75.83,5.18,2959606.32,49.99,43.96,0.07,0.05,98.64,68.43,34.57,0,1,0,0,1,1,0,Esc6
622,4.91,16.24,14.22,2.34,4.88,0.32,0.0,77.18,5.03,2971208.3,49.79,44.23,0.07,0.0,98.64,66.2,32.59,0,1,0,0,1,1,0,Esc6
623,4.74,17.97,13.98,2.44,4.76,0.32,0.0,75.95,4.52,2932697.01,50.45,43.5,0.06,0.0,98.66,69.43,35.26,0,1,0,0,1,1,0,Esc6
624,4.5,17.3,13.91,2.4,4.69,0.31,0.0,75.51,4.24,2915351.13,50.75,43.16,0.06,0.0,98.67,70.81,35.12,0,1,0,0,1,1,0,Esc6
625,4.71,17.56,14.13,2.43,4.87,0.32,0.0,76.41,4.81,2951125.92,50.13,43.85,0.07,0.0,98.65,66.96,34.11,0,1,0,0,1,1,0,Esc6
626,4.88,17.6,14.11,2.44,4.8,0.31,0.0,75.19,4.67,2928130.84,50.53,43.41,0.06,0.0,98.66,67.99,33.75,0,1,0,0,1,1,0,Esc6
627,4.56,15.18,13.84,2.22,4.67,0.32,0.0,75.64,4.27,2918180.39,50.7,43.22,0.06,0.0,98.67,69.81,35.89,0,1,0,0,1,1,0,Esc6
628,4.54,16.1,13.95,2.23,4.75,0.32,0.0,76.78,4.52,2944691.2,50.24,43.73,0.06,0.0,98.65,68.45,34.87,0,1,0,0,1,1,0,Esc6
629,4.55,17.7,13.94,2.31,4.68,0.31,0.0,75.35,4.28,2914470.95,50.76,43.15,0.06,0.0,98.67,69.46,33.79,0,1,0,0,1,1,0,Esc6
630,4.86,18.07,14.07,2.57,4.8,0.31,0.0,75.33,4.61,2927741.66,50.53,43.4,0.06,0.0,98.66,68.69,34.7,0,1,0,0,1,1,0,Esc6
631,4.58,15.75,13.96,2.32,4.73,0.32,0.0,76.78,4.43,2941296.21,50.3,43.66,0.06,0.0,98.66,69.37,34.79,0,1,0,0,1,1,0,Esc6
632,4.78,20.71,14.16,2.7,4.97,0.32,0.0,77.13,5.05,2971211.89,49.79,44.23,0.07,0.0,98.64,66.46,33.59,0,1,0,0,1,1,0,Esc6
633,4.41,15.9,13.87,2.21,4.67,0.32,0.0,76.57,4.21,2929283.63,50.51,43.43,0.06,0.0,98.66,70.23,34.59,0,1,0,0,1,1,0,Esc6
634,4.74,15.56,14.03,2.38,4.85,0.32,0.0,76.7,4.82,2956047.94,50.05,43.95,0.07,0.0,98.65,67.31,34.13,0,1,0,0,1,1,0,Esc6
635,4.45,15.41,13.73,2.21,4.57,0.31,0.0,74.78,3.97,2893951.0,51.12,42.74,0.06,0.0,98.68,71.93,35.57,0,1,0,0,1,1,0,Esc6
636,5.2,20.1,14.3,2.81,5.0,0.32,0.0,76.15,5.21,2963695.92,49.92,44.09,0.07,0.0,98.64,66.32,33.15,0,1,0,0,1,1,0,Esc6
637,4.76,16.84,14.04,2.37,4.81,0.32,0.0,76.1,4.69,2941807.98,50.29,43.67,0.06,0.0,98.65,68.48,34.1,0,1,0,0,1,1,0,Esc6
638,4.79,17.67,14.03,2.5,4.77,0.31,0.0,75.7,4.52,2929310.81,50.51,43.43,0.06,0.0,98.66,69.41,34.52,0,1,0,0,1,1,0,Esc6
639,4.92,17.2,14.16,2.48,4.89,0.32,0.0,76.39,4.92,2955545.85,50.06,43.94,0.07,0.0,98.65,67.09,33.87,0,1,0,0,1,1,0,Esc6
640,5.14,19.72,14.2,2.88,4.94,0.32,0.0,76.25,4.94,2954104.24,50.08,43.91,0.07,0.0,98.65,68.72,34.8,0,1,0,0,1,1,0,Esc6
641,4.88,15.4,14.19,2.33,4.95,0.32,0.0,76.87,5.19,2973278.1,49.76,44.27,0.07,0.0,98.64,65.15,33.0,0,1,0,0,1,1,0,Esc6
642,4.31,20.59,13.82,2.47,4.65,0.32,0.0,76.5,4.04,2921623.46,50.64,43.29,0.06,0.0,98.67,71.38,34.65,0,1,0,0,1,1,0,Esc6
643,4.77,15.72,14.04,2.33,4.75,0.31,0.0,75.2,4.54,2922775.93,50.62,43.31,0.06,0.0,98.67,68.35,33.75,0,1,0,0,1,1,0,Esc6
644,5.44,21.09,14.51,3.14,5.16,0.32,0.0,76.52,5.54,2982225.92,49.61,44.44,0.07,0.0,98.63,65.94,32.84,0,1,0,0,1,1,0,Esc6
645,4.8,19.66,13.99,2.62,4.79,0.32,0.0,75.69,4.52,2929282.88,50.51,43.43,0.06,0.0,98.66,69.12,34.97,0,1,0,0,1,1,0,Esc6
646,4.79,16.25,14.1,2.43,4.8,0.31,0.0,75.43,4.67,2931547.19,50.47,43.48,0.06,0.0,98.66,68.45,33.69,0,1,0,0,1,1,0,Esc6
647,4.99,19.5,14.29,2.78,5.08,0.32,0.0,77.54,5.39,2990838.24,49.47,44.6,0.07,0.0,98.62,65.37,33.36,0,1,0,0,1,1,0,Esc6
648,4.36,14.64,13.74,2.04,4.51,0.31,0.0,74.35,3.84,2882317.17,51.33,42.51,0.05,0.0,98.69,71.61,35.13,0,1,0,0,1,1,0,Esc6
649,4.67,17.7,13.94,2.49,4.75,0.32,0.0,75.57,4.39,2922331.62,50.63,43.3,0.06,0.0,98.67,69.83,35.02,0,1,0,0,1,1,0,Esc6
650,4.42,14.59,13.83,2.12,4.6,0.31,0.0,75.63,4.08,2910453.38,50.83,43.07,0.06,0.0,98.67,70.4,34.38,0,1,0,0,1,1,0,Esc6
651,4.92,18.4,14.13,2.5,4.82,0.31,0.0,75.71,4.68,2935908.07,50.39,43.56,0.06,0.0,98.66,67.78,33.04,0,1,0,0,1,1,0,Esc6
652,4.78,18.01,13.96,2.56,4.72,0.31,0.0,75.34,4.33,2916292.38,50.73,43.18,0.06,0.0,98.67,70.44,34.96,0,1,0,0,1,1,0,Esc6
653,4.88,16.88,14.03,2.53,4.81,0.32,0.0,76.17,4.64,2941036.61,50.3,43.66,0.06,0.0,98.65,69.22,34.82,0,1,0,0,1,1,0,Esc6
654,4.64,14.6,14.0,2.24,4.8,0.32,0.0,76.51,4.69,2947944.84,50.19,43.79,0.06,0.0,98.65,67.52,34.26,0,1,0,0,1,1,0,Esc6
655,4.86,20.25,14.02,2.73,4.79,0.32,0.0,76.05,4.52,2934517.31,50.42,43.53,0.06,0.0,98.66,70.56,34.21,0,1,0,0,1,1,0,Esc6
656,4.31,15.77,13.65,2.15,4.51,0.31,0.0,74.75,3.8,2886379.71,51.26,42.59,0.05,0.0,98.69,72.45,37.39,0,1,0,0,1,1,0,Esc6
657,4.62,17.3,13.84,2.44,4.68,0.31,0.0,75.18,4.23,2909961.81,50.84,43.06,0.06,0.0,98.67,70.12,35.85,0,1,0,0,1,1,0,Esc6
658,4.93,17.08,14.31,2.49,4.98,0.32,0.0,77.34,5.23,2981495.4,49.62,44.42,0.07,0.0,98.63,65.84,32.61,0,1,0,0,1,1,0,Esc6
659,4.82,16.82,14.24,2.46,4.94,0.32,0.0,78.09,5.06,2985354.28,49.56,44.5,0.07,0.0,98.63,66.72,33.01,0,1,0,0,1,1,0,Esc6
660,4.93,18.21,14.01,2.73,4.79,0.31,0.0,74.73,4.46,2912992.34,50.79,43.12,0.06,0.0,98.67,71.22,35.52,0,1,0,0,1,1,0,Esc6
661,4.97,16.26,14.14,2.55,4.85,0.32,0.0,76.51,4.81,2952608.87,50.11,43.88,0.07,0.0,98.65,68.67,33.66,0,1,0,0,1,1,0,Esc6
662,4.69,16.0,14.09,2.3,4.79,0.32,0.0,76.37,4.66,2944633.42,50.24,43.73,0.06,0.0,98.65,67.62,33.86,0,1,0,0,1,1,0,Esc6
663,5.07,20.01,14.24,2.74,4.96,0.32,0.0,76.15,5.01,2955578.96,50.06,43.94,0.07,0.0,98.64,67.55,33.78,0,1,0,0,1,1,0,Esc6
664,4.37,15.26,13.76,2.11,4.56,0.31,0.0,75.12,3.96,2898619.78,51.04,42.84,0.06,0.0,98.68,71.12,36.02,0,1,0,0,1,1,0,Esc6
665,4.74,15.15,14.07,2.32,4.8,0.31,0.0,75.63,4.62,2932559.37,50.45,43.5,0.06,0.0,98.66,67.64,33.66,0,1,0,0,1,1,0,Esc6
666,4.69,15.63,14.08,2.29,4.8,0.32,0.0,76.01,4.66,2939279.66,50.33,43.63,0.06,0.0,98.66,67.42,32.91,0,1,0,0,1,1,0,Esc6
667,4.69,15.03,14.01,2.34,4.8,0.32,0.0,76.37,4.66,2944770.54,50.24,43.73,0.06,0.0,98.65,67.59,33.97,0,1,0,0,1,1,0,Esc6
668,4.69,16.91,14.05,2.3,4.75,0.31,0.0,75.55,4.52,2926949.74,50.55,43.39,0.06,0.0,98.66,68.66,34.03,0,1,0,0,1,1,0,Esc6
669,4.96,17.37,14.13,2.52,4.8,0.31,0.0,74.6,4.65,2918811.3,50.69,43.23,0.06,0.0,98.67,68.51,33.54,0,1,0,0,1,1,0,Esc6
670,4.78,15.48,14.1,2.34,4.87,0.32,0.0,76.35,4.86,2952533.59,50.11,43.88,0.07,0.0,98.65,66.61,34.39,0,1,0,0,1,1,0,Esc6
671,4.65,18.29,14.02,2.43,4.78,0.32,0.0,76.24,4.53,2937288.87,50.37,43.59,0.06,0.0,98.66,68.72,34.08,0,1,0,0,1,1,0,Esc6
672,4.5,16.24,13.91,2.22,4.7,0.32,0.0,76.13,4.34,2928276.67,50.52,43.41,0.06,0.0,98.66,69.18,34.8,0,1,0,0,1,1,0,Esc6
673,4.49,16.87,13.82,2.24,4.63,0.31,0.0,75.38,4.11,2908320.75,50.87,43.03,0.06,0.0,98.68,71.11,35.63,0,1,0,0,1,1,0,Esc6
674,4.49,14.0,13.92,2.09,4.66,0.31,0.0,75.67,4.28,2919194.18,50.68,43.24,0.06,0.0,98.67,69.19,34.34,0,1,0,0,1,1,0,Esc6
675,4.52,13.8,13.96,2.22,4.81,0.32,0.0,77.12,4.67,2955696.22,50.05,43.94,0.06,0.0,98.65,67.32,34.2,0,1,0,0,1,1,0,Esc6
676,4.39,16.64,13.69,2.25,4.51,0.31,0.0,74.26,3.73,2876777.71,51.43,42.4,0.05,0.0,98.69,73.08,36.16,0,1,0,0,1,1,0,Esc6
677,4.61,15.21,13.95,2.22,4.71,0.32,0.0,75.86,4.47,2929595.7,50.5,43.44,0.06,0.0,98.66,68.66,34.25,0,1,0,0,1,1,0,Esc6
678,4.84,16.74,14.22,2.38,4.9,0.32,0.0,77.35,4.99,2971786.61,49.78,44.24,0.07,0.0,98.64,65.8,32.58,0,1,0,0,1,1,0,Esc6
679,4.26,14.95,13.8,2.01,4.54,0.31,0.0,74.82,3.84,2889368.78,51.2,42.65,0.05,0.0,98.69,71.58,34.7,0,1,0,0,1,1,0,Esc6
680,4.63,18.96,13.88,2.57,4.73,0.32,0.0,75.77,4.28,2920764.25,50.65,43.27,0.06,0.0,98.67,70.4,34.75,0,1,0,0,1,1,0,Esc6
681,4.93,16.93,14.2,2.52,4.88,0.32,0.0,76.4,4.91,2954963.92,50.07,43.93,0.07,0.0,98.65,66.9,32.6,0,1,0,0,1,1,0,Esc6
682,4.89,18.37,14.14,2.67,4.89,0.32,0.0,75.79,4.82,2942783.18,50.27,43.69,0.07,0.0,98.65,68.02,33.8,0,1,0,0,1,1,0,Esc6
683,4.2,15.0,13.7,2.02,4.55,0.32,0.0,76.12,3.95,2912297.68,50.8,43.1,0.05,0.0,98.68,71.02,35.41,0,1,0,0,1,1,0,Esc6
684,4.53,15.93,13.94,2.31,4.72,0.32,0.0,76.19,4.32,2928142.08,50.53,43.41,0.06,0.0,98.66,69.71,33.12,0,1,0,0,1,1,0,Esc6
685,4.58,15.4,13.98,2.17,4.71,0.32,0.0,76.63,4.44,2939542.42,50.33,43.63,0.06,0.0,98.66,68.68,33.78,0,1,0,0,1,1,0,Esc6
686,4.48,15.58,13.86,2.15,4.67,0.32,0.0,76.0,4.31,2925108.0,50.58,43.35,0.06,0.0,98.67,69.17,35.26,0,1,0,0,1,1,0,Esc6
687,4.76,17.5,13.98,2.61,4.78,0.32,0.0,75.69,4.45,2926306.79,50.56,43.38,0.06,0.0,98.66,70.15,34.55,0,1,0,0,1,1,0,Esc6
688,4.9,16.55,14.12,2.54,4.85,0.32,0.0,75.9,4.77,2942257.98,50.28,43.68,0.07,0.0,98.65,68.39,34.54,0,1,0,0,1,1,0,Esc6
689,3.97,13.14,13.46,1.72,4.32,0.31,0.0,74.37,3.32,2861802.42,51.7,42.1,0.05,0.0,98.71,74.7,36.39,0,1,0,0,1,1,0,Esc6
690,5.25,17.86,14.36,2.76,5.02,0.32,0.0,76.24,5.35,2970452.49,49.81,44.22,0.07,0.0,98.64,65.93,33.18,0,1,0,0,1,1,0,Esc6
691,4.99,20.67,14.04,2.91,4.81,0.31,0.0,74.44,4.49,2910113.09,50.84,43.06,0.06,0.0,98.67,70.45,34.8,0,1,0,0,1,1,0,Esc6
692,4.97,17.95,14.28,2.52,4.99,0.32,0.0,77.27,5.26,2981592.01,49.62,44.43,0.07,0.0,98.63,65.66,32.36,0,1,0,0,1,1,0,Esc6
693,4.38,16.9,13.77,2.15,4.58,0.31,0.0,74.66,3.98,2892594.1,51.15,42.72,0.06,0.0,98.68,70.27,35.84,0,1,0,0,1,1,0,Esc6
694,4.77,14.46,14.07,2.39,4.84,0.32,0.0,75.95,4.72,2940911.93,50.31,43.66,0.06,0.0,98.65,67.72,33.87,0,1,0,0,1,1,0,Esc6
695,4.92,18.87,14.13,2.6,4.88,0.32,0.0,76.81,4.83,2958044.23,50.01,43.98,0.07,0.0,98.65,68.42,33.99,0,1,0,0,1,1,0,Esc6
696,4.74,17.53,13.97,2.44,4.8,0.32,0.0,75.37,4.57,2926662.43,50.55,43.38,0.06,0.0,98.66,68.27,35.75,0,1,0,0,1,1,0,Esc6
697,4.53,15.92,13.83,2.24,4.64,0.31,0.0,75.39,4.13,2908971.78,50.86,43.04,0.06,0.0,98.67,70.99,36.04,0,1,0,0,1,1,0,Esc6
698,4.54,16.76,13.94,2.29,4.75,0.32,0.0,76.58,4.46,2939738.78,50.33,43.63,0.06,0.0,98.66,69.07,34.31,0,1,0,0,1,1,0,Esc6
699,4.5,17.42,13.94,2.4,4.72,0.32,0.0,76.08,4.32,2926748.94,50.55,43.38,0.06,0.0,98.66,69.38,34.28,0,1,0,0,1,1,0,Esc6
700,5.02,20.56,14.21,2.93,4.99,0.32,0.0,76.35,5.01,2958300.35,50.01,43.99,0.07,0.0,98.64,67.76,33.93,0,1,0,0,1,1,0,Esc6
701,4.41,15.65,13.9,2.19,4.7,0.32,0.0,76.52,4.37,2934949.92,50.41,43.54,0.06,0.0,98.66,68.69,33.74,0,1,0,0,1,1,0,Esc6
702,4.23,14.91,13.76,2.01,4.56,0.31,0.0,74.94,3.94,2894856.24,51.11,42.76,0.05,0.0,98.68,70.62,35.08,0,1,0,0,1,1,0,Esc6
703,4.54,14.99,13.92,2.24,4.74,0.32,0.0,76.74,4.47,2942257.46,50.28,43.68,0.06,0.0,98.66,68.73,34.62,0,1,0,0,1,1,0,Esc6
704,5.03,17.54,14.12,2.66,4.82,0.31,0.0,75.13,4.67,2927376.07,50.54,43.4,0.06,0.0,98.66,69.27,34.08,0,1,0,0,1,1,0,Esc6
705,4.71,16.69,14.15,2.37,4.91,0.32,0.0,77.59,5.01,2976237.26,49.71,44.33,0.07,0.0,98.64,65.93,32.52,0,1,0,0,1,1,0,Esc6
706,4.65,14.22,14.06,2.17,4.77,0.32,0.0,76.16,4.65,2940923.59,50.31,43.66,0.06,0.0,98.66,67.22,33.14,0,1,0,0,1,1,0,Esc6
707,4.68,14.96,14.11,2.25,4.79,0.32,0.0,76.49,4.68,2947115.45,50.2,43.78,0.06,0.0,98.65,67.46,33.21,0,1,0,0,1,1,0,Esc6
708,4.35,14.55,13.72,2.1,4.52,0.31,0.0,74.45,3.82,2883239.64,51.31,42.53,0.05,0.0,98.69,72.11,35.6,0,1,0,0,1,1,0,Esc6
709,4.68,16.75,13.88,2.35,4.65,0.31,0.0,74.96,4.21,2906262.54,50.91,42.99,0.06,0.0,98.68,70.17,35.76,0,1,0,0,1,1,0,Esc6
710,4.4,14.93,13.93,2.1,4.7,0.32,0.0,76.49,4.34,2933563.87,50.43,43.52,0.06,0.0,98.66,68.55,33.93,0,1,0,0,1,1,0,Esc6
711,4.22,14.23,13.76,2.02,4.58,0.31,0.0,74.91,3.96,2895114.71,51.1,42.77,0.06,0.0,98.68,70.13,35.17,0,1,0,0,1,1,0,Esc6
712,4.55,15.39,13.99,2.19,4.72,0.32,0.0,76.34,4.49,2937423.19,50.37,43.59,0.06,0.0,98.66,68.5,33.32,0,1,0,0,1,1,0,Esc6
713,4.67,16.67,13.98,2.28,4.73,0.32,0.0,75.97,4.45,2930202.11,50.49,43.45,0.06,0.0,98.66,68.57,34.16,0,1,0,0,1,1,0,Esc6
714,4.64,18.04,13.9,2.46,4.71,0.32,0.0,75.82,4.24,2919930.83,50.67,43.25,0.06,0.0,98.67,70.65,35.26,0,1,0,0,1,1,0,Esc6
715,4.51,14.21,13.87,2.05,4.59,0.31,0.0,75.1,4.12,2904700.13,50.93,42.95,0.06,0.0,98.68,69.83,34.32,0,1,0,0,1,1,0,Esc6
716,4.62,15.18,13.87,2.18,4.61,0.31,0.0,74.8,4.19,2902992.37,50.96,42.92,0.06,0.0,98.68,70.24,35.06,0,1,0,0,1,1,0,Esc6
717,5.04,17.07,14.23,2.6,4.97,0.32,0.0,77.27,5.14,2977130.97,49.69,44.34,0.07,0.0,98.63,66.88,33.89,0,1,0,0,1,1,0,Esc6
718,4.7,17.85,14.08,2.44,4.81,0.32,0.0,77.11,4.64,2954574.27,50.07,43.92,0.06,0.0,98.65,68.47,33.38,0,1,0,0,1,1,0,Esc6
719,4.46,15.1,13.84,2.16,4.64,0.32,0.0,75.99,4.16,2919057.02,50.68,43.24,0.06,0.0,98.67,70.73,34.84,0,1,0,0,1,1,0,Esc6
720,4.2,15.43,13.63,2.06,4.52,0.31,0.0,75.08,3.77,2890020.34,51.19,42.67,0.05,0.0,98.69,72.39,36.14,0,1,0,0,1,1,0,Esc6
721,4.22,15.07,13.63,2.07,4.46,0.31,0.0,74.01,3.57,2866670.05,51.61,42.2,0.05,0.0,98.7,72.95,36.03,0,1,0,0,1,1,0,Esc6
722,4.96,16.08,14.3,2.49,4.97,0.32,0.0,77.21,5.2,2978450.75,49.67,44.37,0.07,0.0,98.63,65.72,32.19,0,1,0,0,1,1,0,Esc6
723,4.4,14.74,13.89,2.09,4.65,0.32,0.0,75.83,4.19,2917951.15,50.7,43.21,0.06,0.0,98.67,69.67,34.17,0,1,0,0,1,1,0,Esc6
724,4.31,16.26,13.8,2.17,4.69,0.32,0.0,76.31,4.25,2927407.24,50.54,43.4,0.06,0.0,98.66,69.12,35.2,0,1,0,0,1,1,0,Esc6
725,4.41,14.73,13.88,2.05,4.66,0.32,0.0,76.06,4.26,2924137.31,50.59,43.33,0.06,0.0,98.67,68.82,34.75,0,1,0,0,1,1,0,Esc6
726,4.99,16.27,14.16,2.48,4.85,0.32,0.0,75.77,4.81,2942180.18,50.28,43.68,0.07,0.0,98.65,67.9,33.66,0,1,0,0,1,1,0,Esc6
727,5.22,19.1,14.47,2.81,5.17,0.32,0.0,77.41,5.72,3002358.82,49.28,44.81,0.08,0.0,98.62,64.0,32.45,0,1,0,0,1,1,0,Esc6
728,4.63,15.49,14.05,2.28,4.81,0.32,0.0,77.28,4.7,2959433.24,49.99,44.01,0.06,0.0,98.65,67.63,33.41,0,1,0,0,1,1,0,Esc6
729,5.2,20.05,14.28,2.81,5.05,0.32,0.0,76.94,5.35,2980424.39,49.64,44.4,0.07,0.0,98.63,66.27,34.23,0,1,0,0,1,1,0,Esc6
730,4.85,21.26,13.95,2.73,4.79,0.31,0.02,74.83,4.46,2916030.23,50.74,43.13,0.06,0.05,98.67,69.66,35.66,0,1,0,0,1,1,0,Esc6
731,4.59,16.5,13.77,2.22,4.55,0.31,0.0,73.72,3.98,2878818.57,51.39,42.44,0.06,0.0,98.69,71.0,35.49,0,1,0,0,1,1,0,Esc6
732,4.56,15.83,13.83,2.23,4.58,0.31,0.0,74.62,4.03,2893862.93,51.12,42.74,0.06,0.0,98.68,71.11,34.76,0,1,0,0,1,1,0,Esc6
733,4.23,14.04,13.75,2.01,4.6,0.32,0.0,76.51,4.03,2921396.5,50.64,43.28,0.06,0.0,98.67,70.8,35.28,0,1,0,0,1,1,0,Esc6
734,4.79,15.36,14.06,2.34,4.79,0.32,0.0,75.87,4.68,2938070.93,50.35,43.6,0.06,0.0,98.66,68.5,34.59,0,1,0,0,1,1,0,Esc6
735,4.48,16.58,13.83,2.25,4.64,0.32,0.0,75.54,4.15,2911979.68,50.81,43.1,0.06,0.0,98.67,70.47,35.27,0,1,0,0,1,1,0,Esc6
736,4.83,17.51,14.14,2.51,4.89,0.32,0.0,75.91,4.85,2945530.78,50.23,43.75,0.07,0.0,98.65,66.83,32.92,0,1,0,0,1,1,0,Esc6
737,4.89,17.31,14.12,2.52,4.86,0.32,0.0,75.86,4.83,2943982.94,50.25,43.72,0.07,0.0,98.65,67.53,34.35,0,1,0,0,1,1,0,Esc6
738,4.49,17.48,14.0,2.46,4.8,0.32,0.0,77.23,4.52,2951222.67,50.13,43.85,0.06,0.0,98.65,68.84,33.76,0,1,0,0,1,1,0,Esc6
739,4.69,16.76,14.06,2.29,4.82,0.32,0.0,76.99,4.77,2958124.44,50.01,43.99,0.07,0.0,98.65,67.36,33.71,0,1,0,0,1,1,0,Esc6
740,4.48,15.57,13.94,2.2,4.77,0.32,0.0,76.83,4.53,2946066.57,50.22,43.76,0.06,0.0,98.65,67.69,34.18,0,1,0,0,1,1,0,Esc6
741,4.36,14.62,13.81,2.01,4.59,0.31,0.0,75.54,4.06,2908259.23,50.87,43.02,0.06,0.0,98.68,70.05,34.92,0,1,0,0,1,1,0,Esc6
742,4.68,14.83,14.11,2.24,4.85,0.32,0.0,77.33,4.89,2967556.24,49.85,44.16,0.07,0.0,98.64,66.5,33.21,0,1,0,0,1,1,0,Esc6
743,4.7,15.27,13.99,2.31,4.72,0.31,0.0,75.61,4.41,2923724.23,50.6,43.33,0.06,0.0,98.67,69.62,34.58,0,1,0,0,1,1,0,Esc6
744,4.84,15.34,14.21,2.34,4.88,0.32,0.0,76.77,4.95,2961880.1,49.95,44.06,0.07,0.0,98.64,66.42,32.76,0,1,0,0,1,1,0,Esc6
745,4.63,17.15,13.85,2.38,4.63,0.31,0.0,74.97,4.09,2901465.82,50.99,42.89,0.06,0.0,98.68,71.43,35.42,0,1,0,0,1,1,0,Esc6
746,4.5,17.29,13.83,2.3,4.64,0.31,0.0,75.08,4.11,2903701.72,50.95,42.94,0.06,0.0,98.68,70.45,34.84,0,1,0,0,1,1,0,Esc6
747,5.0,16.91,14.34,2.53,5.04,0.32,0.0,77.58,5.46,2994425.12,49.41,44.66,0.07,0.0,98.62,64.2,32.5,0,1,0,0,1,1,0,Esc6
748,4.61,16.51,13.89,2.34,4.65,0.31,0.0,75.31,4.21,2911105.03,50.82,43.08,0.06,0.0,98.67,70.67,34.85,0,1,0,0,1,1,0,Esc6
749,4.34,14.91,13.88,1.99,4.59,0.31,0.0,75.76,4.04,2910781.04,50.83,43.07,0.06,0.0,98.68,69.95,33.55,0,1,0,0,1,1,0,Esc6
750,4.51,16.55,13.85,2.36,4.67,0.31,0.0,75.33,4.18,2910450.66,50.83,43.07,0.06,0.0,98.67,70.11,34.4,0,1,0,0,1,1,0,Esc6
751,4.49,16.62,13.81,2.42,4.71,0.32,0.0,75.69,4.26,2918791.14,50.69,43.23,0.06,0.0,98.67,70.82,36.05,0,1,0,0,1,1,0,Esc6
752,4.46,18.71,13.73,2.53,4.62,0.31,0.0,74.21,3.98,2886039.0,51.26,42.59,0.06,0.0,98.69,71.97,36.7,0,1,0,0,1,1,0,Esc6
753,4.58,14.77,14.05,2.16,4.79,0.32,0.0,77.08,4.67,2955048.21,50.07,43.93,0.06,0.0,98.65,67.48,33.28,0,1,0,0,1,1,0,Esc6
754,4.77,15.97,13.95,2.44,4.74,0.31,0.0,75.26,4.48,2921270.74,50.64,43.28,0.06,0.0,98.67,69.79,34.44,0,1,0,0,1,1,0,Esc6
755,4.56,14.85,14.12,2.15,4.86,0.33,0.0,78.25,4.87,2980308.16,49.64,44.4,0.07,0.0,98.64,66.45,32.75,0,1,0,0,1,1,0,Esc6
756,4.32,15.5,13.74,2.04,4.58,0.32,0.0,75.68,4.03,2909417.84,50.85,43.05,0.06,0.0,98.68,70.46,36.33,0,1,0,0,1,1,0,Esc6
757,4.41,15.35,14.01,2.09,4.72,0.32,0.0,77.37,4.43,2949689.83,50.16,43.83,0.06,0.0,98.65,68.47,32.85,0,1,0,0,1,1,0,Esc6
758,4.68,16.25,13.99,2.32,4.79,0.32,0.0,76.77,4.62,2948756.23,50.17,43.81,0.06,0.0,98.65,68.15,34.99,0,1,0,0,1,1,0,Esc6
759,4.74,18.28,14.08,2.36,4.81,0.32,0.0,77.18,4.71,2958434.79,50.01,43.99,0.06,0.0,98.65,67.66,32.5,0,1,0,0,1,1,0,Esc6
760,4.66,15.82,13.98,2.32,4.77,0.32,0.0,75.91,4.54,2933266.22,50.44,43.51,0.06,0.0,98.66,68.75,35.19,0,1,0,0,1,1,0,Esc6
761,4.68,16.49,14.04,2.38,4.77,0.31,0.0,75.01,4.55,2920574.1,50.66,43.27,0.06,0.0,98.67,67.94,33.01,0,1,0,0,1,1,0,Esc6
762,4.41,14.51,13.74,2.07,4.51,0.31,0.0,74.31,3.83,2881372.9,51.35,42.49,0.05,0.0,98.69,71.52,34.84,0,1,0,0,1,1,0,Esc6
763,4.51,14.9,13.93,2.21,4.7,0.32,0.0,75.97,4.33,2925715.53,50.57,43.36,0.06,0.0,98.67,69.29,34.06,0,1,0,0,1,1,0,Esc6
764,4.73,17.48,13.9,2.43,4.71,0.32,0.0,75.54,4.37,2921021.17,50.65,43.27,0.06,0.0,98.67,70.27,34.59,0,1,0,0,1,1,0,Esc6
765,4.8,17.89,14.15,2.44,4.84,0.32,0.0,75.87,4.78,2942139.59,50.28,43.68,0.07,0.0,98.65,66.84,33.64,0,1,0,0,1,1,0,Esc6
766,4.59,15.79,13.9,2.32,4.73,0.32,0.0,75.74,4.43,2926288.32,50.56,43.38,0.06,0.0,98.66,68.9,35.7,0,1,0,0,1,1,0,Esc6
767,4.21,14.14,13.83,2.03,4.64,0.32,0.0,76.84,4.15,2930595.28,50.48,43.46,0.06,0.0,98.66,70.31,35.19,0,1,0,0,1,1,0,Esc6
768,4.83,18.05,14.08,2.46,4.82,0.32,0.0,76.14,4.69,2942673.85,50.28,43.69,0.06,0.0,98.65,68.21,33.56,0,1,0,0,1,1,0,Esc6
769,4.55,16.22,13.94,2.3,4.78,0.32,0.0,76.65,4.51,2942506.28,50.28,43.69,0.06,0.0,98.66,68.19,34.24,0,1,0,0,1,1,0,Esc6
770,4.73,19.14,14.06,2.6,4.84,0.32,0.0,76.59,4.7,2949494.59,50.16,43.82,0.06,0.0,98.65,68.62,34.11,0,1,0,0,1,1,0,Esc6
771,5.04,20.23,14.07,2.74,4.82,0.31,0.0,74.85,4.64,2921761.22,50.64,43.29,0.06,0.0,98.66,69.4,34.11,0,1,0,0,1,1,0,Esc6
772,4.56,15.76,13.99,2.22,4.78,0.32,0.0,77.0,4.61,2951512.07,50.13,43.86,0.06,0.0,98.65,68.4,34.85,0,1,0,0,1,1,0,Esc6
773,4.82,15.66,14.04,2.43,4.82,0.32,0.0,76.15,4.67,2941645.3,50.29,43.67,0.06,0.0,98.65,68.97,35.11,0,1,0,0,1,1,0,Esc6
774,4.23,14.52,13.66,2.05,4.5,0.31,0.0,75.3,3.75,2892426.3,51.15,42.71,0.05,0.0,98.69,72.1,35.64,0,1,0,0,1,1,0,Esc6
775,4.91,20.22,14.12,2.57,4.88,0.32,0.0,76.57,4.84,2954911.53,50.07,43.92,0.07,0.0,98.65,67.37,34.19,0,1,0,0,1,1,0,Esc6
776,4.54,16.22,13.93,2.21,4.7,0.32,0.0,76.24,4.38,2931339.99,50.47,43.47,0.06,0.0,98.66,68.97,34.24,0,1,0,0,1,1,0,Esc6
777,4.27,16.03,13.76,2.18,4.61,0.32,0.0,76.27,3.99,2915995.08,50.74,43.18,0.06,0.0,98.67,70.86,34.69,0,1,0,0,1,1,0,Esc6
778,4.65,15.4,14.14,2.25,4.85,0.32,0.0,76.83,4.85,2958856.25,50.0,44.0,0.07,0.0,98.65,66.87,33.07,0,1,0,0,1,1,0,Esc6
779,4.35,15.18,13.72,2.13,4.54,0.31,0.0,74.65,3.88,2888618.86,51.22,42.64,0.05,0.0,98.69,70.92,36.47,0,1,0,0,1,1,0,Esc6
780,4.83,17.61,13.98,2.64,4.76,0.31,0.0,75.33,4.45,2921141.72,50.65,43.28,0.06,0.0,98.67,70.01,35.34,0,1,0,0,1,1,0,Esc6
781,4.78,15.33,14.1,2.25,4.77,0.31,0.0,75.8,4.62,2934877.52,50.41,43.54,0.06,0.0,98.66,67.62,32.99,0,1,0,0,1,1,0,Esc6
782,5.09,17.48,14.23,2.75,4.98,0.32,0.0,76.6,5.1,2965838.91,49.88,44.13,0.07,0.0,98.64,66.87,33.3,0,1,0,0,1,1,0,Esc6
783,5.13,19.59,14.27,2.82,4.99,0.32,0.0,76.22,5.17,2962896.87,49.93,44.08,0.07,0.0,98.64,66.55,33.58,0,1,0,0,1,1,0,Esc6
784,4.27,14.41,13.77,2.01,4.61,0.32,0.0,76.31,4.12,2922029.98,50.63,43.29,0.06,0.0,98.67,70.22,36.07,0,1,0,0,1,1,0,Esc6
785,4.73,15.08,14.12,2.29,4.83,0.32,0.0,76.61,4.8,2953576.2,50.09,43.9,0.07,0.0,98.65,66.99,32.61,0,1,0,0,1,1,0,Esc6
786,5.26,20.04,14.42,3.05,5.11,0.32,0.0,76.91,5.38,2981470.65,49.62,44.42,0.07,0.0,98.63,67.07,32.08,0,1,0,0,1,1,0,Esc6
787,4.76,16.13,14.1,2.39,4.86,0.32,0.0,75.83,4.8,2942644.14,50.28,43.69,0.07,0.0,98.65,66.62,32.94,0,1,0,0,1,1,0,Esc6
788,4.88,18.03,14.13,2.56,4.92,0.32,0.0,76.85,4.92,2961898.76,49.95,44.06,0.07,0.0,98.64,67.46,33.73,0,1,0,0,1,1,0,Esc6
789,4.94,18.35,14.32,2.67,5.04,0.32,0.0,78.2,5.28,2995878.77,49.38,44.69,0.07,0.0,98.62,65.76,32.94,0,1,0,0,1,1,0,Esc6
790,4.59,16.58,13.93,2.31,4.72,0.32,0.0,75.77,4.33,2922675.87,50.62,43.31,0.06,0.0,98.67,69.55,35.44,0,1,0,0,1,1,0,Esc6
791,4.92,17.54,14.24,2.6,4.98,0.32,0.0,77.89,5.13,2985292.06,49.56,44.5,0.07,0.0,98.63,66.78,33.45,0,1,0,0,1,1,0,Esc6
792,4.53,16.02,13.96,2.15,4.65,0.31,0.0,75.25,4.23,2911250.7,50.82,43.08,0.06,0.0,98.67,68.98,33.77,0,1,0,0,1,1,0,Esc6
793,4.73,18.28,14.14,2.61,4.89,0.32,0.0,77.52,4.82,2967676.81,49.85,44.17,0.07,0.0,98.64,68.27,33.79,0,1,0,0,1,1,0,Esc6
794,4.71,18.48,13.94,2.5,4.71,0.31,0.0,75.65,4.33,2920846.24,50.65,43.27,0.06,0.0,98.67,70.54,34.92,0,1,0,0,1,1,0,Esc6
795,4.1,13.81,13.74,1.92,4.54,0.32,0.0,75.88,3.9,2907009.22,50.89,43.0,0.05,0.0,98.68,70.8,35.54,0,1,0,0,1,1,0,Esc6
796,4.26,14.42,13.71,1.95,4.45,0.31,0.0,73.74,3.68,2867333.98,51.6,42.21,0.05,0.0,98.7,72.09,35.71,0,1,0,0,1,1,0,Esc6
797,4.86,19.69,14.25,2.6,4.96,0.32,0.0,77.74,5.12,2983077.74,49.59,44.45,0.07,0.0,98.63,66.14,31.12,0,1,0,0,1,1,0,Esc6
798,4.51,16.6,13.84,2.33,4.64,0.31,0.0,75.21,4.14,2907008.27,50.89,43.0,0.06,0.0,98.68,70.55,35.41,0,1,0,0,1,1,0,Esc6
799,5.08,17.21,14.27,2.6,4.91,0.32,0.0,76.74,5.01,2963827.32,49.92,44.09,0.07,0.0,98.64,67.76,32.44,0,1,0,0,1,1,0,Esc6
800,4.66,16.79,13.77,2.45,4.6,0.31,0.0,74.4,3.98,2888828.96,51.21,42.64,0.06,0.0,98.68,72.7,36.34,0,1,0,0,1,1,0,Esc6
801,4.38,14.23,13.85,1.99,4.61,0.32,0.0,75.83,4.17,2916976.73,50.72,43.2,0.06,0.0,98.67,69.01,34.6,0,1,0,0,1,1,0,Esc6
802,4.21,13.96,13.64,2.01,4.49,0.31,0.0,74.68,3.74,2883006.07,51.32,42.53,0.05,0.0,98.69,71.69,35.71,0,1,0,0,1,1,0,Esc6
803,4.67,17.05,13.98,2.28,4.68,0.31,0.0,75.71,4.38,2923708.05,50.6,43.33,0.06,0.0,98.67,69.42,33.91,0,1,0,0,1,1,0,Esc6
804,5.1,17.84,14.19,2.64,4.94,0.32,0.0,76.27,5.05,2959112.31,50.0,44.0,0.07,0.0,98.64,66.99,34.45,0,1,0,0,1,1,0,Esc6
805,4.95,17.93,14.13,2.61,4.9,0.32,0.0,75.68,4.92,2945137.52,50.23,43.74,0.07,0.0,98.65,67.98,34.72,0,1,0,0,1,1,0,Esc6
806,4.69,16.78,13.97,2.41,4.78,0.32,0.0,76.22,4.55,2937990.59,50.36,43.6,0.06,0.0,98.66,69.0,34.16,0,1,0,0,1,1,0,Esc6
807,4.73,18.31,13.95,2.56,4.74,0.32,0.0,75.78,4.42,2926375.85,50.56,43.38,0.06,0.0,98.66,69.85,35.04,0,1,0,0,1,1,0,Esc6
808,4.86,19.64,13.93,2.64,4.7,0.31,0.0,74.26,4.3,2899596.44,51.02,42.85,0.06,0.0,98.68,71.12,35.46,0,1,0,0,1,1,0,Esc6
809,4.85,18.72,14.09,2.63,4.86,0.32,0.0,75.89,4.77,2942152.77,50.28,43.68,0.07,0.0,98.65,67.68,33.38,0,1,0,0,1,1,0,Esc6
810,4.44,15.51,13.79,2.19,4.56,0.31,0.0,74.93,3.93,2894335.89,51.12,42.75,0.05,0.0,98.68,72.2,34.93,0,1,0,0,1,1,0,Esc6
811,4.32,14.53,13.79,2.05,4.61,0.32,0.0,75.96,4.08,2915137.8,50.75,43.16,0.06,0.0,98.67,70.33,35.78,0,1,0,0,1,1,0,Esc6
812,4.8,18.69,13.97,2.57,4.78,0.32,0.0,75.42,4.56,2926895.72,50.55,43.39,0.06,0.0,98.66,69.06,34.92,0,1,0,0,1,1,0,Esc6
813,5.17,19.47,14.36,2.71,5.08,0.32,0.0,77.42,5.47,2992301.5,49.44,44.63,0.07,0.0,98.62,65.74,32.63,0,1,0,0,1,1,0,Esc6
814,4.46,14.56,14.01,2.14,4.74,0.32,0.0,76.5,4.41,2936409.42,50.38,43.57,0.06,0.0,98.66,68.59,33.72,0,1,0,0,1,1,0,Esc6
815,4.46,14.48,13.85,2.19,4.64,0.31,0.0,75.21,4.15,2907220.61,50.89,43.0,0.06,0.0,98.68,70.68,35.21,0,1,0,0,1,1,0,Esc6
816,4.95,17.54,14.23,2.56,4.9,0.32,0.0,76.1,4.94,2951866.37,50.12,43.87,0.07,0.0,98.65,67.24,33.31,0,1,0,0,1,1,0,Esc6
817,4.54,16.5,13.93,2.2,4.68,0.32,0.0,75.98,4.3,2924491.11,50.59,43.34,0.06,0.0,98.67,69.88,33.82,0,1,0,0,1,1,0,Esc6
818,4.58,19.1,13.86,2.48,4.65,0.31,0.0,74.7,4.09,2897370.1,51.06,42.81,0.06,0.0,98.68,71.48,35.6,0,1,0,0,1,1,0,Esc6
819,4.39,16.05,13.77,2.13,4.57,0.31,0.0,75.13,4.0,2899899.66,51.02,42.86,0.06,0.0,98.68,70.85,35.61,0,1,0,0,1,1,0,Esc6
820,4.76,16.64,14.1,2.49,4.88,0.32,0.0,76.18,4.87,2950539.32,50.14,43.84,0.07,0.0,98.65,66.95,33.07,0,1,0,0,1,1,0,Esc6
821,4.52,15.62,13.91,2.26,4.68,0.31,0.0,75.29,4.25,2912519.48,50.8,43.11,0.06,0.0,98.67,70.17,34.37,0,1,0,0,1,1,0,Esc6
822,4.66,17.48,13.91,2.39,4.72,0.31,0.0,74.18,4.33,2899911.59,51.02,42.86,0.06,0.0,98.68,69.49,35.73,0,1,0,0,1,1,0,Esc6
823,4.94,17.96,14.3,2.6,5.0,0.32,0.0,77.96,5.23,2990303.39,49.47,44.59,0.07,0.0,98.63,66.33,32.33,0,1,0,0,1,1,0,Esc6
824,4.65,16.48,13.92,2.32,4.71,0.31,0.0,75.16,4.36,2914995.9,50.75,43.16,0.06,0.0,98.67,69.04,34.94,0,1,0,0,1,1,0,Esc6
825,4.82,18.37,13.86,2.59,4.72,0.31,0.0,75.01,4.31,2910836.25,50.83,43.08,0.06,0.0,98.67,70.81,36.53,0,1,0,0,1,1,0,Esc6
826,4.8,17.61,14.04,2.52,4.82,0.32,0.0,75.7,4.65,2934649.9,50.41,43.54,0.06,0.0,98.66,68.33,34.38,0,1,0,0,1,1,0,Esc6
827,4.88,16.13,14.11,2.42,4.79,0.31,0.0,75.39,4.66,2930517.57,50.48,43.46,0.06,0.0,98.66,68.41,34.06,0,1,0,0,1,1,0,Esc6
828,4.72,15.37,14.01,2.37,4.74,0.31,0.0,75.24,4.45,2919919.3,50.67,43.25,0.06,0.0,98.67,69.18,34.65,0,1,0,0,1,1,0,Esc6
829,4.56,14.57,13.86,2.14,4.61,0.31,0.0,74.96,4.21,2906160.79,50.91,42.98,0.06,0.0,98.68,69.64,34.6,0,1,0,0,1,1,0,Esc6
830,5.24,18.46,14.34,2.81,5.06,0.32,0.0,76.73,5.37,2978518.29,49.67,44.37,0.07,0.0,98.63,66.0,33.58,0,1,0,0,1,1,0,Esc6
831,4.6,16.09,14.03,2.33,4.82,0.32,0.0,77.03,4.7,2955487.09,50.06,43.94,0.06,0.0,98.65,67.94,33.72,0,1,0,0,1,1,0,Esc6
832,4.82,16.86,14.21,2.37,4.91,0.32,0.0,77.58,5.06,2978243.73,49.68,44.36,0.07,0.0,98.63,66.04,33.14,0,1,0,0,1,1,0,Esc6
833,4.83,18.07,14.04,2.57,4.79,0.32,0.0,76.04,4.57,2936253.84,50.39,43.57,0.06,0.0,98.66,69.31,34.44,0,1,0,0,1,1,0,Esc6
834,4.93,17.85,14.17,2.55,4.86,0.32,0.0,76.03,4.83,2946484.49,50.21,43.76,0.07,0.0,98.65,67.73,33.15,0,1,0,0,1,1,0,Esc6
835,5.03,19.92,14.16,2.85,4.93,0.32,0.0,75.7,4.91,2944834.91,50.24,43.73,0.07,0.0,98.65,68.11,34.7,0,1,0,0,1,1,0,Esc6
836,4.29,14.57,13.8,2.1,4.6,0.31,0.0,75.59,4.01,2907069.84,50.89,43.0,0.06,0.0,98.68,70.28,35.0,0,1,0,0,1,1,0,Esc6
837,4.98,18.74,14.23,2.78,4.97,0.32,0.0,76.55,5.05,2963000.27,49.93,44.08,0.07,0.0,98.64,67.47,32.84,0,1,0,0,1,1,0,Esc6
838,4.79,16.04,14.08,2.34,4.82,0.32,0.0,76.47,4.74,2949296.44,50.16,43.82,0.06,0.0,98.65,66.72,33.39,0,1,0,0,1,1,0,Esc6
839,4.76,16.06,13.84,2.38,4.63,0.31,0.0,74.41,4.15,2895934.99,51.09,42.78,0.06,0.0,98.68,71.11,35.75,0,1,0,0,1,1,0,Esc6
840,4.87,16.41,14.08,2.46,4.86,0.32,0.0,76.24,4.83,2949436.75,50.16,43.82,0.07,0.0,98.65,67.31,34.28,0,1,0,0,1,1,0,Esc6
841,4.45,14.67,13.94,2.1,4.69,0.32,0.0,76.14,4.38,2929800.76,50.5,43.44,0.06,0.0,98.66,68.72,33.92,0,1,0,0,1,1,0,Esc6
842,4.46,15.61,13.75,2.18,4.52,0.31,0.0,74.55,3.84,2885298.15,51.28,42.57,0.05,0.0,98.69,72.43,35.63,0,1,0,0,1,1,0,Esc6
843,4.73,16.87,13.97,2.5,4.69,0.31,0.0,75.37,4.3,2915776.21,50.74,43.17,0.06,0.0,98.67,70.1,33.65,0,1,0,0,1,1,0,Esc6
844,3.78,12.08,13.47,1.63,4.34,0.31,0.0,75.04,3.29,2870092.17,51.55,42.27,0.05,0.0,98.7,73.33,36.55,0,1,0,0,1,1,0,Esc6
845,4.71,16.87,13.93,2.39,4.75,0.32,0.0,75.93,4.42,2928384.21,50.52,43.42,0.06,0.0,98.66,69.64,35.71,0,1,0,0,1,1,0,Esc6
846,4.53,16.49,13.95,2.21,4.71,0.32,0.0,76.25,4.36,2930966.97,50.48,43.47,0.06,0.0,98.66,69.43,34.92,0,1,0,0,1,1,0,Esc6
847,4.7,19.12,14.03,2.44,4.79,0.32,0.0,76.47,4.57,2942498.06,50.28,43.69,0.06,0.0,98.65,68.67,34.07,0,1,0,0,1,1,0,Esc6
848,4.56,17.66,13.84,2.47,4.69,0.32,0.0,75.46,4.22,2913932.47,50.77,43.14,0.06,0.0,98.67,71.8,36.06,0,1,0,0,1,1,0,Esc6
849,4.67,17.19,13.88,2.37,4.69,0.32,0.0,75.83,4.29,2921952.69,50.63,43.29,0.06,0.0,98.67,70.45,36.08,0,1,0,0,1,1,0,Esc6
850,4.56,17.61,13.95,2.37,4.76,0.32,0.0,76.28,4.5,2936784.76,50.38,43.58,0.06,0.0,98.66,68.5,34.76,0,1,0,0,1,1,0,Esc6
851,4.7,15.64,14.13,2.24,4.8,0.32,0.0,76.55,4.7,2948907.75,50.17,43.81,0.06,0.0,98.65,66.67,32.91,0,1,0,0,1,1,0,Esc6
852,4.28,14.09,13.64,2.0,4.48,0.31,0.0,74.95,3.73,2886822.29,51.25,42.6,0.05,0.0,98.69,72.15,36.26,0,1,0,0,1,1,0,Esc6
853,4.47,15.82,13.82,2.16,4.63,0.32,0.0,75.78,4.14,2915198.92,50.75,43.16,0.06,0.0,98.67,70.26,35.18,0,1,0,0,1,1,0,Esc6
854,4.53,16.63,13.94,2.32,4.71,0.31,0.0,75.6,4.28,2918188.76,50.7,43.22,0.06,0.0,98.67,69.88,34.67,0,1,0,0,1,1,0,Esc6
855,4.54,18.1,13.85,2.3,4.7,0.32,0.0,76.25,4.3,2928342.24,50.52,43.42,0.06,0.0,98.66,70.25,35.36,0,1,0,0,1,1,0,Esc6
856,5.15,18.89,14.4,2.75,5.08,0.33,0.0,78.16,5.51,3004840.76,49.24,44.86,0.07,0.0,98.62,65.36,31.79,0,1,0,0,1,1,0,Esc6
857,4.71,16.04,13.89,2.4,4.68,0.31,0.0,74.81,4.27,2906367.84,50.9,42.99,0.06,0.0,98.67,70.14,35.16,0,1,0,0,1,1,0,Esc6
858,4.76,15.56,14.06,2.37,4.83,0.32,0.0,76.32,4.77,2948374.89,50.18,43.8,0.07,0.0,98.65,67.81,34.59,0,1,0,0,1,1,0,Esc6
859,4.76,16.0,14.04,2.5,4.81,0.32,0.0,75.93,4.61,2936357.25,50.38,43.57,0.06,0.0,98.66,68.88,33.99,0,1,0,0,1,1,0,Esc6
860,4.6,16.11,13.87,2.34,4.65,0.31,0.0,75.16,4.21,2908948.74,50.86,43.04,0.06,0.0,98.67,71.13,35.35,0,1,0,0,1,1,0,Esc6
861,4.37,15.14,13.78,2.08,4.58,0.31,0.0,74.34,4.05,2890595.78,51.18,42.68,0.06,0.0,98.68,70.29,35.2,0,1,0,0,1,1,0,Esc6
862,4.43,18.23,13.76,2.21,4.58,0.31,0.0,75.32,4.02,2903675.63,50.95,42.93,0.06,0.0,98.68,71.18,35.72,0,1,0,0,1,1,0,Esc6
863,4.61,16.55,13.92,2.35,4.69,0.31,0.0,74.9,4.32,2909891.96,50.84,43.06,0.06,0.0,98.67,69.75,34.84,0,1,0,0,1,1,0,Esc6
864,4.8,16.41,14.08,2.48,4.86,0.32,0.0,76.23,4.78,2947411.62,50.19,43.78,0.07,0.0,98.65,67.96,34.24,0,1,0,0,1,1,0,Esc6
865,4.73,17.19,14.09,2.43,4.85,0.32,0.0,77.11,4.77,2959545.1,49.99,44.01,0.06,0.0,98.65,67.75,33.98,0,1,0,0,1,1,0,Esc6
866,4.46,15.0,13.98,2.12,4.77,0.32,0.0,76.62,4.56,2943953.86,50.25,43.72,0.06,0.0,98.65,66.82,33.85,0,1,0,0,1,1,0,Esc6
867,4.66,16.43,13.88,2.47,4.71,0.31,0.0,74.92,4.28,2908511.11,50.87,43.03,0.06,0.0,98.67,70.73,35.68,0,1,0,0,1,1,0,Esc6
868,4.65,16.01,14.03,2.36,4.79,0.31,0.0,75.52,4.56,2928278.44,50.52,43.41,0.06,0.0,98.66,67.85,34.12,0,1,0,0,1,1,0,Esc6
869,4.6,17.2,13.96,2.5,4.75,0.32,0.02,76.0,4.43,2931449.47,50.47,43.42,0.06,0.05,98.66,68.94,34.6,0,1,0,0,1,1,0,Esc6
870,4.24,14.64,13.73,1.96,4.57,0.31,0.0,75.33,3.96,2901495.76,50.99,42.89,0.06,0.0,98.68,70.18,35.67,0,1,0,0,1,1,0,Esc6
871,4.97,16.48,14.12,2.45,4.79,0.31,0.0,75.11,4.68,2927343.06,50.54,43.4,0.06,0.0,98.66,68.19,33.39,0,1,0,0,1,1,0,Esc6
872,4.48,17.07,13.87,2.24,4.63,0.32,0.0,76.1,4.17,2921076.71,50.65,43.27,0.06,0.0,98.67,70.82,33.85,0,1,0,0,1,1,0,Esc6
873,4.84,16.22,14.12,2.51,4.86,0.32,0.0,76.55,4.79,2952465.62,50.11,43.88,0.07,0.0,98.65,68.23,34.05,0,1,0,0,1,1,0,Esc6
874,4.63,17.95,13.98,2.3,4.82,0.32,0.0,76.51,4.75,2950177.69,50.15,43.83,0.06,0.0,98.65,67.23,34.49,0,1,0,0,1,1,0,Esc6
875,4.76,15.51,14.22,2.32,4.9,0.32,0.0,77.03,5.01,2967997.58,49.85,44.17,0.07,0.0,98.64,65.77,32.15,0,1,0,0,1,1,0,Esc6
876,4.91,16.07,14.16,2.51,4.87,0.32,0.0,75.99,4.81,2945032.75,50.24,43.74,0.07,0.0,98.65,68.41,33.16,0,1,0,0,1,1,0,Esc6
877,4.52,14.97,13.95,2.17,4.67,0.32,0.0,76.37,4.31,2930368.38,50.49,43.45,0.06,0.0,98.66,69.31,33.45,0,1,0,0,1,1,0,Esc6
878,4.86,19.68,14.15,2.77,4.9,0.32,0.0,75.98,4.78,2943767.42,50.26,43.71,0.07,0.0,98.65,68.59,33.85,0,1,0,0,1,1,0,Esc6
879,4.65,14.92,13.94,2.28,4.69,0.31,0.0,75.01,4.34,2912082.73,50.8,43.1,0.06,0.0,98.67,69.96,34.93,0,1,0,0,1,1,0,Esc6
880,4.98,16.02,14.24,2.43,4.92,0.32,0.0,77.0,5.12,2972338.54,49.77,44.25,0.07,0.0,98.64,66.59,32.99,0,1,0,0,1,1,0,Esc6
881,4.48,16.48,13.9,2.19,4.66,0.31,0.0,75.49,4.24,2915139.18,50.75,43.16,0.06,0.0,98.67,69.37,33.79,0,1,0,0,1,1,0,Esc6
882,4.54,18.32,13.89,2.35,4.66,0.31,0.0,74.64,4.2,2901091.86,51.0,42.88,0.06,0.0,98.68,70.83,35.34,0,1,0,0,1,1,0,Esc6
883,4.56,16.09,13.86,2.25,4.64,0.32,0.0,75.99,4.23,2921675.24,50.64,43.29,0.06,0.0,98.67,70.64,34.75,0,1,0,0,1,1,0,Esc6
884,5.13,18.47,14.34,2.7,5.02,0.32,0.0,77.37,5.29,2984491.81,49.57,44.48,0.07,0.0,98.63,66.81,32.94,0,1,0,0,1,1,0,Esc6
885,4.37,17.23,13.77,2.21,4.62,0.32,0.0,76.27,4.1,2920725.75,50.65,43.27,0.06,0.0,98.67,71.01,34.69,0,1,0,0,1,1,0,Esc6
886,4.79,17.36,14.09,2.4,4.82,0.32,0.0,76.19,4.68,2942964.94,50.27,43.7,0.06,0.0,98.65,67.84,33.6,0,1,0,0,1,1,0,Esc6
887,5.05,18.1,14.37,2.63,5.01,0.32,0.0,76.42,5.29,2970882.79,49.8,44.23,0.07,0.0,98.64,65.28,32.43,0,1,0,0,1,1,0,Esc6
888,4.66,20.15,13.97,2.59,4.79,0.32,0.0,76.19,4.49,2935026.5,50.41,43.54,0.06,0.0,98.66,69.48,35.03,0,1,0,0,1,1,0,Esc6
889,4.35,14.25,13.72,2.06,4.54,0.31,0.0,74.8,3.93,2892471.44,51.15,42.71,0.05,0.0,98.68,71.26,36.75,0,1,0,0,1,1,0,Esc6
890,4.5,16.72,13.96,2.3,4.77,0.32,0.0,76.61,4.48,2940753.62,50.31,43.65,0.06,0.0,98.66,68.96,34.81,0,1,0,0,1,1,0,Esc6
891,4.73,17.2,13.95,2.38,4.74,0.32,0.0,75.88,4.43,2928299.38,50.52,43.41,0.06,0.0,98.66,69.62,34.31,0,1,0,0,1,1,0,Esc6
892,4.59,16.17,13.83,2.37,4.67,0.31,0.0,75.3,4.18,2909770.79,50.84,43.05,0.06,0.0,98.67,70.85,35.48,0,1,0,0,1,1,0,Esc6
893,4.93,18.26,14.05,2.59,4.83,0.32,0.0,75.95,4.73,2941458.06,50.3,43.67,0.06,0.0,98.65,68.31,34.63,0,1,0,0,1,1,0,Esc6
894,5.04,16.78,14.12,2.62,4.86,0.31,0.0,75.0,4.81,2931052.99,50.48,43.47,0.07,0.0,98.66,68.06,34.32,0,1,0,0,1,1,0,Esc6
895,4.42,15.55,13.92,2.06,4.63,0.31,0.0,75.53,4.23,2915007.89,50.75,43.16,0.06,0.0,98.67,69.4,33.68,0,1,0,0,1,1,0,Esc6
896,4.22,13.74,13.67,1.97,4.5,0.31,0.0,74.59,3.82,2885298.63,51.28,42.57,0.05,0.0,98.69,71.56,35.7,0,1,0,0,1,1,0,Esc6
897,4.92,20.63,14.14,2.71,4.95,0.32,0.0,76.58,4.96,2959628.82,49.99,44.01,0.07,0.0,98.64,67.06,33.7,0,1,0,0,1,1,0,Esc6
898,4.74,16.95,13.96,2.42,4.71,0.31,0.0,75.4,4.38,2919366.9,50.68,43.24,0.06,0.0,98.67,69.99,34.32,0,1,0,0,1,1,0,Esc6
899,4.85,16.93,14.03,2.46,4.78,0.31,0.0,74.89,4.59,2920524.15,50.66,43.26,0.06,0.0,98.67,69.05,34.91,0,1,0,0,1,1,0,Esc6
900,4.13,13.21,13.65,1.9,4.51,0.31,0.0,75.39,3.78,2895101.8,51.1,42.77,0.05,0.0,98.68,71.25,36.05,0,1,0,0,1,1,0,Esc6
901,4.65,14.95,13.88,2.21,4.69,0.31,0.0,75.2,4.38,2916397.99,50.73,43.18,0.06,0.0,98.67,69.54,35.38,0,1,0,0,1,1,0,Esc6
902,4.82,16.76,14.16,2.42,4.87,0.32,0.0,76.09,4.88,2949386.25,50.16,43.82,0.07,0.0,98.65,66.83,32.71,0,1,0,0,1,1,0,Esc6
903,4.55,16.71,13.86,2.41,4.65,0.31,0.0,74.54,4.13,2897059.63,51.07,42.8,0.06,0.0,98.68,71.01,36.04,0,1,0,0,1,1,0,Esc6
904,4.67,16.48,13.95,2.33,4.68,0.31,0.0,74.74,4.27,2905420.28,50.92,42.97,0.06,0.0,98.68,69.91,34.28,0,1,0,0,1,1,0,Esc6
905,4.44,14.16,13.89,2.11,4.67,0.32,0.0,75.81,4.28,2921020.79,50.65,43.27,0.06,0.0,98.67,69.41,34.91,0,1,0,0,1,1,0,Esc6
906,5.11,17.45,14.27,2.58,4.94,0.32,0.0,76.23,5.17,2963144.93,49.93,44.08,0.07,0.0,98.64,66.18,32.86,0,1,0,0,1,1,0,Esc6
907,4.31,15.3,13.67,2.09,4.45,0.31,0.0,74.5,3.63,2876104.74,51.44,42.39,0.05,0.0,98.69,73.49,36.83,0,1,0,0,1,1,0,Esc6
908,4.63,17.32,13.89,2.5,4.68,0.31,0.0,73.9,4.22,2891262.27,51.17,42.69,0.06,0.0,98.68,70.22,35.18,0,1,0,0,1,1,0,Esc6
909,4.5,16.6,13.91,2.26,4.67,0.32,0.0,76.32,4.21,2925812.22,50.57,43.37,0.06,0.0,98.67,70.62,34.49,0,1,0,0,1,1,0,Esc6
910,4.44,14.91,13.84,2.14,4.67,0.32,0.0,75.83,4.26,2920470.37,50.66,43.26,0.06,0.0,98.67,68.78,34.84,0,1,0,0,1,1,0,Esc6
911,5.05,20.0,14.2,2.78,4.96,0.32,0.0,76.63,5.05,2964169.22,49.91,44.1,0.07,0.0,98.64,67.48,33.82,0,1,0,0,1,1,0,Esc6
912,4.74,18.73,13.93,2.47,4.7,0.31,0.0,74.33,4.3,2900695.69,51.0,42.88,0.06,0.0,98.68,69.8,35.39,0,1,0,0,1,1,0,Esc6
913,4.53,15.95,13.88,2.25,4.65,0.31,0.0,75.29,4.19,2910192.32,50.84,43.06,0.06,0.0,98.67,69.96,34.39,0,1,0,0,1,1,0,Esc6
914,4.17,14.86,13.81,1.93,4.63,0.32,0.0,77.0,4.15,2933231.45,50.44,43.51,0.06,0.0,98.66,69.24,34.62,0,1,0,0,1,1,0,Esc6
915,4.47,14.86,13.89,2.12,4.63,0.31,0.0,75.06,4.17,2905956.6,50.91,42.98,0.06,0.0,98.68,69.8,35.06,0,1,0,0,1,1,0,Esc6
916,4.72,15.57,14.0,2.36,4.78,0.32,0.0,75.98,4.6,2936561.64,50.38,43.57,0.06,0.0,98.66,68.07,34.94,0,1,0,0,1,1,0,Esc6
917,4.37,14.49,13.69,2.06,4.49,0.31,0.0,74.67,3.74,2882980.24,51.32,42.53,0.05,0.0,98.69,72.95,36.9,0,1,0,0,1,1,0,Esc6
918,4.67,18.82,13.93,2.48,4.76,0.32,0.0,76.98,4.44,2944739.74,50.24,43.73,0.06,0.0,98.65,69.82,35.0,0,1,0,0,1,1,0,Esc6
919,4.4,18.36,13.83,2.41,4.64,0.31,0.0,75.01,4.09,2901852.14,50.98,42.9,0.06,0.0,98.68,70.95,35.1,0,1,0,0,1,1,0,Esc6
920,4.82,17.18,14.04,2.53,4.83,0.32,0.0,76.97,4.7,2954775.11,50.07,43.92,0.06,0.0,98.65,68.81,34.69,0,1,0,0,1,1,0,Esc6
921,4.41,16.22,13.87,2.19,4.7,0.32,0.0,77.12,4.32,2941685.81,50.29,43.67,0.06,0.0,98.66,69.56,34.53,0,1,0,0,1,1,0,Esc6
922,4.79,16.18,14.09,2.43,4.8,0.32,0.0,76.43,4.66,2945580.95,50.23,43.75,0.06,0.0,98.65,68.54,33.56,0,1,0,0,1,1,0,Esc6
923,4.46,15.35,13.84,2.22,4.65,0.32,0.0,75.54,4.16,2912520.35,50.8,43.11,0.06,0.0,98.67,70.3,34.81,0,1,0,0,1,1,0,Esc6
924,4.41,16.1,13.81,2.21,4.57,0.31,0.0,74.56,3.97,2890685.31,51.18,42.68,0.06,0.0,98.68,71.06,34.87,0,1,0,0,1,1,0,Esc6
925,4.58,14.28,13.93,2.2,4.73,0.32,0.0,76.42,4.45,2937034.93,50.37,43.58,0.06,0.0,98.66,69.49,34.63,0,1,0,0,1,1,0,Esc6
926,4.62,16.7,13.87,2.39,4.65,0.31,0.0,75.38,4.19,2911399.12,50.82,43.09,0.06,0.0,98.67,71.0,35.69,0,1,0,0,1,1,0,Esc6
927,4.86,18.78,14.14,2.7,4.89,0.32,0.0,76.21,4.78,2947165.49,50.2,43.78,0.07,0.0,98.65,67.99,33.44,0,1,0,0,1,1,0,Esc6
928,4.81,20.07,14.06,2.56,4.77,0.32,0.0,76.31,4.51,2937604.62,50.36,43.59,0.06,0.0,98.66,69.99,33.78,0,1,0,0,1,1,0,Esc6
929,4.78,18.13,13.97,2.51,4.74,0.31,0.02,75.1,4.43,2918657.08,50.69,43.18,0.06,0.05,98.67,69.49,35.44,0,1,0,0,1,1,0,Esc6
930,4.92,20.57,14.11,2.86,4.9,0.32,0.02,76.48,4.79,2953156.91,50.1,43.84,0.07,0.05,98.65,69.09,35.01,0,1,0,0,1,1,0,Esc6
931,4.44,14.62,13.99,2.1,4.72,0.32,0.0,76.59,4.45,2939339.04,50.33,43.63,0.06,0.0,98.66,68.33,34.25,0,1,0,0,1,1,0,Esc6
932,5.03,20.95,14.24,2.86,4.95,0.32,0.0,76.48,5.0,2959986.24,49.98,44.02,0.07,0.0,98.64,67.85,33.21,0,1,0,0,1,1,0,Esc6
933,4.25,14.13,13.83,1.98,4.67,0.32,0.0,76.5,4.27,2930536.31,50.48,43.46,0.06,0.0,98.66,68.86,33.96,0,1,0,0,1,1,0,Esc6
934,4.36,16.39,13.68,2.2,4.54,0.31,0.0,74.45,3.87,2885250.53,51.28,42.57,0.05,0.0,98.69,71.59,36.15,0,1,0,0,1,1,0,Esc6
935,4.87,19.53,14.05,2.71,4.84,0.32,0.0,75.79,4.65,2935759.96,50.39,43.56,0.06,0.0,98.66,69.64,35.12,0,1,0,0,1,1,0,Esc6
936,4.36,13.85,13.8,2.01,4.53,0.31,0.0,74.34,3.85,2882907.99,51.32,42.52,0.05,0.0,98.69,71.34,35.18,0,1,0,0,1,1,0,Esc6
937,5.0,17.07,14.25,2.67,4.95,0.32,0.0,77.15,5.06,2971731.64,49.78,44.24,0.07,0.0,98.64,67.05,33.06,0,1,0,0,1,1,0,Esc6
938,4.72,16.73,14.07,2.38,4.78,0.32,0.0,76.75,4.65,2949680.98,50.16,43.82,0.06,0.0,98.65,68.68,33.3,0,1,0,0,1,1,0,Esc6
939,4.71,14.12,14.18,2.19,4.85,0.32,0.0,77.45,4.87,2968773.74,49.83,44.19,0.07,0.0,98.64,66.46,31.9,0,1,0,0,1,1,0,Esc6
940,4.89,15.98,14.1,2.46,4.78,0.32,0.0,76.22,4.62,2940957.65,50.31,43.66,0.06,0.0,98.66,68.83,33.47,0,1,0,0,1,1,0,Esc6
941,4.56,14.92,14.01,2.13,4.71,0.31,0.0,75.5,4.39,2921426.42,50.64,43.28,0.06,0.0,98.67,67.99,33.93,0,1,0,0,1,1,0,Esc6
942,4.36,13.81,13.88,1.92,4.63,0.32,0.0,76.48,4.21,2927905.09,50.53,43.41,0.06,0.0,98.67,69.32,33.92,0,1,0,0,1,1,0,Esc6
943,4.94,20.95,14.14,2.85,4.95,0.32,0.0,76.63,4.92,2958819.83,50.0,44.0,0.07,0.0,98.64,68.55,34.15,0,1,0,0,1,1,0,Esc6
944,4.86,19.28,14.08,2.66,4.83,0.32,0.0,75.76,4.66,2935799.15,50.39,43.56,0.06,0.0,98.66,68.79,34.6,0,1,0,0,1,1,0,Esc6
945,4.7,17.74,13.93,2.52,4.73,0.31,0.0,75.48,4.35,2919516.96,50.67,43.24,0.06,0.0,98.67,70.27,34.99,0,1,0,0,1,1,0,Esc6
946,4.65,15.33,13.95,2.27,4.71,0.32,0.0,75.77,4.38,2924486.85,50.59,43.34,0.06,0.0,98.67,69.37,35.21,0,1,0,0,1,1,0,Esc6
947,4.44,14.72,13.87,2.16,4.65,0.31,0.0,75.6,4.21,2915384.96,50.75,43.16,0.06,0.0,98.67,69.94,34.53,0,1,0,0,1,1,0,Esc6
948,4.49,15.75,14.06,2.2,4.82,0.32,0.0,77.01,4.7,2955588.04,50.06,43.94,0.06,0.0,98.65,66.93,33.29,0,1,0,0,1,1,0,Esc6
949,4.61,15.34,13.93,2.21,4.7,0.32,0.0,76.0,4.41,2929046.6,50.51,43.43,0.06,0.0,98.66,69.43,34.55,0,1,0,0,1,1,0,Esc6
950,5.21,21.03,14.31,3.09,5.06,0.32,0.0,76.16,5.18,2962446.63,49.94,44.07,0.07,0.0,98.64,67.53,33.24,0,1,0,0,1,1,0,Esc6
951,4.75,17.97,13.98,2.48,4.78,0.32,0.0,75.63,4.51,2928159.14,50.52,43.41,0.06,0.0,98.66,68.98,35.17,0,1,0,0,1,1,0,Esc6
952,4.74,16.96,14.03,2.42,4.74,0.31,0.0,74.9,4.44,2914802.69,50.76,43.15,0.06,0.0,98.67,69.32,34.71,0,1,0,0,1,1,0,Esc6
953,4.88,17.0,14.11,2.53,4.89,0.32,0.0,76.72,4.9,2959438.37,49.99,44.01,0.07,0.0,98.64,67.55,34.12,0,1,0,0,1,1,0,Esc6
954,4.53,16.51,13.78,2.22,4.54,0.31,0.0,74.21,3.92,2883723.11,51.3,42.54,0.05,0.0,98.69,71.76,35.3,0,1,0,0,1,1,0,Esc6
955,4.49,16.14,13.88,2.3,4.68,0.32,0.0,75.67,4.27,2918911.43,50.69,43.23,0.06,0.0,98.67,69.83,35.18,0,1,0,0,1,1,0,Esc6
956,4.8,16.5,14.01,2.47,4.74,0.31,0.0,75.66,4.48,2927131.49,50.54,43.39,0.06,0.0,98.66,69.68,34.61,0,1,0,0,1,1,0,Esc6
957,4.92,18.26,14.23,2.49,4.91,0.32,0.0,76.57,4.97,2959759.17,49.99,44.02,0.07,0.0,98.64,66.61,33.68,0,1,0,0,1,1,0,Esc6
958,4.23,14.38,13.71,1.95,4.53,0.31,0.0,75.35,3.89,2898768.68,51.04,42.84,0.05,0.0,98.68,70.49,35.55,0,1,0,0,1,1,0,Esc6
959,4.78,17.51,14.17,2.47,4.89,0.32,0.0,75.49,4.92,2942480.61,50.28,43.69,0.07,0.0,98.65,66.26,32.92,0,1,0,0,1,1,0,Esc6
960,4.77,18.87,14.1,2.62,4.91,0.32,0.0,76.99,4.84,2960736.99,49.97,44.03,0.07,0.0,98.64,67.91,33.87,0,1,0,0,1,1,0,Esc6
961,4.76,20.4,14.02,2.58,4.77,0.32,0.0,75.9,4.51,2931797.69,50.46,43.48,0.06,0.0,98.66,69.6,34.52,0,1,0,0,1,1,0,Esc6
962,4.67,17.0,13.81,2.49,4.63,0.31,0.0,74.96,4.09,2901442.53,50.99,42.89,0.06,0.0,98.68,71.65,35.62,0,1,0,0,1,1,0,Esc6
963,5.2,20.73,14.25,2.92,5.01,0.32,0.0,76.6,5.2,2969808.69,49.82,44.21,0.07,0.0,98.64,67.37,33.68,0,1,0,0,1,1,0,Esc6
964,4.67,15.03,14.07,2.24,4.82,0.32,0.0,76.74,4.77,2954297.11,50.08,43.91,0.07,0.0,98.65,66.74,33.17,0,1,0,0,1,1,0,Esc6
965,4.41,16.78,13.86,2.22,4.67,0.32,0.0,76.21,4.24,2925430.47,50.57,43.36,0.06,0.0,98.67,69.22,34.85,0,1,0,0,1,1,0,Esc6
966,4.88,18.86,14.03,2.71,4.83,0.32,0.0,75.61,4.62,2931965.97,50.46,43.49,0.06,0.0,98.66,69.99,35.59,0,1,0,0,1,1,0,Esc6
967,5.34,19.41,14.52,2.94,5.21,0.32,0.0,77.72,5.79,3009624.49,49.16,44.94,0.08,0.0,98.61,64.82,32.07,0,1,0,0,1,1,0,Esc6
968,4.39,15.53,13.71,2.12,4.51,0.31,0.0,74.01,3.82,2876842.33,51.43,42.4,0.05,0.0,98.69,72.26,36.65,0,1,0,0,1,1,0,Esc6
969,4.37,13.03,13.84,1.97,4.63,0.32,0.0,75.64,4.19,2915200.02,50.75,43.16,0.06,0.0,98.67,69.07,35.02,0,1,0,0,1,1,0,Esc6
970,4.5,15.51,13.88,2.27,4.71,0.31,0.0,75.01,4.28,2909910.38,50.84,43.06,0.06,0.0,98.67,69.74,34.95,0,1,0,0,1,1,0,Esc6
971,4.7,15.7,14.1,2.27,4.81,0.32,0.0,76.02,4.7,2941412.02,50.3,43.67,0.06,0.0,98.65,67.18,33.28,0,1,0,0,1,1,0,Esc6
972,4.66,15.22,13.97,2.3,4.82,0.32,0.0,76.12,4.71,2943089.76,50.27,43.7,0.06,0.0,98.65,67.15,34.68,0,1,0,0,1,1,0,Esc6
973,4.72,17.96,14.1,2.4,4.85,0.32,0.0,76.98,4.77,2957669.48,50.02,43.98,0.06,0.0,98.65,67.24,33.19,0,1,0,0,1,1,0,Esc6
974,5.03,18.33,14.32,2.75,5.03,0.32,0.0,76.91,5.26,2976479.36,49.7,44.33,0.07,0.0,98.63,66.37,32.35,0,1,0,0,1,1,0,Esc6
975,4.54,15.13,13.86,2.23,4.71,0.32,0.0,76.61,4.36,2936195.42,50.39,43.57,0.06,0.0,98.66,69.76,35.04,0,1,0,0,1,1,0,Esc6
976,4.52,15.69,13.89,2.22,4.63,0.31,0.0,74.73,4.17,2901359.59,50.99,42.89,0.06,0.0,98.68,70.33,34.73,0,1,0,0,1,1,0,Esc6
977,4.34,14.27,13.7,2.11,4.54,0.31,0.0,75.25,3.84,2895240.91,51.1,42.77,0.05,0.0,98.68,72.33,36.34,0,1,0,0,1,1,0,Esc6
978,4.26,15.72,13.83,2.07,4.66,0.32,0.0,76.51,4.17,2927017.39,50.54,43.39,0.06,0.0,98.67,69.03,34.82,0,1,0,0,1,1,0,Esc6
979,4.89,16.13,14.09,2.48,4.87,0.32,0.0,76.8,4.84,2958185.36,50.01,43.99,0.07,0.0,98.65,68.09,33.5,0,1,0,0,1,1,0,Esc6
980,4.77,19.61,14.08,2.58,4.83,0.32,0.0,76.84,4.71,2953443.17,50.09,43.9,0.06,0.0,98.65,68.3,33.42,0,1,0,0,1,1,0,Esc6
981,5.44,18.23,14.5,2.97,5.19,0.32,0.0,77.31,5.79,3003895.99,49.25,44.84,0.08,0.0,98.61,65.27,32.54,0,1,0,0,1,1,0,Esc6
982,4.39,15.08,13.9,2.1,4.66,0.32,0.0,76.42,4.17,2925799.25,50.57,43.37,0.06,0.0,98.67,69.14,34.18,0,1,0,0,1,1,0,Esc6
983,4.95,17.17,14.21,2.57,4.93,0.32,0.0,77.19,5.06,2972690.0,49.77,44.26,0.07,0.0,98.64,67.36,33.36,0,1,0,0,1,1,0,Esc6
984,4.44,15.08,13.83,2.11,4.6,0.32,0.0,75.67,4.09,2911463.01,50.81,43.09,0.06,0.0,98.67,70.48,35.18,0,1,0,0,1,1,0,Esc6
985,4.04,14.36,13.62,1.91,4.5,0.32,0.0,76.13,3.7,2902595.42,50.97,42.91,0.05,0.0,98.68,72.67,36.07,0,1,0,0,1,1,0,Esc6
986,4.45,16.74,13.87,2.26,4.7,0.32,0.0,76.47,4.32,2932354.47,50.45,43.49,0.06,0.0,98.66,69.53,35.24,0,1,0,0,1,1,0,Esc6
987,4.63,15.53,13.9,2.31,4.72,0.32,0.0,75.88,4.35,2925181.48,50.58,43.35,0.06,0.0,98.66,69.72,34.9,0,1,0,0,1,1,0,Esc6
988,4.34,18.14,13.73,2.23,4.61,0.32,0.0,75.91,3.98,2910341.35,50.83,43.07,0.06,0.0,98.67,71.55,36.05,0,1,0,0,1,1,0,Esc6
989,4.62,17.68,13.93,2.45,4.76,0.32,0.0,75.39,4.47,2922981.94,50.61,43.31,0.06,0.0,98.66,68.87,34.94,0,1,0,0,1,1,0,Esc6
990,4.69,14.83,14.04,2.21,4.72,0.31,0.0,75.06,4.45,2917150.19,50.72,43.2,0.06,0.0,98.67,68.33,34.04,0,1,0,0,1,1,0,Esc6
991,4.55,15.47,13.77,2.22,4.6,0.31,0.0,74.81,4.1,2899540.2,51.02,42.85,0.06,0.0,98.68,70.72,36.48,0,1,0,0,1,1,0,Esc6
992,4.28,14.38,13.76,2.01,4.59,0.32,0.0,75.73,4.02,2909643.9,50.85,43.05,0.06,0.0,98.68,70.42,35.57,0,1,0,0,1,1,0,Esc6
993,4.28,15.62,13.76,2.08,4.55,0.31,0.0,75.51,3.91,2901765.94,50.98,42.9,0.05,0.0,98.68,71.77,35.82,0,1,0,0,1,1,0,Esc6
994,4.49,15.66,13.8,2.27,4.58,0.31,0.0,75.21,3.97,2899865.7,51.02,42.86,0.06,0.0,98.68,72.39,35.48,0,1,0,0,1,1,0,Esc6
995,4.65,18.13,14.0,2.38,4.75,0.32,0.0,75.83,4.48,2929471.35,50.5,43.44,0.06,0.0,98.66,68.73,34.35,0,1,0,0,1,1,0,Esc6
996,4.68,18.66,13.94,2.55,4.74,0.31,0.0,74.67,4.37,2908566.75,50.87,43.03,0.06,0.0,98.67,69.75,34.96,0,1,0,0,1,1,0,Esc6
997,4.34,14.82,13.89,2.01,4.63,0.32,0.0,76.18,4.19,2923040.66,50.61,43.31,0.06,0.0,98.67,69.51,33.63,0,1,0,0,1,1,0,Esc6
998,4.52,14.86,13.94,2.19,4.7,0.32,0.0,75.99,4.39,2928184.36,50.52,43.41,0.06,0.0,98.66,68.74,33.55,0,1,0,0,1,1,0,Esc6
999,4.41,14.19,13.81,2.03,4.58,0.32,0.0,76.25,4.13,2921525.43,50.64,43.28,0.06,0.0,98.67,70.14,35.3,0,1,0,0,1,1,0,Esc6
0,5.3,19.36,12.91,2.77,4.62,0.32,0.0,80.1,8.39,2914737.13,40.61,40.78,0.09,0.0,98.67,59.16,48.12,0,1,0,0,1,1,0,Esc7
1,5.62,19.2,13.11,2.9,4.72,0.32,0.0,79.76,8.85,2925053.67,40.46,40.99,0.1,0.0,98.66,57.29,46.12,0,1,0,0,1,1,0,Esc7
2,5.41,18.25,12.99,2.74,4.66,0.32,0.0,79.97,8.64,2921147.35,40.52,40.91,0.09,0.0,98.67,57.83,47.64,0,1,0,0,1,1,0,Esc7
3,5.48,19.88,12.84,2.89,4.6,0.31,0.0,78.56,8.2,2890780.35,40.94,40.29,0.09,0.0,98.68,60.08,49.57,0,1,0,0,1,1,0,Esc7
4,5.76,22.15,13.22,3.17,4.88,0.32,0.09,80.19,9.32,2953437.68,40.07,41.3,0.1,0.25,98.65,56.8,47.04,0,1,0,0,1,1,0,Esc7
5,5.77,18.78,13.24,2.82,4.79,0.32,0.0,80.25,9.44,2949544.56,40.13,41.48,0.1,0.0,98.65,55.28,46.11,0,1,0,0,1,1,0,Esc7
6,5.94,22.8,13.29,3.21,4.86,0.32,0.04,79.57,9.31,2940970.42,40.24,41.21,0.1,0.1,98.65,57.06,46.87,0,1,0,0,1,1,0,Esc7
7,4.93,16.37,12.64,2.37,4.36,0.31,0.02,79.02,7.4,2872661.98,41.2,39.86,0.08,0.05,98.7,60.65,49.37,0,1,0,0,1,1,0,Esc7
8,5.2,18.53,12.85,2.63,4.58,0.32,0.0,80.61,8.38,2920277.54,40.53,40.9,0.09,0.0,98.67,58.4,48.23,0,1,0,0,1,1,0,Esc7
9,5.47,18.49,12.91,2.68,4.59,0.32,0.0,79.11,8.41,2903871.18,40.76,40.56,0.09,0.0,98.68,58.11,47.9,0,1,0,0,1,1,0,Esc7
10,5.57,19.48,13.19,2.85,4.78,0.32,0.0,80.94,9.3,2953147.57,40.08,41.55,0.1,0.0,98.65,55.34,45.74,0,1,0,0,1,1,0,Esc7
11,5.34,18.59,12.9,2.71,4.58,0.32,0.0,79.8,8.35,2909895.3,40.67,40.68,0.09,0.0,98.68,58.32,47.53,0,1,0,0,1,1,0,Esc7
12,5.2,17.75,12.72,2.53,4.41,0.31,0.0,77.38,7.58,2857395.15,41.42,39.59,0.08,0.0,98.7,59.76,48.37,0,1,0,0,1,1,0,Esc7
13,5.32,21.82,12.82,2.82,4.59,0.32,0.02,79.38,8.2,2901919.54,40.79,40.47,0.09,0.05,98.68,59.14,49.35,0,1,0,0,1,1,0,Esc7
14,5.76,21.86,12.97,3.3,4.81,0.32,0.07,79.86,8.8,2931460.81,40.37,40.92,0.1,0.2,98.66,60.45,49.72,0,1,0,0,1,1,0,Esc7
15,5.67,21.98,13.24,2.99,4.84,0.32,0.02,80.82,9.39,2956121.05,40.04,41.56,0.1,0.05,98.65,55.35,46.0,0,1,0,0,1,1,0,Esc7
16,5.4,18.81,13.07,2.72,4.71,0.32,0.0,81.38,8.98,2948102.75,40.15,41.45,0.1,0.0,98.65,56.46,46.53,0,1,0,0,1,1,0,Esc7
17,5.67,19.49,13.16,2.82,4.72,0.32,0.0,79.52,8.97,2926319.02,40.45,41.02,0.1,0.0,98.66,56.55,46.35,0,1,0,0,1,1,0,Esc7
18,4.94,16.38,12.42,2.35,4.26,0.31,0.0,77.91,6.98,2844677.73,41.61,39.32,0.08,0.0,98.71,62.78,51.34,0,1,0,0,1,1,0,Esc7
19,5.48,20.23,13.05,2.85,4.7,0.32,0.0,80.12,8.82,2928517.36,40.42,41.06,0.1,0.0,98.66,57.55,46.43,0,1,0,0,1,1,0,Esc7
20,4.95,18.76,12.34,2.55,4.24,0.3,0.04,75.93,6.59,2813038.73,42.07,38.54,0.07,0.11,98.73,64.4,52.67,0,1,0,0,1,1,0,Esc7
21,4.89,15.36,12.58,2.23,4.31,0.31,0.0,78.38,7.33,2861215.84,41.37,39.68,0.08,0.0,98.71,59.99,49.91,0,1,0,0,1,1,0,Esc7
22,5.67,20.67,13.08,2.96,4.77,0.32,0.0,80.15,9.09,2937401.97,40.29,41.24,0.1,0.0,98.66,56.46,47.57,0,1,0,0,1,1,0,Esc7
23,5.29,20.0,12.79,2.74,4.57,0.32,0.0,79.73,8.13,2901869.07,40.79,40.52,0.09,0.0,98.68,60.05,49.25,0,1,0,0,1,1,0,Esc7
24,5.57,20.13,13.01,3.04,4.74,0.32,0.04,80.06,8.77,2929581.75,40.4,40.98,0.09,0.1,98.66,59.01,48.08,0,1,0,0,1,1,0,Esc7
25,5.61,21.35,13.15,2.92,4.78,0.32,0.04,80.01,9.11,2939678.81,40.26,41.18,0.1,0.1,98.66,56.02,46.75,0,1,0,0,1,1,0,Esc7
26,5.66,21.73,13.21,3.07,4.88,0.32,0.07,80.67,9.41,2960221.25,39.98,41.49,0.1,0.2,98.64,55.86,46.22,0,1,0,0,1,1,0,Esc7
27,5.89,18.91,13.56,2.97,5.01,0.33,0.0,82.7,10.51,3011841.25,39.3,42.69,0.11,0.0,98.62,52.16,43.92,0,1,0,0,1,1,0,Esc7
28,5.52,19.65,13.05,2.86,4.68,0.32,0.0,79.33,8.71,2915708.24,40.59,40.8,0.09,0.0,98.67,58.11,47.1,0,1,0,0,1,1,0,Esc7
29,5.55,17.85,13.05,2.75,4.69,0.32,0.0,79.44,8.88,2922406.36,40.5,40.94,0.1,0.0,98.67,56.96,46.75,0,1,0,0,1,1,0,Esc7
30,5.37,17.69,12.88,2.7,4.58,0.32,0.0,79.37,8.28,2902594.15,40.78,40.54,0.09,0.0,98.68,58.64,48.53,0,1,0,0,1,1,0,Esc7
31,5.37,18.24,12.67,2.79,4.5,0.31,0.0,77.5,7.67,2861891.65,41.36,39.69,0.08,0.0,98.7,62.07,51.04,0,1,0,0,1,1,0,Esc7
32,5.48,19.41,12.96,2.77,4.63,0.32,0.0,79.29,8.47,2907732.03,40.7,40.64,0.09,0.0,98.68,59.0,47.98,0,1,0,0,1,1,0,Esc7
33,5.79,21.77,13.16,3.22,4.87,0.32,0.0,80.1,9.3,2943371.51,40.21,41.36,0.1,0.0,98.65,57.04,47.31,0,1,0,0,1,1,0,Esc7
34,5.44,17.44,13.15,2.71,4.74,0.32,0.0,81.16,9.14,2950670.95,40.11,41.5,0.1,0.0,98.65,55.25,45.71,0,1,0,0,1,1,0,Esc7
35,5.76,18.52,13.26,2.9,4.85,0.32,0.0,80.09,9.57,2951682.32,40.1,41.52,0.1,0.0,98.65,55.39,45.94,0,1,0,0,1,1,0,Esc7
36,5.3,18.27,12.74,2.71,4.51,0.32,0.0,79.25,8.02,2893180.6,40.91,40.34,0.09,0.0,98.69,60.07,49.46,0,1,0,0,1,1,0,Esc7
37,5.22,18.61,12.82,2.69,4.57,0.32,0.0,79.84,8.2,2905695.34,40.73,40.6,0.09,0.0,98.68,59.31,47.9,0,1,0,0,1,1,0,Esc7
38,5.54,18.62,13.18,2.75,4.71,0.32,0.0,79.99,9.04,2933690.54,40.34,41.17,0.1,0.0,98.66,56.59,45.28,0,1,0,0,1,1,0,Esc7
39,6.18,21.79,13.7,3.22,5.09,0.32,0.0,81.43,10.57,2998944.14,39.47,42.45,0.11,0.0,98.62,53.35,43.65,0,1,0,0,1,1,0,Esc7
40,5.6,17.95,13.16,2.8,4.73,0.32,0.0,79.59,9.07,2930253.86,40.39,41.1,0.1,0.0,98.66,56.38,46.29,0,1,0,0,1,1,0,Esc7
41,5.33,19.1,12.91,2.78,4.6,0.32,0.0,79.6,8.3,2906047.76,40.73,40.61,0.09,0.0,98.68,58.79,48.27,0,1,0,0,1,1,0,Esc7
42,5.27,19.13,12.82,2.67,4.57,0.32,0.0,79.1,8.17,2895933.04,40.87,40.4,0.09,0.0,98.68,58.64,48.01,0,1,0,0,1,1,0,Esc7
43,5.0,17.39,12.75,2.41,4.47,0.32,0.0,80.14,8.03,2903599.87,40.76,40.56,0.09,0.0,98.68,58.08,48.62,0,1,0,0,1,1,0,Esc7
44,5.16,17.4,12.88,2.52,4.54,0.32,0.0,80.66,8.28,2917483.23,40.57,40.84,0.09,0.0,98.67,58.34,47.5,0,1,0,0,1,1,0,Esc7
45,5.89,19.7,13.31,3.0,4.89,0.32,0.02,80.8,9.7,2965855.98,39.91,41.75,0.1,0.05,98.64,55.18,46.16,0,1,0,0,1,1,0,Esc7
46,5.38,21.27,12.87,2.77,4.6,0.32,0.0,79.79,8.37,2910384.85,40.67,40.69,0.09,0.0,98.68,58.5,48.27,0,1,0,0,1,1,0,Esc7
47,5.65,18.96,13.09,2.85,4.75,0.32,0.0,79.34,9.12,2928857.31,40.41,41.07,0.1,0.0,98.66,56.47,46.64,0,1,0,0,1,1,0,Esc7
48,4.93,18.39,12.56,2.51,4.37,0.31,0.0,78.64,7.34,2864406.53,41.32,39.74,0.08,0.0,98.7,60.89,50.66,0,1,0,0,1,1,0,Esc7
49,5.42,18.37,12.91,2.77,4.62,0.32,0.02,79.19,8.39,2905805.29,40.73,40.55,0.09,0.05,98.68,58.77,49.0,0,1,0,0,1,1,0,Esc7
50,5.13,18.26,12.78,2.56,4.49,0.32,0.0,79.34,8.02,2894108.74,40.9,40.36,0.09,0.0,98.69,58.97,48.21,0,1,0,0,1,1,0,Esc7
51,5.65,20.76,13.22,3.04,4.81,0.32,0.02,80.31,9.16,2943106.9,40.21,41.3,0.1,0.05,98.65,56.64,46.55,0,1,0,0,1,1,0,Esc7
52,5.16,20.12,12.57,2.72,4.43,0.31,0.02,78.39,7.45,2866925.07,41.28,39.74,0.08,0.05,98.7,62.62,51.77,0,1,0,0,1,1,0,Esc7
53,5.65,19.97,13.09,2.88,4.72,0.32,0.0,78.8,8.86,2914545.38,40.61,40.78,0.1,0.0,98.67,57.2,46.62,0,1,0,0,1,1,0,Esc7
54,5.59,19.92,13.11,2.82,4.75,0.32,0.0,80.48,9.1,2941550.79,40.24,41.32,0.1,0.0,98.66,56.14,47.06,0,1,0,0,1,1,0,Esc7
55,4.98,18.13,12.51,2.46,4.28,0.31,0.0,77.37,6.92,2836630.36,41.72,39.15,0.08,0.0,98.72,63.18,50.88,0,1,0,0,1,1,0,Esc7
56,5.18,16.95,12.72,2.51,4.45,0.31,0.0,78.29,7.81,2875367.15,41.16,39.97,0.09,0.0,98.7,59.61,49.13,0,1,0,0,1,1,0,Esc7
57,5.05,20.31,12.62,2.67,4.44,0.32,0.13,79.02,7.51,2886118.38,41.01,39.83,0.08,0.36,98.69,60.48,50.14,0,1,0,0,1,1,0,Esc7
58,5.5,20.35,13.04,2.88,4.66,0.32,0.0,79.67,8.54,2914467.29,40.61,40.78,0.09,0.0,98.67,58.67,47.35,0,1,0,0,1,1,0,Esc7
59,5.66,18.65,13.37,2.76,4.85,0.32,0.0,80.69,9.83,2966910.04,39.89,41.82,0.1,0.0,98.64,52.06,43.94,0,1,0,0,1,1,0,Esc7
60,5.44,19.55,12.92,2.81,4.63,0.32,0.0,80.31,8.48,2919870.82,40.53,40.89,0.09,0.0,98.67,58.44,48.76,0,1,0,0,1,1,0,Esc7
61,4.86,14.62,12.54,2.22,4.3,0.32,0.0,78.62,7.34,2864353.1,41.32,39.74,0.08,0.0,98.7,60.3,49.67,0,1,0,0,1,1,0,Esc7
62,5.47,21.72,12.87,3.0,4.67,0.32,0.09,79.56,8.31,2914167.03,40.61,40.51,0.09,0.26,98.67,60.19,49.47,0,1,0,0,1,1,0,Esc7
63,5.53,18.5,13.11,2.85,4.75,0.32,0.0,80.49,9.02,2938964.65,40.27,41.27,0.1,0.0,98.66,57.03,45.92,0,1,0,0,1,1,0,Esc7
64,5.17,16.97,12.8,2.54,4.5,0.32,0.0,79.3,8.04,2894316.94,40.89,40.36,0.09,0.0,98.69,59.45,48.2,0,1,0,0,1,1,0,Esc7
65,5.28,19.16,12.74,2.77,4.54,0.32,0.02,79.49,8.02,2897520.97,40.85,40.38,0.09,0.05,98.68,59.92,49.84,0,1,0,0,1,1,0,Esc7
66,5.46,20.05,12.86,2.81,4.58,0.32,0.02,78.84,8.23,2896810.14,40.86,40.36,0.09,0.05,98.68,59.66,49.45,0,1,0,0,1,1,0,Esc7
67,5.43,17.82,12.84,2.72,4.55,0.32,0.0,79.47,8.17,2900325.23,40.81,40.49,0.09,0.0,98.68,59.37,49.56,0,1,0,0,1,1,0,Esc7
68,5.49,20.05,13.05,2.85,4.74,0.32,0.02,80.69,8.98,2941863.72,40.23,41.28,0.1,0.05,98.66,56.7,46.77,0,1,0,0,1,1,0,Esc7
69,5.59,19.87,13.14,2.89,4.83,0.32,0.02,80.81,9.43,2957233.2,40.02,41.58,0.1,0.05,98.65,54.7,46.31,0,1,0,0,1,1,0,Esc7
70,5.57,20.16,13.1,2.85,4.74,0.32,0.07,79.42,8.92,2930381.5,40.39,40.89,0.1,0.2,98.66,56.48,46.84,0,1,0,0,1,1,0,Esc7
71,4.92,16.9,12.52,2.47,4.35,0.31,0.02,78.5,7.29,2862950.03,41.34,39.66,0.08,0.05,98.7,60.88,50.61,0,1,0,0,1,1,0,Esc7
72,5.51,19.28,13.18,2.86,4.82,0.33,0.0,81.21,9.43,2960207.22,39.98,41.69,0.1,0.0,98.65,54.77,45.21,0,1,0,0,1,1,0,Esc7
73,4.63,16.46,12.27,2.31,4.19,0.31,0.0,78.24,6.56,2835090.76,41.75,39.12,0.07,0.0,98.72,63.86,52.48,0,1,0,0,1,1,0,Esc7
74,5.48,20.1,12.97,2.99,4.73,0.32,0.04,79.92,8.66,2924416.41,40.47,40.88,0.09,0.1,98.66,59.27,49.37,0,1,0,0,1,1,0,Esc7
75,5.84,22.58,13.32,3.14,4.95,0.32,0.11,81.02,9.77,2979131.64,39.73,41.76,0.1,0.3,98.63,55.23,45.72,0,1,0,0,1,1,0,Esc7
76,5.66,20.05,13.0,3.0,4.68,0.31,0.02,78.87,8.53,2906444.7,40.72,40.56,0.09,0.05,98.67,59.17,47.86,0,1,0,0,1,1,0,Esc7
77,5.49,18.79,13.0,2.76,4.65,0.32,0.07,79.66,8.6,2922961.63,40.49,40.74,0.09,0.21,98.67,57.33,47.39,0,1,0,0,1,1,0,Esc7
78,5.31,19.34,12.9,2.79,4.67,0.32,0.02,80.65,8.62,2929822.97,40.4,41.04,0.09,0.05,98.66,58.31,48.25,0,1,0,0,1,1,0,Esc7
79,5.32,19.29,12.89,2.8,4.62,0.32,0.0,80.26,8.43,2917521.86,40.57,40.84,0.09,0.0,98.67,58.69,48.02,0,1,0,0,1,1,0,Esc7
80,5.81,21.39,13.35,3.11,4.93,0.32,0.04,80.49,9.71,2964079.02,39.93,41.67,0.1,0.1,98.64,54.86,45.2,0,1,0,0,1,1,0,Esc7
81,5.47,19.0,13.11,2.71,4.7,0.32,0.04,80.72,8.99,2944109.45,40.2,41.27,0.1,0.1,98.66,56.01,45.42,0,1,0,0,1,1,0,Esc7
82,5.19,17.17,12.91,2.54,4.59,0.32,0.0,80.54,8.46,2921681.95,40.51,40.92,0.09,0.0,98.67,56.78,47.61,0,1,0,0,1,1,0,Esc7
83,4.86,18.92,12.48,2.43,4.33,0.32,0.0,78.55,7.24,2860279.82,41.38,39.66,0.08,0.0,98.71,61.15,50.84,0,1,0,0,1,1,0,Esc7
84,5.78,18.32,13.22,2.84,4.77,0.32,0.0,80.32,9.32,2946654.72,40.17,41.42,0.1,0.0,98.65,56.17,45.69,0,1,0,0,1,1,0,Esc7
85,5.49,19.64,13.06,2.88,4.73,0.32,0.0,80.4,8.88,2933607.4,40.34,41.16,0.1,0.0,98.66,57.2,47.4,0,1,0,0,1,1,0,Esc7
86,5.05,16.06,12.55,2.38,4.36,0.31,0.0,77.93,7.4,2858020.38,41.41,39.61,0.08,0.0,98.71,60.75,50.48,0,1,0,0,1,1,0,Esc7
87,5.06,18.96,12.75,2.54,4.47,0.32,0.02,79.72,7.83,2894307.24,40.89,40.31,0.09,0.05,98.69,59.57,48.71,0,1,0,0,1,1,0,Esc7
88,5.12,19.03,12.72,2.74,4.54,0.32,0.07,79.37,7.85,2895600.9,40.87,40.18,0.09,0.21,98.68,60.29,49.44,0,1,0,0,1,1,0,Esc7
89,5.26,19.0,12.83,2.71,4.64,0.33,0.02,80.69,8.57,2928738.74,40.41,41.01,0.09,0.05,98.67,58.18,48.49,0,1,0,0,1,1,0,Esc7
90,5.47,20.68,12.97,2.96,4.73,0.32,0.02,80.75,8.75,2935199.18,40.32,41.14,0.09,0.05,98.66,58.54,48.25,0,1,0,0,1,1,0,Esc7
91,5.15,19.88,12.67,2.65,4.49,0.32,0.0,79.54,7.87,2891681.84,40.93,40.31,0.09,0.0,98.69,60.37,50.27,0,1,0,0,1,1,0,Esc7
92,5.47,19.77,12.88,2.91,4.65,0.32,0.04,78.91,8.39,2904291.62,40.75,40.47,0.09,0.1,98.68,58.42,48.66,0,1,0,0,1,1,0,Esc7
93,4.95,15.52,12.65,2.24,4.35,0.31,0.0,78.49,7.55,2869401.6,41.25,39.85,0.08,0.0,98.7,59.13,48.7,0,1,0,0,1,1,0,Esc7
94,4.89,18.65,12.5,2.53,4.37,0.32,0.0,79.27,7.29,2870173.47,41.24,39.86,0.08,0.0,98.7,61.52,51.21,0,1,0,0,1,1,0,Esc7
95,5.67,19.72,13.16,3.01,4.82,0.33,0.0,81.26,9.34,2957893.42,40.01,41.65,0.1,0.0,98.65,56.56,46.18,0,1,0,0,1,1,0,Esc7
96,5.0,17.1,12.74,2.4,4.43,0.32,0.0,79.6,7.75,2888620.34,40.97,40.25,0.09,0.0,98.69,58.49,47.81,0,1,0,0,1,1,0,Esc7
97,5.61,19.89,13.15,2.94,4.79,0.32,0.09,80.76,9.15,2954580.93,40.06,41.33,0.1,0.25,98.65,56.59,46.08,0,1,0,0,1,1,0,Esc7
98,5.51,18.45,12.99,2.74,4.66,0.32,0.0,79.7,8.68,2919025.97,40.55,40.87,0.09,0.0,98.67,58.03,48.39,0,1,0,0,1,1,0,Esc7
99,5.28,17.48,12.9,2.6,4.64,0.32,0.0,80.34,8.63,2925147.4,40.46,40.99,0.09,0.0,98.67,57.1,47.9,0,1,0,0,1,1,0,Esc7
100,5.1,17.84,12.67,2.48,4.44,0.32,0.0,79.22,7.77,2884763.38,41.03,40.17,0.09,0.0,98.69,60.15,49.2,0,1,0,0,1,1,0,Esc7
101,5.11,17.25,12.63,2.58,4.45,0.32,0.0,79.2,7.67,2881468.4,41.07,40.1,0.08,0.0,98.69,61.12,50.43,0,1,0,0,1,1,0,Esc7
102,5.71,18.28,13.17,2.88,4.78,0.32,0.0,80.22,9.23,2942709.06,40.22,41.35,0.1,0.0,98.66,56.65,46.87,0,1,0,0,1,1,0,Esc7
103,5.18,17.85,12.83,2.6,4.51,0.32,0.0,79.29,8.07,2895099.5,40.88,40.38,0.09,0.0,98.68,59.06,48.71,0,1,0,0,1,1,0,Esc7
104,6.05,22.36,13.22,3.22,4.89,0.32,0.02,79.35,9.46,2941379.77,40.24,41.27,0.1,0.05,98.65,56.6,47.68,0,1,0,0,1,1,0,Esc7
105,5.68,19.7,13.17,2.87,4.75,0.32,0.02,79.15,9.09,2927467.57,40.43,40.99,0.1,0.05,98.66,56.95,46.61,0,1,0,0,1,1,0,Esc7
106,5.04,19.58,12.72,2.58,4.51,0.32,0.05,80.09,7.9,2904243.92,40.75,40.41,0.09,0.15,98.68,59.5,48.37,0,1,0,0,1,1,0,Esc7
107,5.46,20.72,12.94,2.83,4.65,0.32,0.0,79.27,8.55,2910090.67,40.67,40.69,0.09,0.0,98.67,57.66,48.9,0,1,0,0,1,1,0,Esc7
108,5.7,19.61,13.2,2.95,4.81,0.32,0.0,79.56,9.27,2936337.71,40.31,41.22,0.1,0.0,98.66,56.27,46.36,0,1,0,0,1,1,0,Esc7
109,5.71,22.4,13.12,3.15,4.84,0.32,0.04,79.75,9.14,2937851.68,40.29,41.15,0.1,0.1,98.66,57.41,48.16,0,1,0,0,1,1,0,Esc7
110,5.79,21.25,13.18,3.11,4.86,0.32,0.0,80.11,9.44,2947796.75,40.15,41.45,0.1,0.0,98.65,56.29,46.73,0,1,0,0,1,1,0,Esc7
111,5.22,19.89,12.54,2.86,4.4,0.31,0.06,76.55,7.11,2838207.89,41.7,39.03,0.08,0.16,98.71,63.09,52.11,0,1,0,0,1,1,0,Esc7
112,5.13,18.3,12.58,2.69,4.45,0.32,0.04,78.43,7.56,2872475.21,41.2,39.81,0.08,0.1,98.7,61.42,50.8,0,1,0,0,1,1,0,Esc7
113,5.24,18.19,12.83,2.7,4.59,0.32,0.0,79.36,8.25,2901642.68,40.79,40.52,0.09,0.0,98.68,58.66,49.07,0,1,0,0,1,1,0,Esc7
114,5.56,19.99,13.01,2.84,4.7,0.32,0.0,79.55,8.87,2923557.65,40.48,40.96,0.1,0.0,98.67,57.05,47.69,0,1,0,0,1,1,0,Esc7
115,5.66,21.2,13.12,2.94,4.76,0.32,0.02,80.43,9.12,2943097.72,40.21,41.3,0.1,0.05,98.66,56.65,47.72,0,1,0,0,1,1,0,Esc7
116,6.25,21.99,13.63,3.32,5.11,0.32,0.04,80.71,10.58,2994369.37,39.53,42.26,0.11,0.1,98.62,53.9,45.03,0,1,0,0,1,1,0,Esc7
117,5.5,21.61,13.0,2.87,4.71,0.32,0.0,79.88,8.81,2925352.88,40.46,41.0,0.1,0.0,98.67,57.64,47.45,0,1,0,0,1,1,0,Esc7
118,5.49,17.69,13.13,2.75,4.74,0.32,0.0,81.09,9.1,2948386.06,40.14,41.46,0.1,0.0,98.65,56.06,46.66,0,1,0,0,1,1,0,Esc7
119,5.47,18.61,13.08,2.65,4.72,0.32,0.0,80.82,9.18,2947793.71,40.15,41.45,0.1,0.0,98.65,55.32,46.68,0,1,0,0,1,1,0,Esc7
120,4.71,16.58,12.34,2.25,4.17,0.31,0.0,77.87,6.54,2830309.11,41.82,39.02,0.07,0.0,98.72,63.82,51.68,0,1,0,0,1,1,0,Esc7
121,5.51,18.88,12.95,2.84,4.69,0.32,0.0,78.99,8.68,2910963.03,40.66,40.71,0.09,0.0,98.67,57.83,48.47,0,1,0,0,1,1,0,Esc7
122,5.42,20.2,12.94,2.82,4.61,0.32,0.02,79.59,8.38,2909995.48,40.67,40.63,0.09,0.05,98.67,59.4,47.05,0,1,0,0,1,1,0,Esc7
123,5.07,17.09,12.55,2.49,4.33,0.31,0.0,78.08,7.24,2854948.59,41.46,39.54,0.08,0.0,98.71,62.05,50.96,0,1,0,0,1,1,0,Esc7
124,5.92,21.3,13.21,3.16,4.85,0.32,0.05,79.84,9.29,2945127.12,40.19,41.24,0.1,0.15,98.65,56.77,46.77,0,1,0,0,1,1,0,Esc7
125,5.49,19.21,12.92,2.78,4.58,0.31,0.0,78.59,8.3,2894418.45,40.89,40.37,0.09,0.0,98.68,58.84,47.36,0,1,0,0,1,1,0,Esc7
126,5.25,18.24,12.85,2.61,4.57,0.32,0.02,79.09,8.28,2901194.94,40.8,40.45,0.09,0.05,98.68,58.0,48.54,0,1,0,0,1,1,0,Esc7
127,5.68,20.85,13.17,3.07,4.77,0.31,0.04,78.66,8.83,2915279.73,40.6,40.69,0.1,0.1,98.67,57.88,47.18,0,1,0,0,1,1,0,Esc7
128,5.51,19.14,12.93,2.81,4.63,0.32,0.02,78.9,8.42,2903406.48,40.76,40.5,0.09,0.05,98.68,59.13,48.16,0,1,0,0,1,1,0,Esc7
129,5.44,19.18,12.8,2.84,4.57,0.32,0.0,78.63,8.15,2890069.11,40.95,40.28,0.09,0.0,98.69,59.65,49.35,0,1,0,0,1,1,0,Esc7
130,5.49,19.18,13.11,2.82,4.7,0.32,0.0,80.64,8.87,2935925.68,40.31,41.21,0.1,0.0,98.66,57.57,46.43,0,1,0,0,1,1,0,Esc7
131,4.99,17.8,12.42,2.47,4.3,0.31,0.0,77.97,7.08,2848458.81,41.55,39.4,0.08,0.0,98.71,61.97,51.6,0,1,0,0,1,1,0,Esc7
132,5.41,17.82,12.99,2.7,4.65,0.32,0.0,80.27,8.76,2928085.49,40.42,41.05,0.09,0.0,98.67,57.32,47.0,0,1,0,0,1,1,0,Esc7
133,5.39,18.11,12.98,2.67,4.64,0.32,0.0,80.31,8.66,2925409.78,40.46,41.0,0.09,0.0,98.67,57.79,48.14,0,1,0,0,1,1,0,Esc7
134,6.12,21.31,13.24,3.27,4.89,0.31,0.0,77.6,9.29,2914166.09,40.61,40.77,0.1,0.0,98.66,57.46,47.41,0,1,0,0,1,1,0,Esc7
135,4.89,16.86,12.43,2.43,4.29,0.32,0.0,78.63,7.04,2854890.44,41.46,39.54,0.08,0.0,98.71,62.26,51.1,0,1,0,0,1,1,0,Esc7
136,5.84,18.25,13.3,2.99,4.9,0.32,0.0,80.71,9.76,2964868.74,39.92,41.78,0.1,0.0,98.64,55.98,45.71,0,1,0,0,1,1,0,Esc7
137,4.84,15.91,12.59,2.26,4.37,0.32,0.0,79.6,7.55,2882198.18,41.06,40.11,0.08,0.0,98.69,59.56,49.04,0,1,0,0,1,1,0,Esc7
138,5.53,23.85,12.94,3.08,4.67,0.31,0.07,78.86,8.28,2903706.46,40.76,40.35,0.09,0.21,98.68,60.04,48.84,0,1,0,0,1,1,0,Esc7
139,5.76,20.02,13.14,2.98,4.79,0.32,0.04,79.66,9.12,2935872.06,40.31,41.11,0.1,0.1,98.66,57.27,47.94,0,1,0,0,1,1,0,Esc7
140,4.88,16.94,12.59,2.45,4.37,0.32,0.0,79.03,7.37,2869968.66,41.24,39.86,0.08,0.0,98.7,61.56,50.08,0,1,0,0,1,1,0,Esc7
141,5.61,20.31,12.99,2.83,4.67,0.31,0.0,78.6,8.6,2903927.63,40.76,40.56,0.09,0.0,98.68,58.29,48.46,0,1,0,0,1,1,0,Esc7
142,5.61,19.09,13.12,2.85,4.76,0.32,0.02,79.74,9.13,2935540.42,40.32,41.15,0.1,0.05,98.66,55.51,46.41,0,1,0,0,1,1,0,Esc7
143,5.01,17.74,12.6,2.57,4.43,0.32,0.0,79.32,7.56,2879225.27,41.11,40.05,0.08,0.0,98.69,61.07,50.27,0,1,0,0,1,1,0,Esc7
144,5.08,17.4,12.57,2.58,4.39,0.31,0.0,78.42,7.42,2864549.85,41.32,39.75,0.08,0.0,98.7,61.8,50.67,0,1,0,0,1,1,0,Esc7
145,5.29,18.75,12.97,2.6,4.62,0.32,0.05,80.26,8.57,2927114.15,40.43,40.88,0.09,0.15,98.67,56.64,46.77,0,1,0,0,1,1,0,Esc7
146,5.4,20.4,12.86,2.85,4.61,0.32,0.02,78.75,8.22,2895242.38,40.88,40.33,0.09,0.05,98.68,58.87,49.45,0,1,0,0,1,1,0,Esc7
147,5.32,19.07,12.87,2.62,4.54,0.32,0.02,79.09,8.2,2898556.44,40.83,40.4,0.09,0.05,98.68,58.57,48.19,0,1,0,0,1,1,0,Esc7
148,5.73,19.79,13.29,2.91,4.87,0.33,0.02,81.65,9.74,2976765.33,39.76,41.97,0.1,0.05,98.64,55.12,45.28,0,1,0,0,1,1,0,Esc7
149,5.28,18.18,12.88,2.59,4.49,0.31,0.0,78.6,7.95,2883493.54,41.05,40.14,0.09,0.0,98.69,59.66,48.59,0,1,0,0,1,1,0,Esc7
150,6.1,23.54,13.27,3.47,4.97,0.31,0.15,78.29,9.32,2936749.01,40.3,40.82,0.1,0.41,98.65,58.61,48.21,0,1,0,0,1,1,0,Esc7
151,5.38,19.09,12.88,2.78,4.65,0.32,0.0,80.04,8.53,2918443.04,40.55,40.86,0.09,0.0,98.67,58.22,48.06,0,1,0,0,1,1,0,Esc7
152,5.58,19.11,13.15,2.77,4.76,0.32,0.0,80.79,9.36,2953117.11,40.08,41.55,0.1,0.0,98.65,55.08,45.78,0,1,0,0,1,1,0,Esc7
153,5.45,23.68,12.81,3.06,4.61,0.32,0.02,78.87,8.15,2894677.88,40.89,40.32,0.09,0.05,98.68,60.54,50.17,0,1,0,0,1,1,0,Esc7
154,5.29,20.39,12.8,2.81,4.56,0.32,0.04,79.14,8.03,2895416.25,40.88,40.28,0.09,0.1,98.68,59.75,49.03,0,1,0,0,1,1,0,Esc7
155,5.51,20.54,12.89,2.88,4.6,0.31,0.04,78.47,8.25,2894911.88,40.88,40.27,0.09,0.1,98.68,59.27,48.67,0,1,0,0,1,1,0,Esc7
156,4.85,17.17,12.44,2.35,4.23,0.31,0.0,76.98,6.78,2827701.88,41.86,38.96,0.08,0.0,98.72,62.78,51.5,0,1,0,0,1,1,0,Esc7
157,5.0,18.81,12.63,2.54,4.43,0.32,0.0,78.82,7.63,2875752.41,41.16,39.98,0.08,0.0,98.7,60.09,50.24,0,1,0,0,1,1,0,Esc7
158,5.23,19.61,12.8,2.7,4.52,0.32,0.02,79.38,7.98,2895080.71,40.88,40.33,0.09,0.05,98.68,59.75,49.38,0,1,0,0,1,1,0,Esc7
159,5.56,19.91,13.08,2.9,4.73,0.32,0.07,79.55,8.84,2929187.14,40.41,40.87,0.1,0.2,98.66,57.66,47.26,0,1,0,0,1,1,0,Esc7
160,5.36,19.1,12.97,2.73,4.63,0.32,0.05,80.16,8.51,2924074.44,40.48,40.82,0.09,0.15,98.67,57.52,47.56,0,1,0,0,1,1,0,Esc7
161,5.61,19.34,13.07,2.85,4.68,0.32,0.0,79.55,8.82,2921845.27,40.51,40.93,0.1,0.0,98.67,57.06,46.98,0,1,0,0,1,1,0,Esc7
162,5.07,16.85,12.78,2.43,4.46,0.32,0.0,79.65,7.93,2894837.45,40.89,40.38,0.09,0.0,98.69,58.86,48.27,0,1,0,0,1,1,0,Esc7
163,5.46,19.39,12.83,2.78,4.59,0.32,0.0,79.36,8.34,2904268.25,40.75,40.57,0.09,0.0,98.68,59.35,49.19,0,1,0,0,1,1,0,Esc7
164,5.57,20.4,13.0,2.86,4.65,0.31,0.04,78.61,8.48,2903516.2,40.76,40.45,0.09,0.1,98.68,58.19,47.77,0,1,0,0,1,1,0,Esc7
165,5.39,19.69,12.86,2.81,4.59,0.32,0.0,79.99,8.33,2911252.31,40.65,40.71,0.09,0.0,98.67,60.13,49.54,0,1,0,0,1,1,0,Esc7
166,5.63,17.33,13.23,2.83,4.85,0.33,0.04,81.77,9.65,2976839.68,39.76,41.92,0.1,0.1,98.64,54.92,45.19,0,1,0,0,1,1,0,Esc7
167,5.5,20.14,12.96,2.91,4.67,0.32,0.04,78.84,8.53,2908068.95,40.7,40.54,0.09,0.1,98.67,58.62,48.36,0,1,0,0,1,1,0,Esc7
168,5.58,21.33,13.09,2.97,4.8,0.32,0.07,80.38,9.15,2948836.65,40.14,41.26,0.1,0.2,98.65,56.46,46.99,0,1,0,0,1,1,0,Esc7
169,5.53,19.77,13.02,2.93,4.7,0.32,0.0,80.32,8.66,2925562.91,40.46,41.0,0.09,0.0,98.67,59.12,47.34,0,1,0,0,1,1,0,Esc7
170,5.2,16.9,12.76,2.54,4.46,0.31,0.0,77.45,7.72,2862686.18,41.34,39.71,0.09,0.0,98.7,60.06,49.33,0,1,0,0,1,1,0,Esc7
171,5.89,22.22,13.29,3.2,4.88,0.32,0.0,80.16,9.47,2949657.1,40.13,41.48,0.1,0.0,98.65,56.37,46.53,0,1,0,0,1,1,0,Esc7
172,5.58,20.74,13.06,2.97,4.77,0.32,0.05,79.38,8.91,2927790.18,40.43,40.89,0.1,0.15,98.66,57.35,47.01,0,1,0,0,1,1,0,Esc7
173,5.42,20.48,12.8,2.85,4.56,0.32,0.04,79.02,8.05,2894626.81,40.89,40.27,0.09,0.1,98.68,60.45,49.46,0,1,0,0,1,1,0,Esc7
174,6.01,20.74,13.42,3.12,4.96,0.32,0.04,79.73,9.82,2958957.19,40.0,41.57,0.11,0.1,98.64,54.8,45.8,0,1,0,0,1,1,0,Esc7
175,5.59,19.25,13.11,2.86,4.72,0.32,0.0,79.7,8.9,2926231.17,40.45,41.02,0.1,0.0,98.66,57.09,47.01,0,1,0,0,1,1,0,Esc7
176,5.66,19.96,12.98,3.03,4.73,0.32,0.0,79.08,8.73,2913719.5,40.62,40.76,0.09,0.0,98.67,58.99,48.97,0,1,0,0,1,1,0,Esc7
177,5.21,18.19,12.78,2.65,4.56,0.32,0.02,78.94,8.17,2895935.52,40.87,40.35,0.09,0.05,98.68,58.12,49.18,0,1,0,0,1,1,0,Esc7
178,5.67,20.91,13.01,2.97,4.72,0.32,0.09,79.35,8.72,2924743.18,40.47,40.73,0.09,0.26,98.67,58.4,47.66,0,1,0,0,1,1,0,Esc7
179,5.29,17.3,12.79,2.59,4.48,0.31,0.0,78.15,7.97,2878647.18,41.12,40.04,0.09,0.0,98.69,59.53,49.07,0,1,0,0,1,1,0,Esc7
180,5.33,20.04,12.85,2.68,4.58,0.32,0.04,78.93,8.23,2899428.3,40.82,40.37,0.09,0.1,98.68,58.58,48.01,0,1,0,0,1,1,0,Esc7
181,5.51,19.42,13.03,2.88,4.66,0.31,0.02,78.51,8.52,2901926.69,40.79,40.47,0.09,0.05,98.68,57.99,47.48,0,1,0,0,1,1,0,Esc7
182,5.11,19.9,12.61,2.66,4.45,0.32,0.0,78.59,7.59,2871918.43,41.21,39.9,0.08,0.0,98.7,61.11,50.39,0,1,0,0,1,1,0,Esc7
183,5.85,24.43,13.17,3.55,4.96,0.32,0.13,79.67,9.24,2948487.09,40.14,41.1,0.1,0.36,98.65,58.69,48.26,0,1,0,0,1,1,0,Esc7
184,5.15,18.45,12.67,2.65,4.48,0.32,0.0,78.59,7.81,2878905.39,41.11,40.05,0.09,0.0,98.69,60.62,50.56,0,1,0,0,1,1,0,Esc7
185,5.13,17.95,12.57,2.48,4.34,0.31,0.0,77.15,7.26,2844824.23,41.6,39.33,0.08,0.0,98.71,61.81,50.81,0,1,0,0,1,1,0,Esc7
186,5.37,19.5,12.8,2.79,4.49,0.31,0.0,77.29,7.73,2861391.0,41.36,39.68,0.09,0.0,98.7,60.73,49.1,0,1,0,0,1,1,0,Esc7
187,5.59,18.27,13.18,2.75,4.77,0.32,0.0,80.72,9.32,2951298.74,40.1,41.52,0.1,0.0,98.65,55.66,45.08,0,1,0,0,1,1,0,Esc7
188,5.04,20.17,12.65,2.6,4.48,0.32,0.04,80.0,7.83,2898890.44,40.83,40.36,0.09,0.1,98.68,60.11,49.9,0,1,0,0,1,1,0,Esc7
189,4.97,16.04,12.64,2.3,4.38,0.32,0.0,79.19,7.59,2878738.19,41.11,40.04,0.08,0.0,98.7,59.67,48.91,0,1,0,0,1,1,0,Esc7
190,5.38,17.3,12.96,2.55,4.62,0.32,0.02,80.41,8.73,2930538.28,40.39,41.05,0.09,0.05,98.67,56.57,46.71,0,1,0,0,1,1,0,Esc7
191,5.59,22.15,12.98,3.1,4.73,0.32,0.05,79.01,8.58,2912949.86,40.63,40.59,0.09,0.15,98.67,59.33,48.5,0,1,0,0,1,1,0,Esc7
192,4.82,18.18,12.37,2.49,4.3,0.32,0.0,78.29,6.96,2848366.63,41.55,39.4,0.08,0.0,98.71,62.77,52.11,0,1,0,0,1,1,0,Esc7
193,4.91,16.64,12.67,2.35,4.4,0.32,0.0,79.55,7.74,2887560.4,40.99,40.23,0.08,0.0,98.69,59.17,48.57,0,1,0,0,1,1,0,Esc7
194,5.12,18.37,12.65,2.62,4.45,0.31,0.02,78.57,7.64,2874953.85,41.17,39.91,0.08,0.05,98.7,60.11,48.98,0,1,0,0,1,1,0,Esc7
195,5.72,20.41,13.23,2.95,4.83,0.32,0.05,79.54,9.3,2942164.02,40.23,41.18,0.1,0.15,98.65,55.26,46.5,0,1,0,0,1,1,0,Esc7
196,5.28,18.95,12.78,2.75,4.57,0.32,0.0,79.72,8.23,2905168.83,40.74,40.59,0.09,0.0,98.68,59.81,49.31,0,1,0,0,1,1,0,Esc7
197,5.42,19.89,12.94,2.76,4.64,0.32,0.0,80.06,8.66,2922615.76,40.5,40.94,0.09,0.0,98.67,57.03,47.41,0,1,0,0,1,1,0,Esc7
198,5.5,20.18,12.86,2.94,4.6,0.31,0.02,78.39,8.11,2887547.43,40.99,40.17,0.09,0.05,98.69,60.2,49.6,0,1,0,0,1,1,0,Esc7
199,5.36,22.38,12.76,2.85,4.57,0.32,0.09,79.23,8.05,2902140.22,40.78,40.27,0.09,0.26,98.68,60.24,49.43,0,1,0,0,1,1,0,Esc7
200,5.48,19.24,12.85,2.8,4.6,0.32,0.04,78.74,8.26,2898276.34,40.84,40.34,0.09,0.1,98.68,58.86,48.89,0,1,0,0,1,1,0,Esc7
201,5.15,18.87,12.82,2.67,4.54,0.31,0.0,78.95,7.99,2888598.7,40.97,40.25,0.09,0.0,98.69,58.18,47.85,0,1,0,0,1,1,0,Esc7
202,5.52,17.93,13.01,2.75,4.71,0.32,0.04,80.17,8.97,2937243.66,40.29,41.13,0.1,0.1,98.66,56.75,47.67,0,1,0,0,1,1,0,Esc7
203,5.14,17.68,12.66,2.47,4.42,0.31,0.0,78.01,7.7,2868567.39,41.26,39.83,0.09,0.0,98.7,60.04,49.34,0,1,0,0,1,1,0,Esc7
204,5.2,17.43,12.78,2.57,4.5,0.32,0.0,79.11,7.94,2888943.45,40.97,40.25,0.09,0.0,98.69,59.41,48.51,0,1,0,0,1,1,0,Esc7
205,5.41,18.93,12.87,2.81,4.6,0.31,0.0,78.67,8.24,2893161.87,40.91,40.34,0.09,0.0,98.68,59.56,48.5,0,1,0,0,1,1,0,Esc7
206,5.32,18.7,12.86,2.74,4.57,0.32,0.0,79.24,8.14,2896739.93,40.86,40.41,0.09,0.0,98.68,59.36,48.98,0,1,0,0,1,1,0,Esc7
207,5.36,18.8,12.86,2.66,4.56,0.32,0.02,78.84,8.22,2896333.2,40.86,40.35,0.09,0.05,98.68,58.68,48.04,0,1,0,0,1,1,0,Esc7
208,5.49,19.91,12.88,2.97,4.68,0.32,0.04,79.73,8.48,2916471.72,40.58,40.72,0.09,0.1,98.67,59.3,49.05,0,1,0,0,1,1,0,Esc7
209,5.47,19.65,13.11,2.78,4.73,0.32,0.02,80.75,8.95,2941378.01,40.24,41.27,0.1,0.05,98.66,56.86,46.77,0,1,0,0,1,1,0,Esc7
210,5.9,20.71,13.12,3.1,4.78,0.31,0.06,78.47,8.97,2919065.64,40.55,40.72,0.1,0.15,98.67,58.14,47.61,0,1,0,0,1,1,0,Esc7
211,5.49,20.26,12.83,2.84,4.55,0.31,0.0,78.77,8.01,2887350.68,40.99,40.22,0.09,0.0,98.69,60.68,49.37,0,1,0,0,1,1,0,Esc7
212,5.09,17.58,12.68,2.63,4.52,0.32,0.02,79.74,8.0,2899743.05,40.82,40.42,0.09,0.05,98.68,59.34,50.12,0,1,0,0,1,1,0,Esc7
213,5.6,18.46,12.98,2.82,4.66,0.32,0.05,78.71,8.61,2910586.04,40.66,40.54,0.09,0.15,98.67,57.95,48.09,0,1,0,0,1,1,0,Esc7
214,5.32,21.51,12.73,2.84,4.53,0.31,0.0,78.12,7.85,2874668.6,41.17,39.96,0.09,0.0,98.69,60.65,50.38,0,1,0,0,1,1,0,Esc7
215,5.49,18.67,13.0,2.82,4.68,0.32,0.0,79.53,8.65,2916298.06,40.58,40.81,0.09,0.0,98.67,58.22,46.99,0,1,0,0,1,1,0,Esc7
216,5.73,20.72,13.07,3.0,4.76,0.32,0.0,79.23,9.01,2924168.11,40.48,40.97,0.1,0.0,98.66,57.85,48.43,0,1,0,0,1,1,0,Esc7
217,5.18,17.29,12.88,2.54,4.59,0.32,0.0,80.43,8.46,2920384.89,40.53,40.9,0.09,0.0,98.67,57.34,47.62,0,1,0,0,1,1,0,Esc7
218,5.46,19.45,13.03,2.79,4.67,0.32,0.0,80.29,8.75,2928311.13,40.42,41.06,0.09,0.0,98.66,57.22,46.79,0,1,0,0,1,1,0,Esc7
219,5.33,19.56,12.83,2.81,4.6,0.32,0.0,78.89,8.21,2894842.44,40.89,40.38,0.09,0.0,98.68,59.64,49.14,0,1,0,0,1,1,0,Esc7
220,5.19,16.89,12.8,2.46,4.5,0.32,0.0,79.02,8.16,2894914.12,40.88,40.38,0.09,0.0,98.68,57.2,48.11,0,1,0,0,1,1,0,Esc7
221,5.56,21.0,12.89,3.01,4.64,0.31,0.06,78.38,8.21,2894302.67,40.89,40.21,0.09,0.16,98.68,60.69,49.6,0,1,0,0,1,1,0,Esc7
222,5.12,17.69,12.76,2.53,4.5,0.32,0.0,80.16,8.01,2903374.78,40.77,40.55,0.09,0.0,98.68,59.11,48.73,0,1,0,0,1,1,0,Esc7
223,5.94,22.89,13.37,3.28,4.96,0.32,0.07,80.6,9.65,2967061.11,39.89,41.62,0.1,0.2,98.64,57.22,46.28,0,1,0,0,1,1,0,Esc7
224,5.33,19.71,13.0,2.76,4.62,0.32,0.02,79.47,8.36,2908061.37,40.7,40.6,0.09,0.05,98.68,58.32,47.49,0,1,0,0,1,1,0,Esc7
225,4.97,18.24,12.65,2.5,4.43,0.32,0.0,79.6,7.67,2886090.43,41.01,40.19,0.08,0.0,98.69,60.04,49.55,0,1,0,0,1,1,0,Esc7
226,5.91,21.59,13.29,3.1,4.9,0.32,0.05,80.23,9.63,2960200.78,39.98,41.54,0.1,0.15,98.64,55.6,45.64,0,1,0,0,1,1,0,Esc7
227,5.28,20.45,12.84,2.73,4.57,0.32,0.0,80.01,8.25,2909021.13,40.69,40.67,0.09,0.0,98.68,58.56,48.68,0,1,0,0,1,1,0,Esc7
228,5.23,20.06,12.69,2.71,4.46,0.31,0.0,77.91,7.7,2867501.91,41.28,39.81,0.09,0.0,98.7,60.45,50.15,0,1,0,0,1,1,0,Esc7
229,5.36,17.83,12.99,2.67,4.65,0.32,0.0,80.52,8.7,2929357.88,40.4,41.08,0.09,0.0,98.66,57.01,47.22,0,1,0,0,1,1,0,Esc7
230,5.25,18.34,12.77,2.59,4.48,0.31,0.02,78.63,7.9,2883729.26,41.04,40.09,0.09,0.05,98.69,59.74,48.5,0,1,0,0,1,1,0,Esc7
231,5.67,20.92,13.22,2.95,4.83,0.32,0.02,80.37,9.42,2952135.61,40.09,41.48,0.1,0.05,98.65,56.03,46.34,0,1,0,0,1,1,0,Esc7
232,5.29,21.11,12.95,2.8,4.64,0.32,0.04,79.84,8.4,2915401.93,40.6,40.69,0.09,0.1,98.67,57.97,47.47,0,1,0,0,1,1,0,Esc7
233,5.11,17.02,12.78,2.52,4.48,0.32,0.0,79.61,8.0,2896514.1,40.86,40.41,0.09,0.0,98.68,59.18,48.35,0,1,0,0,1,1,0,Esc7
234,5.09,17.8,12.89,2.53,4.6,0.32,0.0,81.08,8.52,2930119.65,40.39,41.09,0.09,0.0,98.67,56.65,47.94,0,1,0,0,1,1,0,Esc7
235,4.48,16.91,12.17,2.18,4.1,0.31,0.0,77.57,6.22,2816574.18,42.02,38.72,0.07,0.0,98.73,64.81,53.11,0,1,0,0,1,1,0,Esc7
236,5.46,19.19,12.95,2.79,4.65,0.32,0.0,79.25,8.58,2910696.16,40.66,40.7,0.09,0.0,98.67,58.04,47.44,0,1,0,0,1,1,0,Esc7
237,5.57,22.99,12.97,3.15,4.76,0.32,0.11,79.1,8.67,2921909.62,40.51,40.62,0.09,0.31,98.67,59.31,49.24,0,1,0,0,1,1,0,Esc7
238,5.15,17.7,12.68,2.59,4.48,0.32,0.0,79.18,7.86,2887308.36,40.99,40.22,0.09,0.0,98.69,60.01,50.38,0,1,0,0,1,1,0,Esc7
239,5.14,18.09,12.61,2.5,4.42,0.32,0.0,79.02,7.69,2880048.85,41.1,40.07,0.08,0.0,98.69,59.89,50.89,0,1,0,0,1,1,0,Esc7
240,5.38,22.3,12.82,2.94,4.61,0.32,0.05,79.23,8.19,2903327.85,40.77,40.4,0.09,0.15,98.68,60.03,49.54,0,1,0,0,1,1,0,Esc7
241,4.84,15.73,12.57,2.23,4.34,0.32,0.0,79.62,7.44,2878974.75,41.11,40.05,0.08,0.0,98.7,60.08,49.34,0,1,0,0,1,1,0,Esc7
242,5.75,21.79,13.06,3.08,4.76,0.31,0.04,78.3,8.77,2909119.23,40.68,40.57,0.1,0.1,98.67,58.26,48.57,0,1,0,0,1,1,0,Esc7
243,5.99,21.77,13.34,3.14,4.94,0.32,0.02,80.47,9.91,2968791.97,39.87,41.81,0.11,0.05,98.64,55.18,45.46,0,1,0,0,1,1,0,Esc7
244,5.48,19.63,13.11,2.81,4.73,0.32,0.02,80.29,9.01,2938240.25,40.28,41.21,0.1,0.05,98.66,55.96,46.07,0,1,0,0,1,1,0,Esc7
245,5.41,19.55,12.93,2.81,4.62,0.32,0.02,79.57,8.46,2912206.93,40.64,40.68,0.09,0.05,98.67,58.44,47.99,0,1,0,0,1,1,0,Esc7
246,5.81,20.08,13.18,3.01,4.76,0.31,0.0,78.84,8.95,2917901.22,40.56,40.85,0.1,0.0,98.67,57.16,47.32,0,1,0,0,1,1,0,Esc7
247,5.54,19.6,12.85,2.94,4.62,0.32,0.02,78.73,8.24,2895838.88,40.87,40.34,0.09,0.05,98.68,60.04,49.01,0,1,0,0,1,1,0,Esc7
248,4.82,15.89,12.55,2.22,4.3,0.32,0.0,79.14,7.28,2868317.73,41.26,39.82,0.08,0.0,98.7,60.64,49.83,0,1,0,0,1,1,0,Esc7
249,5.35,18.64,12.93,2.68,4.63,0.32,0.0,79.62,8.61,2916117.04,40.59,40.81,0.09,0.0,98.67,56.99,47.83,0,1,0,0,1,1,0,Esc7
250,5.04,18.35,12.67,2.5,4.41,0.31,0.0,78.78,7.6,2874362.96,41.18,39.95,0.08,0.0,98.7,59.91,49.8,0,1,0,0,1,1,0,Esc7
251,5.13,16.63,12.87,2.43,4.53,0.32,0.0,80.79,8.39,2922616.67,40.5,40.94,0.09,0.0,98.67,57.4,47.75,0,1,0,0,1,1,0,Esc7
252,5.35,17.61,12.89,2.65,4.6,0.32,0.0,79.47,8.51,2911182.11,40.66,40.71,0.09,0.0,98.67,58.22,48.23,0,1,0,0,1,1,0,Esc7
253,5.25,17.24,12.88,2.51,4.6,0.32,0.0,80.3,8.6,2923612.95,40.48,40.96,0.09,0.0,98.67,56.27,47.51,0,1,0,0,1,1,0,Esc7
254,5.87,22.03,13.28,3.22,4.95,0.32,0.05,79.96,9.62,2956938.22,40.03,41.48,0.1,0.15,98.64,56.26,47.0,0,1,0,0,1,1,0,Esc7
255,5.76,22.37,13.14,3.16,4.84,0.32,0.04,79.93,9.17,2940467.84,40.25,41.2,0.1,0.1,98.65,57.54,47.18,0,1,0,0,1,1,0,Esc7
256,5.7,20.31,13.14,2.97,4.79,0.32,0.07,79.07,9.15,2933489.52,40.35,40.96,0.1,0.2,98.66,56.57,46.04,0,1,0,0,1,1,0,Esc7
257,6.04,21.83,13.44,3.25,5.01,0.32,0.05,80.22,9.99,2971600.0,39.83,41.76,0.11,0.15,98.63,55.49,46.29,0,1,0,0,1,1,0,Esc7
258,5.66,19.73,13.08,2.95,4.76,0.32,0.04,79.65,8.98,2931473.15,40.37,41.02,0.1,0.1,98.66,57.25,47.97,0,1,0,0,1,1,0,Esc7
259,5.42,17.61,12.87,2.73,4.61,0.31,0.0,78.27,8.38,2893121.79,40.91,40.34,0.09,0.0,98.68,58.32,48.39,0,1,0,0,1,1,0,Esc7
260,4.8,16.36,12.41,2.37,4.24,0.31,0.0,78.58,6.91,2850207.99,41.53,39.44,0.08,0.0,98.71,63.34,51.39,0,1,0,0,1,1,0,Esc7
261,5.27,17.56,12.93,2.58,4.62,0.32,0.0,80.19,8.6,2922332.96,40.5,40.94,0.09,0.0,98.67,57.1,47.79,0,1,0,0,1,1,0,Esc7
262,5.41,19.48,12.92,2.82,4.64,0.32,0.02,79.8,8.46,2915159.39,40.6,40.74,0.09,0.05,98.67,58.12,47.71,0,1,0,0,1,1,0,Esc7
263,5.57,19.44,13.03,2.95,4.75,0.32,0.0,79.28,8.87,2920263.86,40.53,40.89,0.1,0.0,98.67,57.51,48.07,0,1,0,0,1,1,0,Esc7
264,5.5,20.45,13.03,2.96,4.75,0.32,0.05,80.07,8.86,2934098.05,40.34,41.02,0.1,0.15,98.66,57.91,47.88,0,1,0,0,1,1,0,Esc7
265,6.0,21.24,13.36,3.04,4.88,0.32,0.05,79.43,9.6,2950348.02,40.12,41.34,0.1,0.15,98.65,55.85,45.81,0,1,0,0,1,1,0,Esc7
266,5.72,23.15,13.14,3.08,4.77,0.32,0.04,79.24,8.82,2921694.36,40.51,40.82,0.1,0.1,98.67,57.95,46.95,0,1,0,0,1,1,0,Esc7
267,5.47,20.05,13.02,2.77,4.68,0.32,0.04,79.86,8.72,2925773.66,40.45,40.9,0.09,0.1,98.67,57.75,47.38,0,1,0,0,1,1,0,Esc7
268,4.89,16.14,12.5,2.27,4.28,0.31,0.02,78.55,7.15,2859226.74,41.39,39.58,0.08,0.05,98.71,61.32,50.51,0,1,0,0,1,1,0,Esc7
269,5.41,18.76,12.86,2.77,4.59,0.32,0.04,78.75,8.26,2898186.59,40.84,40.34,0.09,0.1,98.68,59.57,49.06,0,1,0,0,1,1,0,Esc7
270,5.29,20.08,12.86,2.79,4.66,0.32,0.02,80.83,8.57,2930224.52,40.39,41.04,0.09,0.05,98.66,57.75,48.16,0,1,0,0,1,1,0,Esc7
271,5.59,18.53,13.28,2.82,4.84,0.33,0.0,81.63,9.55,2969139.27,39.86,41.87,0.1,0.0,98.64,55.07,45.14,0,1,0,0,1,1,0,Esc7
272,5.28,17.04,12.87,2.53,4.57,0.32,0.0,80.3,8.44,2918623.03,40.55,40.86,0.09,0.0,98.67,57.74,48.46,0,1,0,0,1,1,0,Esc7
273,5.35,19.45,12.88,2.76,4.62,0.32,0.0,79.87,8.51,2915739.07,40.59,40.8,0.09,0.0,98.67,57.91,48.96,0,1,0,0,1,1,0,Esc7
274,5.46,18.71,12.94,2.82,4.62,0.32,0.0,79.93,8.45,2914584.84,40.61,40.78,0.09,0.0,98.67,58.8,48.33,0,1,0,0,1,1,0,Esc7
275,5.12,17.68,12.76,2.54,4.53,0.32,0.0,80.0,8.2,2907545.44,40.71,40.64,0.09,0.0,98.68,58.62,49.26,0,1,0,0,1,1,0,Esc7
276,5.28,16.67,12.79,2.6,4.55,0.32,0.0,79.95,8.28,2909225.44,40.68,40.67,0.09,0.0,98.68,59.23,49.23,0,1,0,0,1,1,0,Esc7
277,5.49,19.56,13.17,2.68,4.73,0.32,0.0,81.54,9.22,2957616.15,40.02,41.64,0.1,0.0,98.65,55.31,45.62,0,1,0,0,1,1,0,Esc7
278,5.7,19.27,13.04,2.89,4.69,0.32,0.0,78.89,8.82,2914353.36,40.61,40.77,0.1,0.0,98.67,57.38,47.54,0,1,0,0,1,1,0,Esc7
279,5.75,21.41,13.14,3.08,4.82,0.32,0.07,79.11,9.06,2931053.21,40.38,40.91,0.1,0.2,98.66,57.15,47.36,0,1,0,0,1,1,0,Esc7
280,5.34,20.86,12.71,2.82,4.49,0.31,0.06,78.1,7.68,2874280.34,41.18,39.79,0.08,0.16,98.69,61.8,50.36,0,1,0,0,1,1,0,Esc7
281,5.32,18.39,12.85,2.69,4.59,0.32,0.05,79.71,8.38,2914752.57,40.61,40.63,0.09,0.15,98.67,58.4,48.57,0,1,0,0,1,1,0,Esc7
282,5.56,19.62,13.14,2.92,4.79,0.32,0.0,80.65,9.18,2945883.28,40.18,41.41,0.1,0.0,98.65,56.47,46.51,0,1,0,0,1,1,0,Esc7
283,5.0,18.91,12.61,2.55,4.41,0.32,0.04,79.58,7.51,2883968.38,41.04,40.05,0.08,0.1,98.69,61.13,49.98,0,1,0,0,1,1,0,Esc7
284,5.21,18.2,12.85,2.59,4.54,0.32,0.0,80.34,8.27,2913350.05,40.63,40.75,0.09,0.0,98.68,58.41,47.2,0,1,0,0,1,1,0,Esc7
285,5.63,17.46,13.28,2.72,4.84,0.33,0.0,81.54,9.81,2976115.65,39.77,42.0,0.1,0.0,98.64,53.1,44.79,0,1,0,0,1,1,0,Esc7
286,5.11,18.14,12.8,2.54,4.5,0.32,0.0,80.12,8.01,2902741.07,40.77,40.54,0.09,0.0,98.68,59.29,48.78,0,1,0,0,1,1,0,Esc7
287,5.4,18.34,13.01,2.73,4.69,0.32,0.05,80.79,8.82,2941236.22,40.24,41.16,0.1,0.15,98.66,57.39,47.42,0,1,0,0,1,1,0,Esc7
288,5.61,19.94,13.18,2.93,4.8,0.32,0.02,80.36,9.21,2945169.23,40.19,41.34,0.1,0.05,98.65,56.69,47.08,0,1,0,0,1,1,0,Esc7
289,6.26,23.66,13.37,3.58,5.1,0.32,0.11,80.18,10.09,2979351.9,39.73,41.76,0.11,0.3,98.63,57.42,47.42,0,1,0,0,1,1,0,Esc7
290,5.12,17.65,12.97,2.56,4.62,0.32,0.0,80.46,8.5,2922124.37,40.5,40.93,0.09,0.0,98.67,56.6,47.14,0,1,0,0,1,1,0,Esc7
291,5.08,19.42,12.64,2.57,4.48,0.32,0.0,79.43,7.92,2891931.6,40.93,40.32,0.09,0.0,98.69,59.45,49.87,0,1,0,0,1,1,0,Esc7
292,5.46,17.67,12.92,2.74,4.61,0.32,0.0,79.2,8.48,2907002.05,40.71,40.63,0.09,0.0,98.68,58.45,47.75,0,1,0,0,1,1,0,Esc7
293,5.24,18.36,12.74,2.73,4.54,0.32,0.05,79.5,8.06,2902458.45,40.78,40.38,0.09,0.16,98.68,59.45,49.57,0,1,0,0,1,1,0,Esc7
294,4.76,16.22,12.38,2.25,4.25,0.32,0.0,78.84,6.99,2855844.06,41.44,39.56,0.08,0.0,98.71,61.73,51.66,0,1,0,0,1,1,0,Esc7
295,5.57,19.36,13.08,2.78,4.71,0.32,0.0,79.58,8.97,2927011.89,40.44,41.03,0.1,0.0,98.66,55.81,46.5,0,1,0,0,1,1,0,Esc7
296,5.23,21.56,12.73,2.82,4.53,0.32,0.07,78.76,7.88,2889590.88,40.96,40.06,0.09,0.21,98.69,60.19,48.98,0,1,0,0,1,1,0,Esc7
297,5.36,18.57,12.89,2.68,4.6,0.32,0.0,79.5,8.42,2908459.31,40.69,40.65,0.09,0.0,98.68,58.8,48.88,0,1,0,0,1,1,0,Esc7
298,5.33,18.76,12.9,2.74,4.6,0.32,0.0,79.0,8.28,2898454.65,40.83,40.45,0.09,0.0,98.68,59.02,48.75,0,1,0,0,1,1,0,Esc7
299,5.61,19.69,13.1,3.0,4.76,0.32,0.0,79.11,8.88,2918683.81,40.55,40.86,0.1,0.0,98.67,58.29,46.97,0,1,0,0,1,1,0,Esc7
300,4.92,17.0,12.5,2.49,4.34,0.31,0.0,78.22,7.19,2854815.49,41.46,39.54,0.08,0.0,98.71,61.99,51.38,0,1,0,0,1,1,0,Esc7
301,5.5,20.92,13.05,2.9,4.73,0.32,0.02,80.63,8.89,2938281.51,40.28,41.21,0.1,0.05,98.66,57.59,47.16,0,1,0,0,1,1,0,Esc7
302,5.49,18.83,12.82,2.8,4.6,0.32,0.0,78.97,8.38,2901142.99,40.8,40.51,0.09,0.0,98.68,59.24,48.95,0,1,0,0,1,1,0,Esc7
303,5.25,18.55,12.93,2.63,4.58,0.32,0.0,80.21,8.36,2914851.5,40.6,40.79,0.09,0.0,98.67,58.4,48.14,0,1,0,0,1,1,0,Esc7
304,5.01,16.92,12.63,2.5,4.45,0.32,0.0,79.76,7.75,2890202.36,40.95,40.28,0.08,0.0,98.69,60.09,49.82,0,1,0,0,1,1,0,Esc7
305,5.24,17.78,12.84,2.63,4.56,0.32,0.0,80.3,8.32,2914770.93,40.61,40.78,0.09,0.0,98.67,58.2,48.05,0,1,0,0,1,1,0,Esc7
306,5.59,20.34,13.13,2.92,4.74,0.32,0.0,79.79,8.97,2929267.95,40.4,41.08,0.1,0.0,98.66,56.96,46.03,0,1,0,0,1,1,0,Esc7
307,5.3,16.56,12.95,2.48,4.56,0.32,0.0,79.83,8.43,2912751.31,40.63,40.74,0.09,0.0,98.68,56.49,46.62,0,1,0,0,1,1,0,Esc7
308,5.38,21.68,12.82,2.88,4.62,0.32,0.0,78.86,8.26,2896159.99,40.87,40.4,0.09,0.0,98.68,58.65,49.15,0,1,0,0,1,1,0,Esc7
309,5.26,17.25,12.71,2.58,4.42,0.31,0.0,78.03,7.65,2867369.11,41.28,39.8,0.08,0.0,98.7,60.68,48.54,0,1,0,0,1,1,0,Esc7
310,5.07,16.33,12.8,2.48,4.51,0.32,0.0,80.92,8.17,2917073.07,40.57,40.83,0.09,0.0,98.67,58.27,47.39,0,1,0,0,1,1,0,Esc7
311,5.14,18.0,12.73,2.5,4.44,0.32,0.0,78.98,7.76,2881640.62,41.07,40.1,0.09,0.0,98.69,59.82,48.66,0,1,0,0,1,1,0,Esc7
312,5.4,19.9,13.1,2.66,4.68,0.32,0.05,79.51,8.79,2925549.43,40.46,40.85,0.1,0.15,98.67,55.83,45.51,0,1,0,0,1,1,0,Esc7
313,5.66,19.48,13.12,2.89,4.76,0.32,0.0,80.64,9.13,2944331.66,40.2,41.38,0.1,0.0,98.65,57.33,47.12,0,1,0,0,1,1,0,Esc7
314,5.45,18.37,12.96,2.73,4.59,0.32,0.0,79.28,8.33,2903351.05,40.77,40.55,0.09,0.0,98.68,58.73,47.98,0,1,0,0,1,1,0,Esc7
315,5.66,19.01,13.02,2.95,4.65,0.31,0.0,78.41,8.36,2894190.5,40.89,40.36,0.09,0.0,98.68,59.74,47.74,0,1,0,0,1,1,0,Esc7
316,4.99,18.0,12.61,2.55,4.43,0.32,0.0,78.74,7.56,2872664.44,41.2,39.92,0.08,0.0,98.7,60.03,50.31,0,1,0,0,1,1,0,Esc7
317,5.76,20.69,13.18,3.04,4.8,0.32,0.02,79.7,9.1,2934350.88,40.33,41.13,0.1,0.05,98.66,57.8,47.71,0,1,0,0,1,1,0,Esc7
318,6.02,23.98,13.38,3.29,4.97,0.32,0.05,80.28,9.78,2965652.0,39.91,41.65,0.1,0.15,98.64,56.02,45.95,0,1,0,0,1,1,0,Esc7
319,5.81,21.28,13.2,3.05,4.84,0.32,0.04,80.33,9.35,2950823.15,40.11,41.41,0.1,0.1,98.65,56.94,46.91,0,1,0,0,1,1,0,Esc7
320,4.99,17.64,12.62,2.52,4.44,0.32,0.04,79.8,7.69,2892208.29,40.92,40.22,0.08,0.1,98.69,60.17,50.02,0,1,0,0,1,1,0,Esc7
321,5.76,19.62,13.27,2.99,4.89,0.32,0.04,80.81,9.74,2968773.75,39.87,41.76,0.1,0.1,98.64,55.27,45.43,0,1,0,0,1,1,0,Esc7
322,5.67,19.57,13.16,2.91,4.78,0.32,0.0,80.51,9.26,2946966.68,40.16,41.43,0.1,0.0,98.65,55.73,45.85,0,1,0,0,1,1,0,Esc7
323,5.9,21.06,13.36,3.04,4.92,0.32,0.04,80.9,9.82,2972319.37,39.82,41.83,0.1,0.1,98.64,55.13,45.69,0,1,0,0,1,1,0,Esc7
324,5.26,20.27,12.77,2.86,4.55,0.32,0.0,78.97,7.92,2886690.18,41.0,40.21,0.09,0.0,98.69,60.34,49.08,0,1,0,0,1,1,0,Esc7
325,5.29,18.05,12.87,2.63,4.51,0.32,0.0,79.68,8.0,2897422.54,40.85,40.43,0.09,0.0,98.68,58.86,48.27,0,1,0,0,1,1,0,Esc7
326,5.62,20.76,13.13,2.96,4.75,0.32,0.07,79.79,8.93,2934948.98,40.33,40.99,0.1,0.2,98.66,57.2,46.75,0,1,0,0,1,1,0,Esc7
327,5.3,17.68,12.83,2.74,4.57,0.32,0.02,79.62,8.14,2902765.1,40.77,40.49,0.09,0.05,98.68,60.14,48.71,0,1,0,0,1,1,0,Esc7
328,5.14,19.02,12.78,2.68,4.56,0.32,0.04,79.7,8.06,2903065.57,40.77,40.44,0.09,0.1,98.68,59.06,49.42,0,1,0,0,1,1,0,Esc7
329,5.89,20.05,13.41,3.06,4.98,0.33,0.02,81.4,10.15,2986940.81,39.62,42.16,0.11,0.05,98.63,54.85,45.52,0,1,0,0,1,1,0,Esc7
330,5.49,18.65,13.04,2.75,4.67,0.32,0.0,79.94,8.72,2923329.08,40.49,40.96,0.09,0.0,98.67,57.37,47.71,0,1,0,0,1,1,0,Esc7
331,6.17,20.96,13.45,3.23,4.97,0.32,0.02,80.84,9.96,2974430.78,39.79,41.92,0.11,0.05,98.63,56.13,45.41,0,1,0,0,1,1,0,Esc7
332,5.16,18.52,12.79,2.5,4.46,0.32,0.04,79.37,7.88,2893518.72,40.9,40.24,0.09,0.1,98.69,58.62,47.98,0,1,0,0,1,1,0,Esc7
333,5.04,18.63,12.54,2.59,4.37,0.31,0.02,77.93,7.31,2857149.0,41.42,39.54,0.08,0.05,98.71,62.42,51.16,0,1,0,0,1,1,0,Esc7
334,5.47,19.44,13.08,2.91,4.75,0.32,0.0,80.85,9.01,2942742.02,40.22,41.35,0.1,0.0,98.66,57.79,46.98,0,1,0,0,1,1,0,Esc7
335,5.73,19.79,13.21,2.89,4.81,0.32,0.04,80.79,9.37,2956789.81,40.03,41.52,0.1,0.1,98.65,55.88,46.17,0,1,0,0,1,1,0,Esc7
336,5.28,18.34,13.01,2.59,4.62,0.32,0.0,80.53,8.63,2927072.82,40.43,41.03,0.09,0.0,98.67,56.14,46.86,0,1,0,0,1,1,0,Esc7
337,5.47,18.02,13.1,2.65,4.69,0.32,0.0,80.05,9.0,2933493.5,40.35,41.16,0.1,0.0,98.66,55.37,46.13,0,1,0,0,1,1,0,Esc7
338,5.09,18.06,12.66,2.61,4.44,0.31,0.0,78.44,7.67,2872621.32,41.2,39.91,0.08,0.0,98.7,59.68,49.56,0,1,0,0,1,1,0,Esc7
339,5.17,17.09,12.66,2.48,4.42,0.32,0.0,79.15,7.78,2884383.37,41.03,40.16,0.09,0.0,98.69,60.19,49.02,0,1,0,0,1,1,0,Esc7
340,5.04,17.01,12.62,2.42,4.42,0.32,0.0,79.19,7.7,2882350.24,41.06,40.12,0.08,0.0,98.69,59.77,49.66,0,1,0,0,1,1,0,Esc7
341,5.71,22.02,13.17,3.15,4.88,0.32,0.02,80.42,9.41,2952164.05,40.09,41.48,0.1,0.05,98.65,56.63,47.22,0,1,0,0,1,1,0,Esc7
342,5.18,18.06,12.81,2.58,4.56,0.32,0.0,80.16,8.34,2913705.4,40.62,40.76,0.09,0.0,98.67,57.68,48.79,0,1,0,0,1,1,0,Esc7
343,5.33,17.54,12.96,2.61,4.59,0.32,0.0,79.81,8.45,2913277.05,40.63,40.75,0.09,0.0,98.67,57.71,47.48,0,1,0,0,1,1,0,Esc7
344,5.91,20.66,13.25,3.09,4.85,0.32,0.02,79.96,9.4,2946601.15,40.17,41.37,0.1,0.05,98.65,57.08,46.36,0,1,0,0,1,1,0,Esc7
345,5.91,21.19,13.41,3.13,4.95,0.32,0.02,80.45,9.91,2968451.8,39.87,41.8,0.11,0.05,98.64,54.72,45.31,0,1,0,0,1,1,0,Esc7
346,5.5,17.52,13.02,2.86,4.71,0.32,0.0,80.08,8.74,2925451.29,40.46,41.0,0.09,0.0,98.66,58.39,48.11,0,1,0,0,1,1,0,Esc7
347,5.22,18.05,12.76,2.62,4.52,0.32,0.02,79.28,8.06,2896414.64,40.86,40.36,0.09,0.05,98.68,59.34,49.45,0,1,0,0,1,1,0,Esc7
348,5.6,20.12,13.13,2.97,4.8,0.32,0.02,80.57,9.23,2948075.11,40.15,41.4,0.1,0.05,98.65,56.91,46.76,0,1,0,0,1,1,0,Esc7
349,5.16,20.91,12.67,2.7,4.48,0.32,0.07,79.09,7.74,2889148.85,40.97,40.05,0.08,0.21,98.69,60.97,49.92,0,1,0,0,1,1,0,Esc7
350,4.99,16.51,12.65,2.4,4.47,0.32,0.0,80.27,8.03,2905137.85,40.74,40.59,0.09,0.0,98.68,58.86,49.7,0,1,0,0,1,1,0,Esc7
351,5.41,21.19,12.82,2.89,4.58,0.31,0.06,78.39,8.02,2888128.07,40.98,40.08,0.09,0.16,98.69,60.3,49.17,0,1,0,0,1,1,0,Esc7
352,5.68,21.24,13.18,2.97,4.82,0.32,0.02,80.88,9.36,2956144.14,40.04,41.56,0.1,0.05,98.65,55.85,46.49,0,1,0,0,1,1,0,Esc7
353,4.85,15.48,12.59,2.19,4.32,0.32,0.0,79.95,7.38,2880915.25,41.08,40.09,0.08,0.0,98.7,60.17,48.79,0,1,0,0,1,1,0,Esc7
354,5.25,17.66,12.87,2.53,4.51,0.31,0.0,78.94,8.12,2892704.93,40.92,40.33,0.09,0.0,98.69,58.08,47.58,0,1,0,0,1,1,0,Esc7
355,5.86,21.49,13.19,3.11,4.83,0.31,0.02,78.54,9.15,2922495.34,40.5,40.89,0.1,0.05,98.66,56.76,47.39,0,1,0,0,1,1,0,Esc7
356,5.39,17.43,12.93,2.64,4.59,0.32,0.0,79.31,8.42,2906610.81,40.72,40.62,0.09,0.0,98.68,57.3,46.84,0,1,0,0,1,1,0,Esc7
357,5.39,20.26,12.97,2.76,4.66,0.32,0.0,80.33,8.68,2926485.9,40.44,41.02,0.09,0.0,98.67,57.63,47.48,0,1,0,0,1,1,0,Esc7
358,5.52,20.04,12.99,2.87,4.66,0.32,0.06,78.97,8.49,2909651.03,40.68,40.52,0.09,0.15,98.67,59.02,48.23,0,1,0,0,1,1,0,Esc7
359,5.75,23.22,13.07,3.3,4.83,0.31,0.02,78.34,8.8,2908988.19,40.69,40.61,0.1,0.05,98.67,59.23,48.95,0,1,0,0,1,1,0,Esc7
360,5.9,19.65,13.25,3.02,4.86,0.32,0.02,79.92,9.52,2950241.12,40.12,41.44,0.1,0.05,98.65,56.0,45.93,0,1,0,0,1,1,0,Esc7
361,5.29,19.54,12.75,2.76,4.48,0.31,0.0,77.92,7.68,2866934.43,41.28,39.8,0.08,0.0,98.7,61.05,50.27,0,1,0,0,1,1,0,Esc7
362,5.57,20.66,12.92,3.02,4.68,0.32,0.04,79.2,8.44,2909208.82,40.68,40.57,0.09,0.1,98.67,59.34,48.72,0,1,0,0,1,1,0,Esc7
363,5.28,19.02,12.81,2.67,4.54,0.32,0.0,80.23,8.14,2908257.29,40.7,40.65,0.09,0.0,98.68,59.87,48.84,0,1,0,0,1,1,0,Esc7
364,5.43,19.48,12.8,2.92,4.56,0.31,0.02,78.22,7.97,2881257.69,41.08,40.04,0.09,0.05,98.69,61.14,50.21,0,1,0,0,1,1,0,Esc7
365,5.61,19.11,13.12,2.84,4.75,0.32,0.0,80.82,9.06,2943992.24,40.2,41.37,0.1,0.0,98.66,57.38,47.49,0,1,0,0,1,1,0,Esc7
366,5.65,22.87,13.21,3.15,4.91,0.33,0.05,81.44,9.56,2972040.05,39.82,41.77,0.1,0.15,98.64,55.75,46.68,0,1,0,0,1,1,0,Esc7
367,5.39,18.18,12.88,2.55,4.53,0.31,0.0,78.61,8.18,2890570.59,40.95,40.29,0.09,0.0,98.69,57.92,47.69,0,1,0,0,1,1,0,Esc7
368,5.45,21.27,12.71,3.01,4.57,0.31,0.0,77.45,7.93,2869599.28,41.24,39.85,0.09,0.0,98.69,61.42,51.18,0,1,0,0,1,1,0,Esc7
369,5.25,21.86,12.72,2.8,4.49,0.31,0.06,77.81,7.7,2871463.69,41.22,39.73,0.08,0.16,98.7,60.95,50.27,0,1,0,0,1,1,0,Esc7
370,6.03,20.68,13.56,3.17,5.11,0.33,0.05,81.93,10.71,3014315.07,39.26,42.59,0.11,0.15,98.61,53.3,44.91,0,1,0,0,1,1,0,Esc7
371,5.9,19.5,13.48,3.07,4.99,0.32,0.0,81.12,10.16,2982502.54,39.68,42.13,0.11,0.0,98.63,53.76,44.91,0,1,0,0,1,1,0,Esc7
372,5.58,22.13,12.99,2.99,4.71,0.32,0.04,79.39,8.6,2916505.29,40.58,40.72,0.09,0.1,98.67,58.77,47.97,0,1,0,0,1,1,0,Esc7
373,5.16,18.46,12.82,2.61,4.55,0.32,0.0,80.23,8.25,2911634.07,40.65,40.72,0.09,0.0,98.68,57.99,48.42,0,1,0,0,1,1,0,Esc7
374,6.0,21.64,13.41,3.23,5.0,0.32,0.02,80.1,9.92,2964687.19,39.92,41.73,0.11,0.05,98.64,55.2,45.55,0,1,0,0,1,1,0,Esc7
375,5.24,19.64,12.72,2.77,4.51,0.32,0.0,78.72,7.82,2880524.43,41.09,40.08,0.09,0.0,98.69,61.01,50.06,0,1,0,0,1,1,0,Esc7
376,5.13,21.01,12.77,2.69,4.52,0.32,0.02,79.28,7.95,2892952.42,40.91,40.28,0.09,0.05,98.69,59.0,48.36,0,1,0,0,1,1,0,Esc7
377,5.27,19.22,13.06,2.72,4.7,0.32,0.04,81.6,8.83,2949059.97,40.13,41.37,0.09,0.1,98.65,57.02,46.37,0,1,0,0,1,1,0,Esc7
378,5.16,17.8,12.76,2.6,4.51,0.32,0.0,80.04,8.01,2901903.41,40.79,40.52,0.09,0.0,98.68,59.5,50.05,0,1,0,0,1,1,0,Esc7
379,5.01,17.39,12.73,2.45,4.47,0.32,0.0,80.54,8.0,2907198.54,40.71,40.63,0.09,0.0,98.68,58.82,48.37,0,1,0,0,1,1,0,Esc7
380,5.09,18.3,12.66,2.55,4.45,0.32,0.0,78.93,7.78,2881875.51,41.07,40.11,0.09,0.0,98.69,59.21,49.5,0,1,0,0,1,1,0,Esc7
381,5.44,18.01,12.92,2.67,4.59,0.32,0.0,78.91,8.37,2900274.59,40.81,40.49,0.09,0.0,98.68,58.19,47.74,0,1,0,0,1,1,0,Esc7
382,5.3,20.62,12.8,2.77,4.59,0.32,0.04,79.27,8.28,2904904.34,40.74,40.48,0.09,0.1,98.68,58.76,49.83,0,1,0,0,1,1,0,Esc7
383,5.1,16.01,12.53,2.4,4.29,0.31,0.0,78.2,7.18,2854527.88,41.46,39.53,0.08,0.0,98.71,62.17,50.18,0,1,0,0,1,1,0,Esc7
384,5.89,20.57,13.32,3.15,4.93,0.32,0.0,80.43,9.7,2959977.1,39.99,41.69,0.1,0.0,98.64,56.07,46.65,0,1,0,0,1,1,0,Esc7
385,5.71,19.52,13.34,2.88,4.9,0.33,0.0,81.52,9.95,2980303.02,39.71,42.09,0.11,0.0,98.63,53.28,45.02,0,1,0,0,1,1,0,Esc7
386,5.76,22.22,13.1,3.22,4.81,0.31,0.02,78.73,8.87,2915684.83,40.59,40.75,0.1,0.05,98.67,58.85,48.01,0,1,0,0,1,1,0,Esc7
387,5.02,18.12,12.64,2.53,4.43,0.32,0.0,78.75,7.61,2874436.55,41.18,39.95,0.08,0.0,98.7,60.13,49.42,0,1,0,0,1,1,0,Esc7
388,5.43,18.33,12.86,2.75,4.62,0.32,0.0,78.84,8.41,2900540.21,40.8,40.49,0.09,0.0,98.68,58.4,49.03,0,1,0,0,1,1,0,Esc7
389,5.8,20.59,13.41,3.05,5.0,0.33,0.0,81.7,10.23,2991209.65,39.57,42.3,0.11,0.0,98.63,53.29,44.57,0,1,0,0,1,1,0,Esc7
390,5.5,19.51,13.05,2.82,4.74,0.32,0.0,79.75,8.94,2927880.3,40.42,41.05,0.1,0.0,98.66,56.44,47.1,0,1,0,0,1,1,0,Esc7
391,5.43,19.73,13.03,2.76,4.67,0.32,0.04,79.54,8.71,2921539.48,40.51,40.82,0.09,0.1,98.67,56.68,46.72,0,1,0,0,1,1,0,Esc7
392,5.76,20.0,13.21,2.93,4.83,0.32,0.0,80.89,9.53,2959854.4,39.99,41.69,0.1,0.0,98.65,55.64,46.52,0,1,0,0,1,1,0,Esc7
393,5.45,20.95,12.83,2.87,4.62,0.32,0.02,78.9,8.24,2897490.6,40.85,40.38,0.09,0.05,98.68,60.36,50.31,0,1,0,0,1,1,0,Esc7
394,5.57,21.16,13.22,3.02,4.88,0.33,0.02,81.4,9.54,2967781.23,39.88,41.79,0.1,0.05,98.64,54.82,45.52,0,1,0,0,1,1,0,Esc7
395,5.59,18.08,12.9,2.9,4.65,0.32,0.0,79.6,8.52,2912843.08,40.63,40.74,0.09,0.0,98.67,59.54,49.06,0,1,0,0,1,1,0,Esc7
396,5.35,19.22,12.98,2.71,4.68,0.32,0.07,80.56,8.75,2937883.3,40.29,41.05,0.09,0.2,98.66,56.89,46.98,0,1,0,0,1,1,0,Esc7
397,5.13,17.06,12.87,2.47,4.51,0.32,0.0,79.48,8.14,2899571.63,40.82,40.47,0.09,0.0,98.68,58.16,47.98,0,1,0,0,1,1,0,Esc7
398,4.99,15.0,12.65,2.26,4.41,0.32,0.0,79.62,7.86,2892210.53,40.92,40.32,0.09,0.0,98.69,58.14,48.38,0,1,0,0,1,1,0,Esc7
399,5.23,18.65,12.8,2.62,4.52,0.32,0.0,79.32,8.11,2896619.68,40.86,40.41,0.09,0.0,98.68,58.8,48.85,0,1,0,0,1,1,0,Esc7
400,5.34,20.01,12.82,2.69,4.57,0.32,0.04,79.45,8.21,2904841.01,40.74,40.48,0.09,0.1,98.68,58.79,48.7,0,1,0,0,1,1,0,Esc7
401,5.11,18.04,12.75,2.56,4.49,0.32,0.0,79.32,7.93,2890976.81,40.94,40.3,0.09,0.0,98.69,58.85,48.82,0,1,0,0,1,1,0,Esc7
402,5.06,18.73,12.54,2.63,4.38,0.31,0.0,77.87,7.24,2852457.03,41.49,39.49,0.08,0.0,98.71,62.64,51.03,0,1,0,0,1,1,0,Esc7
403,5.61,18.87,13.16,2.82,4.75,0.32,0.0,80.11,9.11,2937619.35,40.29,41.24,0.1,0.0,98.66,56.35,47.08,0,1,0,0,1,1,0,Esc7
404,5.52,18.75,12.99,2.82,4.65,0.31,0.0,78.81,8.52,2903646.74,40.76,40.56,0.09,0.0,98.68,58.75,47.79,0,1,0,0,1,1,0,Esc7
405,5.34,18.84,12.83,2.72,4.53,0.31,0.0,78.36,7.95,2880493.93,41.09,40.08,0.09,0.0,98.69,59.58,48.79,0,1,0,0,1,1,0,Esc7
406,4.92,17.17,12.67,2.41,4.45,0.32,0.0,79.6,7.76,2888816.89,40.97,40.25,0.09,0.0,98.69,59.3,49.33,0,1,0,0,1,1,0,Esc7
407,5.5,19.67,13.14,2.75,4.71,0.32,0.04,80.49,8.99,2941341.69,40.24,41.22,0.1,0.1,98.66,56.22,45.95,0,1,0,0,1,1,0,Esc7
408,5.51,20.34,12.94,3.04,4.7,0.32,0.0,79.4,8.52,2910776.2,40.66,40.7,0.09,0.0,98.67,59.74,48.76,0,1,0,0,1,1,0,Esc7
409,5.4,17.86,12.87,2.68,4.56,0.31,0.0,78.49,8.21,2890239.37,40.95,40.28,0.09,0.0,98.69,58.96,48.38,0,1,0,0,1,1,0,Esc7
410,5.54,20.34,13.12,2.85,4.75,0.32,0.02,81.08,9.11,2950262.53,40.12,41.44,0.1,0.05,98.65,56.14,46.72,0,1,0,0,1,1,0,Esc7
411,5.15,18.46,12.83,2.57,4.54,0.32,0.04,80.59,8.19,2917163.0,40.57,40.73,0.09,0.1,98.67,57.9,47.66,0,1,0,0,1,1,0,Esc7
412,5.16,16.21,12.72,2.43,4.43,0.32,0.0,79.59,7.88,2892445.77,40.92,40.33,0.09,0.0,98.69,59.81,48.6,0,1,0,0,1,1,0,Esc7
413,5.34,17.9,12.77,2.64,4.49,0.31,0.02,77.89,7.88,2874779.69,41.17,39.91,0.09,0.05,98.69,59.84,49.26,0,1,0,0,1,1,0,Esc7
414,5.99,22.35,13.28,3.31,4.96,0.32,0.04,80.98,9.76,2971442.14,39.83,41.81,0.1,0.1,98.64,57.21,47.93,0,1,0,0,1,1,0,Esc7
415,5.24,21.41,12.81,2.78,4.52,0.32,0.02,79.62,7.83,2893040.36,40.91,40.29,0.09,0.05,98.69,61.46,49.58,0,1,0,0,1,1,0,Esc7
416,5.04,16.18,12.74,2.4,4.45,0.32,0.0,79.1,7.86,2886379.24,41.01,40.2,0.09,0.0,98.69,58.78,48.64,0,1,0,0,1,1,0,Esc7
417,4.8,14.98,12.57,2.23,4.36,0.32,0.0,79.1,7.46,2873392.8,41.19,39.93,0.08,0.0,98.7,59.4,48.88,0,1,0,0,1,1,0,Esc7
418,5.18,19.72,12.65,2.69,4.49,0.32,0.04,79.6,7.81,2893788.65,40.9,40.25,0.09,0.1,98.69,61.02,50.5,0,1,0,0,1,1,0,Esc7
419,5.2,18.41,12.65,2.67,4.47,0.31,0.0,78.36,7.72,2873188.86,41.19,39.93,0.09,0.0,98.7,60.62,51.0,0,1,0,0,1,1,0,Esc7
420,5.6,19.07,13.23,2.81,4.79,0.32,0.0,80.98,9.43,2957722.83,40.02,41.64,0.1,0.0,98.65,55.8,45.85,0,1,0,0,1,1,0,Esc7
421,6.15,21.62,13.32,3.41,4.96,0.32,0.04,79.69,9.62,2952239.1,40.09,41.43,0.1,0.1,98.65,57.74,47.47,0,1,0,0,1,1,0,Esc7
422,5.05,19.43,12.7,2.56,4.48,0.32,0.0,79.79,7.86,2894189.94,40.89,40.36,0.09,0.0,98.69,59.62,49.03,0,1,0,0,1,1,0,Esc7
423,5.67,18.03,13.19,2.79,4.79,0.32,0.0,80.68,9.39,2953016.2,40.08,41.55,0.1,0.0,98.65,55.42,46.51,0,1,0,0,1,1,0,Esc7
424,5.93,23.15,13.21,3.21,4.9,0.32,0.11,80.44,9.43,2961487.11,39.97,41.41,0.1,0.3,98.64,57.89,47.72,0,1,0,0,1,1,0,Esc7
425,5.01,16.53,12.69,2.37,4.45,0.32,0.0,79.99,7.92,2898317.05,40.84,40.45,0.09,0.0,98.68,58.15,49.02,0,1,0,0,1,1,0,Esc7
426,5.26,20.27,12.79,2.73,4.54,0.32,0.0,80.38,8.08,2907944.35,40.7,40.64,0.09,0.0,98.68,60.08,49.62,0,1,0,0,1,1,0,Esc7
427,5.64,19.01,13.08,2.85,4.71,0.32,0.0,80.62,8.89,2936243.21,40.31,41.22,0.1,0.0,98.66,57.74,47.52,0,1,0,0,1,1,0,Esc7
428,5.53,19.59,12.98,2.76,4.66,0.32,0.02,79.45,8.73,2919592.38,40.54,40.83,0.09,0.05,98.67,57.1,46.89,0,1,0,0,1,1,0,Esc7
429,5.48,18.69,12.78,2.75,4.51,0.31,0.0,77.66,7.86,2869640.18,41.24,39.85,0.09,0.0,98.7,60.77,49.62,0,1,0,0,1,1,0,Esc7
430,5.81,24.72,13.22,3.3,4.95,0.32,0.09,79.81,9.49,2954641.42,40.06,41.33,0.1,0.25,98.64,56.53,47.42,0,1,0,0,1,1,0,Esc7
431,4.97,18.48,12.48,2.51,4.33,0.31,0.0,78.35,7.21,2856963.79,41.43,39.59,0.08,0.0,98.71,62.0,52.14,0,1,0,0,1,1,0,Esc7
432,5.27,18.44,12.88,2.67,4.56,0.32,0.0,79.6,8.18,2902280.71,40.78,40.53,0.09,0.0,98.68,58.98,47.65,0,1,0,0,1,1,0,Esc7
433,5.52,20.81,12.97,2.91,4.73,0.32,0.07,80.24,8.79,2935622.88,40.32,41.0,0.09,0.2,98.66,58.0,47.92,0,1,0,0,1,1,0,Esc7
434,5.27,19.64,12.74,2.8,4.53,0.31,0.04,78.31,7.82,2879265.03,41.11,39.95,0.09,0.1,98.69,60.2,49.92,0,1,0,0,1,1,0,Esc7
435,5.5,17.68,12.83,2.74,4.59,0.32,0.0,78.73,8.29,2895728.41,40.87,40.39,0.09,0.0,98.68,59.46,49.83,0,1,0,0,1,1,0,Esc7
436,5.28,19.23,12.78,2.75,4.55,0.32,0.0,79.7,8.06,2899362.34,40.82,40.47,0.09,0.0,98.68,59.95,49.84,0,1,0,0,1,1,0,Esc7
437,5.04,16.79,12.6,2.4,4.39,0.32,0.0,78.49,7.59,2870605.75,41.23,39.87,0.08,0.0,98.7,59.74,50.11,0,1,0,0,1,1,0,Esc7
438,5.25,17.3,12.88,2.52,4.54,0.32,0.0,79.99,8.33,2911239.42,40.65,40.71,0.09,0.0,98.68,57.57,47.64,0,1,0,0,1,1,0,Esc7
439,5.52,19.05,12.84,2.85,4.57,0.31,0.0,78.62,8.13,2889341.26,40.96,40.26,0.09,0.0,98.69,60.31,48.23,0,1,0,0,1,1,0,Esc7
440,5.18,16.31,12.78,2.52,4.49,0.32,0.0,79.0,7.99,2889383.75,40.96,40.26,0.09,0.0,98.69,58.75,47.93,0,1,0,0,1,1,0,Esc7
441,4.98,16.58,12.56,2.41,4.39,0.32,0.0,79.21,7.54,2877387.53,41.13,40.01,0.08,0.0,98.7,60.07,50.56,0,1,0,0,1,1,0,Esc7
442,5.46,17.97,12.91,2.75,4.58,0.32,0.0,79.07,8.27,2898902.17,40.83,40.46,0.09,0.0,98.68,59.47,48.82,0,1,0,0,1,1,0,Esc7
443,5.58,18.75,13.0,2.85,4.67,0.32,0.02,78.98,8.63,2910944.11,40.66,40.65,0.09,0.05,98.67,58.48,47.75,0,1,0,0,1,1,0,Esc7
444,5.06,17.43,12.71,2.44,4.42,0.31,0.0,78.51,7.66,2873066.98,41.2,39.92,0.08,0.0,98.7,59.12,48.85,0,1,0,0,1,1,0,Esc7
445,5.98,21.08,13.6,3.18,5.1,0.33,0.05,82.48,10.76,3022189.25,39.16,42.74,0.11,0.15,98.61,52.62,43.5,0,1,0,0,1,1,0,Esc7
446,5.26,18.09,12.82,2.66,4.6,0.32,0.0,79.69,8.49,2912849.71,40.63,40.74,0.09,0.0,98.67,57.43,48.46,0,1,0,0,1,1,0,Esc7
447,5.16,18.07,12.71,2.62,4.5,0.32,0.04,78.56,7.84,2882905.73,41.05,40.02,0.09,0.1,98.69,59.24,49.3,0,1,0,0,1,1,0,Esc7
448,5.61,18.53,13.17,2.76,4.73,0.32,0.02,79.95,8.98,2933468.11,40.35,41.11,0.1,0.05,98.66,55.96,46.51,0,1,0,0,1,1,0,Esc7
449,4.87,16.71,12.39,2.31,4.21,0.31,0.0,76.46,6.72,2819584.32,41.98,38.78,0.08,0.0,98.73,62.82,51.66,0,1,0,0,1,1,0,Esc7
450,5.63,19.47,13.13,2.9,4.72,0.31,0.02,79.09,8.78,2917040.44,40.57,40.78,0.1,0.05,98.67,57.63,47.02,0,1,0,0,1,1,0,Esc7
451,5.1,17.06,12.66,2.41,4.4,0.31,0.0,78.51,7.63,2872287.17,41.21,39.91,0.08,0.0,98.7,59.86,49.92,0,1,0,0,1,1,0,Esc7
452,5.26,21.41,12.81,2.8,4.58,0.32,0.04,79.75,8.19,2907541.07,40.71,40.53,0.09,0.1,98.68,59.45,49.19,0,1,0,0,1,1,0,Esc7
453,5.26,19.5,12.77,2.75,4.53,0.32,0.02,78.89,7.9,2886663.17,41.0,40.15,0.09,0.05,98.69,59.59,49.01,0,1,0,0,1,1,0,Esc7
454,4.98,18.36,12.53,2.53,4.38,0.32,0.02,78.93,7.4,2871346.07,41.22,39.84,0.08,0.05,98.7,61.24,50.69,0,1,0,0,1,1,0,Esc7
455,5.61,18.27,13.2,2.77,4.77,0.32,0.0,80.42,9.24,2945217.04,40.19,41.4,0.1,0.0,98.65,55.35,45.66,0,1,0,0,1,1,0,Esc7
456,5.42,17.41,12.91,2.66,4.61,0.32,0.04,80.13,8.53,2922761.57,40.49,40.84,0.09,0.1,98.67,57.93,47.21,0,1,0,0,1,1,0,Esc7
457,5.08,16.79,12.8,2.42,4.46,0.32,0.0,79.22,8.0,2892230.95,40.92,40.32,0.09,0.0,98.69,57.64,47.92,0,1,0,0,1,1,0,Esc7
458,5.27,20.2,12.78,2.9,4.65,0.32,0.04,79.54,8.31,2908773.0,40.69,40.56,0.09,0.1,98.67,59.53,49.79,0,1,0,0,1,1,0,Esc7
459,5.52,19.6,13.12,2.86,4.76,0.32,0.0,80.67,9.09,2943319.56,40.21,41.36,0.1,0.0,98.66,56.81,46.39,0,1,0,0,1,1,0,Esc7
460,5.5,21.48,12.97,2.92,4.68,0.32,0.04,79.92,8.52,2920105.45,40.53,40.79,0.09,0.1,98.67,58.66,47.99,0,1,0,0,1,1,0,Esc7
461,4.96,18.31,12.63,2.5,4.43,0.32,0.0,78.85,7.65,2876698.43,41.14,40.0,0.08,0.0,98.7,59.89,49.77,0,1,0,0,1,1,0,Esc7
462,5.64,21.41,13.02,3.15,4.77,0.32,0.05,79.66,8.74,2925666.75,40.45,40.85,0.09,0.15,98.66,59.37,48.11,0,1,0,0,1,1,0,Esc7
463,5.89,19.65,13.24,2.96,4.82,0.32,0.0,79.65,9.39,2941080.6,40.24,41.31,0.1,0.0,98.65,56.06,45.67,0,1,0,0,1,1,0,Esc7
464,5.26,19.47,12.83,2.61,4.51,0.31,0.0,78.94,8.0,2888982.31,40.97,40.25,0.09,0.0,98.69,59.22,48.23,0,1,0,0,1,1,0,Esc7
465,5.94,20.72,13.23,3.08,4.86,0.32,0.02,79.0,9.38,2934880.77,40.33,41.14,0.1,0.05,98.66,56.56,47.22,0,1,0,0,1,1,0,Esc7
466,5.48,19.86,13.1,2.81,4.75,0.32,0.04,79.68,9.06,2934259.95,40.34,41.07,0.1,0.1,98.66,55.77,46.97,0,1,0,0,1,1,0,Esc7
467,5.09,17.74,12.66,2.42,4.42,0.32,0.04,79.53,7.78,2892024.44,40.93,40.21,0.09,0.1,98.69,59.32,48.79,0,1,0,0,1,1,0,Esc7
468,5.38,20.18,12.96,2.8,4.64,0.32,0.04,79.56,8.45,2913682.33,40.62,40.66,0.09,0.1,98.67,58.41,48.25,0,1,0,0,1,1,0,Esc7
469,5.61,19.99,12.96,2.86,4.65,0.32,0.02,78.76,8.53,2905374.78,40.74,40.54,0.09,0.05,98.68,58.7,48.44,0,1,0,0,1,1,0,Esc7
470,5.36,17.75,12.81,2.72,4.53,0.31,0.0,78.51,8.01,2884220.42,41.04,40.16,0.09,0.0,98.69,60.14,49.45,0,1,0,0,1,1,0,Esc7
471,5.18,19.77,12.72,2.69,4.49,0.31,0.06,78.79,7.76,2884727.99,41.03,40.01,0.09,0.16,98.69,60.18,49.4,0,1,0,0,1,1,0,Esc7
472,5.01,16.36,12.61,2.37,4.4,0.31,0.0,78.19,7.64,2868928.9,41.25,39.84,0.08,0.0,98.7,59.34,49.8,0,1,0,0,1,1,0,Esc7
473,5.32,18.31,12.82,2.62,4.55,0.32,0.0,79.88,8.23,2906913.75,40.72,40.62,0.09,0.0,98.68,59.36,49.14,0,1,0,0,1,1,0,Esc7
474,4.97,16.07,12.67,2.33,4.4,0.32,0.0,78.82,7.66,2876803.92,41.14,40.0,0.08,0.0,98.7,58.96,49.24,0,1,0,0,1,1,0,Esc7
475,5.29,18.09,12.89,2.6,4.56,0.32,0.0,79.65,8.3,2906499.86,40.72,40.61,0.09,0.0,98.68,57.9,48.03,0,1,0,0,1,1,0,Esc7
476,5.45,18.7,12.92,2.83,4.64,0.32,0.0,80.11,8.51,2918516.59,40.55,40.86,0.09,0.0,98.67,59.31,48.56,0,1,0,0,1,1,0,Esc7
477,5.22,16.62,13.06,2.53,4.65,0.32,0.0,81.28,8.84,2942522.16,40.22,41.34,0.1,0.0,98.66,55.53,45.47,0,1,0,0,1,1,0,Esc7
478,5.73,21.41,13.22,2.95,4.82,0.32,0.05,79.96,9.26,2945378.48,40.18,41.25,0.1,0.15,98.65,56.29,46.37,0,1,0,0,1,1,0,Esc7
479,5.85,20.74,13.14,3.22,4.82,0.32,0.0,79.47,9.08,2929218.15,40.41,41.08,0.1,0.0,98.66,58.21,47.38,0,1,0,0,1,1,0,Esc7
480,5.39,17.35,12.97,2.63,4.58,0.31,0.02,78.7,8.35,2898883.23,40.83,40.41,0.09,0.05,98.68,57.03,47.17,0,1,0,0,1,1,0,Esc7
481,5.36,19.72,12.95,2.79,4.64,0.32,0.02,79.46,8.46,2911153.08,40.66,40.66,0.09,0.05,98.67,58.34,48.27,0,1,0,0,1,1,0,Esc7
482,5.59,19.99,13.05,2.94,4.76,0.32,0.0,80.69,9.07,2942948.11,40.22,41.35,0.1,0.0,98.66,57.92,47.65,0,1,0,0,1,1,0,Esc7
483,5.43,18.2,12.94,2.66,4.63,0.32,0.0,79.93,8.63,2920236.13,40.53,40.89,0.09,0.0,98.67,57.67,48.59,0,1,0,0,1,1,0,Esc7
484,5.32,20.57,12.8,2.84,4.58,0.32,0.0,78.81,8.08,2889758.59,40.96,40.27,0.09,0.0,98.68,60.11,49.75,0,1,0,0,1,1,0,Esc7
485,5.58,20.15,13.03,2.96,4.73,0.32,0.02,80.06,8.86,2930800.86,40.38,41.06,0.1,0.05,98.66,57.1,47.62,0,1,0,0,1,1,0,Esc7
486,5.08,16.97,12.71,2.44,4.45,0.32,0.0,79.95,7.92,2897987.34,40.84,40.44,0.09,0.0,98.69,59.01,47.71,0,1,0,0,1,1,0,Esc7
487,5.69,18.99,13.17,2.87,4.79,0.32,0.0,80.18,9.37,2946525.61,40.17,41.42,0.1,0.0,98.65,55.61,46.58,0,1,0,0,1,1,0,Esc7
488,6.05,23.94,13.47,3.4,5.13,0.33,0.12,81.15,10.36,3000777.68,39.44,42.13,0.11,0.35,98.62,54.12,45.33,0,1,0,0,1,1,0,Esc7
489,5.26,18.55,12.73,2.7,4.47,0.31,0.0,77.95,7.7,2867904.74,41.27,39.82,0.09,0.0,98.7,60.47,48.73,0,1,0,0,1,1,0,Esc7
490,5.63,19.18,13.09,2.88,4.76,0.32,0.05,79.6,9.06,2935177.23,40.32,41.04,0.1,0.15,98.66,56.33,47.1,0,1,0,0,1,1,0,Esc7
491,5.81,18.77,13.3,2.83,4.82,0.32,0.0,80.08,9.51,2949801.9,40.12,41.49,0.1,0.0,98.65,55.02,46.16,0,1,0,0,1,1,0,Esc7
492,5.49,20.0,13.07,2.86,4.72,0.32,0.02,80.62,8.85,2936936.48,40.3,41.18,0.1,0.05,98.66,57.93,47.22,0,1,0,0,1,1,0,Esc7
493,5.93,19.15,13.39,2.99,4.91,0.32,0.0,80.75,9.93,2970991.84,39.84,41.9,0.11,0.0,98.64,53.94,44.68,0,1,0,0,1,1,0,Esc7
494,5.1,18.86,12.57,2.61,4.36,0.31,0.0,77.92,7.3,2854973.1,41.46,39.54,0.08,0.0,98.71,62.24,50.32,0,1,0,0,1,1,0,Esc7
495,5.38,20.13,12.78,2.82,4.53,0.31,0.04,78.42,7.94,2884384.95,41.03,40.06,0.09,0.1,98.69,60.76,49.14,0,1,0,0,1,1,0,Esc7
496,5.14,17.04,12.75,2.53,4.49,0.32,0.0,79.63,8.0,2896669.85,40.86,40.41,0.09,0.0,98.68,58.98,48.83,0,1,0,0,1,1,0,Esc7
497,4.9,19.48,12.45,2.45,4.26,0.31,0.04,78.33,6.96,2852062.48,41.5,39.38,0.08,0.11,98.71,62.95,51.48,0,1,0,0,1,1,0,Esc7
498,5.42,19.43,13.11,2.79,4.7,0.32,0.04,80.95,8.86,2942767.15,40.22,41.24,0.1,0.1,98.66,56.38,45.98,0,1,0,0,1,1,0,Esc7
499,5.69,22.76,13.08,3.15,4.79,0.32,0.02,79.77,8.91,2928785.82,40.41,41.02,0.1,0.05,98.66,58.62,47.34,0,1,0,0,1,1,0,Esc7
500,5.49,20.13,12.98,2.84,4.66,0.32,0.0,80.07,8.61,2921181.9,40.52,40.91,0.09,0.0,98.67,58.16,47.17,0,1,0,0,1,1,0,Esc7
501,6.29,20.78,13.76,3.3,5.22,0.33,0.02,81.68,11.26,3025282.98,39.12,42.9,0.12,0.05,98.6,51.7,43.31,0,1,0,0,1,1,0,Esc7
502,4.88,16.53,12.49,2.38,4.31,0.31,0.0,77.68,7.1,2845898.52,41.59,39.35,0.08,0.0,98.71,61.96,50.88,0,1,0,0,1,1,0,Esc7
503,5.73,21.01,13.15,3.01,4.81,0.32,0.02,79.89,9.27,2941937.6,40.23,41.28,0.1,0.05,98.65,56.69,46.95,0,1,0,0,1,1,0,Esc7
504,5.6,18.44,13.13,2.77,4.72,0.32,0.0,79.74,9.0,2929708.22,40.4,41.09,0.1,0.0,98.66,56.02,46.35,0,1,0,0,1,1,0,Esc7
505,5.73,20.49,13.22,2.96,4.82,0.32,0.04,79.7,9.23,2940041.07,40.26,41.19,0.1,0.1,98.65,56.64,46.87,0,1,0,0,1,1,0,Esc7
506,5.42,20.45,12.91,2.84,4.62,0.32,0.05,79.27,8.28,2906469.43,40.72,40.46,0.09,0.15,98.68,59.33,49.76,0,1,0,0,1,1,0,Esc7
507,5.01,16.97,12.75,2.4,4.46,0.32,0.0,79.56,7.92,2893354.58,40.91,40.35,0.09,0.0,98.69,58.1,48.38,0,1,0,0,1,1,0,Esc7
508,5.46,20.55,12.93,2.87,4.67,0.32,0.0,79.69,8.55,2914769.53,40.61,40.78,0.09,0.0,98.67,58.89,49.08,0,1,0,0,1,1,0,Esc7
509,5.91,22.23,13.21,3.17,4.88,0.32,0.02,79.7,9.39,2943208.26,40.21,41.3,0.1,0.05,98.65,57.05,47.06,0,1,0,0,1,1,0,Esc7
510,5.28,16.62,12.9,2.54,4.55,0.32,0.0,79.92,8.32,2910290.6,40.67,40.69,0.09,0.0,98.68,58.2,47.49,0,1,0,0,1,1,0,Esc7
511,5.53,19.61,12.97,2.87,4.68,0.32,0.0,79.5,8.73,2918462.19,40.55,40.86,0.09,0.0,98.67,58.12,48.71,0,1,0,0,1,1,0,Esc7
512,5.14,18.0,12.73,2.6,4.49,0.31,0.0,78.24,7.83,2875284.45,41.16,39.97,0.09,0.0,98.69,59.28,48.94,0,1,0,0,1,1,0,Esc7
513,6.16,21.48,13.49,3.2,5.04,0.32,0.02,80.97,10.39,2989539.96,39.59,42.21,0.11,0.05,98.63,54.23,45.85,0,1,0,0,1,1,0,Esc7
514,5.69,21.14,13.08,3.08,4.79,0.32,0.02,79.57,9.03,2930281.88,40.39,41.05,0.1,0.05,98.66,57.87,47.33,0,1,0,0,1,1,0,Esc7
515,5.26,19.7,12.7,2.85,4.56,0.32,0.02,78.56,7.96,2884960.44,41.03,40.12,0.09,0.05,98.69,60.43,50.69,0,1,0,0,1,1,0,Esc7
516,5.61,21.37,12.98,3.0,4.7,0.32,0.0,79.08,8.63,2910591.8,40.66,40.7,0.09,0.0,98.67,58.91,48.56,0,1,0,0,1,1,0,Esc7
517,5.35,19.16,12.87,2.73,4.58,0.32,0.0,79.39,8.33,2904466.84,40.75,40.57,0.09,0.0,98.68,59.27,49.05,0,1,0,0,1,1,0,Esc7
518,4.94,17.65,12.56,2.49,4.38,0.31,0.02,78.45,7.38,2865310.75,41.31,39.71,0.08,0.05,98.7,61.33,49.83,0,1,0,0,1,1,0,Esc7
519,5.38,18.08,12.99,2.71,4.6,0.32,0.0,79.93,8.4,2912958.07,40.63,40.75,0.09,0.0,98.67,58.57,46.71,0,1,0,0,1,1,0,Esc7
520,5.21,17.07,12.91,2.52,4.57,0.32,0.0,80.22,8.36,2915136.74,40.6,40.79,0.09,0.0,98.67,56.92,47.75,0,1,0,0,1,1,0,Esc7
521,5.53,22.08,13.03,2.96,4.73,0.32,0.09,79.62,8.78,2929887.72,40.4,40.83,0.09,0.26,98.66,57.22,47.29,0,1,0,0,1,1,0,Esc7
522,5.7,19.11,13.3,2.85,4.83,0.32,0.0,80.62,9.51,2955865.31,40.04,41.61,0.1,0.0,98.65,55.44,45.05,0,1,0,0,1,1,0,Esc7
523,4.98,19.22,12.65,2.6,4.47,0.32,0.04,79.82,7.71,2893243.96,40.91,40.24,0.08,0.1,98.69,60.56,49.82,0,1,0,0,1,1,0,Esc7
524,5.14,17.56,12.74,2.52,4.46,0.31,0.0,78.9,7.79,2881639.39,41.07,40.1,0.09,0.0,98.69,59.35,48.93,0,1,0,0,1,1,0,Esc7
525,6.18,20.78,13.48,3.24,5.02,0.32,0.09,80.44,10.16,2982824.39,39.68,41.88,0.11,0.25,98.63,54.9,45.33,0,1,0,0,1,1,0,Esc7
526,5.76,20.25,13.27,3.04,4.91,0.32,0.04,80.5,9.72,2964518.19,39.92,41.68,0.1,0.1,98.64,54.88,46.3,0,1,0,0,1,1,0,Esc7
527,5.74,19.29,13.26,2.9,4.82,0.32,0.0,79.88,9.42,2944659.34,40.19,41.38,0.1,0.0,98.65,55.49,45.48,0,1,0,0,1,1,0,Esc7
528,5.24,17.26,12.81,2.61,4.57,0.32,0.0,80.51,8.32,2917069.52,40.57,40.83,0.09,0.0,98.67,58.4,49.18,0,1,0,0,1,1,0,Esc7
529,5.36,19.23,12.82,2.72,4.57,0.32,0.0,79.75,8.28,2907197.64,40.71,40.63,0.09,0.0,98.68,59.1,49.33,0,1,0,0,1,1,0,Esc7
530,5.17,16.67,12.97,2.42,4.61,0.33,0.0,81.65,8.79,2945233.82,40.19,41.4,0.09,0.0,98.66,55.62,46.03,0,1,0,0,1,1,0,Esc7
531,5.53,20.27,13.02,2.84,4.68,0.32,0.05,79.08,8.66,2916331.76,40.58,40.66,0.09,0.15,98.67,57.45,46.79,0,1,0,0,1,1,0,Esc7
532,5.82,18.23,13.53,2.88,4.99,0.33,0.0,82.57,10.52,3010473.18,39.31,42.67,0.11,0.0,98.62,51.6,42.68,0,1,0,0,1,1,0,Esc7
533,5.48,17.61,12.97,2.7,4.62,0.32,0.0,79.15,8.54,2908358.92,40.7,40.65,0.09,0.0,98.68,57.85,47.6,0,1,0,0,1,1,0,Esc7
534,6.17,22.76,13.46,3.44,5.07,0.32,0.05,80.1,10.11,2974188.27,39.79,41.82,0.11,0.15,98.63,55.86,46.37,0,1,0,0,1,1,0,Esc7
535,6.11,21.92,13.53,3.23,5.1,0.33,0.14,82.02,10.66,3021751.53,39.17,42.48,0.11,0.4,98.61,53.22,44.18,0,1,0,0,1,1,0,Esc7
536,5.19,18.54,12.82,2.63,4.55,0.32,0.0,80.36,8.18,2910858.35,40.66,40.7,0.09,0.0,98.68,58.84,48.46,0,1,0,0,1,1,0,Esc7
537,5.02,19.23,12.6,2.71,4.47,0.32,0.02,79.0,7.57,2877666.98,41.13,39.97,0.08,0.05,98.69,60.81,50.83,0,1,0,0,1,1,0,Esc7
538,5.02,17.27,12.6,2.43,4.35,0.31,0.0,78.2,7.37,2860365.8,41.38,39.66,0.08,0.0,98.71,60.61,50.07,0,1,0,0,1,1,0,Esc7
539,5.27,17.57,12.83,2.59,4.54,0.32,0.0,78.91,8.2,2894836.67,40.89,40.38,0.09,0.0,98.68,58.05,48.44,0,1,0,0,1,1,0,Esc7
540,5.51,19.24,12.93,2.79,4.63,0.32,0.04,78.51,8.49,2902757.05,40.77,40.43,0.09,0.1,98.68,58.21,48.84,0,1,0,0,1,1,0,Esc7
541,4.88,16.8,12.49,2.42,4.29,0.31,0.0,77.63,6.96,2840729.21,41.66,39.24,0.08,0.0,98.72,61.88,50.15,0,1,0,0,1,1,0,Esc7
542,5.27,17.55,12.87,2.56,4.5,0.31,0.02,78.6,7.97,2885496.41,41.02,40.13,0.09,0.05,98.69,59.05,47.46,0,1,0,0,1,1,0,Esc7
543,5.55,18.38,12.92,2.8,4.63,0.32,0.0,79.82,8.56,2916857.43,40.58,40.83,0.09,0.0,98.67,58.88,48.59,0,1,0,0,1,1,0,Esc7
544,5.78,19.92,13.19,3.07,4.87,0.32,0.0,80.37,9.46,2951641.88,40.1,41.52,0.1,0.0,98.65,56.93,47.0,0,1,0,0,1,1,0,Esc7
545,5.99,23.53,13.3,3.44,4.98,0.32,0.05,79.87,9.6,2955317.96,40.05,41.44,0.1,0.15,98.64,57.51,47.8,0,1,0,0,1,1,0,Esc7
546,4.93,17.51,12.49,2.39,4.29,0.31,0.0,78.15,7.09,2850930.28,41.51,39.46,0.08,0.0,98.71,61.04,50.83,0,1,0,0,1,1,0,Esc7
547,5.92,21.74,13.34,3.24,4.95,0.32,0.02,80.33,9.67,2959535.47,39.99,41.63,0.1,0.05,98.64,55.69,46.26,0,1,0,0,1,1,0,Esc7
548,5.81,19.62,13.26,3.04,4.86,0.32,0.0,80.41,9.46,2952093.9,40.09,41.53,0.1,0.0,98.65,56.27,46.21,0,1,0,0,1,1,0,Esc7
549,5.45,19.74,12.94,2.84,4.67,0.32,0.0,79.49,8.62,2915000.46,40.6,40.79,0.09,0.0,98.67,58.2,49.06,0,1,0,0,1,1,0,Esc7
550,5.18,18.88,12.64,2.69,4.49,0.32,0.0,79.13,7.8,2884719.22,41.03,40.17,0.09,0.0,98.69,60.99,50.54,0,1,0,0,1,1,0,Esc7
551,5.74,19.6,13.22,3.04,4.8,0.32,0.02,79.46,9.1,2931196.63,40.38,41.06,0.1,0.05,98.66,57.1,46.1,0,1,0,0,1,1,0,Esc7
552,5.43,21.2,12.89,2.99,4.67,0.32,0.05,79.45,8.46,2914426.51,40.61,40.62,0.09,0.15,98.67,59.07,48.78,0,1,0,0,1,1,0,Esc7
553,6.05,22.35,13.14,3.29,4.83,0.32,0.02,78.73,9.07,2921976.77,40.51,40.88,0.1,0.05,98.66,58.48,48.64,0,1,0,0,1,1,0,Esc7
554,5.22,17.5,12.97,2.62,4.61,0.32,0.02,79.98,8.47,2917631.42,40.57,40.79,0.09,0.05,98.67,57.14,46.88,0,1,0,0,1,1,0,Esc7
555,5.41,16.98,13.0,2.56,4.63,0.32,0.0,80.28,8.82,2930181.51,40.39,41.09,0.1,0.0,98.67,56.67,47.42,0,1,0,0,1,1,0,Esc7
556,5.85,20.67,13.31,3.11,4.93,0.32,0.0,80.92,9.87,2970744.66,39.84,41.9,0.11,0.0,98.64,54.99,46.45,0,1,0,0,1,1,0,Esc7
557,5.3,19.94,12.83,2.9,4.63,0.32,0.07,78.98,8.19,2902109.44,40.78,40.32,0.09,0.21,98.68,59.71,50.05,0,1,0,0,1,1,0,Esc7
558,5.16,18.27,12.84,2.59,4.56,0.32,0.0,80.53,8.31,2916945.1,40.58,40.83,0.09,0.0,98.67,58.3,48.44,0,1,0,0,1,1,0,Esc7
559,5.23,16.92,12.89,2.5,4.57,0.32,0.0,80.24,8.5,2919620.74,40.54,40.88,0.09,0.0,98.67,56.9,47.03,0,1,0,0,1,1,0,Esc7
560,5.42,20.76,13.09,2.92,4.76,0.32,0.05,81.31,8.97,2951908.09,40.09,41.38,0.1,0.15,98.65,57.14,47.18,0,1,0,0,1,1,0,Esc7
561,5.28,18.76,12.81,2.75,4.57,0.32,0.02,79.3,8.09,2897493.09,40.85,40.38,0.09,0.05,98.68,59.47,49.01,0,1,0,0,1,1,0,Esc7
562,5.62,21.78,13.09,2.94,4.76,0.31,0.11,78.66,8.9,2924010.67,40.48,40.66,0.1,0.31,98.66,56.8,47.17,0,1,0,0,1,1,0,Esc7
563,5.46,18.11,13.14,2.77,4.76,0.32,0.0,81.41,9.2,2955353.33,40.05,41.6,0.1,0.0,98.65,56.84,46.51,0,1,0,0,1,1,0,Esc7
564,5.07,16.74,12.59,2.52,4.47,0.32,0.0,79.87,7.85,2894717.33,40.89,40.37,0.09,0.0,98.69,59.8,49.86,0,1,0,0,1,1,0,Esc7
565,5.37,19.39,12.75,2.76,4.54,0.31,0.0,78.33,8.02,2882357.37,41.06,40.12,0.09,0.0,98.69,59.98,49.82,0,1,0,0,1,1,0,Esc7
566,5.75,19.4,13.18,2.91,4.72,0.31,0.0,78.77,8.88,2914730.25,40.61,40.78,0.1,0.0,98.67,57.41,46.67,0,1,0,0,1,1,0,Esc7
567,5.5,19.68,13.01,2.8,4.66,0.32,0.02,79.59,8.67,2919337.5,40.54,40.82,0.09,0.05,98.67,57.1,47.6,0,1,0,0,1,1,0,Esc7
568,4.94,16.2,12.72,2.27,4.46,0.32,0.0,80.22,8.08,2906070.16,40.73,40.61,0.09,0.0,98.68,57.16,47.74,0,1,0,0,1,1,0,Esc7
569,5.85,21.98,13.37,3.23,4.99,0.32,0.02,81.03,9.91,2975132.17,39.78,41.93,0.11,0.05,98.63,54.47,45.81,0,1,0,0,1,1,0,Esc7
570,4.67,15.23,12.27,2.19,4.17,0.31,0.0,77.38,6.61,2826822.79,41.87,38.94,0.07,0.0,98.73,62.83,52.7,0,1,0,0,1,1,0,Esc7
571,5.85,19.32,13.27,3.02,4.89,0.32,0.0,80.71,9.71,2963604.74,39.94,41.76,0.1,0.0,98.64,55.84,45.75,0,1,0,0,1,1,0,Esc7
572,5.2,18.79,12.73,2.58,4.44,0.31,0.02,78.56,7.67,2875810.78,41.16,39.93,0.08,0.05,98.7,59.63,48.41,0,1,0,0,1,1,0,Esc7
573,6.31,22.25,13.63,3.37,5.12,0.32,0.05,80.28,10.48,2987978.2,39.61,42.08,0.11,0.15,98.62,53.88,44.73,0,1,0,0,1,1,0,Esc7
574,5.56,23.19,13.06,3.09,4.72,0.31,0.07,78.32,8.47,2903571.56,40.76,40.35,0.09,0.21,98.67,59.29,47.73,0,1,0,0,1,1,0,Esc7
575,4.98,18.19,12.54,2.52,4.36,0.32,0.0,78.76,7.32,2865257.93,41.31,39.76,0.08,0.0,98.7,61.58,49.95,0,1,0,0,1,1,0,Esc7
576,4.93,16.9,12.59,2.41,4.36,0.31,0.0,78.57,7.34,2863558.63,41.33,39.72,0.08,0.0,98.7,60.82,50.54,0,1,0,0,1,1,0,Esc7
577,5.55,21.15,12.94,2.97,4.69,0.32,0.05,78.67,8.52,2907262.84,40.71,40.48,0.09,0.15,98.67,59.05,48.86,0,1,0,0,1,1,0,Esc7
578,5.13,21.02,12.71,2.74,4.46,0.31,0.02,78.99,7.55,2876819.4,41.14,39.95,0.08,0.05,98.69,62.39,49.29,0,1,0,0,1,1,0,Esc7
579,5.14,19.7,12.63,2.65,4.4,0.31,0.02,78.43,7.42,2866158.0,41.29,39.73,0.08,0.05,98.7,61.96,50.34,0,1,0,0,1,1,0,Esc7
580,5.1,17.71,12.79,2.46,4.51,0.32,0.0,80.28,8.18,2909903.64,40.67,40.68,0.09,0.0,98.68,57.67,48.13,0,1,0,0,1,1,0,Esc7
581,5.49,19.03,13.13,2.79,4.76,0.32,0.0,81.31,9.19,2953892.32,40.07,41.57,0.1,0.0,98.65,56.18,46.26,0,1,0,0,1,1,0,Esc7
582,5.23,18.12,12.8,2.68,4.59,0.32,0.0,79.84,8.34,2909939.72,40.67,40.69,0.09,0.0,98.68,58.72,49.37,0,1,0,0,1,1,0,Esc7
583,4.94,17.1,12.61,2.42,4.37,0.31,0.0,78.59,7.41,2866030.86,41.3,39.78,0.08,0.0,98.7,60.8,49.79,0,1,0,0,1,1,0,Esc7
584,5.33,17.74,13.02,2.55,4.63,0.32,0.0,80.29,8.74,2928010.59,40.42,41.05,0.09,0.0,98.67,56.13,46.61,0,1,0,0,1,1,0,Esc7
585,5.28,21.6,12.96,2.84,4.66,0.32,0.0,80.36,8.51,2921407.82,40.51,40.92,0.09,0.0,98.67,58.05,48.0,0,1,0,0,1,1,0,Esc7
586,5.5,19.58,12.92,2.89,4.68,0.32,0.02,79.09,8.55,2909721.04,40.68,40.63,0.09,0.05,98.67,58.75,49.16,0,1,0,0,1,1,0,Esc7
587,5.09,16.4,12.6,2.46,4.36,0.31,0.0,78.18,7.44,2862362.59,41.35,39.7,0.08,0.0,98.7,60.88,49.97,0,1,0,0,1,1,0,Esc7
588,6.05,21.12,13.43,3.29,5.03,0.32,0.05,80.79,10.04,2979847.45,39.72,41.93,0.11,0.15,98.63,55.99,46.44,0,1,0,0,1,1,0,Esc7
589,5.61,21.2,12.96,3.12,4.78,0.32,0.07,79.32,8.8,2925443.26,40.46,40.79,0.1,0.21,98.66,58.44,49.13,0,1,0,0,1,1,0,Esc7
590,5.79,20.24,13.37,3.06,4.93,0.32,0.04,81.12,9.86,2976388.87,39.77,41.91,0.1,0.1,98.64,54.65,45.1,0,1,0,0,1,1,0,Esc7
591,5.63,22.12,12.99,3.11,4.72,0.31,0.04,78.61,8.48,2903546.42,40.76,40.45,0.09,0.1,98.67,59.55,49.19,0,1,0,0,1,1,0,Esc7
592,5.25,18.37,12.82,2.6,4.52,0.32,0.02,79.57,8.14,2902396.54,40.78,40.48,0.09,0.05,98.68,58.72,48.23,0,1,0,0,1,1,0,Esc7
593,5.44,18.52,13.05,2.74,4.69,0.32,0.0,80.18,8.83,2929436.01,40.4,41.08,0.1,0.0,98.66,57.0,46.46,0,1,0,0,1,1,0,Esc7
594,5.38,20.27,12.85,2.82,4.56,0.32,0.0,79.17,8.15,2896413.62,40.86,40.41,0.09,0.0,98.68,60.15,49.55,0,1,0,0,1,1,0,Esc7
595,5.29,18.2,12.83,2.63,4.53,0.31,0.0,78.39,8.01,2882705.93,41.06,40.12,0.09,0.0,98.69,59.41,49.06,0,1,0,0,1,1,0,Esc7
596,5.64,19.46,12.96,2.88,4.64,0.32,0.02,78.87,8.5,2905556.82,40.73,40.54,0.09,0.05,98.68,59.15,48.59,0,1,0,0,1,1,0,Esc7
597,5.47,19.72,13.1,2.88,4.74,0.32,0.0,79.77,8.91,2927253.44,40.43,41.04,0.1,0.0,98.66,56.97,46.65,0,1,0,0,1,1,0,Esc7
598,5.07,17.37,12.6,2.48,4.4,0.32,0.0,78.76,7.53,2871862.87,41.21,39.9,0.08,0.0,98.7,60.61,50.04,0,1,0,0,1,1,0,Esc7
599,5.16,18.6,12.66,2.54,4.45,0.32,0.0,78.62,7.76,2877694.03,41.13,40.02,0.09,0.0,98.69,59.66,48.97,0,1,0,0,1,1,0,Esc7
600,5.06,16.73,12.68,2.49,4.46,0.32,0.0,79.26,7.76,2884904.13,41.03,40.17,0.09,0.0,98.69,60.31,49.57,0,1,0,0,1,1,0,Esc7
601,5.3,19.68,13.02,2.71,4.71,0.33,0.0,81.2,8.96,2945505.34,40.18,41.4,0.1,0.0,98.66,55.76,47.02,0,1,0,0,1,1,0,Esc7
602,5.69,20.81,13.11,3.04,4.79,0.32,0.0,80.07,9.16,2938499.57,40.28,41.26,0.1,0.0,98.66,57.5,47.88,0,1,0,0,1,1,0,Esc7
603,5.43,18.79,13.02,2.7,4.65,0.32,0.0,80.38,8.7,2927722.13,40.43,41.05,0.09,0.0,98.67,57.78,47.15,0,1,0,0,1,1,0,Esc7
604,5.1,18.85,12.69,2.66,4.47,0.32,0.0,79.53,7.7,2886109.85,41.01,40.2,0.08,0.0,98.69,60.92,49.98,0,1,0,0,1,1,0,Esc7
605,4.9,16.34,12.45,2.39,4.27,0.31,0.0,77.34,6.94,2836781.6,41.72,39.16,0.08,0.0,98.72,62.63,50.62,0,1,0,0,1,1,0,Esc7
606,5.54,17.38,13.2,2.71,4.76,0.32,0.0,80.5,9.29,2947784.84,40.15,41.45,0.1,0.0,98.65,55.12,45.23,0,1,0,0,1,1,0,Esc7
607,5.69,20.68,13.05,2.98,4.71,0.32,0.0,78.84,8.71,2910315.47,40.67,40.69,0.09,0.0,98.67,58.56,48.93,0,1,0,0,1,1,0,Esc7
608,5.57,19.73,13.08,2.92,4.77,0.32,0.02,80.01,9.01,2934812.61,40.33,41.14,0.1,0.05,98.66,56.77,46.84,0,1,0,0,1,1,0,Esc7
609,5.39,18.33,13.15,2.71,4.77,0.32,0.0,80.88,9.27,2951455.92,40.1,41.52,0.1,0.0,98.65,55.06,45.78,0,1,0,0,1,1,0,Esc7
610,5.69,21.39,13.24,3.09,4.86,0.32,0.05,80.53,9.35,2955098.14,40.05,41.44,0.1,0.15,98.65,56.34,45.9,0,1,0,0,1,1,0,Esc7
611,5.49,20.78,13.02,2.84,4.73,0.32,0.04,80.45,8.97,2940180.15,40.25,41.19,0.1,0.1,98.66,56.51,47.13,0,1,0,0,1,1,0,Esc7
612,5.39,19.8,13.03,2.9,4.76,0.32,0.02,80.99,9.03,2946931.82,40.16,41.38,0.1,0.05,98.65,56.78,46.7,0,1,0,0,1,1,0,Esc7
613,5.29,19.2,12.87,2.8,4.6,0.32,0.0,79.5,8.28,2904239.45,40.75,40.57,0.09,0.0,98.68,58.59,48.18,0,1,0,0,1,1,0,Esc7
614,5.61,20.07,13.16,2.92,4.76,0.32,0.02,80.75,9.15,2947703.39,40.15,41.39,0.1,0.05,98.65,56.26,45.44,0,1,0,0,1,1,0,Esc7
615,5.65,19.86,13.1,2.97,4.8,0.32,0.0,80.21,9.22,2942253.03,40.23,41.34,0.1,0.0,98.65,57.12,47.68,0,1,0,0,1,1,0,Esc7
616,5.54,21.35,13.05,2.97,4.74,0.32,0.0,80.28,8.92,2933424.09,40.35,41.16,0.1,0.0,98.66,57.84,47.55,0,1,0,0,1,1,0,Esc7
617,5.18,18.07,12.73,2.55,4.47,0.32,0.0,78.97,7.85,2884567.69,41.03,40.16,0.09,0.0,98.69,60.07,49.42,0,1,0,0,1,1,0,Esc7
618,5.05,18.17,12.67,2.47,4.43,0.32,0.0,78.99,7.75,2881534.57,41.07,40.1,0.09,0.0,98.69,59.57,49.45,0,1,0,0,1,1,0,Esc7
619,5.6,20.44,13.22,3.02,4.86,0.32,0.0,80.92,9.38,2955495.31,40.05,41.6,0.1,0.0,98.65,56.25,47.35,0,1,0,0,1,1,0,Esc7
620,5.42,22.27,12.86,2.97,4.63,0.32,0.02,79.49,8.26,2905106.91,40.74,40.53,0.09,0.05,98.68,60.08,49.61,0,1,0,0,1,1,0,Esc7
621,5.05,18.55,12.67,2.62,4.45,0.32,0.04,79.22,7.59,2882481.48,41.06,40.02,0.08,0.1,98.69,60.85,49.3,0,1,0,0,1,1,0,Esc7
622,5.35,18.54,12.95,2.73,4.66,0.32,0.0,79.42,8.62,2914015.81,40.62,40.77,0.09,0.0,98.67,57.15,46.83,0,1,0,0,1,1,0,Esc7
623,5.55,20.02,12.92,2.87,4.63,0.32,0.0,79.12,8.42,2904316.37,40.75,40.57,0.09,0.0,98.68,59.77,48.95,0,1,0,0,1,1,0,Esc7
624,5.53,19.89,13.08,2.83,4.74,0.32,0.02,79.32,8.96,2925471.54,40.46,40.95,0.1,0.05,98.66,55.58,46.32,0,1,0,0,1,1,0,Esc7
625,5.88,22.84,13.25,3.23,4.89,0.32,0.09,78.91,9.34,2939313.8,40.27,41.02,0.1,0.26,98.65,56.83,47.35,0,1,0,0,1,1,0,Esc7
626,5.34,20.64,12.91,2.85,4.63,0.32,0.04,79.25,8.3,2905255.48,40.74,40.49,0.09,0.1,98.68,59.06,48.85,0,1,0,0,1,1,0,Esc7
627,5.34,19.11,12.72,2.69,4.48,0.32,0.0,78.93,7.84,2883832.53,41.04,40.15,0.09,0.0,98.69,61.01,50.75,0,1,0,0,1,1,0,Esc7
628,5.68,22.04,13.08,3.1,4.81,0.32,0.0,79.9,9.13,2935721.14,40.32,41.21,0.1,0.0,98.66,57.16,47.36,0,1,0,0,1,1,0,Esc7
629,6.02,23.21,13.37,3.31,4.99,0.32,0.05,80.2,9.88,2967946.02,39.88,41.69,0.11,0.15,98.64,55.61,46.83,0,1,0,0,1,1,0,Esc7
630,5.27,16.55,12.97,2.54,4.62,0.32,0.0,80.22,8.64,2923729.84,40.48,40.96,0.09,0.0,98.67,56.73,47.31,0,1,0,0,1,1,0,Esc7
631,5.6,19.63,13.05,2.91,4.76,0.32,0.0,80.43,9.08,2940146.15,40.26,41.29,0.1,0.0,98.66,56.93,48.12,0,1,0,0,1,1,0,Esc7
632,5.46,19.43,12.82,2.79,4.56,0.32,0.04,78.95,8.1,2895508.42,40.88,40.29,0.09,0.1,98.68,60.26,49.3,0,1,0,0,1,1,0,Esc7
633,5.34,17.8,12.97,2.62,4.65,0.32,0.0,80.99,8.8,2937938.27,40.29,41.25,0.09,0.0,98.66,56.65,47.1,0,1,0,0,1,1,0,Esc7
634,5.5,20.34,12.81,2.84,4.56,0.31,0.0,77.96,8.04,2878830.2,41.11,40.04,0.09,0.0,98.69,60.8,49.94,0,1,0,0,1,1,0,Esc7
635,5.69,20.46,13.16,3.01,4.81,0.32,0.04,80.54,9.22,2949165.86,40.13,41.37,0.1,0.1,98.65,56.92,46.77,0,1,0,0,1,1,0,Esc7
636,5.41,20.08,12.77,2.79,4.53,0.31,0.02,77.47,7.96,2872222.22,41.21,39.85,0.09,0.05,98.69,59.79,49.61,0,1,0,0,1,1,0,Esc7
637,5.37,19.56,12.85,2.79,4.66,0.32,0.04,79.79,8.58,2920430.54,40.53,40.8,0.09,0.1,98.67,58.17,49.43,0,1,0,0,1,1,0,Esc7
638,5.82,19.56,13.38,3.01,4.94,0.32,0.0,81.09,9.98,2976384.69,39.77,42.01,0.11,0.0,98.63,54.1,44.63,0,1,0,0,1,1,0,Esc7
639,5.55,19.88,13.12,2.9,4.7,0.31,0.0,79.12,8.74,2914434.6,40.61,40.78,0.1,0.0,98.67,57.52,46.33,0,1,0,0,1,1,0,Esc7
640,5.3,22.81,12.86,2.88,4.59,0.32,0.02,79.32,8.1,2898022.63,40.84,40.39,0.09,0.05,98.68,59.81,48.94,0,1,0,0,1,1,0,Esc7
641,4.96,18.17,12.54,2.48,4.36,0.31,0.04,78.55,7.28,2865178.45,41.31,39.65,0.08,0.1,98.7,61.83,50.94,0,1,0,0,1,1,0,Esc7
642,5.25,18.21,12.84,2.62,4.56,0.32,0.0,79.26,8.31,2902459.15,40.78,40.53,0.09,0.0,98.68,57.93,47.85,0,1,0,0,1,1,0,Esc7
643,5.77,20.6,13.21,3.11,4.9,0.32,0.07,80.14,9.49,2956607.6,40.03,41.42,0.1,0.2,98.65,55.96,47.05,0,1,0,0,1,1,0,Esc7
644,5.03,17.96,12.64,2.53,4.45,0.32,0.0,79.1,7.64,2879408.66,41.1,40.06,0.08,0.0,98.69,60.54,49.65,0,1,0,0,1,1,0,Esc7
645,5.85,21.21,13.23,3.2,4.88,0.32,0.0,79.49,9.33,2937159.97,40.3,41.23,0.1,0.0,98.65,57.44,47.59,0,1,0,0,1,1,0,Esc7
646,4.87,16.64,12.6,2.34,4.34,0.32,0.0,79.53,7.38,2875947.41,41.15,39.98,0.08,0.0,98.7,60.89,49.5,0,1,0,0,1,1,0,Esc7
647,5.7,20.86,13.12,3.02,4.78,0.32,0.07,79.31,8.89,2928091.46,40.42,40.85,0.1,0.2,98.66,57.76,47.58,0,1,0,0,1,1,0,Esc7
648,4.79,16.34,12.36,2.21,4.18,0.31,0.0,77.49,6.64,2829020.69,41.84,38.99,0.07,0.0,98.72,62.38,51.02,0,1,0,0,1,1,0,Esc7
649,6.12,21.78,13.52,3.3,5.06,0.32,0.04,80.83,10.29,2986557.58,39.63,42.11,0.11,0.1,98.63,54.25,45.0,0,1,0,0,1,1,0,Esc7
650,5.82,24.0,13.29,3.13,4.93,0.32,0.11,80.53,9.67,2970101.1,39.85,41.58,0.1,0.3,98.64,55.51,45.98,0,1,0,0,1,1,0,Esc7
651,6.13,22.58,13.43,3.36,5.05,0.32,0.14,80.43,10.05,2984504.24,39.66,41.76,0.11,0.4,98.63,55.39,45.81,0,1,0,0,1,1,0,Esc7
652,4.83,15.87,12.47,2.24,4.25,0.31,0.0,78.33,7.07,2852347.36,41.49,39.49,0.08,0.0,98.71,61.48,50.22,0,1,0,0,1,1,0,Esc7
653,5.75,21.82,13.11,3.12,4.84,0.32,0.09,78.66,9.08,2928265.62,40.42,40.8,0.1,0.26,98.66,56.83,46.9,0,1,0,0,1,1,0,Esc7
654,5.42,19.67,12.86,2.79,4.61,0.32,0.0,79.13,8.4,2903748.2,40.76,40.56,0.09,0.0,98.68,58.71,48.55,0,1,0,0,1,1,0,Esc7
655,5.81,18.92,13.25,2.95,4.84,0.32,0.0,80.0,9.38,2944929.91,40.19,41.39,0.1,0.0,98.65,56.47,46.16,0,1,0,0,1,1,0,Esc7
656,5.2,17.55,12.78,2.5,4.46,0.31,0.0,78.92,7.88,2884973.05,41.03,40.17,0.09,0.0,98.69,58.81,47.82,0,1,0,0,1,1,0,Esc7
657,5.6,19.84,13.02,2.95,4.73,0.32,0.0,79.15,8.79,2916145.83,40.59,40.81,0.1,0.0,98.67,57.62,48.23,0,1,0,0,1,1,0,Esc7
658,5.0,16.8,12.67,2.43,4.4,0.32,0.0,79.14,7.58,2877949.81,41.13,40.03,0.08,0.0,98.7,59.9,49.1,0,1,0,0,1,1,0,Esc7
659,5.73,19.85,13.16,2.91,4.75,0.32,0.0,79.24,8.96,2922862.39,40.49,40.95,0.1,0.0,98.67,56.85,46.87,0,1,0,0,1,1,0,Esc7
660,5.41,17.69,12.95,2.63,4.63,0.32,0.0,79.79,8.68,2920267.4,40.53,40.89,0.09,0.0,98.67,57.0,47.31,0,1,0,0,1,1,0,Esc7
661,5.65,20.63,13.17,2.86,4.75,0.32,0.05,79.46,9.0,2931690.09,40.37,40.97,0.1,0.15,98.66,56.13,46.37,0,1,0,0,1,1,0,Esc7
662,5.35,18.53,12.83,2.67,4.56,0.32,0.07,78.72,8.17,2898510.68,40.83,40.24,0.09,0.21,98.68,58.13,48.44,0,1,0,0,1,1,0,Esc7
663,5.1,17.15,12.8,2.49,4.53,0.32,0.0,79.65,8.19,2903155.11,40.77,40.55,0.09,0.0,98.68,57.79,48.05,0,1,0,0,1,1,0,Esc7
664,5.27,20.58,12.88,2.72,4.6,0.32,0.0,79.67,8.31,2907088.96,40.71,40.63,0.09,0.0,98.68,58.32,47.75,0,1,0,0,1,1,0,Esc7
665,6.1,23.46,13.33,3.33,4.9,0.31,0.02,78.21,9.36,2925131.43,40.46,40.94,0.1,0.05,98.66,57.11,46.19,0,1,0,0,1,1,0,Esc7
666,5.18,17.49,12.56,2.61,4.39,0.31,0.0,77.5,7.45,2854903.67,41.46,39.54,0.08,0.0,98.71,61.67,50.66,0,1,0,0,1,1,0,Esc7
667,5.82,21.47,13.2,3.19,4.83,0.32,0.0,79.77,9.14,2934643.27,40.33,41.18,0.1,0.0,98.66,57.82,47.15,0,1,0,0,1,1,0,Esc7
668,5.32,18.53,12.9,2.69,4.61,0.32,0.04,80.65,8.5,2927895.42,40.42,40.95,0.09,0.1,98.67,58.24,47.79,0,1,0,0,1,1,0,Esc7
669,5.54,17.91,12.98,2.81,4.64,0.32,0.0,79.08,8.51,2906584.48,40.72,40.62,0.09,0.0,98.68,59.08,47.63,0,1,0,0,1,1,0,Esc7
670,5.22,18.65,12.66,2.72,4.46,0.31,0.0,77.99,7.66,2867114.99,41.28,39.8,0.08,0.0,98.7,60.29,50.23,0,1,0,0,1,1,0,Esc7
671,5.75,18.63,13.22,2.89,4.85,0.33,0.0,81.12,9.68,2967249.58,39.89,41.83,0.1,0.0,98.64,55.41,46.72,0,1,0,0,1,1,0,Esc7
672,5.38,17.8,12.84,2.69,4.53,0.31,0.0,77.92,8.04,2878418.96,41.12,40.04,0.09,0.0,98.69,59.29,48.9,0,1,0,0,1,1,0,Esc7
673,5.55,19.5,13.05,2.87,4.75,0.32,0.02,80.19,9.0,2936618.61,40.3,41.17,0.1,0.05,98.66,56.48,47.82,0,1,0,0,1,1,0,Esc7
674,4.8,16.85,12.25,2.41,4.19,0.31,0.02,76.48,6.51,2814948.37,42.05,38.63,0.07,0.05,98.73,64.45,53.42,0,1,0,0,1,1,0,Esc7
675,4.93,18.11,12.59,2.41,4.35,0.31,0.0,78.48,7.29,2860971.35,41.37,39.67,0.08,0.0,98.7,61.57,50.18,0,1,0,0,1,1,0,Esc7
676,5.92,21.79,13.25,3.18,4.89,0.32,0.0,79.68,9.42,2942539.07,40.22,41.34,0.1,0.0,98.65,56.39,46.82,0,1,0,0,1,1,0,Esc7
677,5.15,17.25,12.73,2.54,4.46,0.32,0.0,79.78,7.82,2892843.17,40.91,40.33,0.09,0.0,98.69,60.25,49.05,0,1,0,0,1,1,0,Esc7
678,5.48,20.3,13.01,2.77,4.65,0.32,0.0,79.82,8.63,2919078.48,40.55,40.87,0.09,0.0,98.67,57.78,47.76,0,1,0,0,1,1,0,Esc7
679,5.01,17.12,12.54,2.47,4.38,0.32,0.0,78.69,7.41,2867302.17,41.28,39.8,0.08,0.0,98.7,61.22,50.48,0,1,0,0,1,1,0,Esc7
680,5.66,18.21,13.15,2.83,4.74,0.32,0.0,79.88,9.05,2933031.17,40.35,41.15,0.1,0.0,98.66,56.71,45.96,0,1,0,0,1,1,0,Esc7
681,5.49,19.16,12.95,2.84,4.66,0.32,0.0,79.25,8.58,2910780.93,40.66,40.7,0.09,0.0,98.67,58.66,48.17,0,1,0,0,1,1,0,Esc7
682,5.69,18.73,13.12,2.94,4.79,0.32,0.0,79.73,9.18,2935443.54,40.32,41.2,0.1,0.0,98.66,57.25,48.16,0,1,0,0,1,1,0,Esc7
683,4.88,16.33,12.56,2.33,4.36,0.32,0.0,78.96,7.42,2870602.35,41.23,39.87,0.08,0.0,98.7,60.11,50.01,0,1,0,0,1,1,0,Esc7
684,5.19,21.46,12.68,2.74,4.48,0.31,0.02,78.09,7.68,2870587.63,41.23,39.82,0.08,0.05,98.7,60.77,50.08,0,1,0,0,1,1,0,Esc7
685,5.62,19.73,13.1,2.89,4.76,0.32,0.02,79.66,9.05,2932103.32,40.37,41.08,0.1,0.05,98.66,56.59,46.37,0,1,0,0,1,1,0,Esc7
686,5.12,18.59,12.67,2.6,4.47,0.32,0.0,78.48,7.79,2876864.26,41.14,40.0,0.09,0.0,98.69,59.54,49.93,0,1,0,0,1,1,0,Esc7
687,6.01,23.39,13.24,3.56,4.93,0.32,0.02,79.45,9.23,2935380.98,40.32,41.15,0.1,0.05,98.65,58.86,47.58,0,1,0,0,1,1,0,Esc7
688,5.19,18.26,12.83,2.58,4.53,0.32,0.0,79.63,8.2,2903043.29,40.77,40.54,0.09,0.0,98.68,57.89,47.9,0,1,0,0,1,1,0,Esc7
689,5.12,16.41,12.75,2.52,4.45,0.31,0.0,78.49,7.75,2875788.48,41.16,39.98,0.09,0.0,98.7,59.21,48.91,0,1,0,0,1,1,0,Esc7
690,5.59,19.44,13.13,2.81,4.77,0.32,0.0,79.41,9.21,2932628.36,40.36,41.14,0.1,0.0,98.66,55.39,46.21,0,1,0,0,1,1,0,Esc7
691,6.18,19.76,13.8,3.13,5.15,0.33,0.02,82.01,11.12,3024712.32,39.13,42.89,0.12,0.05,98.61,51.17,42.7,0,1,0,0,1,1,0,Esc7
692,5.32,18.58,12.99,2.57,4.65,0.33,0.0,81.4,8.91,2946036.39,40.17,41.41,0.1,0.0,98.66,56.14,46.73,0,1,0,0,1,1,0,Esc7
693,5.65,22.14,13.15,3.0,4.78,0.32,0.02,80.57,9.06,2942824.73,40.22,41.3,0.1,0.05,98.66,57.46,46.86,0,1,0,0,1,1,0,Esc7
694,5.48,18.92,13.08,2.75,4.73,0.32,0.0,80.04,9.02,2934029.16,40.34,41.17,0.1,0.0,98.66,56.09,47.74,0,1,0,0,1,1,0,Esc7
695,4.86,20.09,12.54,2.54,4.4,0.32,0.0,78.9,7.43,2870387.26,41.23,39.87,0.08,0.0,98.7,61.14,50.53,0,1,0,0,1,1,0,Esc7
696,5.39,20.42,12.93,2.81,4.64,0.32,0.02,79.85,8.49,2916599.41,40.58,40.77,0.09,0.05,98.67,58.38,48.58,0,1,0,0,1,1,0,Esc7
697,5.46,20.35,12.98,2.79,4.68,0.32,0.05,79.81,8.75,2927592.47,40.43,40.89,0.09,0.15,98.66,57.19,47.71,0,1,0,0,1,1,0,Esc7
698,5.28,19.65,12.7,2.71,4.47,0.31,0.04,78.22,7.7,2874480.77,41.17,39.85,0.08,0.1,98.7,60.71,50.38,0,1,0,0,1,1,0,Esc7
699,5.64,20.65,12.99,3.01,4.75,0.32,0.07,79.55,8.85,2929588.69,40.4,40.88,0.1,0.2,98.66,58.01,48.32,0,1,0,0,1,1,0,Esc7
700,5.16,19.51,12.75,2.7,4.48,0.32,0.02,79.11,7.76,2884981.08,41.02,40.12,0.09,0.05,98.69,60.5,49.48,0,1,0,0,1,1,0,Esc7
701,5.93,20.96,13.35,3.05,4.96,0.32,0.05,80.7,9.98,2976728.28,39.76,41.86,0.11,0.15,98.63,54.3,45.61,0,1,0,0,1,1,0,Esc7
702,5.41,19.87,13.08,2.78,4.7,0.32,0.0,80.81,8.86,2937787.71,40.29,41.25,0.1,0.0,98.66,56.58,46.41,0,1,0,0,1,1,0,Esc7
703,5.93,22.61,13.27,3.32,4.9,0.32,0.04,79.9,9.36,2946183.03,40.17,41.31,0.1,0.1,98.65,57.82,46.66,0,1,0,0,1,1,0,Esc7
704,5.55,23.42,13.05,3.01,4.73,0.32,0.05,79.66,8.69,2924105.97,40.48,40.82,0.09,0.15,98.67,57.85,47.56,0,1,0,0,1,1,0,Esc7
705,5.27,18.65,12.84,2.67,4.57,0.32,0.02,79.34,8.21,2901769.31,40.79,40.47,0.09,0.05,98.68,58.21,48.82,0,1,0,0,1,1,0,Esc7
706,5.26,19.71,12.87,2.73,4.6,0.32,0.0,80.32,8.35,2915654.09,40.59,40.8,0.09,0.0,98.67,58.37,48.02,0,1,0,0,1,1,0,Esc7
707,5.13,16.28,12.79,2.39,4.46,0.32,0.0,79.52,8.0,2895546.7,40.88,40.39,0.09,0.0,98.69,58.59,48.55,0,1,0,0,1,1,0,Esc7
708,5.39,20.13,12.76,2.85,4.55,0.32,0.0,78.95,8.0,2889012.22,40.97,40.26,0.09,0.0,98.69,60.5,50.24,0,1,0,0,1,1,0,Esc7
709,5.5,19.81,13.02,2.87,4.7,0.32,0.02,79.82,8.74,2924209.24,40.47,40.92,0.09,0.05,98.67,57.55,48.13,0,1,0,0,1,1,0,Esc7
710,5.61,19.6,12.97,2.8,4.64,0.32,0.0,79.42,8.56,2912066.01,40.64,40.73,0.09,0.0,98.67,58.37,48.1,0,1,0,0,1,1,0,Esc7
711,5.27,20.42,12.94,2.74,4.6,0.32,0.02,79.63,8.31,2908227.59,40.7,40.6,0.09,0.05,98.68,59.53,48.41,0,1,0,0,1,1,0,Esc7
712,5.57,18.46,13.12,2.74,4.7,0.32,0.0,80.56,9.01,2939344.66,40.27,41.28,0.1,0.0,98.66,56.81,46.49,0,1,0,0,1,1,0,Esc7
713,5.41,17.72,12.95,2.69,4.64,0.32,0.0,80.09,8.62,2921623.69,40.51,40.92,0.09,0.0,98.67,57.78,47.85,0,1,0,0,1,1,0,Esc7
714,5.26,20.53,12.82,2.75,4.59,0.32,0.0,79.99,8.24,2908595.66,40.69,40.66,0.09,0.0,98.68,59.23,48.79,0,1,0,0,1,1,0,Esc7
715,5.55,18.16,13.1,2.71,4.71,0.32,0.0,80.5,9.08,2941060.58,40.24,41.31,0.1,0.0,98.66,55.8,46.92,0,1,0,0,1,1,0,Esc7
716,5.72,18.51,13.17,2.88,4.79,0.32,0.0,80.48,9.33,2948700.94,40.14,41.46,0.1,0.0,98.65,56.06,45.86,0,1,0,0,1,1,0,Esc7
717,5.27,19.64,12.83,2.59,4.47,0.31,0.0,78.88,7.85,2883463.38,41.05,40.14,0.09,0.0,98.69,58.95,48.03,0,1,0,0,1,1,0,Esc7
718,5.42,17.59,12.9,2.69,4.6,0.32,0.02,80.2,8.43,2918685.98,40.55,40.81,0.09,0.05,98.67,58.75,48.32,0,1,0,0,1,1,0,Esc7
719,5.08,22.2,12.5,2.77,4.4,0.31,0.07,76.91,7.14,2844965.59,41.6,39.12,0.08,0.21,98.71,63.41,51.95,0,1,0,0,1,1,0,Esc7
720,5.49,24.59,12.82,3.22,4.73,0.32,0.09,79.83,8.42,2920810.81,40.52,40.65,0.09,0.26,98.67,60.88,50.73,0,1,0,0,1,1,0,Esc7
721,5.35,17.64,12.99,2.64,4.62,0.32,0.0,80.1,8.57,2920241.35,40.53,40.89,0.09,0.0,98.67,57.92,47.79,0,1,0,0,1,1,0,Esc7
722,5.83,20.13,13.13,3.11,4.79,0.31,0.06,78.36,8.96,2917684.98,40.57,40.69,0.1,0.15,98.67,58.06,48.57,0,1,0,0,1,1,0,Esc7
723,5.79,20.15,13.39,3.05,4.96,0.33,0.0,81.26,10.05,2980573.32,39.71,42.09,0.11,0.0,98.63,54.61,45.62,0,1,0,0,1,1,0,Esc7
724,5.34,18.64,12.89,2.68,4.61,0.32,0.0,80.15,8.48,2918000.03,40.56,40.85,0.09,0.0,98.67,58.6,48.7,0,1,0,0,1,1,0,Esc7
725,5.32,19.36,12.84,2.75,4.62,0.32,0.02,80.21,8.46,2919775.81,40.54,40.83,0.09,0.05,98.67,58.06,48.47,0,1,0,0,1,1,0,Esc7
726,5.39,17.41,13.02,2.62,4.64,0.32,0.0,80.31,8.77,2929139.43,40.41,41.07,0.09,0.0,98.67,55.91,46.28,0,1,0,0,1,1,0,Esc7
727,5.15,19.75,12.57,2.59,4.36,0.31,0.02,77.84,7.33,2856664.76,41.43,39.53,0.08,0.05,98.71,61.61,50.91,0,1,0,0,1,1,0,Esc7
728,5.65,19.32,13.0,2.9,4.68,0.32,0.0,78.71,8.62,2905979.77,40.73,40.6,0.09,0.0,98.67,58.6,47.53,0,1,0,0,1,1,0,Esc7
729,4.91,16.74,12.61,2.41,4.42,0.32,0.0,79.7,7.68,2887516.63,40.99,40.22,0.08,0.0,98.69,59.57,48.68,0,1,0,0,1,1,0,Esc7
730,5.28,18.12,12.72,2.62,4.5,0.32,0.0,78.89,7.93,2886056.01,41.01,40.19,0.09,0.0,98.69,59.69,50.0,0,1,0,0,1,1,0,Esc7
731,5.61,19.54,13.02,2.84,4.69,0.32,0.0,79.45,8.81,2920483.21,40.53,40.9,0.1,0.0,98.67,57.44,48.05,0,1,0,0,1,1,0,Esc7
732,5.53,18.45,13.0,2.84,4.7,0.32,0.0,80.47,8.87,2934139.22,40.34,41.17,0.1,0.0,98.66,58.08,47.53,0,1,0,0,1,1,0,Esc7
733,5.01,17.79,12.59,2.51,4.39,0.31,0.0,77.79,7.39,2856165.88,41.44,39.57,0.08,0.0,98.71,61.14,50.32,0,1,0,0,1,1,0,Esc7
734,5.35,20.01,12.84,2.85,4.63,0.32,0.0,79.54,8.32,2905996.67,40.73,40.6,0.09,0.0,98.68,59.58,49.8,0,1,0,0,1,1,0,Esc7
735,5.26,19.54,12.72,2.78,4.51,0.32,0.0,79.41,7.9,2891012.54,40.94,40.3,0.09,0.0,98.69,60.36,50.04,0,1,0,0,1,1,0,Esc7
736,5.79,19.99,13.15,2.96,4.82,0.32,0.0,79.49,9.31,2936586.45,40.3,41.22,0.1,0.0,98.66,56.22,46.41,0,1,0,0,1,1,0,Esc7
737,5.13,18.39,12.66,2.62,4.52,0.32,0.0,79.1,7.94,2888887.57,40.97,40.25,0.09,0.0,98.69,59.49,50.27,0,1,0,0,1,1,0,Esc7
738,5.52,20.35,13.03,2.87,4.73,0.32,0.02,80.06,8.93,2932810.82,40.36,41.1,0.1,0.05,98.66,57.16,48.13,0,1,0,0,1,1,0,Esc7
739,5.49,17.93,13.13,2.64,4.67,0.32,0.0,79.17,8.87,2919126.82,40.55,40.87,0.1,0.0,98.67,55.87,45.93,0,1,0,0,1,1,0,Esc7
740,5.44,16.27,13.02,2.52,4.62,0.32,0.0,80.58,8.81,2933274.03,40.35,41.16,0.1,0.0,98.66,56.68,46.59,0,1,0,0,1,1,0,Esc7
741,5.22,20.83,12.67,2.79,4.46,0.31,0.0,78.0,7.48,2861543.94,41.36,39.68,0.08,0.0,98.7,62.03,50.99,0,1,0,0,1,1,0,Esc7
742,5.11,17.99,12.73,2.53,4.49,0.32,0.0,78.78,7.93,2884741.66,41.03,40.17,0.09,0.0,98.69,58.79,49.05,0,1,0,0,1,1,0,Esc7
743,6.73,21.95,13.91,3.61,5.32,0.32,0.02,81.07,11.53,3026880.85,39.1,42.93,0.12,0.05,98.6,53.1,43.93,0,1,0,0,1,1,0,Esc7
744,5.12,17.9,12.68,2.64,4.45,0.31,0.0,78.51,7.58,2870692.32,41.23,39.87,0.08,0.0,98.7,60.84,50.0,0,1,0,0,1,1,0,Esc7
745,5.48,20.71,13.02,2.82,4.68,0.32,0.02,80.19,8.71,2927527.43,40.43,40.99,0.09,0.05,98.66,57.73,47.27,0,1,0,0,1,1,0,Esc7
746,5.39,18.25,12.95,2.72,4.63,0.32,0.0,79.47,8.48,2910266.81,40.67,40.69,0.09,0.0,98.67,57.85,47.29,0,1,0,0,1,1,0,Esc7
747,5.5,19.44,13.12,2.72,4.73,0.32,0.0,81.31,9.19,2953829.26,40.07,41.57,0.1,0.0,98.65,55.57,45.42,0,1,0,0,1,1,0,Esc7
748,5.44,18.69,12.85,2.82,4.6,0.32,0.05,79.1,8.24,2903203.8,40.77,40.39,0.09,0.16,98.68,59.85,48.97,0,1,0,0,1,1,0,Esc7
749,5.6,19.85,13.14,2.9,4.77,0.32,0.02,80.84,9.19,2950094.29,40.12,41.44,0.1,0.05,98.65,56.65,46.21,0,1,0,0,1,1,0,Esc7
750,5.13,18.92,12.64,2.64,4.48,0.32,0.0,78.96,7.76,2881554.89,41.07,40.1,0.09,0.0,98.69,60.6,50.23,0,1,0,0,1,1,0,Esc7
751,5.33,20.94,12.95,2.85,4.69,0.32,0.04,80.67,8.72,2935039.63,40.33,41.09,0.09,0.1,98.66,58.09,48.55,0,1,0,0,1,1,0,Esc7
752,5.07,16.93,12.74,2.43,4.46,0.32,0.0,79.66,7.93,2895061.96,40.88,40.38,0.09,0.0,98.69,58.79,48.42,0,1,0,0,1,1,0,Esc7
753,6.16,22.7,13.54,3.37,5.12,0.32,0.16,80.26,10.38,2994680.63,39.52,41.91,0.11,0.45,98.62,53.63,44.55,0,1,0,0,1,1,0,Esc7
754,5.54,18.52,13.22,2.78,4.81,0.33,0.0,81.3,9.52,2964214.15,39.93,41.77,0.1,0.0,98.64,54.29,45.48,0,1,0,0,1,1,0,Esc7
755,5.48,18.45,13.15,2.72,4.73,0.32,0.0,80.89,9.11,2946584.19,40.17,41.42,0.1,0.0,98.65,55.7,45.3,0,1,0,0,1,1,0,Esc7
756,5.68,21.49,13.09,3.01,4.77,0.32,0.05,79.51,8.96,2930852.58,40.38,40.95,0.1,0.15,98.66,58.06,47.92,0,1,0,0,1,1,0,Esc7
757,5.63,19.63,13.02,3.0,4.73,0.32,0.02,78.92,8.75,2914089.14,40.62,40.72,0.1,0.05,98.67,58.74,48.16,0,1,0,0,1,1,0,Esc7
758,5.19,18.94,12.89,2.61,4.54,0.32,0.0,79.9,8.1,2903106.02,40.77,40.55,0.09,0.0,98.68,58.59,48.5,0,1,0,0,1,1,0,Esc7
759,5.05,17.21,12.7,2.41,4.43,0.32,0.0,79.46,7.8,2888526.67,40.97,40.25,0.09,0.0,98.69,59.65,49.6,0,1,0,0,1,1,0,Esc7
760,5.21,17.4,12.77,2.54,4.52,0.32,0.0,79.08,8.05,2892180.51,40.92,40.32,0.09,0.0,98.69,58.6,49.68,0,1,0,0,1,1,0,Esc7
761,5.38,20.56,12.86,2.83,4.61,0.32,0.02,79.5,8.27,2905583.67,40.73,40.54,0.09,0.05,98.68,59.66,48.63,0,1,0,0,1,1,0,Esc7
762,4.84,16.38,12.57,2.34,4.37,0.32,0.0,79.39,7.49,2877834.64,41.13,40.02,0.08,0.0,98.7,60.0,49.62,0,1,0,0,1,1,0,Esc7
763,5.62,19.29,13.02,2.94,4.73,0.32,0.0,79.55,8.85,2922974.99,40.49,40.95,0.1,0.0,98.67,58.28,48.06,0,1,0,0,1,1,0,Esc7
764,5.53,18.19,13.15,2.79,4.76,0.32,0.0,80.97,9.27,2952329.9,40.09,41.54,0.1,0.0,98.65,56.43,46.13,0,1,0,0,1,1,0,Esc7
765,5.71,19.64,13.17,3.01,4.83,0.32,0.02,80.31,9.3,2947579.29,40.15,41.39,0.1,0.05,98.65,56.33,46.47,0,1,0,0,1,1,0,Esc7
766,5.77,23.12,13.23,3.14,4.86,0.32,0.02,80.67,9.33,2952720.98,40.08,41.49,0.1,0.05,98.65,56.63,46.02,0,1,0,0,1,1,0,Esc7
767,5.32,17.09,12.92,2.56,4.57,0.31,0.0,78.67,8.31,2895635.7,40.87,40.39,0.09,0.0,98.68,57.47,47.59,0,1,0,0,1,1,0,Esc7
768,5.38,18.52,12.91,2.83,4.65,0.32,0.0,79.72,8.52,2914449.78,40.61,40.78,0.09,0.0,98.67,58.82,48.18,0,1,0,0,1,1,0,Esc7
769,5.72,20.92,13.24,3.0,4.83,0.32,0.0,80.7,9.49,2956243.94,40.04,41.61,0.1,0.0,98.65,56.06,45.31,0,1,0,0,1,1,0,Esc7
770,5.18,18.54,12.61,2.67,4.43,0.32,0.0,78.64,7.54,2870824.36,41.23,39.88,0.08,0.0,98.7,61.63,51.37,0,1,0,0,1,1,0,Esc7
771,5.37,21.02,12.83,2.85,4.59,0.31,0.06,78.55,8.11,2892763.49,40.91,40.18,0.09,0.16,98.68,59.73,49.02,0,1,0,0,1,1,0,Esc7
772,5.93,20.71,13.33,3.16,4.92,0.32,0.0,80.73,9.72,2963864.89,39.93,41.76,0.1,0.0,98.64,56.17,45.71,0,1,0,0,1,1,0,Esc7
773,5.57,19.93,13.08,2.89,4.75,0.32,0.0,80.3,9.04,2937348.02,40.29,41.24,0.1,0.0,98.66,57.24,47.61,0,1,0,0,1,1,0,Esc7
774,5.13,18.47,12.85,2.46,4.5,0.32,0.0,80.1,8.13,2906329.84,40.72,40.61,0.09,0.0,98.68,57.37,46.94,0,1,0,0,1,1,0,Esc7
775,5.76,20.42,13.24,2.93,4.84,0.32,0.02,80.1,9.49,2951154.73,40.11,41.46,0.1,0.05,98.65,56.01,46.02,0,1,0,0,1,1,0,Esc7
776,5.29,19.33,12.68,2.66,4.42,0.31,0.06,77.39,7.48,2859643.17,41.39,39.48,0.08,0.16,98.7,61.54,49.27,0,1,0,0,1,1,0,Esc7
777,5.55,18.47,13.13,2.8,4.76,0.32,0.0,80.44,9.12,2941582.24,40.24,41.32,0.1,0.0,98.66,56.44,46.15,0,1,0,0,1,1,0,Esc7
778,5.87,20.2,13.21,3.04,4.81,0.32,0.02,79.03,9.21,2929846.46,40.4,41.04,0.1,0.05,98.66,56.23,46.35,0,1,0,0,1,1,0,Esc7
779,5.74,19.87,13.08,2.97,4.79,0.32,0.0,79.61,9.17,2933758.69,40.34,41.17,0.1,0.0,98.66,56.64,47.33,0,1,0,0,1,1,0,Esc7
780,5.8,20.3,13.12,3.08,4.81,0.32,0.02,79.66,9.11,2933822.52,40.34,41.12,0.1,0.05,98.66,58.1,47.72,0,1,0,0,1,1,0,Esc7
781,5.67,20.62,13.25,2.92,4.81,0.32,0.0,80.24,9.27,2944094.99,40.2,41.37,0.1,0.0,98.65,55.51,45.23,0,1,0,0,1,1,0,Esc7
782,5.61,19.82,13.16,2.86,4.8,0.32,0.0,80.63,9.36,2951447.48,40.1,41.52,0.1,0.0,98.65,55.36,46.88,0,1,0,0,1,1,0,Esc7
783,5.67,19.83,13.08,2.94,4.73,0.31,0.0,78.51,8.78,2908628.01,40.69,40.66,0.1,0.0,98.67,57.45,47.97,0,1,0,0,1,1,0,Esc7
784,5.49,18.99,13.0,2.82,4.71,0.32,0.0,80.31,8.87,2932300.94,40.36,41.14,0.1,0.0,98.66,57.2,48.4,0,1,0,0,1,1,0,Esc7
785,5.55,22.27,13.11,3.0,4.79,0.32,0.02,80.6,9.04,2942723.63,40.22,41.29,0.1,0.05,98.65,56.94,47.31,0,1,0,0,1,1,0,Esc7
786,5.55,18.39,13.15,2.78,4.74,0.32,0.02,80.36,9.05,2939953.23,40.26,41.24,0.1,0.05,98.66,56.73,45.77,0,1,0,0,1,1,0,Esc7
787,5.8,22.3,13.11,3.12,4.8,0.32,0.04,80.01,9.04,2937490.55,40.29,41.14,0.1,0.1,98.66,58.08,48.17,0,1,0,0,1,1,0,Esc7
788,5.57,18.65,13.08,2.82,4.69,0.32,0.0,79.97,8.8,2926242.58,40.45,41.02,0.1,0.0,98.67,57.47,47.17,0,1,0,0,1,1,0,Esc7
789,6.08,18.97,13.56,3.05,4.98,0.32,0.0,80.48,10.11,2973566.92,39.8,41.95,0.11,0.0,98.63,53.78,44.14,0,1,0,0,1,1,0,Esc7
790,4.95,17.34,12.53,2.44,4.37,0.32,0.0,79.2,7.47,2875044.93,41.17,39.97,0.08,0.0,98.7,60.52,49.54,0,1,0,0,1,1,0,Esc7
791,5.05,17.66,12.6,2.43,4.33,0.31,0.0,78.43,7.29,2860420.99,41.38,39.66,0.08,0.0,98.71,61.36,49.64,0,1,0,0,1,1,0,Esc7
792,6.06,21.92,13.37,3.36,4.96,0.32,0.05,79.98,9.64,2957825.17,40.01,41.49,0.1,0.15,98.64,57.36,45.96,0,1,0,0,1,1,0,Esc7
793,5.56,20.66,13.15,2.9,4.79,0.32,0.0,80.32,9.16,2941600.94,40.24,41.32,0.1,0.0,98.66,56.0,46.56,0,1,0,0,1,1,0,Esc7
794,5.24,16.95,12.87,2.58,4.57,0.32,0.0,79.87,8.34,2910381.55,40.67,40.69,0.09,0.0,98.68,57.73,47.71,0,1,0,0,1,1,0,Esc7
795,5.23,17.47,12.95,2.5,4.54,0.32,0.0,80.05,8.33,2912285.11,40.64,40.73,0.09,0.0,98.68,57.86,46.25,0,1,0,0,1,1,0,Esc7
796,5.77,20.26,13.2,3.01,4.83,0.32,0.0,80.89,9.38,2954997.19,40.05,41.59,0.1,0.0,98.65,56.7,46.35,0,1,0,0,1,1,0,Esc7
797,4.93,16.17,12.54,2.46,4.38,0.32,0.0,78.62,7.38,2865421.59,41.3,39.76,0.08,0.0,98.7,61.39,50.68,0,1,0,0,1,1,0,Esc7
798,5.09,22.38,12.69,2.64,4.46,0.31,0.02,78.74,7.63,2876606.69,41.14,39.95,0.08,0.05,98.69,60.25,49.58,0,1,0,0,1,1,0,Esc7
799,5.09,16.92,12.63,2.51,4.45,0.32,0.0,79.14,7.78,2884176.85,41.04,40.16,0.09,0.0,98.69,60.35,50.74,0,1,0,0,1,1,0,Esc7
800,5.48,20.27,12.98,2.86,4.67,0.32,0.0,78.98,8.63,2909211.84,40.68,40.67,0.09,0.0,98.67,57.57,48.32,0,1,0,0,1,1,0,Esc7
801,5.56,20.95,13.06,2.92,4.79,0.32,0.04,80.34,9.21,2946894.95,40.16,41.33,0.1,0.1,98.65,55.97,47.32,0,1,0,0,1,1,0,Esc7
802,5.6,19.33,12.98,2.88,4.65,0.32,0.07,79.35,8.55,2917708.2,40.56,40.64,0.09,0.21,98.67,58.75,48.39,0,1,0,0,1,1,0,Esc7
803,5.16,17.24,12.77,2.52,4.47,0.32,0.0,79.08,7.9,2887383.0,40.99,40.22,0.09,0.0,98.69,59.4,48.65,0,1,0,0,1,1,0,Esc7
804,5.57,21.21,13.04,3.01,4.77,0.32,0.02,80.37,8.92,2936122.91,40.31,41.16,0.1,0.05,98.66,57.74,47.52,0,1,0,0,1,1,0,Esc7
805,5.22,18.89,12.65,2.63,4.42,0.31,0.0,78.36,7.62,2870019.06,41.24,39.86,0.08,0.0,98.7,61.07,50.14,0,1,0,0,1,1,0,Esc7
806,5.33,17.83,12.95,2.63,4.59,0.32,0.0,80.19,8.48,2918372.03,40.56,40.86,0.09,0.0,98.67,57.48,47.3,0,1,0,0,1,1,0,Esc7
807,5.36,18.27,12.88,2.76,4.62,0.32,0.0,79.65,8.41,2909962.13,40.67,40.69,0.09,0.0,98.67,58.91,48.6,0,1,0,0,1,1,0,Esc7
808,5.05,19.08,12.56,2.58,4.42,0.31,0.0,78.09,7.54,2864458.81,41.32,39.74,0.08,0.0,98.7,60.32,50.49,0,1,0,0,1,1,0,Esc7
809,5.5,17.25,13.04,2.7,4.67,0.32,0.0,80.12,8.82,2928275.2,40.42,41.06,0.1,0.0,98.66,56.94,46.19,0,1,0,0,1,1,0,Esc7
810,5.64,21.3,13.16,2.97,4.79,0.32,0.04,80.46,9.16,2946430.46,40.17,41.32,0.1,0.1,98.65,56.0,46.4,0,1,0,0,1,1,0,Esc7
811,5.15,20.36,12.66,2.8,4.51,0.32,0.02,78.67,7.7,2877917.08,41.13,39.97,0.08,0.05,98.69,61.42,50.88,0,1,0,0,1,1,0,Esc7
812,5.46,19.86,13.01,2.86,4.68,0.32,0.0,79.59,8.58,2914581.35,40.61,40.78,0.09,0.0,98.67,58.19,48.18,0,1,0,0,1,1,0,Esc7
813,5.61,19.53,12.95,2.96,4.64,0.32,0.0,79.05,8.36,2901432.42,40.79,40.51,0.09,0.0,98.68,60.69,49.34,0,1,0,0,1,1,0,Esc7
814,4.88,17.23,12.49,2.28,4.29,0.31,0.0,78.32,7.17,2855483.4,41.45,39.55,0.08,0.0,98.71,61.18,51.11,0,1,0,0,1,1,0,Esc7
815,6.1,21.65,13.63,3.26,5.13,0.33,0.0,81.55,10.72,3005262.29,39.38,42.57,0.11,0.0,98.62,52.89,44.05,0,1,0,0,1,1,0,Esc7
816,5.44,19.69,12.96,2.89,4.66,0.32,0.04,80.55,8.58,2929143.41,40.41,40.97,0.09,0.1,98.66,59.51,48.72,0,1,0,0,1,1,0,Esc7
817,5.13,19.58,12.81,2.57,4.52,0.31,0.02,78.82,8.04,2890201.54,40.95,40.23,0.09,0.05,98.69,58.2,47.94,0,1,0,0,1,1,0,Esc7
818,5.69,20.54,13.31,2.99,4.9,0.32,0.05,81.36,9.71,2975955.49,39.77,41.85,0.1,0.15,98.64,54.27,44.98,0,1,0,0,1,1,0,Esc7
819,5.24,20.13,12.8,2.7,4.58,0.32,0.0,80.15,8.27,2911335.14,40.65,40.71,0.09,0.0,98.68,58.62,47.93,0,1,0,0,1,1,0,Esc7
820,5.23,18.18,12.8,2.64,4.55,0.32,0.02,79.08,8.1,2895290.29,40.88,40.33,0.09,0.05,98.68,59.35,48.91,0,1,0,0,1,1,0,Esc7
821,5.38,19.49,12.93,2.88,4.67,0.32,0.0,79.73,8.55,2915324.08,40.6,40.79,0.09,0.0,98.67,58.24,48.39,0,1,0,0,1,1,0,Esc7
822,4.96,17.08,12.71,2.39,4.45,0.32,0.0,80.02,7.88,2897441.64,40.85,40.43,0.09,0.0,98.69,58.13,48.75,0,1,0,0,1,1,0,Esc7
823,5.35,19.62,12.79,2.74,4.54,0.32,0.0,79.13,8.06,2892776.56,40.91,40.33,0.09,0.0,98.68,60.3,49.02,0,1,0,0,1,1,0,Esc7
824,5.99,20.69,13.36,2.95,4.87,0.32,0.04,79.65,9.65,2952661.41,40.08,41.44,0.1,0.1,98.65,54.86,45.01,0,1,0,0,1,1,0,Esc7
825,5.99,20.77,13.47,3.08,5.0,0.32,0.04,80.84,10.21,2984197.08,39.66,42.06,0.11,0.1,98.63,53.94,43.94,0,1,0,0,1,1,0,Esc7
826,5.66,19.39,13.15,2.95,4.82,0.32,0.02,80.37,9.35,2950007.15,40.12,41.44,0.1,0.05,98.65,56.39,47.49,0,1,0,0,1,1,0,Esc7
827,5.2,17.18,12.9,2.49,4.57,0.32,0.0,80.65,8.57,2926579.95,40.44,41.02,0.09,0.0,98.67,56.63,46.99,0,1,0,0,1,1,0,Esc7
828,5.33,18.43,12.77,2.74,4.54,0.31,0.0,78.04,8.02,2879225.29,41.11,40.05,0.09,0.0,98.69,59.5,49.13,0,1,0,0,1,1,0,Esc7
829,5.0,16.66,12.66,2.41,4.4,0.31,0.0,78.86,7.58,2874724.24,41.17,39.96,0.08,0.0,98.7,59.74,48.53,0,1,0,0,1,1,0,Esc7
830,5.42,20.16,13.03,2.71,4.68,0.32,0.02,80.05,8.85,2930199.52,40.39,41.04,0.1,0.05,98.66,56.34,47.03,0,1,0,0,1,1,0,Esc7
831,5.13,20.88,12.57,2.73,4.42,0.32,0.04,78.77,7.42,2871854.5,41.21,39.79,0.08,0.1,98.7,62.27,51.35,0,1,0,0,1,1,0,Esc7
832,5.2,21.12,12.82,2.78,4.59,0.32,0.04,80.12,8.21,2912309.88,40.64,40.63,0.09,0.1,98.67,58.84,49.18,0,1,0,0,1,1,0,Esc7
833,5.57,22.31,13.09,2.96,4.77,0.32,0.02,80.92,9.05,2946759.36,40.16,41.38,0.1,0.05,98.65,57.02,47.5,0,1,0,0,1,1,0,Esc7
834,5.19,18.43,12.75,2.59,4.49,0.32,0.05,79.06,7.92,2892699.62,40.92,40.18,0.09,0.16,98.69,59.46,48.38,0,1,0,0,1,1,0,Esc7
835,5.09,17.25,12.7,2.52,4.48,0.32,0.0,79.62,7.93,2894451.71,40.89,40.37,0.09,0.0,98.69,59.43,49.87,0,1,0,0,1,1,0,Esc7
836,5.55,20.25,13.23,2.83,4.8,0.32,0.02,81.2,9.39,2960614.63,39.98,41.65,0.1,0.05,98.65,54.85,45.16,0,1,0,0,1,1,0,Esc7
837,5.01,18.49,12.53,2.52,4.32,0.31,0.0,78.17,7.09,2851220.9,41.51,39.46,0.08,0.0,98.71,62.75,50.5,0,1,0,0,1,1,0,Esc7
838,5.55,19.89,12.96,2.93,4.64,0.31,0.04,77.92,8.3,2890051.55,40.95,40.17,0.09,0.1,98.68,58.96,48.35,0,1,0,0,1,1,0,Esc7
839,5.71,21.85,13.3,3.04,4.87,0.32,0.02,81.15,9.51,2963851.68,39.93,41.71,0.1,0.05,98.64,55.52,46.03,0,1,0,0,1,1,0,Esc7
840,5.65,19.25,13.2,2.94,4.8,0.32,0.02,80.6,9.26,2949435.91,40.13,41.43,0.1,0.05,98.65,56.68,46.21,0,1,0,0,1,1,0,Esc7
841,5.63,19.89,12.96,2.94,4.68,0.32,0.0,79.39,8.61,2913173.97,40.63,40.75,0.09,0.0,98.67,59.31,48.19,0,1,0,0,1,1,0,Esc7
842,5.41,19.21,13.13,2.77,4.74,0.32,0.0,80.68,9.12,2944289.24,40.2,41.38,0.1,0.0,98.66,55.78,46.36,0,1,0,0,1,1,0,Esc7
843,5.79,19.88,13.3,2.98,4.88,0.32,0.0,80.45,9.69,2959864.63,39.99,41.69,0.1,0.0,98.64,55.16,45.65,0,1,0,0,1,1,0,Esc7
844,5.5,20.05,12.91,2.96,4.68,0.32,0.0,78.76,8.49,2902213.08,40.78,40.53,0.09,0.0,98.68,58.96,49.1,0,1,0,0,1,1,0,Esc7
845,5.19,17.37,12.67,2.57,4.46,0.32,0.0,78.42,7.81,2876920.32,41.14,40.0,0.09,0.0,98.69,59.92,50.26,0,1,0,0,1,1,0,Esc7
846,5.65,20.96,13.26,3.02,4.82,0.32,0.0,80.01,9.26,2941224.31,40.24,41.32,0.1,0.0,98.65,55.85,45.08,0,1,0,0,1,1,0,Esc7
847,5.17,18.2,12.93,2.53,4.59,0.33,0.0,81.55,8.57,2937151.37,40.3,41.23,0.09,0.0,98.66,56.52,46.66,0,1,0,0,1,1,0,Esc7
848,5.5,19.45,12.84,2.83,4.58,0.31,0.0,78.52,8.19,2889904.89,40.96,40.27,0.09,0.0,98.68,59.97,49.26,0,1,0,0,1,1,0,Esc7
849,4.79,15.38,12.47,2.24,4.26,0.31,0.0,79.01,6.98,2857503.49,41.42,39.6,0.08,0.0,98.71,61.84,51.35,0,1,0,0,1,1,0,Esc7
850,5.06,15.89,12.75,2.39,4.51,0.32,0.0,79.92,8.2,2906413.4,40.72,40.61,0.09,0.0,98.68,57.17,48.72,0,1,0,0,1,1,0,Esc7
851,4.84,17.64,12.42,2.42,4.3,0.32,0.0,78.56,7.1,2855888.79,41.44,39.56,0.08,0.0,98.71,62.29,51.87,0,1,0,0,1,1,0,Esc7
852,5.55,18.82,13.01,2.78,4.65,0.32,0.02,79.56,8.67,2918767.09,40.55,40.81,0.09,0.05,98.67,58.05,48.12,0,1,0,0,1,1,0,Esc7
853,5.6,19.88,13.05,2.99,4.78,0.32,0.0,80.34,9.05,2938261.31,40.28,41.26,0.1,0.0,98.66,57.47,47.51,0,1,0,0,1,1,0,Esc7
854,5.29,18.63,12.74,2.72,4.54,0.32,0.07,78.56,7.96,2889899.94,40.96,40.07,0.09,0.21,98.69,59.53,49.59,0,1,0,0,1,1,0,Esc7
855,5.31,18.8,12.86,2.69,4.57,0.32,0.0,79.64,8.3,2906359.99,40.72,40.61,0.09,0.0,98.68,58.33,48.38,0,1,0,0,1,1,0,Esc7
856,5.53,22.52,13.03,2.95,4.73,0.32,0.09,79.64,8.67,2926723.34,40.44,40.77,0.09,0.26,98.66,57.95,47.74,0,1,0,0,1,1,0,Esc7
857,5.92,18.54,13.24,2.98,4.83,0.32,0.0,79.48,9.4,2939408.1,40.27,41.28,0.1,0.0,98.65,56.56,46.88,0,1,0,0,1,1,0,Esc7
858,5.32,19.19,12.75,2.8,4.53,0.31,0.02,78.5,7.9,2882064.03,41.07,40.06,0.09,0.05,98.69,60.36,49.6,0,1,0,0,1,1,0,Esc7
859,5.48,19.03,13.11,2.74,4.75,0.32,0.02,81.18,9.15,2952730.83,40.08,41.49,0.1,0.05,98.65,55.97,46.06,0,1,0,0,1,1,0,Esc7
860,5.1,17.95,12.75,2.54,4.54,0.32,0.0,79.48,8.17,2900425.64,40.81,40.49,0.09,0.0,98.68,58.49,49.45,0,1,0,0,1,1,0,Esc7
861,5.12,16.25,12.73,2.54,4.49,0.32,0.0,79.23,7.97,2891158.12,40.94,40.3,0.09,0.0,98.69,59.5,47.85,0,1,0,0,1,1,0,Esc7
862,5.58,20.09,13.05,2.92,4.71,0.32,0.0,79.55,8.76,2919873.15,40.53,40.89,0.1,0.0,98.67,57.96,47.47,0,1,0,0,1,1,0,Esc7
863,5.82,19.91,13.19,2.92,4.77,0.32,0.0,79.41,9.2,2932341.61,40.36,41.14,0.1,0.0,98.66,56.03,46.34,0,1,0,0,1,1,0,Esc7
864,5.39,21.11,12.88,2.86,4.63,0.32,0.11,79.86,8.33,2920187.87,40.53,40.59,0.09,0.31,98.67,59.16,47.57,0,1,0,0,1,1,0,Esc7
865,5.41,18.83,12.79,2.65,4.53,0.32,0.0,78.95,8.18,2894849.02,40.89,40.38,0.09,0.0,98.68,59.4,48.82,0,1,0,0,1,1,0,Esc7
866,5.21,17.92,12.77,2.69,4.51,0.31,0.0,78.37,7.84,2877305.24,41.13,40.01,0.09,0.0,98.69,59.87,49.06,0,1,0,0,1,1,0,Esc7
867,5.18,18.25,12.76,2.59,4.51,0.32,0.0,78.54,8.02,2885019.7,41.02,40.17,0.09,0.0,98.69,58.49,48.96,0,1,0,0,1,1,0,Esc7
868,5.07,17.42,12.71,2.41,4.44,0.32,0.0,79.55,7.87,2891794.03,40.93,40.31,0.09,0.0,98.69,58.84,48.63,0,1,0,0,1,1,0,Esc7
869,5.72,20.01,13.31,2.97,4.92,0.33,0.0,81.89,9.92,2983706.68,39.67,42.15,0.11,0.0,98.63,54.3,45.78,0,1,0,0,1,1,0,Esc7
870,5.48,18.41,13.08,2.79,4.7,0.32,0.0,79.62,8.78,2921309.5,40.51,40.92,0.1,0.0,98.67,57.18,47.08,0,1,0,0,1,1,0,Esc7
871,5.24,18.55,12.77,2.61,4.5,0.31,0.0,78.6,7.91,2882032.33,41.07,40.11,0.09,0.0,98.69,59.04,49.8,0,1,0,0,1,1,0,Esc7
872,5.45,19.64,12.75,2.82,4.53,0.31,0.0,77.88,7.84,2871594.98,41.22,39.89,0.09,0.0,98.69,61.44,51.09,0,1,0,0,1,1,0,Esc7
873,5.84,19.16,13.41,2.96,4.92,0.32,0.0,80.73,9.87,2968664.48,39.87,41.86,0.11,0.0,98.64,54.34,44.87,0,1,0,0,1,1,0,Esc7
874,5.54,21.64,12.94,2.99,4.67,0.31,0.06,78.02,8.34,2894189.47,40.89,40.21,0.09,0.16,98.68,58.99,48.27,0,1,0,0,1,1,0,Esc7
875,5.04,17.01,12.68,2.49,4.47,0.32,0.0,79.54,7.88,2892015.75,40.93,40.32,0.09,0.0,98.69,59.24,49.47,0,1,0,0,1,1,0,Esc7
876,5.0,15.61,12.56,2.31,4.31,0.31,0.0,78.43,7.31,2861040.66,41.37,39.67,0.08,0.0,98.71,61.34,50.0,0,1,0,0,1,1,0,Esc7
877,5.73,19.59,13.11,2.88,4.72,0.32,0.0,79.29,8.94,2922781.03,40.49,40.95,0.1,0.0,98.67,57.0,47.31,0,1,0,0,1,1,0,Esc7
878,5.31,19.11,12.8,2.76,4.57,0.32,0.0,79.45,8.16,2899909.07,40.81,40.48,0.09,0.0,98.68,59.65,49.36,0,1,0,0,1,1,0,Esc7
879,5.65,20.49,13.06,2.94,4.7,0.32,0.0,78.96,8.76,2913147.85,40.63,40.75,0.1,0.0,98.67,58.0,48.07,0,1,0,0,1,1,0,Esc7
880,5.16,17.59,12.77,2.48,4.5,0.32,0.0,79.63,8.12,2900713.88,40.8,40.5,0.09,0.0,98.68,57.74,48.74,0,1,0,0,1,1,0,Esc7
881,5.1,17.23,12.75,2.46,4.48,0.32,0.0,79.79,7.97,2897859.83,40.84,40.44,0.09,0.0,98.68,58.4,48.93,0,1,0,0,1,1,0,Esc7
882,5.31,17.44,12.93,2.59,4.6,0.32,0.0,79.17,8.46,2906161.3,40.73,40.61,0.09,0.0,98.68,57.23,47.46,0,1,0,0,1,1,0,Esc7
883,5.92,22.97,13.24,3.3,4.88,0.32,0.04,79.02,9.24,2932276.26,40.36,41.03,0.1,0.1,98.66,57.43,47.41,0,1,0,0,1,1,0,Esc7
884,5.71,19.77,13.23,2.92,4.83,0.33,0.0,81.35,9.54,2965227.84,39.91,41.79,0.1,0.0,98.64,55.42,45.95,0,1,0,0,1,1,0,Esc7
885,4.84,15.93,12.63,2.35,4.41,0.32,0.0,80.6,7.69,2898004.8,40.84,40.44,0.08,0.0,98.69,59.6,49.42,0,1,0,0,1,1,0,Esc7
886,4.69,16.07,12.32,2.24,4.2,0.31,0.0,77.24,6.64,2826369.76,41.88,38.93,0.07,0.0,98.72,63.54,52.72,0,1,0,0,1,1,0,Esc7
887,4.91,15.03,12.62,2.34,4.43,0.32,0.0,79.45,7.81,2888647.83,40.97,40.25,0.09,0.0,98.69,58.48,49.86,0,1,0,0,1,1,0,Esc7
888,5.58,19.27,13.02,2.94,4.75,0.32,0.0,79.59,8.91,2925189.12,40.46,40.99,0.1,0.0,98.66,57.01,47.33,0,1,0,0,1,1,0,Esc7
889,5.69,21.37,12.96,3.02,4.67,0.31,0.0,78.06,8.48,2893879.22,40.9,40.36,0.09,0.0,98.68,59.28,48.88,0,1,0,0,1,1,0,Esc7
890,5.76,20.7,13.07,3.1,4.77,0.32,0.0,79.46,8.84,2921321.07,40.51,40.92,0.1,0.0,98.66,59.21,48.41,0,1,0,0,1,1,0,Esc7
891,5.52,18.32,12.85,2.81,4.6,0.32,0.0,78.97,8.29,2898536.76,40.83,40.45,0.09,0.0,98.68,59.0,48.89,0,1,0,0,1,1,0,Esc7
892,5.54,17.52,13.2,2.69,4.77,0.32,0.0,80.89,9.38,2955140.76,40.05,41.59,0.1,0.0,98.65,54.85,45.62,0,1,0,0,1,1,0,Esc7
893,5.37,17.78,12.84,2.69,4.55,0.32,0.0,78.74,8.16,2891702.0,40.93,40.31,0.09,0.0,98.68,58.92,48.48,0,1,0,0,1,1,0,Esc7
894,5.48,21.59,12.87,2.95,4.63,0.31,0.06,78.61,8.27,2898512.27,40.83,40.3,0.09,0.16,98.68,59.69,49.25,0,1,0,0,1,1,0,Esc7
895,4.87,16.03,12.52,2.24,4.31,0.32,0.0,78.81,7.34,2866542.09,41.29,39.79,0.08,0.0,98.7,59.6,49.62,0,1,0,0,1,1,0,Esc7
896,5.41,18.6,13.0,2.78,4.69,0.32,0.02,80.14,8.8,2929881.19,40.4,41.04,0.1,0.05,98.66,56.77,46.99,0,1,0,0,1,1,0,Esc7
897,5.19,17.39,12.65,2.62,4.44,0.31,0.0,78.19,7.63,2868321.83,41.26,39.82,0.08,0.0,98.7,61.2,50.54,0,1,0,0,1,1,0,Esc7
898,5.24,18.67,12.78,2.57,4.44,0.31,0.0,78.56,7.74,2876392.01,41.15,39.99,0.09,0.0,98.7,59.71,48.58,0,1,0,0,1,1,0,Esc7
899,5.3,19.25,12.81,2.67,4.54,0.32,0.02,79.11,8.13,2896650.34,40.86,40.36,0.09,0.05,98.68,58.72,48.89,0,1,0,0,1,1,0,Esc7
900,5.38,20.92,12.97,2.8,4.69,0.32,0.02,80.28,8.75,2929727.1,40.4,41.03,0.09,0.05,98.66,57.04,47.18,0,1,0,0,1,1,0,Esc7
901,5.91,22.28,13.29,3.15,4.88,0.32,0.0,79.88,9.42,2944681.68,40.19,41.38,0.1,0.0,98.65,57.04,46.61,0,1,0,0,1,1,0,Esc7
902,5.25,18.8,12.8,2.65,4.48,0.31,0.0,78.93,7.82,2882947.49,41.05,40.13,0.09,0.0,98.69,59.71,47.91,0,1,0,0,1,1,0,Esc7
903,5.51,19.61,12.81,2.95,4.6,0.31,0.0,78.51,8.1,2887036.7,41.0,40.21,0.09,0.0,98.69,60.7,49.17,0,1,0,0,1,1,0,Esc7
904,4.98,16.46,12.7,2.34,4.43,0.32,0.0,79.99,7.92,2898354.55,40.84,40.45,0.09,0.0,98.69,57.59,48.47,0,1,0,0,1,1,0,Esc7
905,5.69,18.97,13.09,2.92,4.73,0.32,0.0,78.98,8.84,2915947.74,40.59,40.81,0.1,0.0,98.67,57.56,48.4,0,1,0,0,1,1,0,Esc7
906,5.61,19.92,13.02,3.0,4.69,0.31,0.0,78.88,8.52,2904685.77,40.75,40.58,0.09,0.0,98.67,58.81,47.98,0,1,0,0,1,1,0,Esc7
907,5.8,20.74,13.11,3.16,4.83,0.32,0.04,79.43,9.11,2932863.23,40.36,41.05,0.1,0.1,98.66,58.09,47.23,0,1,0,0,1,1,0,Esc7
908,5.45,19.41,12.79,2.85,4.55,0.32,0.04,79.01,8.03,2893834.72,40.9,40.25,0.09,0.1,98.68,60.78,49.9,0,1,0,0,1,1,0,Esc7
909,4.82,17.2,12.54,2.41,4.36,0.32,0.0,79.43,7.38,2874726.49,41.17,39.96,0.08,0.0,98.7,60.8,49.84,0,1,0,0,1,1,0,Esc7
910,5.42,17.77,12.95,2.73,4.63,0.32,0.0,79.69,8.52,2914013.42,40.62,40.77,0.09,0.0,98.67,57.97,48.1,0,1,0,0,1,1,0,Esc7
911,5.4,20.25,12.93,2.93,4.68,0.32,0.05,79.47,8.48,2915093.56,40.6,40.64,0.09,0.15,98.67,59.38,48.88,0,1,0,0,1,1,0,Esc7
912,5.49,18.94,12.96,2.76,4.62,0.32,0.0,79.38,8.47,2908910.28,40.69,40.66,0.09,0.0,98.68,58.67,48.36,0,1,0,0,1,1,0,Esc7
913,6.02,21.49,13.37,3.12,4.95,0.32,0.0,80.44,9.92,2966938.6,39.89,41.82,0.11,0.0,98.64,54.89,45.94,0,1,0,0,1,1,0,Esc7
914,5.06,18.4,12.74,2.61,4.53,0.32,0.0,79.66,8.01,2897455.56,40.85,40.43,0.09,0.0,98.68,59.54,49.15,0,1,0,0,1,1,0,Esc7
915,5.11,18.08,12.77,2.48,4.5,0.32,0.0,79.82,8.1,2902004.41,40.78,40.52,0.09,0.0,98.68,58.17,48.24,0,1,0,0,1,1,0,Esc7
916,5.14,19.43,12.76,2.63,4.52,0.32,0.0,78.97,8.04,2890302.46,40.95,40.28,0.09,0.0,98.69,58.93,49.79,0,1,0,0,1,1,0,Esc7
917,5.14,18.02,12.65,2.61,4.45,0.31,0.02,78.08,7.63,2868774.53,41.26,39.78,0.08,0.05,98.7,60.69,50.15,0,1,0,0,1,1,0,Esc7
918,5.55,20.28,13.11,2.9,4.74,0.32,0.02,79.96,8.9,2930917.23,40.38,41.06,0.1,0.05,98.66,56.83,46.58,0,1,0,0,1,1,0,Esc7
919,5.45,18.02,12.87,2.76,4.61,0.32,0.0,79.09,8.37,2902414.07,40.78,40.53,0.09,0.0,98.68,58.82,49.03,0,1,0,0,1,1,0,Esc7
920,5.45,20.71,13.04,2.86,4.72,0.32,0.0,80.47,8.85,2933333.73,40.35,41.16,0.1,0.0,98.66,57.41,47.58,0,1,0,0,1,1,0,Esc7
921,5.57,20.94,13.16,2.86,4.73,0.32,0.02,80.32,9.03,2938925.97,40.27,41.22,0.1,0.05,98.66,56.34,46.04,0,1,0,0,1,1,0,Esc7
922,5.37,18.79,13.07,2.69,4.69,0.32,0.02,79.95,8.87,2929803.36,40.4,41.04,0.1,0.05,98.66,56.47,46.33,0,1,0,0,1,1,0,Esc7
923,5.59,22.01,13.15,2.93,4.76,0.32,0.07,80.52,8.99,2945073.37,40.19,41.19,0.1,0.2,98.65,57.65,46.55,0,1,0,0,1,1,0,Esc7
924,5.71,20.48,12.96,2.97,4.66,0.31,0.04,78.21,8.52,2900364.74,40.81,40.39,0.09,0.1,98.68,59.27,47.85,0,1,0,0,1,1,0,Esc7
925,4.89,17.33,12.63,2.37,4.42,0.32,0.0,80.14,7.7,2893133.88,40.91,40.34,0.08,0.0,98.69,58.96,49.26,0,1,0,0,1,1,0,Esc7
926,5.37,20.23,12.82,2.75,4.57,0.32,0.0,79.48,8.25,2903131.14,40.77,40.55,0.09,0.0,98.68,59.42,49.23,0,1,0,0,1,1,0,Esc7
927,5.44,18.96,12.94,2.77,4.63,0.32,0.05,79.57,8.43,2914679.3,40.61,40.63,0.09,0.15,98.67,58.01,48.47,0,1,0,0,1,1,0,Esc7
928,6.02,24.72,13.44,3.37,5.09,0.33,0.18,81.01,10.27,3001259.72,39.44,41.99,0.11,0.5,98.62,54.38,45.4,0,1,0,0,1,1,0,Esc7
929,5.89,20.08,13.18,3.07,4.76,0.31,0.0,78.64,8.93,2914822.83,40.6,40.78,0.1,0.0,98.67,58.23,47.44,0,1,0,0,1,1,0,Esc7
930,5.36,19.15,12.94,2.72,4.67,0.32,0.02,79.14,8.63,2912983.85,40.63,40.7,0.09,0.05,98.67,57.06,47.32,0,1,0,0,1,1,0,Esc7
931,5.21,19.48,12.75,2.7,4.47,0.31,0.0,78.36,7.67,2871650.48,41.22,39.89,0.08,0.0,98.7,61.32,48.71,0,1,0,0,1,1,0,Esc7
932,5.55,19.35,13.01,2.78,4.71,0.32,0.02,79.36,8.85,2922270.19,40.5,40.88,0.1,0.05,98.67,56.5,47.34,0,1,0,0,1,1,0,Esc7
933,5.3,19.31,12.94,2.64,4.6,0.32,0.0,80.51,8.49,2922359.39,40.5,40.94,0.09,0.0,98.67,57.52,47.97,0,1,0,0,1,1,0,Esc7
934,4.91,16.23,12.61,2.43,4.37,0.31,0.0,78.92,7.35,2867930.45,41.27,39.82,0.08,0.0,98.7,61.31,50.16,0,1,0,0,1,1,0,Esc7
935,5.79,19.76,13.23,3.07,4.85,0.32,0.07,79.9,9.29,2947320.93,40.16,41.23,0.1,0.2,98.65,56.66,45.84,0,1,0,0,1,1,0,Esc7
936,5.39,19.19,12.92,2.79,4.6,0.31,0.0,78.81,8.27,2896072.25,40.87,40.4,0.09,0.0,98.68,58.94,48.31,0,1,0,0,1,1,0,Esc7
937,5.5,21.43,12.95,2.98,4.7,0.32,0.05,79.61,8.53,2918494.46,40.55,40.7,0.09,0.15,98.67,59.08,48.11,0,1,0,0,1,1,0,Esc7
938,6.24,21.15,13.63,3.26,5.1,0.32,0.04,80.58,10.61,2993815.67,39.53,42.25,0.11,0.1,98.62,53.51,44.48,0,1,0,0,1,1,0,Esc7
939,4.96,16.39,12.62,2.4,4.4,0.32,0.0,79.28,7.58,2879558.01,41.1,40.06,0.08,0.0,98.69,60.42,50.01,0,1,0,0,1,1,0,Esc7
940,5.34,19.09,13.07,2.65,4.67,0.32,0.0,80.6,8.81,2933643.7,40.34,41.16,0.1,0.0,98.66,55.58,46.04,0,1,0,0,1,1,0,Esc7
941,5.11,16.25,12.57,2.46,4.37,0.31,0.0,78.25,7.43,2862705.1,41.34,39.71,0.08,0.0,98.7,61.29,50.12,0,1,0,0,1,1,0,Esc7
942,4.82,17.61,12.71,2.38,4.45,0.32,0.0,80.44,7.85,2901534.38,40.79,40.51,0.09,0.0,98.68,58.91,48.05,0,1,0,0,1,1,0,Esc7
943,5.38,19.87,12.87,2.76,4.61,0.32,0.07,79.32,8.33,2910472.76,40.67,40.49,0.09,0.21,98.67,58.61,48.89,0,1,0,0,1,1,0,Esc7
944,4.97,16.14,12.58,2.44,4.43,0.32,0.0,78.96,7.65,2877826.11,41.13,40.02,0.08,0.0,98.69,59.73,50.61,0,1,0,0,1,1,0,Esc7
945,5.58,22.22,13.02,3.24,4.79,0.32,0.07,80.02,8.71,2930943.61,40.38,40.91,0.09,0.2,98.66,59.59,48.43,0,1,0,0,1,1,0,Esc7
946,5.58,19.51,13.09,2.86,4.72,0.32,0.05,79.65,8.85,2928849.1,40.41,40.91,0.1,0.15,98.66,57.02,46.75,0,1,0,0,1,1,0,Esc7
947,5.82,22.34,13.08,3.34,4.82,0.31,0.06,78.32,8.77,2911065.46,40.66,40.55,0.1,0.15,98.67,59.36,47.93,0,1,0,0,1,1,0,Esc7
948,5.38,20.92,12.89,2.89,4.66,0.32,0.0,79.91,8.55,2917353.85,40.57,40.84,0.09,0.0,98.67,59.0,47.96,0,1,0,0,1,1,0,Esc7
949,5.66,22.08,13.1,3.02,4.78,0.32,0.0,79.4,8.99,2925505.51,40.46,41.0,0.1,0.0,98.66,57.3,47.4,0,1,0,0,1,1,0,Esc7
950,5.46,20.05,13.08,2.93,4.75,0.32,0.04,80.45,8.88,2937514.87,40.29,41.14,0.1,0.1,98.66,57.35,47.65,0,1,0,0,1,1,0,Esc7
951,5.41,20.61,12.89,2.82,4.6,0.32,0.02,79.39,8.27,2904449.98,40.75,40.52,0.09,0.05,98.68,59.32,49.0,0,1,0,0,1,1,0,Esc7
952,5.23,17.5,12.72,2.63,4.45,0.31,0.0,77.81,7.68,2865764.09,41.3,39.77,0.08,0.0,98.7,60.57,49.34,0,1,0,0,1,1,0,Esc7
953,5.28,16.94,12.68,2.59,4.49,0.32,0.0,78.25,7.96,2879576.49,41.1,40.06,0.09,0.0,98.69,59.72,50.17,0,1,0,0,1,1,0,Esc7
954,5.02,17.24,12.74,2.41,4.47,0.32,0.0,79.68,8.0,2897301.82,40.85,40.43,0.09,0.0,98.68,57.84,47.8,0,1,0,0,1,1,0,Esc7
955,5.83,21.83,13.24,3.09,4.88,0.32,0.02,79.98,9.55,2951478.7,40.1,41.47,0.1,0.05,98.65,56.1,47.12,0,1,0,0,1,1,0,Esc7
956,5.25,17.89,12.62,2.58,4.41,0.31,0.0,77.9,7.61,2864529.78,41.32,39.74,0.08,0.0,98.7,60.82,50.05,0,1,0,0,1,1,0,Esc7
957,5.21,20.25,12.93,2.77,4.66,0.32,0.0,81.17,8.57,2932698.16,40.36,41.15,0.09,0.0,98.66,57.7,47.5,0,1,0,0,1,1,0,Esc7
958,5.55,19.44,12.9,2.94,4.69,0.32,0.0,78.75,8.59,2905268.75,40.74,40.59,0.09,0.0,98.67,58.91,49.56,0,1,0,0,1,1,0,Esc7
959,5.25,18.94,12.71,2.66,4.49,0.31,0.0,78.51,7.79,2877238.51,41.14,40.01,0.09,0.0,98.69,60.54,49.14,0,1,0,0,1,1,0,Esc7
960,5.41,18.03,12.98,2.75,4.7,0.32,0.0,80.59,8.83,2934238.87,40.34,41.18,0.1,0.0,98.66,57.55,47.3,0,1,0,0,1,1,0,Esc7
961,5.04,20.86,12.75,2.65,4.56,0.32,0.02,79.89,8.12,2905176.57,40.74,40.54,0.09,0.05,98.68,57.93,48.99,0,1,0,0,1,1,0,Esc7
962,5.0,15.83,12.69,2.32,4.38,0.32,0.0,79.17,7.59,2878621.07,41.12,40.04,0.08,0.0,98.7,59.73,47.99,0,1,0,0,1,1,0,Esc7
963,5.68,21.68,13.25,3.0,4.87,0.32,0.02,80.87,9.58,2962919.06,39.95,41.7,0.1,0.05,98.64,55.93,45.64,0,1,0,0,1,1,0,Esc7
964,5.46,19.67,13.01,2.86,4.71,0.32,0.07,80.09,8.78,2933602.07,40.34,40.96,0.09,0.2,98.66,57.04,47.98,0,1,0,0,1,1,0,Esc7
965,5.66,18.42,13.02,2.86,4.67,0.31,0.0,78.11,8.62,2898920.19,40.83,40.46,0.09,0.0,98.68,58.47,48.33,0,1,0,0,1,1,0,Esc7
966,6.14,19.15,13.59,3.13,5.1,0.33,0.0,81.95,10.86,3014132.38,39.27,42.74,0.11,0.0,98.61,52.14,43.92,0,1,0,0,1,1,0,Esc7
967,5.24,17.7,12.88,2.61,4.59,0.32,0.0,79.73,8.46,2912615.64,40.64,40.74,0.09,0.0,98.67,57.38,48.17,0,1,0,0,1,1,0,Esc7
968,5.74,22.22,13.11,3.18,4.8,0.32,0.04,79.8,8.96,2932542.61,40.36,41.04,0.1,0.1,98.66,58.07,46.85,0,1,0,0,1,1,0,Esc7
969,5.58,17.91,13.04,2.74,4.7,0.32,0.02,80.03,8.99,2934355.0,40.33,41.13,0.1,0.05,98.66,56.7,47.63,0,1,0,0,1,1,0,Esc7
970,5.02,17.58,12.68,2.49,4.44,0.32,0.0,79.26,7.69,2882581.28,41.06,40.12,0.08,0.0,98.69,59.52,50.2,0,1,0,0,1,1,0,Esc7
971,5.14,18.62,12.72,2.59,4.47,0.32,0.0,79.08,7.81,2884568.41,41.03,40.16,0.09,0.0,98.69,59.77,48.38,0,1,0,0,1,1,0,Esc7
972,5.46,18.92,13.09,2.66,4.72,0.32,0.0,79.97,9.09,2935215.01,40.32,41.2,0.1,0.0,98.66,55.32,46.34,0,1,0,0,1,1,0,Esc7
973,5.77,19.86,13.33,2.98,4.91,0.32,0.02,80.99,9.86,2972989.93,39.81,41.89,0.11,0.05,98.64,54.43,44.67,0,1,0,0,1,1,0,Esc7
974,5.5,19.9,13.04,2.86,4.7,0.32,0.02,79.85,8.77,2925540.21,40.46,40.95,0.1,0.05,98.67,58.27,47.08,0,1,0,0,1,1,0,Esc7
975,5.79,23.06,13.16,3.22,4.88,0.32,0.05,80.06,9.35,2949519.6,40.13,41.33,0.1,0.15,98.65,57.3,47.75,0,1,0,0,1,1,0,Esc7
976,4.99,17.61,12.52,2.48,4.34,0.31,0.0,77.76,7.17,2849014.19,41.54,39.42,0.08,0.0,98.71,62.32,51.45,0,1,0,0,1,1,0,Esc7
977,5.46,20.18,12.93,2.94,4.67,0.32,0.04,79.52,8.47,2913950.1,40.62,40.66,0.09,0.1,98.67,59.41,49.06,0,1,0,0,1,1,0,Esc7
978,5.24,18.79,12.81,2.65,4.54,0.32,0.0,79.07,8.1,2893723.32,40.9,40.35,0.09,0.0,98.68,58.7,48.37,0,1,0,0,1,1,0,Esc7
979,5.29,18.25,12.84,2.69,4.57,0.32,0.0,79.62,8.3,2906032.46,40.73,40.61,0.09,0.0,98.68,58.51,48.62,0,1,0,0,1,1,0,Esc7
980,5.17,20.11,12.73,2.74,4.55,0.32,0.07,80.09,8.08,2911325.1,40.65,40.51,0.09,0.21,98.68,59.48,49.4,0,1,0,0,1,1,0,Esc7
981,5.38,19.57,13.0,2.76,4.67,0.32,0.0,80.77,8.77,2934449.48,40.33,41.18,0.09,0.0,98.66,57.42,46.68,0,1,0,0,1,1,0,Esc7
982,5.92,21.75,13.24,3.15,4.89,0.32,0.02,79.45,9.45,2942473.27,40.22,41.29,0.1,0.05,98.65,56.5,47.25,0,1,0,0,1,1,0,Esc7
983,5.14,18.63,12.74,2.65,4.53,0.32,0.02,79.34,7.98,2894675.49,40.89,40.32,0.09,0.05,98.68,59.05,49.31,0,1,0,0,1,1,0,Esc7
984,5.58,19.39,12.92,2.92,4.62,0.31,0.0,78.92,8.28,2897516.41,40.85,40.43,0.09,0.0,98.68,60.4,49.38,0,1,0,0,1,1,0,Esc7
985,5.59,20.17,13.05,2.93,4.76,0.32,0.05,80.32,9.02,2942168.81,40.23,41.18,0.1,0.15,98.66,57.57,47.95,0,1,0,0,1,1,0,Esc7
986,4.9,17.19,12.46,2.49,4.33,0.32,0.0,78.41,7.18,2856772.49,41.43,39.58,0.08,0.0,98.71,62.33,51.68,0,1,0,0,1,1,0,Esc7
987,5.25,18.16,12.97,2.68,4.62,0.32,0.0,81.02,8.51,2929003.82,40.41,41.07,0.09,0.0,98.67,58.11,47.04,0,1,0,0,1,1,0,Esc7
988,5.35,17.41,13.08,2.6,4.65,0.32,0.0,80.57,8.8,2932924.6,40.35,41.15,0.1,0.0,98.66,56.64,46.36,0,1,0,0,1,1,0,Esc7
989,5.72,21.75,13.07,3.14,4.75,0.32,0.0,79.1,8.74,2914126.11,40.61,40.77,0.1,0.0,98.67,59.1,48.4,0,1,0,0,1,1,0,Esc7
990,5.37,18.74,12.85,2.75,4.58,0.31,0.04,78.6,8.2,2894688.89,40.89,40.27,0.09,0.1,98.68,59.46,48.85,0,1,0,0,1,1,0,Esc7
991,4.94,17.43,12.51,2.46,4.32,0.31,0.0,78.15,7.17,2853480.29,41.48,39.51,0.08,0.0,98.71,62.28,50.68,0,1,0,0,1,1,0,Esc7
992,5.43,16.39,13.13,2.59,4.7,0.32,0.0,80.64,9.13,2944403.16,40.2,41.38,0.1,0.0,98.66,55.16,45.69,0,1,0,0,1,1,0,Esc7
993,5.55,20.96,12.91,2.97,4.67,0.32,0.04,79.01,8.45,2907191.77,40.71,40.53,0.09,0.1,98.67,59.13,49.25,0,1,0,0,1,1,0,Esc7
994,5.34,17.98,12.8,2.68,4.48,0.31,0.0,79.08,7.86,2885943.61,41.01,40.19,0.09,0.0,98.69,60.47,50.4,0,1,0,0,1,1,0,Esc7
995,5.88,21.08,13.34,3.1,4.91,0.32,0.04,80.42,9.64,2961143.67,39.97,41.61,0.1,0.1,98.64,56.07,45.56,0,1,0,0,1,1,0,Esc7
996,5.23,18.0,12.86,2.57,4.52,0.32,0.02,80.07,8.15,2908290.37,40.7,40.6,0.09,0.05,98.68,58.63,46.95,0,1,0,0,1,1,0,Esc7
997,5.25,16.5,12.9,2.46,4.52,0.31,0.0,78.73,8.15,2891190.33,40.94,40.3,0.09,0.0,98.69,57.2,47.21,0,1,0,0,1,1,0,Esc7
998,5.35,18.73,12.85,2.68,4.57,0.31,0.0,78.42,8.2,2889037.96,40.97,40.26,0.09,0.0,98.69,58.53,48.89,0,1,0,0,1,1,0,Esc7
999,5.59,21.78,13.02,2.92,4.71,0.32,0.02,79.7,8.7,2921678.39,40.51,40.87,0.09,0.05,98.67,58.67,48.32,0,1,0,0,1,1,0,Esc7
