1,2,3,4,5,6,7,8,9,10,11,12,13,14,15,16,17,18,19,20,21,22,23,24,25,26,27,28,29,30,31,32,33,34,35,36
H,H,A,,,,,,,,,,,,,,,,,,,,,,,,,,,,,,,,,
H,B1,B1,B1,B2,D,,,,,,,,,,,,,,,,,,,,,,,,,,,,,,
H,H,H,H,A,,,,,,,,,,,,,,,,,,,,,,,,,,,,,,,
H,S,B1,B1,B2,B2,D,,,,,,,,,,,,,,,,,,,,,,,,,,,,,
H,S,S,H,H,H,S,B1,R,S,H,S,B1,B2,D,,,,,,,,,,,,,,,,,,,,,
H,H,S,S,H,H,H,S,S,S,B2,D,,,,,,,,,,,,,,,,,,,,,,,,
H,H,S,S,H,H,H,A,,,,,,,,,,,,,,,,,,,,,,,,,,,,
H,H,H,H,H,H,S,S,H,H,A,,,,,,,,,,,,,,,,,,,,,,,,,
H,S,S,B2,B2,D,,,,,,,,,,,,,,,,,,,,,,,,,,,,,,
H,H,A,,,,,,,,,,,,,,,,,,,,,,,,,,,,,,,,,
H,H,S,B1,R,R,B1,B1,B2,D,,,,,,,,,,,,,,,,,,,,,,,,,,
H,H,A,,,,,,,,,,,,,,,,,,,,,,,,,,,,,,,,,
H,S,B2,B2,D,,,,,,,,,,,,,,,,,,,,,,,,,,,,,,,
H,B1,B2,D,,,,,,,,,,,,,,,,,,,,,,,,,,,,,,,,
H,S,S,S,B1,R,R,R,B1,B2,D,,,,,,,,,,,,,,,,,,,,,,,,,
H,S,B1,R,R,S,S,H,S,H,H,S,S,S,H,H,B1,B2,B2,D,,,,,,,,,,,,,,,,
H,S,S,B1,B1,B1,B2,D,,,,,,,,,,,,,,,,,,,,,,,,,,,,
H,S,B1,D,,,,,,,,,,,,,,,,,,,,,,,,,,,,,,,,
H,S,S,B1,B1,B2,B2,B2,D,,,,,,,,,,,,,,,,,,,,,,,,,,,
H,B1,B2,D,,,,,,,,,,,,,,,,,,,,,,,,,,,,,,,,
H,H,H,H,S,B1,B2,D,,,,,,,,,,,,,,,,,,,,,,,,,,,,
H,A,,,,,,,,,,,,,,,,,,,,,,,,,,,,,,,,,,
H,S,S,B1,B2,D,,,,,,,,,,,,,,,,,,,,,,,,,,,,,,
H,A,,,,,,,,,,,,,,,,,,,,,,,,,,,,,,,,,,
H,S,H,A,,,,,,,,,,,,,,,,,,,,,,,,,,,,,,,,
H,H,S,H,B1,B2,B2,B2,D,,,,,,,,,,,,,,,,,,,,,,,,,,,
H,H,H,B1,D,,,,,,,,,,,,,,,,,,,,,,,,,,,,,,,
H,A,,,,,,,,,,,,,,,,,,,,,,,,,,,,,,,,,,
H,S,S,B1,B2,D,,,,,,,,,,,,,,,,,,,,,,,,,,,,,,
H,H,H,A,,,,,,,,,,,,,,,,,,,,,,,,,,,,,,,,
H,H,A,,,,,,,,,,,,,,,,,,,,,,,,,,,,,,,,,
H,H,H,S,B1,B2,D,,,,,,,,,,,,,,,,,,,,,,,,,,,,,
H,H,H,H,S,S,S,B2,D,,,,,,,,,,,,,,,,,,,,,,,,,,,
H,S,B1,B2,D,,,,,,,,,,,,,,,,,,,,,,,,,,,,,,,
H,B1,D,,,,,,,,,,,,,,,,,,,,,,,,,,,,,,,,,
H,H,A,,,,,,,,,,,,,,,,,,,,,,,,,,,,,,,,,
H,S,B1,B1,R,R,H,H,B1,B2,R,H,H,H,S,S,S,B1,B1,B1,B2,D,,,,,,,,,,,,,,
H,S,S,H,H,S,S,S,S,H,H,H,H,H,B1,B2,D,,,,,,,,,,,,,,,,,,,
H,S,S,H,S,S,B1,B2,B2,D,,,,,,,,,,,,,,,,,,,,,,,,,,
H,H,S,S,S,B2,D,,,,,,,,,,,,,,,,,,,,,,,,,,,,,
H,H,H,H,H,H,H,H,H,B1,B1,B2,D,,,,,,,,,,,,,,,,,,,,,,,
H,A,,,,,,,,,,,,,,,,,,,,,,,,,,,,,,,,,,
H,S,S,S,S,S,B2,D,,,,,,,,,,,,,,,,,,,,,,,,,,,,
H,A,,,,,,,,,,,,,,,,,,,,,,,,,,,,,,,,,,
H,S,S,H,S,B1,B2,D,,,,,,,,,,,,,,,,,,,,,,,,,,,,
H,S,H,H,H,S,H,S,B1,R,S,B1,B1,R,H,H,S,H,H,S,B1,B2,D,,,,,,,,,,,,,
H,S,S,S,H,A,,,,,,,,,,,,,,,,,,,,,,,,,,,,,,
H,S,S,H,H,B1,B1,B1,B2,D,,,,,,,,,,,,,,,,,,,,,,,,,,
H,A,,,,,,,,,,,,,,,,,,,,,,,,,,,,,,,,,,
H,S,S,S,S,S,S,H,H,B1,D,,,,,,,,,,,,,,,,,,,,,,,,,
H,H,H,S,S,H,H,S,B1,B1,B1,B1,B2,B2,B2,D,,,,,,,,,,,,,,,,,,,,
H,H,S,S,H,H,S,B1,R,S,B1,B1,B1,R,H,H,H,H,H,S,S,B1,R,S,S,S,S,S,B1,B2,D,,,,,
H,H,H,A,,,,,,,,,,,,,,,,,,,,,,,,,,,,,,,,
H,S,B1,B1,D,,,,,,,,,,,,,,,,,,,,,,,,,,,,,,,
H,H,H,S,H,H,S,H,S,S,S,S,S,B1,B1,B2,D,,,,,,,,,,,,,,,,,,,
H,S,B2,D,,,,,,,,,,,,,,,,,,,,,,,,,,,,,,,,
H,H,H,H,S,H,H,S,S,B1,B1,B1,B2,D,,,,,,,,,,,,,,,,,,,,,,
H,S,S,S,B1,R,R,H,S,S,H,A,,,,,,,,,,,,,,,,,,,,,,,,
H,H,A,,,,,,,,,,,,,,,,,,,,,,,,,,,,,,,,,
H,S,S,S,B1,R,R,R,S,S,B1,B1,B1,B2,D,,,,,,,,,,,,,,,,,,,,,
H,H,H,H,H,A,,,,,,,,,,,,,,,,,,,,,,,,,,,,,,
H,H,H,S,B1,B1,R,H,H,S,S,S,H,B1,B1,B1,R,R,R,R,R,B1,B1,B2,D,,,,,,,,,,,
H,H,S,S,H,H,S,H,B1,B2,D,,,,,,,,,,,,,,,,,,,,,,,,,
H,S,B1,B1,B2,D,,,,,,,,,,,,,,,,,,,,,,,,,,,,,,
H,H,B1,R,R,R,R,R,R,R,R,R,R,H,B1,R,H,B1,B1,B1,B2,R,R,R,B1,B1,B1,B2,D,,,,,,,
H,S,S,B1,B2,D,,,,,,,,,,,,,,,,,,,,,,,,,,,,,,
H,H,S,S,B2,D,,,,,,,,,,,,,,,,,,,,,,,,,,,,,,
H,S,B2,B2,D,,,,,,,,,,,,,,,,,,,,,,,,,,,,,,,
H,S,H,H,S,H,S,S,B1,B1,R,R,R,R,H,S,H,H,H,H,S,B1,B2,D,,,,,,,,,,,,
H,A,,,,,,,,,,,,,,,,,,,,,,,,,,,,,,,,,,
H,S,B1,B1,B1,D,,,,,,,,,,,,,,,,,,,,,,,,,,,,,,
H,S,B1,B2,B2,B2,D,,,,,,,,,,,,,,,,,,,,,,,,,,,,,
H,H,H,H,H,S,S,B1,B1,B2,B2,B2,D,,,,,,,,,,,,,,,,,,,,,,,
H,H,S,S,B1,R,R,H,H,H,H,A,,,,,,,,,,,,,,,,,,,,,,,,
H,H,S,B1,R,R,R,S,B1,B1,R,B1,R,S,B1,B2,D,,,,,,,,,,,,,,,,,,,
H,H,H,H,H,B1,B1,D,,,,,,,,,,,,,,,,,,,,,,,,,,,,
H,H,H,S,B1,B2,D,,,,,,,,,,,,,,,,,,,,,,,,,,,,,
H,S,S,B2,D,,,,,,,,,,,,,,,,,,,,,,,,,,,,,,,
H,S,H,S,H,H,H,H,B1,B2,D,,,,,,,,,,,,,,,,,,,,,,,,,
H,H,H,H,A,,,,,,,,,,,,,,,,,,,,,,,,,,,,,,,
H,H,H,A,,,,,,,,,,,,,,,,,,,,,,,,,,,,,,,,
H,A,,,,,,,,,,,,,,,,,,,,,,,,,,,,,,,,,,
H,H,S,B1,B2,B2,D,,,,,,,,,,,,,,,,,,,,,,,,,,,,,
H,S,B1,B1,B2,D,,,,,,,,,,,,,,,,,,,,,,,,,,,,,,
H,S,H,S,B2,B2,D,,,,,,,,,,,,,,,,,,,,,,,,,,,,,
H,H,B1,R,B1,B2,D,,,,,,,,,,,,,,,,,,,,,,,,,,,,,
H,H,H,S,B1,R,R,S,B1,B1,B2,B2,D,,,,,,,,,,,,,,,,,,,,,,,
H,H,H,S,S,S,S,S,S,H,S,B1,B2,D,,,,,,,,,,,,,,,,,,,,,,
H,H,B1,B2,D,,,,,,,,,,,,,,,,,,,,,,,,,,,,,,,
H,H,H,H,H,S,S,B1,R,R,R,R,H,H,H,S,B1,B1,D,,,,,,,,,,,,,,,,,
H,H,A,,,,,,,,,,,,,,,,,,,,,,,,,,,,,,,,,
H,H,S,S,B1,D,,,,,,,,,,,,,,,,,,,,,,,,,,,,,,
H,H,H,S,S,B1,B2,D,,,,,,,,,,,,,,,,,,,,,,,,,,,,
H,H,S,S,S,H,S,B1,B1,B1,B1,B2,D,,,,,,,,,,,,,,,,,,,,,,,
H,S,S,S,S,S,B2,B2,D,,,,,,,,,,,,,,,,,,,,,,,,,,,
H,H,H,S,B1,D,,,,,,,,,,,,,,,,,,,,,,,,,,,,,,
H,H,H,S,S,S,H,H,B1,B1,B1,B1,B2,B2,D,,,,,,,,,,,,,,,,,,,,,
H,H,B1,B1,B2,D,,,,,,,,,,,,,,,,,,,,,,,,,,,,,,
H,S,S,S,S,B1,D,,,,,,,,,,,,,,,,,,,,,,,,,,,,,
H,S,S,B1,B2,B2,D,,,,,,,,,,,,,,,,,,,,,,,,,,,,,
H,A,,,,,,,,,,,,,,,,,,,,,,,,,,,,,,,,,,
H,H,H,S,S,B2,D,,,,,,,,,,,,,,,,,,,,,,,,,,,,,
H,A,,,,,,,,,,,,,,,,,,,,,,,,,,,,,,,,,,
H,S,B2,D,,,,,,,,,,,,,,,,,,,,,,,,,,,,,,,,
H,H,S,S,H,S,S,B1,B2,R,H,S,S,H,A,,,,,,,,,,,,,,,,,,,,,
H,H,H,H,B1,B2,D,,,,,,,,,,,,,,,,,,,,,,,,,,,,,
H,H,H,H,H,H,S,H,S,S,H,H,A,,,,,,,,,,,,,,,,,,,,,,,
H,H,B1,B1,D,,,,,,,,,,,,,,,,,,,,,,,,,,,,,,,
H,H,S,B1,R,R,R,H,S,H,S,S,B1,B1,B1,B2,B2,B2,B2,D,,,,,,,,,,,,,,,,
H,S,S,S,S,B1,B2,R,H,H,S,B1,B1,B1,B1,D,,,,,,,,,,,,,,,,,,,,
H,H,S,B1,B2,D,,,,,,,,,,,,,,,,,,,,,,,,,,,,,,
H,H,S,B1,B2,D,,,,,,,,,,,,,,,,,,,,,,,,,,,,,,
H,H,A,,,,,,,,,,,,,,,,,,,,,,,,,,,,,,,,,
H,S,H,S,B2,D,,,,,,,,,,,,,,,,,,,,,,,,,,,,,,
H,H,H,H,S,B1,B1,B2,D,,,,,,,,,,,,,,,,,,,,,,,,,,,
H,S,S,S,S,S,S,B1,R,R,R,H,H,H,H,S,B2,B2,D,,,,,,,,,,,,,,,,,
H,B1,B1,B2,D,,,,,,,,,,,,,,,,,,,,,,,,,,,,,,,
H,S,H,H,S,S,H,S,H,S,S,B2,D,,,,,,,,,,,,,,,,,,,,,,,
H,H,H,H,B1,D,,,,,,,,,,,,,,,,,,,,,,,,,,,,,,
H,H,H,S,B1,B2,D,,,,,,,,,,,,,,,,,,,,,,,,,,,,,
H,H,S,H,S,S,B1,B1,B2,D,,,,,,,,,,,,,,,,,,,,,,,,,,
H,S,H,S,S,S,B1,B2,D,,,,,,,,,,,,,,,,,,,,,,,,,,,
H,H,B1,B2,B2,B2,D,,,,,,,,,,,,,,,,,,,,,,,,,,,,,
H,S,B1,R,B1,B2,B2,D,,,,,,,,,,,,,,,,,,,,,,,,,,,,
H,H,H,H,S,B1,D,,,,,,,,,,,,,,,,,,,,,,,,,,,,,
H,A,,,,,,,,,,,,,,,,,,,,,,,,,,,,,,,,,,
H,S,H,S,H,S,B1,D,,,,,,,,,,,,,,,,,,,,,,,,,,,,
H,H,H,H,H,H,A,,,,,,,,,,,,,,,,,,,,,,,,,,,,,
H,H,A,,,,,,,,,,,,,,,,,,,,,,,,,,,,,,,,,
H,H,H,H,S,S,S,B1,R,R,H,H,A,,,,,,,,,,,,,,,,,,,,,,,
H,H,S,B1,B1,R,R,H,A,,,,,,,,,,,,,,,,,,,,,,,,,,,
H,S,H,B1,R,B1,B2,D,,,,,,,,,,,,,,,,,,,,,,,,,,,,
H,H,B1,B2,D,,,,,,,,,,,,,,,,,,,,,,,,,,,,,,,
H,H,B1,B1,B1,B2,D,,,,,,,,,,,,,,,,,,,,,,,,,,,,,
H,H,H,H,H,H,S,B1,B2,D,,,,,,,,,,,,,,,,,,,,,,,,,,
H,B1,B2,D,,,,,,,,,,,,,,,,,,,,,,,,,,,,,,,,
H,S,H,S,S,B1,B1,B1,R,H,B1,B1,B2,D,,,,,,,,,,,,,,,,,,,,,,
H,S,S,S,H,H,S,B2,D,,,,,,,,,,,,,,,,,,,,,,,,,,,
H,S,B1,B2,D,,,,,,,,,,,,,,,,,,,,,,,,,,,,,,,
H,A,,,,,,,,,,,,,,,,,,,,,,,,,,,,,,,,,,
H,H,S,S,S,B1,B1,D,,,,,,,,,,,,,,,,,,,,,,,,,,,,
H,B1,B2,D,,,,,,,,,,,,,,,,,,,,,,,,,,,,,,,,
H,B1,B1,B1,B1,R,H,S,B2,D,,,,,,,,,,,,,,,,,,,,,,,,,,
H,S,H,B1,B2,B2,B2,D,,,,,,,,,,,,,,,,,,,,,,,,,,,,
H,S,B1,R,B1,B2,D,,,,,,,,,,,,,,,,,,,,,,,,,,,,,
H,H,H,S,B1,R,S,B1,B2,D,,,,,,,,,,,,,,,,,,,,,,,,,,
H,S,S,S,H,H,H,S,B2,D,,,,,,,,,,,,,,,,,,,,,,,,,,
H,S,S,B1,B1,B1,B2,D,,,,,,,,,,,,,,,,,,,,,,,,,,,,
H,H,H,H,A,,,,,,,,,,,,,,,,,,,,,,,,,,,,,,,
H,H,H,A,,,,,,,,,,,,,,,,,,,,,,,,,,,,,,,,
H,B1,B2,B2,D,,,,,,,,,,,,,,,,,,,,,,,,,,,,,,,
H,H,S,H,H,H,H,H,S,H,H,S,S,B1,B2,D,,,,,,,,,,,,,,,,,,,,
H,S,S,B1,B1,B1,R,S,B1,R,R,R,S,S,S,S,B1,B2,D,,,,,,,,,,,,,,,,,
H,H,H,H,H,B1,B1,B1,B1,B2,D,,,,,,,,,,,,,,,,,,,,,,,,,
H,H,H,H,H,S,B1,B2,D,,,,,,,,,,,,,,,,,,,,,,,,,,,
H,A,,,,,,,,,,,,,,,,,,,,,,,,,,,,,,,,,,
H,B1,B2,D,,,,,,,,,,,,,,,,,,,,,,,,,,,,,,,,
H,H,H,H,H,H,A,,,,,,,,,,,,,,,,,,,,,,,,,,,,,
H,B1,D,,,,,,,,,,,,,,,,,,,,,,,,,,,,,,,,,
H,H,H,A,,,,,,,,,,,,,,,,,,,,,,,,,,,,,,,,
H,S,B1,B2,B2,D,,,,,,,,,,,,,,,,,,,,,,,,,,,,,,
H,H,B1,B1,B1,D,,,,,,,,,,,,,,,,,,,,,,,,,,,,,,
H,H,A,,,,,,,,,,,,,,,,,,,,,,,,,,,,,,,,,
H,H,H,H,H,H,B1,D,,,,,,,,,,,,,,,,,,,,,,,,,,,,
H,H,A,,,,,,,,,,,,,,,,,,,,,,,,,,,,,,,,,
H,S,H,H,S,H,B1,B1,B1,B2,D,,,,,,,,,,,,,,,,,,,,,,,,,
H,H,H,H,B1,B1,R,R,S,B2,D,,,,,,,,,,,,,,,,,,,,,,,,,
H,A,,,,,,,,,,,,,,,,,,,,,,,,,,,,,,,,,,
H,H,B1,B1,B2,D,,,,,,,,,,,,,,,,,,,,,,,,,,,,,,
H,H,H,S,B1,B1,B2,D,,,,,,,,,,,,,,,,,,,,,,,,,,,,
H,S,H,B1,B1,B2,B2,B2,D,,,,,,,,,,,,,,,,,,,,,,,,,,,
H,H,B1,B1,B2,D,,,,,,,,,,,,,,,,,,,,,,,,,,,,,,
H,H,H,H,H,H,S,S,H,H,A,,,,,,,,,,,,,,,,,,,,,,,,,
H,B1,R,R,S,S,S,H,H,H,H,S,S,H,A,,,,,,,,,,,,,,,,,,,,,
H,H,H,B1,B2,B2,B2,B2,D,,,,,,,,,,,,,,,,,,,,,,,,,,,
H,H,H,A,,,,,,,,,,,,,,,,,,,,,,,,,,,,,,,,
H,A,,,,,,,,,,,,,,,,,,,,,,,,,,,,,,,,,,
H,H,H,A,,,,,,,,,,,,,,,,,,,,,,,,,,,,,,,,
H,H,H,B1,D,,,,,,,,,,,,,,,,,,,,,,,,,,,,,,,
H,B1,B2,D,,,,,,,,,,,,,,,,,,,,,,,,,,,,,,,,
H,H,H,H,S,H,H,B1,B1,B1,B1,D,,,,,,,,,,,,,,,,,,,,,,,,
H,S,S,B1,R,S,B1,R,R,H,B1,B2,D,,,,,,,,,,,,,,,,,,,,,,,
H,H,H,H,S,H,H,S,H,A,,,,,,,,,,,,,,,,,,,,,,,,,,
H,S,B1,B1,R,B1,D,,,,,,,,,,,,,,,,,,,,,,,,,,,,,
H,H,H,S,S,B1,R,H,S,S,S,B2,D,,,,,,,,,,,,,,,,,,,,,,,
H,S,B1,B2,D,,,,,,,,,,,,,,,,,,,,,,,,,,,,,,,
H,S,B1,R,H,B1,B1,B1,B1,D,,,,,,,,,,,,,,,,,,,,,,,,,,
H,B1,B2,D,,,,,,,,,,,,,,,,,,,,,,,,,,,,,,,,
H,S,B2,D,,,,,,,,,,,,,,,,,,,,,,,,,,,,,,,,
H,H,H,S,B1,B2,B2,D,,,,,,,,,,,,,,,,,,,,,,,,,,,,
H,H,S,B2,D,,,,,,,,,,,,,,,,,,,,,,,,,,,,,,,
H,H,S,B1,B2,D,,,,,,,,,,,,,,,,,,,,,,,,,,,,,,
H,H,S,B1,R,H,B1,B2,D,,,,,,,,,,,,,,,,,,,,,,,,,,,
H,H,B1,B1,B1,B1,R,R,R,H,S,S,B1,D,,,,,,,,,,,,,,,,,,,,,,
H,H,S,H,S,S,S,S,B1,B1,B2,D,,,,,,,,,,,,,,,,,,,,,,,,
H,H,S,S,S,B1,B1,B1,B2,D,,,,,,,,,,,,,,,,,,,,,,,,,,
H,S,B1,B2,R,S,B1,B1,B1,B1,B2,D,,,,,,,,,,,,,,,,,,,,,,,,
H,H,S,H,A,,,,,,,,,,,,,,,,,,,,,,,,,,,,,,,
H,H,S,B1,D,,,,,,,,,,,,,,,,,,,,,,,,,,,,,,,
H,H,H,A,,,,,,,,,,,,,,,,,,,,,,,,,,,,,,,,
H,S,H,H,B1,B2,B2,D,,,,,,,,,,,,,,,,,,,,,,,,,,,,
H,H,H,H,H,H,S,B1,B2,B2,D,,,,,,,,,,,,,,,,,,,,,,,,,
H,B1,R,R,R,B1,B1,B2,D,,,,,,,,,,,,,,,,,,,,,,,,,,,
H,S,S,H,H,A,,,,,,,,,,,,,,,,,,,,,,,,,,,,,,
H,H,H,H,H,S,B1,R,R,H,H,H,H,S,S,S,S,B1,R,S,B2,D,,,,,,,,,,,,,,
H,H,H,S,B2,D,,,,,,,,,,,,,,,,,,,,,,,,,,,,,,
H,H,H,S,S,H,B1,B2,D,,,,,,,,,,,,,,,,,,,,,,,,,,,
H,B1,B2,D,,,,,,,,,,,,,,,,,,,,,,,,,,,,,,,,
H,S,H,S,H,S,S,H,H,H,S,B1,B2,R,H,H,H,B1,B1,B2,B2,D,,,,,,,,,,,,,,
H,S,B1,B1,B1,B2,D,,,,,,,,,,,,,,,,,,,,,,,,,,,,,
H,H,A,,,,,,,,,,,,,,,,,,,,,,,,,,,,,,,,,
H,H,S,S,B1,R,R,S,S,B1,B2,R,R,R,S,H,H,B1,D,,,,,,,,,,,,,,,,,
H,H,H,B1,B2,D,,,,,,,,,,,,,,,,,,,,,,,,,,,,,,
H,A,,,,,,,,,,,,,,,,,,,,,,,,,,,,,,,,,,
H,S,B1,B2,R,H,B1,B2,D,,,,,,,,,,,,,,,,,,,,,,,,,,,
H,S,S,B1,R,B1,B2,R,S,B1,B1,B1,B1,B1,B1,B2,D,,,,,,,,,,,,,,,,,,,
H,S,H,H,S,S,B1,B2,D,,,,,,,,,,,,,,,,,,,,,,,,,,,
H,H,S,S,B2,D,,,,,,,,,,,,,,,,,,,,,,,,,,,,,,
H,H,H,H,S,S,S,S,B1,R,R,R,H,H,S,S,S,H,H,H,B1,B1,B2,B2,D,,,,,,,,,,,
H,H,B1,R,S,B2,D,,,,,,,,,,,,,,,,,,,,,,,,,,,,,
H,B1,R,H,S,H,H,A,,,,,,,,,,,,,,,,,,,,,,,,,,,,
H,A,,,,,,,,,,,,,,,,,,,,,,,,,,,,,,,,,,
H,H,S,B1,B1,B1,R,R,R,R,R,R,B1,B2,D,,,,,,,,,,,,,,,,,,,,,
H,H,S,S,B2,D,,,,,,,,,,,,,,,,,,,,,,,,,,,,,,
H,S,S,H,H,H,H,S,B1,R,R,H,B1,R,H,S,S,B1,D,,,,,,,,,,,,,,,,,
H,H,B1,B2,D,,,,,,,,,,,,,,,,,,,,,,,,,,,,,,,
H,H,B1,B1,B1,B1,D,,,,,,,,,,,,,,,,,,,,,,,,,,,,,
H,B1,R,R,H,H,H,H,H,H,H,H,H,H,A,,,,,,,,,,,,,,,,,,,,,
H,H,S,B1,B1,B2,D,,,,,,,,,,,,,,,,,,,,,,,,,,,,,
H,H,S,S,S,H,H,H,B1,B1,B2,D,,,,,,,,,,,,,,,,,,,,,,,,
H,S,S,B1,R,R,S,S,B1,D,,,,,,,,,,,,,,,,,,,,,,,,,,
H,B1,B2,R,S,B1,B2,D,,,,,,,,,,,,,,,,,,,,,,,,,,,,
H,B1,B2,D,,,,,,,,,,,,,,,,,,,,,,,,,,,,,,,,
H,H,H,H,S,H,H,A,,,,,,,,,,,,,,,,,,,,,,,,,,,,
H,H,S,S,S,B1,B1,B1,B1,R,R,R,R,H,H,H,H,H,A,,,,,,,,,,,,,,,,,
H,H,H,H,S,B1,D,,,,,,,,,,,,,,,,,,,,,,,,,,,,,
H,S,S,H,H,S,S,B1,B1,B1,B2,D,,,,,,,,,,,,,,,,,,,,,,,,
H,H,S,H,S,S,H,H,B1,B2,D,,,,,,,,,,,,,,,,,,,,,,,,,
H,H,S,S,B1,B2,D,,,,,,,,,,,,,,,,,,,,,,,,,,,,,
H,H,H,H,B1,B2,D,,,,,,,,,,,,,,,,,,,,,,,,,,,,,
H,H,H,H,A,,,,,,,,,,,,,,,,,,,,,,,,,,,,,,,
H,H,S,H,A,,,,,,,,,,,,,,,,,,,,,,,,,,,,,,,
H,H,H,H,S,S,H,H,S,B2,D,,,,,,,,,,,,,,,,,,,,,,,,,
H,S,B1,D,,,,,,,,,,,,,,,,,,,,,,,,,,,,,,,,
H,B1,B2,D,,,,,,,,,,,,,,,,,,,,,,,,,,,,,,,,
H,B1,B2,D,,,,,,,,,,,,,,,,,,,,,,,,,,,,,,,,
H,H,B1,R,H,S,S,H,A,,,,,,,,,,,,,,,,,,,,,,,,,,,
H,B1,R,S,S,S,B1,B1,B1,B1,B2,D,,,,,,,,,,,,,,,,,,,,,,,,
H,B1,B1,B2,D,,,,,,,,,,,,,,,,,,,,,,,,,,,,,,,
H,B1,B2,D,,,,,,,,,,,,,,,,,,,,,,,,,,,,,,,,
H,H,A,,,,,,,,,,,,,,,,,,,,,,,,,,,,,,,,,
H,H,H,H,B1,B1,B2,R,R,B1,B1,B2,D,,,,,,,,,,,,,,,,,,,,,,,
H,A,,,,,,,,,,,,,,,,,,,,,,,,,,,,,,,,,,
H,H,S,B1,D,,,,,,,,,,,,,,,,,,,,,,,,,,,,,,,
H,H,S,S,B2,B2,D,,,,,,,,,,,,,,,,,,,,,,,,,,,,,
H,S,B1,B1,D,,,,,,,,,,,,,,,,,,,,,,,,,,,,,,,
H,H,S,S,S,S,S,H,H,H,S,B1,B1,B2,B2,B2,D,,,,,,,,,,,,,,,,,,,
H,S,H,H,H,B1,D,,,,,,,,,,,,,,,,,,,,,,,,,,,,,
H,H,H,B1,D,,,,,,,,,,,,,,,,,,,,,,,,,,,,,,,
H,H,H,H,S,S,H,S,H,S,S,H,S,S,B2,D,,,,,,,,,,,,,,,,,,,,
H,H,S,S,B2,D,,,,,,,,,,,,,,,,,,,,,,,,,,,,,,
H,S,H,H,B1,R,H,H,B1,D,,,,,,,,,,,,,,,,,,,,,,,,,,
H,H,H,H,B1,B1,B1,R,H,H,H,H,H,S,H,S,B1,R,H,H,H,H,H,S,H,H,H,S,H,S,S,B1,R,H,H,H
H,H,S,B1,B2,D,,,,,,,,,,,,,,,,,,,,,,,,,,,,,,
H,H,H,S,S,B1,B1,B1,D,,,,,,,,,,,,,,,,,,,,,,,,,,,
H,H,A,,,,,,,,,,,,,,,,,,,,,,,,,,,,,,,,,
H,B1,B1,B2,D,,,,,,,,,,,,,,,,,,,,,,,,,,,,,,,
H,S,B1,B2,D,,,,,,,,,,,,,,,,,,,,,,,,,,,,,,,
H,H,S,S,B1,B1,B2,D,,,,,,,,,,,,,,,,,,,,,,,,,,,,
H,H,H,H,S,B1,B1,B2,D,,,,,,,,,,,,,,,,,,,,,,,,,,,
H,H,A,,,,,,,,,,,,,,,,,,,,,,,,,,,,,,,,,
H,A,,,,,,,,,,,,,,,,,,,,,,,,,,,,,,,,,,
H,S,S,B1,B2,D,,,,,,,,,,,,,,,,,,,,,,,,,,,,,,
H,H,H,H,H,A,,,,,,,,,,,,,,,,,,,,,,,,,,,,,,
H,H,A,,,,,,,,,,,,,,,,,,,,,,,,,,,,,,,,,
H,S,B1,B1,B2,D,,,,,,,,,,,,,,,,,,,,,,,,,,,,,,
H,S,S,S,B2,D,,,,,,,,,,,,,,,,,,,,,,,,,,,,,,
H,H,S,B2,D,,,,,,,,,,,,,,,,,,,,,,,,,,,,,,,
H,H,H,S,H,S,B2,D,,,,,,,,,,,,,,,,,,,,,,,,,,,,
H,H,H,H,B1,B2,D,,,,,,,,,,,,,,,,,,,,,,,,,,,,,
H,S,S,B1,B1,R,R,R,R,H,H,S,S,S,S,H,H,H,S,S,H,S,S,B1,B2,D,,,,,,,,,,
H,B1,B2,B2,D,,,,,,,,,,,,,,,,,,,,,,,,,,,,,,,
H,A,,,,,,,,,,,,,,,,,,,,,,,,,,,,,,,,,,
H,H,B1,B1,B1,B2,D,,,,,,,,,,,,,,,,,,,,,,,,,,,,,
H,H,H,S,B2,D,,,,,,,,,,,,,,,,,,,,,,,,,,,,,,
H,H,H,H,B1,R,B1,B2,D,,,,,,,,,,,,,,,,,,,,,,,,,,,
H,S,B1,B2,D,,,,,,,,,,,,,,,,,,,,,,,,,,,,,,,
H,S,S,B2,D,,,,,,,,,,,,,,,,,,,,,,,,,,,,,,,
H,S,S,B1,B2,R,H,S,B1,B2,D,,,,,,,,,,,,,,,,,,,,,,,,,
H,S,H,H,H,H,H,H,H,H,S,S,S,B1,B1,B2,B2,B2,D,,,,,,,,,,,,,,,,,
H,S,B1,B2,D,,,,,,,,,,,,,,,,,,,,,,,,,,,,,,,
H,H,H,H,H,S,B1,B1,D,,,,,,,,,,,,,,,,,,,,,,,,,,,
H,B1,B1,B1,B1,B1,B1,B2,D,,,,,,,,,,,,,,,,,,,,,,,,,,,
H,H,A,,,,,,,,,,,,,,,,,,,,,,,,,,,,,,,,,
H,A,,,,,,,,,,,,,,,,,,,,,,,,,,,,,,,,,,
H,H,S,S,S,S,S,S,H,H,S,S,S,B1,B1,B2,D,,,,,,,,,,,,,,,,,,,
H,S,S,B1,B2,D,,,,,,,,,,,,,,,,,,,,,,,,,,,,,,
H,S,B1,B2,B2,D,,,,,,,,,,,,,,,,,,,,,,,,,,,,,,
H,H,S,S,S,H,H,H,S,H,S,B2,R,S,H,S,S,S,S,B1,B1,B1,R,B1,R,B1,R,S,B1,D,,,,,,
H,S,H,H,H,H,H,S,S,S,B1,B1,B1,B1,B2,D,,,,,,,,,,,,,,,,,,,,
H,H,H,B1,B1,B2,D,,,,,,,,,,,,,,,,,,,,,,,,,,,,,
H,S,B2,B2,R,R,S,S,B1,B2,D,,,,,,,,,,,,,,,,,,,,,,,,,
H,A,,,,,,,,,,,,,,,,,,,,,,,,,,,,,,,,,,
H,H,S,B1,B1,B2,D,,,,,,,,,,,,,,,,,,,,,,,,,,,,,
H,H,S,B2,D,,,,,,,,,,,,,,,,,,,,,,,,,,,,,,,
H,S,B1,R,H,A,,,,,,,,,,,,,,,,,,,,,,,,,,,,,,
H,B1,D,,,,,,,,,,,,,,,,,,,,,,,,,,,,,,,,,
H,H,B1,B1,B2,D,,,,,,,,,,,,,,,,,,,,,,,,,,,,,,
H,S,S,B1,B1,B1,B2,D,,,,,,,,,,,,,,,,,,,,,,,,,,,,
H,B1,B2,R,R,B1,B1,B2,D,,,,,,,,,,,,,,,,,,,,,,,,,,,
H,S,S,B1,R,R,H,B1,B2,D,,,,,,,,,,,,,,,,,,,,,,,,,,
H,H,B1,B2,B2,D,,,,,,,,,,,,,,,,,,,,,,,,,,,,,,
H,B1,B1,D,,,,,,,,,,,,,,,,,,,,,,,,,,,,,,,,
H,S,B1,B1,B1,D,,,,,,,,,,,,,,,,,,,,,,,,,,,,,,
H,H,S,S,H,H,S,B2,D,,,,,,,,,,,,,,,,,,,,,,,,,,,
H,H,H,S,S,B1,B2,D,,,,,,,,,,,,,,,,,,,,,,,,,,,,
H,H,A,,,,,,,,,,,,,,,,,,,,,,,,,,,,,,,,,
H,A,,,,,,,,,,,,,,,,,,,,,,,,,,,,,,,,,,
H,S,S,H,H,H,B1,B1,R,H,H,H,H,H,H,S,S,S,S,B1,D,,,,,,,,,,,,,,,
H,H,H,H,A,,,,,,,,,,,,,,,,,,,,,,,,,,,,,,,
H,H,S,H,S,H,H,S,B1,B2,D,,,,,,,,,,,,,,,,,,,,,,,,,
H,H,S,H,H,H,H,H,A,,,,,,,,,,,,,,,,,,,,,,,,,,,
H,S,B1,B2,B2,R,H,H,S,B1,B2,D,,,,,,,,,,,,,,,,,,,,,,,,
H,B1,B1,B2,D,,,,,,,,,,,,,,,,,,,,,,,,,,,,,,,
H,H,H,B1,B1,B2,B2,D,,,,,,,,,,,,,,,,,,,,,,,,,,,,
H,H,H,S,S,S,H,H,H,H,A,,,,,,,,,,,,,,,,,,,,,,,,,
H,H,H,H,S,B2,D,,,,,,,,,,,,,,,,,,,,,,,,,,,,,
H,H,A,,,,,,,,,,,,,,,,,,,,,,,,,,,,,,,,,
H,A,,,,,,,,,,,,,,,,,,,,,,,,,,,,,,,,,,
H,H,B1,B1,R,H,S,B1,B1,B2,R,R,B1,B2,R,H,H,H,S,B1,B2,D,,,,,,,,,,,,,,
H,A,,,,,,,,,,,,,,,,,,,,,,,,,,,,,,,,,,
H,H,S,S,B2,D,,,,,,,,,,,,,,,,,,,,,,,,,,,,,,
H,S,S,B1,B1,B2,D,,,,,,,,,,,,,,,,,,,,,,,,,,,,,
H,A,,,,,,,,,,,,,,,,,,,,,,,,,,,,,,,,,,
H,H,H,H,H,H,S,B2,D,,,,,,,,,,,,,,,,,,,,,,,,,,,
H,B1,B2,D,,,,,,,,,,,,,,,,,,,,,,,,,,,,,,,,
H,H,S,S,S,B1,B1,B1,D,,,,,,,,,,,,,,,,,,,,,,,,,,,
H,H,H,A,,,,,,,,,,,,,,,,,,,,,,,,,,,,,,,,
H,S,S,S,B1,B1,B1,B2,B2,D,,,,,,,,,,,,,,,,,,,,,,,,,,
H,H,H,H,S,S,S,H,H,H,B1,R,H,S,B2,D,,,,,,,,,,,,,,,,,,,,
H,B1,B1,D,,,,,,,,,,,,,,,,,,,,,,,,,,,,,,,,
H,S,B2,D,,,,,,,,,,,,,,,,,,,,,,,,,,,,,,,,
H,H,A,,,,,,,,,,,,,,,,,,,,,,,,,,,,,,,,,
H,H,H,H,H,S,B1,B1,B2,D,,,,,,,,,,,,,,,,,,,,,,,,,,
H,H,S,S,S,H,S,B1,B1,B2,D,,,,,,,,,,,,,,,,,,,,,,,,,
H,H,S,B2,D,,,,,,,,,,,,,,,,,,,,,,,,,,,,,,,
H,S,B1,R,S,S,S,B2,D,,,,,,,,,,,,,,,,,,,,,,,,,,,
H,H,B1,B2,B2,D,,,,,,,,,,,,,,,,,,,,,,,,,,,,,,
H,H,B1,B1,R,B1,B1,D,,,,,,,,,,,,,,,,,,,,,,,,,,,,
H,S,S,S,B1,B1,B1,B1,B1,R,S,S,H,H,A,,,,,,,,,,,,,,,,,,,,,
H,S,H,S,B1,B2,D,,,,,,,,,,,,,,,,,,,,,,,,,,,,,
H,H,H,B1,R,S,B1,D,,,,,,,,,,,,,,,,,,,,,,,,,,,,
H,A,,,,,,,,,,,,,,,,,,,,,,,,,,,,,,,,,,
H,H,S,B1,D,,,,,,,,,,,,,,,,,,,,,,,,,,,,,,,
H,H,S,S,S,H,A,,,,,,,,,,,,,,,,,,,,,,,,,,,,,
H,A,,,,,,,,,,,,,,,,,,,,,,,,,,,,,,,,,,
H,A,,,,,,,,,,,,,,,,,,,,,,,,,,,,,,,,,,
H,H,A,,,,,,,,,,,,,,,,,,,,,,,,,,,,,,,,,
H,S,S,S,S,S,B1,B2,D,,,,,,,,,,,,,,,,,,,,,,,,,,,
H,S,H,H,H,H,H,S,S,S,S,H,A,,,,,,,,,,,,,,,,,,,,,,,
H,H,H,B1,B2,D,,,,,,,,,,,,,,,,,,,,,,,,,,,,,,
H,H,S,B1,R,R,H,H,H,H,H,H,H,A,,,,,,,,,,,,,,,,,,,,,,
H,H,S,B2,D,,,,,,,,,,,,,,,,,,,,,,,,,,,,,,,
H,H,H,H,B1,B2,D,,,,,,,,,,,,,,,,,,,,,,,,,,,,,
H,H,H,H,A,,,,,,,,,,,,,,,,,,,,,,,,,,,,,,,
H,H,A,,,,,,,,,,,,,,,,,,,,,,,,,,,,,,,,,
H,H,S,B1,D,,,,,,,,,,,,,,,,,,,,,,,,,,,,,,,
H,S,H,H,B1,B2,D,,,,,,,,,,,,,,,,,,,,,,,,,,,,,
H,S,B1,R,H,S,B1,B1,B2,D,,,,,,,,,,,,,,,,,,,,,,,,,,
H,A,,,,,,,,,,,,,,,,,,,,,,,,,,,,,,,,,,
H,A,,,,,,,,,,,,,,,,,,,,,,,,,,,,,,,,,,
H,H,S,B1,D,,,,,,,,,,,,,,,,,,,,,,,,,,,,,,,
H,A,,,,,,,,,,,,,,,,,,,,,,,,,,,,,,,,,,
H,H,H,A,,,,,,,,,,,,,,,,,,,,,,,,,,,,,,,,
H,A,,,,,,,,,,,,,,,,,,,,,,,,,,,,,,,,,,
H,B1,B2,D,,,,,,,,,,,,,,,,,,,,,,,,,,,,,,,,
H,H,H,H,S,S,S,H,H,S,S,B1,B1,R,B1,B1,B1,B2,D,,,,,,,,,,,,,,,,,
H,H,H,B1,B2,D,,,,,,,,,,,,,,,,,,,,,,,,,,,,,,
H,H,H,S,S,B2,D,,,,,,,,,,,,,,,,,,,,,,,,,,,,,
H,H,S,B2,D,,,,,,,,,,,,,,,,,,,,,,,,,,,,,,,
H,H,S,S,S,H,H,H,A,,,,,,,,,,,,,,,,,,,,,,,,,,,
H,H,S,B1,B2,D,,,,,,,,,,,,,,,,,,,,,,,,,,,,,,
H,B1,B1,B1,B1,D,,,,,,,,,,,,,,,,,,,,,,,,,,,,,,
H,H,S,B1,B1,B1,B1,B2,D,,,,,,,,,,,,,,,,,,,,,,,,,,,
H,H,B1,D,,,,,,,,,,,,,,,,,,,,,,,,,,,,,,,,
H,H,H,H,S,B1,B1,B1,R,R,H,S,S,S,B1,R,S,B2,D,,,,,,,,,,,,,,,,,
H,S,S,B1,D,,,,,,,,,,,,,,,,,,,,,,,,,,,,,,,
H,H,A,,,,,,,,,,,,,,,,,,,,,,,,,,,,,,,,,
H,B1,B2,R,R,B1,B1,B2,D,,,,,,,,,,,,,,,,,,,,,,,,,,,
H,B1,R,R,B1,B2,D,,,,,,,,,,,,,,,,,,,,,,,,,,,,,
H,H,S,S,H,H,B1,R,H,H,H,B1,B1,B2,B2,D,,,,,,,,,,,,,,,,,,,,
H,H,S,S,B1,B1,B2,D,,,,,,,,,,,,,,,,,,,,,,,,,,,,
H,H,B1,B2,B2,D,,,,,,,,,,,,,,,,,,,,,,,,,,,,,,
H,H,S,B1,B1,B2,D,,,,,,,,,,,,,,,,,,,,,,,,,,,,,
H,A,,,,,,,,,,,,,,,,,,,,,,,,,,,,,,,,,,
H,H,H,S,S,B1,B1,B2,D,,,,,,,,,,,,,,,,,,,,,,,,,,,
H,H,S,S,B1,B1,R,H,B1,B2,D,,,,,,,,,,,,,,,,,,,,,,,,,
H,H,A,,,,,,,,,,,,,,,,,,,,,,,,,,,,,,,,,
H,A,,,,,,,,,,,,,,,,,,,,,,,,,,,,,,,,,,
H,H,B1,B2,D,,,,,,,,,,,,,,,,,,,,,,,,,,,,,,,
H,S,H,H,H,S,S,H,A,,,,,,,,,,,,,,,,,,,,,,,,,,,
H,H,H,H,S,B1,B1,B2,D,,,,,,,,,,,,,,,,,,,,,,,,,,,
H,H,S,B1,B1,B2,B2,D,,,,,,,,,,,,,,,,,,,,,,,,,,,,
H,H,A,,,,,,,,,,,,,,,,,,,,,,,,,,,,,,,,,
H,B1,B1,D,,,,,,,,,,,,,,,,,,,,,,,,,,,,,,,,
H,B1,B2,D,,,,,,,,,,,,,,,,,,,,,,,,,,,,,,,,
H,H,H,S,S,B2,B2,D,,,,,,,,,,,,,,,,,,,,,,,,,,,,
H,S,B1,B1,B2,D,,,,,,,,,,,,,,,,,,,,,,,,,,,,,,
H,H,B1,B2,D,,,,,,,,,,,,,,,,,,,,,,,,,,,,,,,
H,S,S,S,B1,B2,D,,,,,,,,,,,,,,,,,,,,,,,,,,,,,
H,H,H,H,A,,,,,,,,,,,,,,,,,,,,,,,,,,,,,,,
H,H,H,A,,,,,,,,,,,,,,,,,,,,,,,,,,,,,,,,
H,S,H,H,H,H,H,S,S,H,S,B1,B2,D,,,,,,,,,,,,,,,,,,,,,,
H,A,,,,,,,,,,,,,,,,,,,,,,,,,,,,,,,,,,
H,H,S,B2,B2,D,,,,,,,,,,,,,,,,,,,,,,,,,,,,,,
H,B1,B2,R,S,S,B2,D,,,,,,,,,,,,,,,,,,,,,,,,,,,,
H,S,B2,D,,,,,,,,,,,,,,,,,,,,,,,,,,,,,,,,
H,H,H,H,H,A,,,,,,,,,,,,,,,,,,,,,,,,,,,,,,
H,H,H,H,H,S,B2,D,,,,,,,,,,,,,,,,,,,,,,,,,,,,
H,B1,B1,B2,B2,D,,,,,,,,,,,,,,,,,,,,,,,,,,,,,,
H,S,B1,R,R,R,R,R,B1,B1,B2,B2,D,,,,,,,,,,,,,,,,,,,,,,,
H,H,S,H,H,H,A,,,,,,,,,,,,,,,,,,,,,,,,,,,,,
H,B1,B2,D,,,,,,,,,,,,,,,,,,,,,,,,,,,,,,,,
H,H,H,H,S,H,H,A,,,,,,,,,,,,,,,,,,,,,,,,,,,,
H,S,B1,B2,B2,D,,,,,,,,,,,,,,,,,,,,,,,,,,,,,,
H,A,,,,,,,,,,,,,,,,,,,,,,,,,,,,,,,,,,
H,S,S,H,H,A,,,,,,,,,,,,,,,,,,,,,,,,,,,,,,
H,S,S,H,S,S,B1,B1,D,,,,,,,,,,,,,,,,,,,,,,,,,,,
H,S,H,H,S,B1,B2,D,,,,,,,,,,,,,,,,,,,,,,,,,,,,
H,H,H,B1,R,R,R,H,B1,B1,B1,B1,B2,D,,,,,,,,,,,,,,,,,,,,,,
H,H,H,H,S,S,S,B1,R,R,S,B1,B1,B1,B1,R,H,H,H,B1,B2,D,,,,,,,,,,,,,,
H,S,S,B1,B1,R,S,B1,B1,B2,D,,,,,,,,,,,,,,,,,,,,,,,,,
H,S,H,S,S,B1,R,B1,B2,D,,,,,,,,,,,,,,,,,,,,,,,,,,
H,H,B1,B1,B2,D,,,,,,,,,,,,,,,,,,,,,,,,,,,,,,
H,H,H,H,B1,D,,,,,,,,,,,,,,,,,,,,,,,,,,,,,,
H,S,B1,D,,,,,,,,,,,,,,,,,,,,,,,,,,,,,,,,
H,H,H,S,B1,R,S,H,H,H,H,S,H,B1,B2,D,,,,,,,,,,,,,,,,,,,,
H,H,H,H,A,,,,,,,,,,,,,,,,,,,,,,,,,,,,,,,
H,H,H,H,H,S,B2,D,,,,,,,,,,,,,,,,,,,,,,,,,,,,
H,H,B1,B1,B1,R,R,H,H,H,S,S,B2,B2,D,,,,,,,,,,,,,,,,,,,,,
H,H,S,S,B1,R,R,R,R,B1,R,S,S,S,S,S,B2,D,,,,,,,,,,,,,,,,,,
H,H,S,H,H,H,H,H,S,B1,B2,D,,,,,,,,,,,,,,,,,,,,,,,,
H,H,S,H,H,S,S,H,H,A,,,,,,,,,,,,,,,,,,,,,,,,,,
H,A,,,,,,,,,,,,,,,,,,,,,,,,,,,,,,,,,,
H,H,S,S,S,S,B2,D,,,,,,,,,,,,,,,,,,,,,,,,,,,,
H,H,H,H,S,S,B2,D,,,,,,,,,,,,,,,,,,,,,,,,,,,,
H,H,H,B1,R,H,H,H,H,H,H,S,S,H,H,B1,R,S,S,B2,D,,,,,,,,,,,,,,,
H,H,H,H,H,A,,,,,,,,,,,,,,,,,,,,,,,,,,,,,,
H,B1,B1,R,S,S,H,B1,B2,D,,,,,,,,,,,,,,,,,,,,,,,,,,
H,S,B1,D,,,,,,,,,,,,,,,,,,,,,,,,,,,,,,,,
H,S,S,B2,D,,,,,,,,,,,,,,,,,,,,,,,,,,,,,,,
H,H,H,B1,B2,D,,,,,,,,,,,,,,,,,,,,,,,,,,,,,,
H,H,H,S,H,H,S,S,B1,R,R,H,H,S,B2,D,,,,,,,,,,,,,,,,,,,,
H,B1,B1,B2,D,,,,,,,,,,,,,,,,,,,,,,,,,,,,,,,
H,H,H,A,,,,,,,,,,,,,,,,,,,,,,,,,,,,,,,,
H,S,B1,B2,B2,D,,,,,,,,,,,,,,,,,,,,,,,,,,,,,,
H,H,H,S,S,S,S,S,B1,B1,B2,D,,,,,,,,,,,,,,,,,,,,,,,,
H,S,B1,B2,D,,,,,,,,,,,,,,,,,,,,,,,,,,,,,,,
H,H,A,,,,,,,,,,,,,,,,,,,,,,,,,,,,,,,,,
H,S,B1,B1,R,S,S,B1,B1,B2,D,,,,,,,,,,,,,,,,,,,,,,,,,
H,H,H,H,A,,,,,,,,,,,,,,,,,,,,,,,,,,,,,,,
H,B1,B2,D,,,,,,,,,,,,,,,,,,,,,,,,,,,,,,,,
H,H,H,H,A,,,,,,,,,,,,,,,,,,,,,,,,,,,,,,,
H,H,S,B1,B2,B2,D,,,,,,,,,,,,,,,,,,,,,,,,,,,,,
H,H,H,H,H,B1,B2,D,,,,,,,,,,,,,,,,,,,,,,,,,,,,
H,H,H,A,,,,,,,,,,,,,,,,,,,,,,,,,,,,,,,,
H,S,S,H,H,S,H,S,S,B1,D,,,,,,,,,,,,,,,,,,,,,,,,,
H,A,,,,,,,,,,,,,,,,,,,,,,,,,,,,,,,,,,
H,H,S,H,H,S,S,S,H,S,H,B1,B1,B1,B2,D,,,,,,,,,,,,,,,,,,,,
H,H,H,A,,,,,,,,,,,,,,,,,,,,,,,,,,,,,,,,
H,H,A,,,,,,,,,,,,,,,,,,,,,,,,,,,,,,,,,
H,S,B2,D,,,,,,,,,,,,,,,,,,,,,,,,,,,,,,,,
H,S,S,S,S,S,S,B1,D,,,,,,,,,,,,,,,,,,,,,,,,,,,
H,H,H,H,S,H,S,B2,D,,,,,,,,,,,,,,,,,,,,,,,,,,,
H,H,B1,B2,D,,,,,,,,,,,,,,,,,,,,,,,,,,,,,,,
H,S,B1,B2,D,,,,,,,,,,,,,,,,,,,,,,,,,,,,,,,
H,H,S,H,A,,,,,,,,,,,,,,,,,,,,,,,,,,,,,,,
H,S,S,S,S,S,B1,D,,,,,,,,,,,,,,,,,,,,,,,,,,,,
H,H,S,S,S,S,B1,B2,D,,,,,,,,,,,,,,,,,,,,,,,,,,,
H,H,H,H,S,H,S,S,S,S,S,H,H,S,B1,B1,B2,R,H,H,B1,B1,B1,B1,B1,B2,B2,B2,D,,,,,,,
H,H,S,S,S,B1,B1,B2,D,,,,,,,,,,,,,,,,,,,,,,,,,,,
H,H,S,B1,D,,,,,,,,,,,,,,,,,,,,,,,,,,,,,,,
H,S,S,S,S,S,S,B2,D,,,,,,,,,,,,,,,,,,,,,,,,,,,
H,H,H,B1,B2,D,,,,,,,,,,,,,,,,,,,,,,,,,,,,,,
H,H,B1,B1,R,B1,B2,D,,,,,,,,,,,,,,,,,,,,,,,,,,,,
H,S,H,B1,B2,D,,,,,,,,,,,,,,,,,,,,,,,,,,,,,,
H,H,H,H,H,S,S,B2,D,,,,,,,,,,,,,,,,,,,,,,,,,,,
H,B1,B1,B2,D,,,,,,,,,,,,,,,,,,,,,,,,,,,,,,,
H,S,B1,B1,B1,R,H,S,S,B1,B1,B1,B2,D,,,,,,,,,,,,,,,,,,,,,,
H,H,H,S,B2,D,,,,,,,,,,,,,,,,,,,,,,,,,,,,,,
H,A,,,,,,,,,,,,,,,,,,,,,,,,,,,,,,,,,,
H,S,S,B1,B2,D,,,,,,,,,,,,,,,,,,,,,,,,,,,,,,
H,H,S,S,B1,B2,R,B1,B2,D,,,,,,,,,,,,,,,,,,,,,,,,,,
H,S,B1,B1,B2,D,,,,,,,,,,,,,,,,,,,,,,,,,,,,,,
H,B1,D,,,,,,,,,,,,,,,,,,,,,,,,,,,,,,,,,
H,H,B1,B1,B2,D,,,,,,,,,,,,,,,,,,,,,,,,,,,,,,
H,H,S,H,H,S,B1,D,,,,,,,,,,,,,,,,,,,,,,,,,,,,
H,S,B1,B2,B2,B2,D,,,,,,,,,,,,,,,,,,,,,,,,,,,,,
H,S,S,B1,B2,B2,R,R,R,R,H,A,,,,,,,,,,,,,,,,,,,,,,,,
H,B1,B2,R,R,B1,B2,D,,,,,,,,,,,,,,,,,,,,,,,,,,,,
H,H,A,,,,,,,,,,,,,,,,,,,,,,,,,,,,,,,,,
H,S,S,S,S,B1,B2,D,,,,,,,,,,,,,,,,,,,,,,,,,,,,
H,H,S,S,B1,B2,D,,,,,,,,,,,,,,,,,,,,,,,,,,,,,
H,S,B1,D,,,,,,,,,,,,,,,,,,,,,,,,,,,,,,,,
H,H,H,A,,,,,,,,,,,,,,,,,,,,,,,,,,,,,,,,
H,H,H,A,,,,,,,,,,,,,,,,,,,,,,,,,,,,,,,,
H,H,S,H,S,H,H,H,S,S,B1,R,H,S,H,H,S,B1,B2,D,,,,,,,,,,,,,,,,
H,H,H,S,S,B1,B1,B1,B1,B1,B1,R,R,B1,B2,B2,D,,,,,,,,,,,,,,,,,,,
H,H,A,,,,,,,,,,,,,,,,,,,,,,,,,,,,,,,,,
H,A,,,,,,,,,,,,,,,,,,,,,,,,,,,,,,,,,,
H,H,H,H,H,H,H,H,H,H,H,S,S,B2,R,S,S,H,B1,B1,D,,,,,,,,,,,,,,,
H,B1,B2,D,,,,,,,,,,,,,,,,,,,,,,,,,,,,,,,,
H,S,S,B1,B1,B1,B2,D,,,,,,,,,,,,,,,,,,,,,,,,,,,,
H,B1,B1,R,H,H,H,H,H,S,B1,B2,D,,,,,,,,,,,,,,,,,,,,,,,
H,B1,B2,D,,,,,,,,,,,,,,,,,,,,,,,,,,,,,,,,
H,H,B1,B2,D,,,,,,,,,,,,,,,,,,,,,,,,,,,,,,,
H,H,B1,B1,D,,,,,,,,,,,,,,,,,,,,,,,,,,,,,,,
H,H,S,S,S,B1,B2,D,,,,,,,,,,,,,,,,,,,,,,,,,,,,
H,H,H,H,S,H,H,H,S,B1,B1,B1,D,,,,,,,,,,,,,,,,,,,,,,,
H,H,B1,R,R,H,B1,R,B1,B1,B1,B1,B2,D,,,,,,,,,,,,,,,,,,,,,,
H,H,H,H,S,B2,R,S,H,S,B1,D,,,,,,,,,,,,,,,,,,,,,,,,
H,H,A,,,,,,,,,,,,,,,,,,,,,,,,,,,,,,,,,
H,H,S,B1,B2,D,,,,,,,,,,,,,,,,,,,,,,,,,,,,,,
H,B1,B2,D,,,,,,,,,,,,,,,,,,,,,,,,,,,,,,,,
H,H,H,H,H,H,H,A,,,,,,,,,,,,,,,,,,,,,,,,,,,,
H,H,S,B1,B2,D,,,,,,,,,,,,,,,,,,,,,,,,,,,,,,
H,H,H,S,H,H,B1,B1,D,,,,,,,,,,,,,,,,,,,,,,,,,,,
H,A,,,,,,,,,,,,,,,,,,,,,,,,,,,,,,,,,,
H,H,S,S,S,S,S,H,H,H,S,B1,D,,,,,,,,,,,,,,,,,,,,,,,
H,S,H,B1,R,S,S,B2,D,,,,,,,,,,,,,,,,,,,,,,,,,,,
H,A,,,,,,,,,,,,,,,,,,,,,,,,,,,,,,,,,,
H,S,B1,D,,,,,,,,,,,,,,,,,,,,,,,,,,,,,,,,
H,H,S,H,H,A,,,,,,,,,,,,,,,,,,,,,,,,,,,,,,
H,H,H,B1,R,S,S,B1,B1,B1,B2,B2,B2,B2,R,H,A,,,,,,,,,,,,,,,,,,,
H,H,S,S,H,H,H,H,H,S,H,S,S,S,S,S,S,B1,R,H,H,B1,B1,B2,D,,,,,,,,,,,
H,H,S,S,S,S,B1,B2,B2,D,,,,,,,,,,,,,,,,,,,,,,,,,,
H,S,B1,B2,R,R,R,H,H,H,S,S,S,B2,D,,,,,,,,,,,,,,,,,,,,,
H,A,,,,,,,,,,,,,,,,,,,,,,,,,,,,,,,,,,
H,B1,B2,B2,B2,D,,,,,,,,,,,,,,,,,,,,,,,,,,,,,,
H,A,,,,,,,,,,,,,,,,,,,,,,,,,,,,,,,,,,
H,B1,B1,D,,,,,,,,,,,,,,,,,,,,,,,,,,,,,,,,
H,B1,B2,D,,,,,,,,,,,,,,,,,,,,,,,,,,,,,,,,
H,S,B1,B2,D,,,,,,,,,,,,,,,,,,,,,,,,,,,,,,,
H,H,A,,,,,,,,,,,,,,,,,,,,,,,,,,,,,,,,,
H,H,H,H,S,S,S,H,H,S,S,S,H,S,B1,B1,B2,D,,,,,,,,,,,,,,,,,,
H,H,S,H,S,H,A,,,,,,,,,,,,,,,,,,,,,,,,,,,,,
H,H,H,H,H,H,A,,,,,,,,,,,,,,,,,,,,,,,,,,,,,
H,H,A,,,,,,,,,,,,,,,,,,,,,,,,,,,,,,,,,
H,H,A,,,,,,,,,,,,,,,,,,,,,,,,,,,,,,,,,
H,S,B1,B2,D,,,,,,,,,,,,,,,,,,,,,,,,,,,,,,,
H,H,S,B1,B2,D,,,,,,,,,,,,,,,,,,,,,,,,,,,,,,
H,H,B1,B2,D,,,,,,,,,,,,,,,,,,,,,,,,,,,,,,,
H,S,B1,R,R,S,S,B1,B2,D,,,,,,,,,,,,,,,,,,,,,,,,,,
H,H,A,,,,,,,,,,,,,,,,,,,,,,,,,,,,,,,,,
H,H,H,B1,R,B1,B2,D,,,,,,,,,,,,,,,,,,,,,,,,,,,,
H,H,H,A,,,,,,,,,,,,,,,,,,,,,,,,,,,,,,,,
H,H,B1,B1,B2,D,,,,,,,,,,,,,,,,,,,,,,,,,,,,,,
H,H,H,H,H,B1,R,S,B1,B2,D,,,,,,,,,,,,,,,,,,,,,,,,,
H,H,H,H,S,S,S,H,S,S,H,H,H,S,S,S,S,S,H,B1,B2,D,,,,,,,,,,,,,,
H,H,H,S,S,B1,B1,B1,R,R,H,H,H,H,H,H,S,S,H,H,B1,B1,B2,D,,,,,,,,,,,,
H,S,S,H,H,H,H,S,S,H,S,B1,D,,,,,,,,,,,,,,,,,,,,,,,
H,S,S,S,B2,D,,,,,,,,,,,,,,,,,,,,,,,,,,,,,,
H,H,H,H,S,B1,B2,B2,D,,,,,,,,,,,,,,,,,,,,,,,,,,,
H,B1,B1,B2,D,,,,,,,,,,,,,,,,,,,,,,,,,,,,,,,
H,B1,R,B1,B2,D,,,,,,,,,,,,,,,,,,,,,,,,,,,,,,
H,H,H,S,S,S,B1,B2,D,,,,,,,,,,,,,,,,,,,,,,,,,,,
H,H,H,H,H,S,S,S,S,B2,D,,,,,,,,,,,,,,,,,,,,,,,,,
H,H,H,S,S,S,S,H,S,S,H,H,H,H,S,H,H,H,A,,,,,,,,,,,,,,,,,
H,S,S,B2,B2,D,,,,,,,,,,,,,,,,,,,,,,,,,,,,,,
H,H,S,S,H,B1,B1,B2,D,,,,,,,,,,,,,,,,,,,,,,,,,,,
H,H,H,S,H,S,B1,B1,B1,B2,D,,,,,,,,,,,,,,,,,,,,,,,,,
H,H,H,S,H,H,S,S,S,B2,D,,,,,,,,,,,,,,,,,,,,,,,,,
H,B1,B2,D,,,,,,,,,,,,,,,,,,,,,,,,,,,,,,,,
H,H,H,H,H,B1,B1,B2,D,,,,,,,,,,,,,,,,,,,,,,,,,,,
H,S,S,S,S,H,A,,,,,,,,,,,,,,,,,,,,,,,,,,,,,
H,H,H,S,S,H,H,H,S,B1,B2,D,,,,,,,,,,,,,,,,,,,,,,,,
H,B1,B2,B2,D,,,,,,,,,,,,,,,,,,,,,,,,,,,,,,,
H,H,S,B1,B2,D,,,,,,,,,,,,,,,,,,,,,,,,,,,,,,
H,H,S,H,A,,,,,,,,,,,,,,,,,,,,,,,,,,,,,,,
H,S,B1,B2,D,,,,,,,,,,,,,,,,,,,,,,,,,,,,,,,
H,S,B1,R,H,H,H,S,B1,B2,D,,,,,,,,,,,,,,,,,,,,,,,,,
H,S,H,S,B1,B1,B2,D,,,,,,,,,,,,,,,,,,,,,,,,,,,,
H,H,H,A,,,,,,,,,,,,,,,,,,,,,,,,,,,,,,,,
H,H,H,S,B1,B2,D,,,,,,,,,,,,,,,,,,,,,,,,,,,,,
H,S,H,H,S,S,H,H,S,S,B1,B2,D,,,,,,,,,,,,,,,,,,,,,,,
H,S,B1,B2,D,,,,,,,,,,,,,,,,,,,,,,,,,,,,,,,
H,H,S,S,B2,D,,,,,,,,,,,,,,,,,,,,,,,,,,,,,,
H,S,S,S,S,S,S,S,H,A,,,,,,,,,,,,,,,,,,,,,,,,,,
H,S,S,S,H,A,,,,,,,,,,,,,,,,,,,,,,,,,,,,,,
H,H,A,,,,,,,,,,,,,,,,,,,,,,,,,,,,,,,,,
H,S,B1,B1,B1,D,,,,,,,,,,,,,,,,,,,,,,,,,,,,,,
H,H,S,B1,B1,B2,B2,D,,,,,,,,,,,,,,,,,,,,,,,,,,,,
H,H,B1,B1,B2,D,,,,,,,,,,,,,,,,,,,,,,,,,,,,,,
H,S,S,S,S,S,B1,D,,,,,,,,,,,,,,,,,,,,,,,,,,,,
H,A,,,,,,,,,,,,,,,,,,,,,,,,,,,,,,,,,,
H,H,H,H,A,,,,,,,,,,,,,,,,,,,,,,,,,,,,,,,
H,A,,,,,,,,,,,,,,,,,,,,,,,,,,,,,,,,,,
H,H,B1,D,,,,,,,,,,,,,,,,,,,,,,,,,,,,,,,,
H,H,B1,B2,D,,,,,,,,,,,,,,,,,,,,,,,,,,,,,,,
H,H,H,A,,,,,,,,,,,,,,,,,,,,,,,,,,,,,,,,
H,H,H,H,H,H,H,S,B1,B2,D,,,,,,,,,,,,,,,,,,,,,,,,,
H,H,H,S,H,H,H,A,,,,,,,,,,,,,,,,,,,,,,,,,,,,
H,H,H,S,S,S,H,B1,B2,D,,,,,,,,,,,,,,,,,,,,,,,,,,
H,S,S,B1,B2,D,,,,,,,,,,,,,,,,,,,,,,,,,,,,,,
H,H,A,,,,,,,,,,,,,,,,,,,,,,,,,,,,,,,,,
H,S,S,B1,B2,R,H,S,S,B1,R,B1,R,H,H,B1,B1,B1,B2,D,,,,,,,,,,,,,,,,
H,B1,B1,B1,B1,B2,D,,,,,,,,,,,,,,,,,,,,,,,,,,,,,
H,S,B1,D,,,,,,,,,,,,,,,,,,,,,,,,,,,,,,,,
H,H,H,S,B2,D,,,,,,,,,,,,,,,,,,,,,,,,,,,,,,
H,H,S,S,H,H,H,H,H,S,S,S,S,H,H,H,S,H,S,H,S,B1,B1,B2,B2,D,,,,,,,,,,
H,H,S,S,B2,D,,,,,,,,,,,,,,,,,,,,,,,,,,,,,,
H,S,S,B2,D,,,,,,,,,,,,,,,,,,,,,,,,,,,,,,,
H,H,B1,B2,D,,,,,,,,,,,,,,,,,,,,,,,,,,,,,,,
H,B1,B1,B2,D,,,,,,,,,,,,,,,,,,,,,,,,,,,,,,,
H,H,H,S,S,H,S,H,H,H,H,H,H,A,,,,,,,,,,,,,,,,,,,,,,
H,H,H,S,B1,B1,D,,,,,,,,,,,,,,,,,,,,,,,,,,,,,
H,B1,D,,,,,,,,,,,,,,,,,,,,,,,,,,,,,,,,,
H,B1,B1,B1,B1,B1,B2,D,,,,,,,,,,,,,,,,,,,,,,,,,,,,
H,B1,B2,B2,R,H,H,S,H,H,H,S,S,S,S,B2,D,,,,,,,,,,,,,,,,,,,
H,S,B1,B2,D,,,,,,,,,,,,,,,,,,,,,,,,,,,,,,,
H,H,H,H,S,S,H,S,S,H,S,B1,B1,B2,D,,,,,,,,,,,,,,,,,,,,,
H,S,S,S,B1,D,,,,,,,,,,,,,,,,,,,,,,,,,,,,,,
H,S,H,H,B1,B1,D,,,,,,,,,,,,,,,,,,,,,,,,,,,,,
H,A,,,,,,,,,,,,,,,,,,,,,,,,,,,,,,,,,,
H,H,H,S,B1,B2,D,,,,,,,,,,,,,,,,,,,,,,,,,,,,,
H,H,H,H,H,H,H,S,B1,B1,B1,B1,B2,B2,B2,D,,,,,,,,,,,,,,,,,,,,
H,B1,B1,B2,D,,,,,,,,,,,,,,,,,,,,,,,,,,,,,,,
H,S,S,H,S,S,S,S,S,S,S,S,H,S,H,H,S,B1,R,S,S,B1,B2,D,,,,,,,,,,,,
H,A,,,,,,,,,,,,,,,,,,,,,,,,,,,,,,,,,,
H,S,S,S,S,H,H,H,S,S,B2,R,R,R,B1,B1,B1,B1,B1,B2,B2,D,,,,,,,,,,,,,,
H,S,B1,B2,D,,,,,,,,,,,,,,,,,,,,,,,,,,,,,,,
H,H,H,H,S,B2,B2,D,,,,,,,,,,,,,,,,,,,,,,,,,,,,
H,H,S,H,H,B1,B2,D,,,,,,,,,,,,,,,,,,,,,,,,,,,,
H,H,H,H,B1,D,,,,,,,,,,,,,,,,,,,,,,,,,,,,,,
H,H,H,B1,B2,D,,,,,,,,,,,,,,,,,,,,,,,,,,,,,,
H,H,S,S,B1,R,H,S,B1,B1,B1,B1,B2,D,,,,,,,,,,,,,,,,,,,,,,
H,S,H,B1,B1,B1,B2,D,,,,,,,,,,,,,,,,,,,,,,,,,,,,
H,H,H,H,S,B1,B2,D,,,,,,,,,,,,,,,,,,,,,,,,,,,,
H,S,H,A,,,,,,,,,,,,,,,,,,,,,,,,,,,,,,,,
H,H,S,B2,B2,D,,,,,,,,,,,,,,,,,,,,,,,,,,,,,,
H,A,,,,,,,,,,,,,,,,,,,,,,,,,,,,,,,,,,
H,H,A,,,,,,,,,,,,,,,,,,,,,,,,,,,,,,,,,
H,A,,,,,,,,,,,,,,,,,,,,,,,,,,,,,,,,,,
H,A,,,,,,,,,,,,,,,,,,,,,,,,,,,,,,,,,,
H,S,B2,D,,,,,,,,,,,,,,,,,,,,,,,,,,,,,,,,
H,B1,B1,B1,B1,B1,D,,,,,,,,,,,,,,,,,,,,,,,,,,,,,
H,H,S,S,B2,B2,D,,,,,,,,,,,,,,,,,,,,,,,,,,,,,
H,H,H,H,B1,B2,D,,,,,,,,,,,,,,,,,,,,,,,,,,,,,
H,S,H,H,A,,,,,,,,,,,,,,,,,,,,,,,,,,,,,,,
H,H,S,S,S,S,S,S,B1,B1,B2,B2,B2,D,,,,,,,,,,,,,,,,,,,,,,
H,A,,,,,,,,,,,,,,,,,,,,,,,,,,,,,,,,,,
H,S,B1,R,R,R,R,S,S,H,H,H,H,H,H,H,A,,,,,,,,,,,,,,,,,,,
H,H,S,B1,B2,D,,,,,,,,,,,,,,,,,,,,,,,,,,,,,,
H,H,S,B2,D,,,,,,,,,,,,,,,,,,,,,,,,,,,,,,,
H,H,A,,,,,,,,,,,,,,,,,,,,,,,,,,,,,,,,,
H,S,S,B1,B1,B1,B1,B2,D,,,,,,,,,,,,,,,,,,,,,,,,,,,
H,B1,B2,D,,,,,,,,,,,,,,,,,,,,,,,,,,,,,,,,
H,S,S,H,A,,,,,,,,,,,,,,,,,,,,,,,,,,,,,,,
H,S,S,H,H,H,S,S,S,H,H,A,,,,,,,,,,,,,,,,,,,,,,,,
H,H,H,H,S,H,S,S,H,H,S,S,B1,B2,D,,,,,,,,,,,,,,,,,,,,,
H,H,H,H,S,S,B1,R,H,H,S,S,H,B1,B1,D,,,,,,,,,,,,,,,,,,,,
H,S,B1,B1,B1,B2,R,S,S,H,H,S,H,H,S,B2,D,,,,,,,,,,,,,,,,,,,
H,H,S,B2,D,,,,,,,,,,,,,,,,,,,,,,,,,,,,,,,
H,S,S,S,H,S,B1,D,,,,,,,,,,,,,,,,,,,,,,,,,,,,
H,H,H,S,B1,R,H,H,S,S,B1,B2,D,,,,,,,,,,,,,,,,,,,,,,,
H,S,B1,B1,R,H,S,S,S,S,S,B2,R,R,R,H,S,S,H,H,A,,,,,,,,,,,,,,,
H,H,H,A,,,,,,,,,,,,,,,,,,,,,,,,,,,,,,,,
H,S,B2,D,,,,,,,,,,,,,,,,,,,,,,,,,,,,,,,,
H,A,,,,,,,,,,,,,,,,,,,,,,,,,,,,,,,,,,
H,S,B2,D,,,,,,,,,,,,,,,,,,,,,,,,,,,,,,,,
H,H,A,,,,,,,,,,,,,,,,,,,,,,,,,,,,,,,,,
H,S,S,B1,R,H,H,A,,,,,,,,,,,,,,,,,,,,,,,,,,,,
H,S,H,H,S,H,H,S,S,B1,R,S,B1,B1,R,H,H,S,S,B2,D,,,,,,,,,,,,,,,
H,H,S,S,S,B1,R,R,R,H,S,S,B1,B2,D,,,,,,,,,,,,,,,,,,,,,
H,S,B2,D,,,,,,,,,,,,,,,,,,,,,,,,,,,,,,,,
H,A,,,,,,,,,,,,,,,,,,,,,,,,,,,,,,,,,,
H,S,S,S,H,H,H,S,H,S,S,S,H,H,H,S,S,B1,B2,D,,,,,,,,,,,,,,,,
H,S,B1,B1,B1,B2,D,,,,,,,,,,,,,,,,,,,,,,,,,,,,,
H,H,S,S,B1,B2,D,,,,,,,,,,,,,,,,,,,,,,,,,,,,,
H,S,S,B1,R,S,S,B1,B2,B2,D,,,,,,,,,,,,,,,,,,,,,,,,,
H,H,S,B1,D,,,,,,,,,,,,,,,,,,,,,,,,,,,,,,,
H,H,S,S,S,H,S,S,H,S,B1,R,R,S,B2,D,,,,,,,,,,,,,,,,,,,,
H,H,H,H,H,S,S,B1,B2,B2,D,,,,,,,,,,,,,,,,,,,,,,,,,
H,H,A,,,,,,,,,,,,,,,,,,,,,,,,,,,,,,,,,
H,H,B1,B2,D,,,,,,,,,,,,,,,,,,,,,,,,,,,,,,,
H,S,H,H,H,H,S,B2,D,,,,,,,,,,,,,,,,,,,,,,,,,,,
H,H,S,B1,B2,D,,,,,,,,,,,,,,,,,,,,,,,,,,,,,,
H,S,B1,B1,B1,B2,D,,,,,,,,,,,,,,,,,,,,,,,,,,,,,
H,A,,,,,,,,,,,,,,,,,,,,,,,,,,,,,,,,,,
H,B1,R,B1,B2,D,,,,,,,,,,,,,,,,,,,,,,,,,,,,,,
H,H,S,S,S,S,H,B1,B2,D,,,,,,,,,,,,,,,,,,,,,,,,,,
H,H,H,H,S,H,A,,,,,,,,,,,,,,,,,,,,,,,,,,,,,
H,H,H,H,A,,,,,,,,,,,,,,,,,,,,,,,,,,,,,,,
H,H,S,S,S,H,H,S,S,S,S,S,B1,R,S,H,H,S,S,B1,B1,B2,R,R,S,B1,B1,B2,D,,,,,,,
H,H,S,B1,B2,D,,,,,,,,,,,,,,,,,,,,,,,,,,,,,,
H,H,S,S,B1,B2,D,,,,,,,,,,,,,,,,,,,,,,,,,,,,,
H,H,H,H,S,B1,B1,D,,,,,,,,,,,,,,,,,,,,,,,,,,,,
H,S,B2,D,,,,,,,,,,,,,,,,,,,,,,,,,,,,,,,,
H,S,H,H,H,S,S,B1,B1,R,H,H,H,H,H,S,H,H,B1,B1,D,,,,,,,,,,,,,,,
H,A,,,,,,,,,,,,,,,,,,,,,,,,,,,,,,,,,,
H,H,B1,B2,D,,,,,,,,,,,,,,,,,,,,,,,,,,,,,,,
H,H,H,B1,B2,D,,,,,,,,,,,,,,,,,,,,,,,,,,,,,,
H,A,,,,,,,,,,,,,,,,,,,,,,,,,,,,,,,,,,
H,S,S,B1,B1,B1,R,H,B1,B1,R,S,B1,B1,B1,B1,B1,B1,B2,D,,,,,,,,,,,,,,,,
H,S,B1,B2,D,,,,,,,,,,,,,,,,,,,,,,,,,,,,,,,
H,H,H,B1,B1,B1,B2,D,,,,,,,,,,,,,,,,,,,,,,,,,,,,
H,B1,R,H,H,H,S,S,B1,B2,D,,,,,,,,,,,,,,,,,,,,,,,,,
H,H,S,S,B1,B2,D,,,,,,,,,,,,,,,,,,,,,,,,,,,,,
H,B1,R,S,S,B1,B2,R,R,H,H,H,S,B1,B1,B1,B1,B2,B2,D,,,,,,,,,,,,,,,,
H,H,A,,,,,,,,,,,,,,,,,,,,,,,,,,,,,,,,,
H,H,H,H,H,H,B1,B2,D,,,,,,,,,,,,,,,,,,,,,,,,,,,
H,S,B1,B2,D,,,,,,,,,,,,,,,,,,,,,,,,,,,,,,,
H,H,A,,,,,,,,,,,,,,,,,,,,,,,,,,,,,,,,,
H,H,H,H,S,B1,D,,,,,,,,,,,,,,,,,,,,,,,,,,,,,
H,S,S,B2,D,,,,,,,,,,,,,,,,,,,,,,,,,,,,,,,
H,S,B1,D,,,,,,,,,,,,,,,,,,,,,,,,,,,,,,,,
H,S,S,B1,B1,B2,D,,,,,,,,,,,,,,,,,,,,,,,,,,,,,
H,H,H,H,S,B1,D,,,,,,,,,,,,,,,,,,,,,,,,,,,,,
H,H,S,B2,R,R,R,H,B1,R,H,H,H,H,S,S,S,B2,D,,,,,,,,,,,,,,,,,
H,H,H,S,S,S,H,B1,D,,,,,,,,,,,,,,,,,,,,,,,,,,,
H,H,H,S,B1,B2,D,,,,,,,,,,,,,,,,,,,,,,,,,,,,,
H,S,S,B1,D,,,,,,,,,,,,,,,,,,,,,,,,,,,,,,,
H,S,H,H,H,H,S,B1,B2,D,,,,,,,,,,,,,,,,,,,,,,,,,,
H,H,B1,R,S,B1,B1,R,B1,B1,B2,D,,,,,,,,,,,,,,,,,,,,,,,,
H,H,H,H,S,B1,D,,,,,,,,,,,,,,,,,,,,,,,,,,,,,
H,S,B1,B2,D,,,,,,,,,,,,,,,,,,,,,,,,,,,,,,,
H,H,H,S,H,S,B1,B2,D,,,,,,,,,,,,,,,,,,,,,,,,,,,
H,B1,R,H,H,S,S,H,H,B1,B2,D,,,,,,,,,,,,,,,,,,,,,,,,
H,S,B2,D,,,,,,,,,,,,,,,,,,,,,,,,,,,,,,,,
H,S,H,S,S,S,B1,R,H,S,S,S,B1,B1,D,,,,,,,,,,,,,,,,,,,,,
H,H,S,B1,B1,B1,R,R,S,S,H,H,H,H,B1,B2,D,,,,,,,,,,,,,,,,,,,
H,S,B2,D,,,,,,,,,,,,,,,,,,,,,,,,,,,,,,,,
H,S,B2,D,,,,,,,,,,,,,,,,,,,,,,,,,,,,,,,,
H,H,S,B2,D,,,,,,,,,,,,,,,,,,,,,,,,,,,,,,,
H,S,B1,D,,,,,,,,,,,,,,,,,,,,,,,,,,,,,,,,
H,H,S,S,B1,B2,R,H,S,H,H,B1,B1,B2,D,,,,,,,,,,,,,,,,,,,,,
H,H,H,S,B1,D,,,,,,,,,,,,,,,,,,,,,,,,,,,,,,
H,A,,,,,,,,,,,,,,,,,,,,,,,,,,,,,,,,,,
H,H,B1,B1,B2,R,R,S,S,S,B1,B2,D,,,,,,,,,,,,,,,,,,,,,,,
H,B1,D,,,,,,,,,,,,,,,,,,,,,,,,,,,,,,,,,
H,H,A,,,,,,,,,,,,,,,,,,,,,,,,,,,,,,,,,
H,S,S,S,S,B1,B1,B1,B2,B2,D,,,,,,,,,,,,,,,,,,,,,,,,,
H,H,H,H,S,H,H,H,A,,,,,,,,,,,,,,,,,,,,,,,,,,,
H,H,S,S,H,B1,B2,D,,,,,,,,,,,,,,,,,,,,,,,,,,,,
H,H,H,B1,B2,D,,,,,,,,,,,,,,,,,,,,,,,,,,,,,,
H,A,,,,,,,,,,,,,,,,,,,,,,,,,,,,,,,,,,
H,S,B1,B2,D,,,,,,,,,,,,,,,,,,,,,,,,,,,,,,,
H,H,H,B1,D,,,,,,,,,,,,,,,,,,,,,,,,,,,,,,,
H,H,H,H,S,B1,R,H,S,B1,B1,B2,B2,D,,,,,,,,,,,,,,,,,,,,,,
H,B1,B2,D,,,,,,,,,,,,,,,,,,,,,,,,,,,,,,,,
H,S,H,S,S,S,H,H,H,H,H,H,A,,,,,,,,,,,,,,,,,,,,,,,
H,H,S,S,S,S,B1,R,S,H,B1,B1,B2,B2,D,,,,,,,,,,,,,,,,,,,,,
H,A,,,,,,,,,,,,,,,,,,,,,,,,,,,,,,,,,,
H,H,A,,,,,,,,,,,,,,,,,,,,,,,,,,,,,,,,,
H,S,B1,B1,R,B1,B2,D,,,,,,,,,,,,,,,,,,,,,,,,,,,,
H,H,A,,,,,,,,,,,,,,,,,,,,,,,,,,,,,,,,,
H,H,H,H,S,S,S,H,H,S,H,S,B2,D,,,,,,,,,,,,,,,,,,,,,,
H,B1,B1,B1,R,R,R,R,S,H,S,B1,B2,D,,,,,,,,,,,,,,,,,,,,,,
H,H,H,B1,R,B1,B1,B1,B2,D,,,,,,,,,,,,,,,,,,,,,,,,,,
H,B1,D,,,,,,,,,,,,,,,,,,,,,,,,,,,,,,,,,
H,B1,B2,D,,,,,,,,,,,,,,,,,,,,,,,,,,,,,,,,
H,H,H,H,H,A,,,,,,,,,,,,,,,,,,,,,,,,,,,,,,
H,B1,B2,D,,,,,,,,,,,,,,,,,,,,,,,,,,,,,,,,
H,H,H,H,H,H,B1,B2,D,,,,,,,,,,,,,,,,,,,,,,,,,,,
H,H,H,B1,B2,D,,,,,,,,,,,,,,,,,,,,,,,,,,,,,,
H,A,,,,,,,,,,,,,,,,,,,,,,,,,,,,,,,,,,
H,S,B2,D,,,,,,,,,,,,,,,,,,,,,,,,,,,,,,,,
H,H,H,A,,,,,,,,,,,,,,,,,,,,,,,,,,,,,,,,
H,S,S,S,S,S,B1,B2,D,,,,,,,,,,,,,,,,,,,,,,,,,,,
H,S,S,S,S,S,B2,D,,,,,,,,,,,,,,,,,,,,,,,,,,,,
H,H,H,H,H,H,S,B1,B2,D,,,,,,,,,,,,,,,,,,,,,,,,,,
H,H,S,B1,R,R,B1,B2,B2,D,,,,,,,,,,,,,,,,,,,,,,,,,,
H,H,H,S,S,H,H,H,H,H,H,H,A,,,,,,,,,,,,,,,,,,,,,,,
H,H,H,H,H,H,A,,,,,,,,,,,,,,,,,,,,,,,,,,,,,
H,A,,,,,,,,,,,,,,,,,,,,,,,,,,,,,,,,,,
H,S,B1,D,,,,,,,,,,,,,,,,,,,,,,,,,,,,,,,,
H,H,H,S,B1,D,,,,,,,,,,,,,,,,,,,,,,,,,,,,,,
H,B1,B2,D,,,,,,,,,,,,,,,,,,,,,,,,,,,,,,,,
H,B1,B2,D,,,,,,,,,,,,,,,,,,,,,,,,,,,,,,,,
H,H,H,S,H,H,H,S,S,B1,B1,B1,B2,D,,,,,,,,,,,,,,,,,,,,,,
H,H,H,B1,B2,B2,B2,D,,,,,,,,,,,,,,,,,,,,,,,,,,,,
H,S,S,B1,R,R,S,S,H,A,,,,,,,,,,,,,,,,,,,,,,,,,,
H,H,H,H,H,H,H,B1,D,,,,,,,,,,,,,,,,,,,,,,,,,,,
H,B1,B1,B1,B2,D,,,,,,,,,,,,,,,,,,,,,,,,,,,,,,
H,A,,,,,,,,,,,,,,,,,,,,,,,,,,,,,,,,,,
H,S,S,H,S,B2,B2,R,R,H,A,,,,,,,,,,,,,,,,,,,,,,,,,
H,H,S,B1,D,,,,,,,,,,,,,,,,,,,,,,,,,,,,,,,
H,H,H,S,S,S,S,S,S,B1,B2,D,,,,,,,,,,,,,,,,,,,,,,,,
H,S,S,B1,B2,D,,,,,,,,,,,,,,,,,,,,,,,,,,,,,,
H,S,S,B1,B2,D,,,,,,,,,,,,,,,,,,,,,,,,,,,,,,
H,H,H,A,,,,,,,,,,,,,,,,,,,,,,,,,,,,,,,,
H,S,B1,B1,B1,B1,B1,B2,D,,,,,,,,,,,,,,,,,,,,,,,,,,,
H,S,S,S,S,H,B1,B2,R,H,B1,B2,D,,,,,,,,,,,,,,,,,,,,,,,
H,H,H,A,,,,,,,,,,,,,,,,,,,,,,,,,,,,,,,,
H,H,S,B1,B1,R,R,R,R,H,H,S,H,H,H,H,H,H,H,S,S,S,H,H,H,H,H,S,S,S,S,B1,R,R,B1,B2
H,H,B1,B1,D,,,,,,,,,,,,,,,,,,,,,,,,,,,,,,,
H,S,B1,B1,B2,D,,,,,,,,,,,,,,,,,,,,,,,,,,,,,,
H,H,H,B1,B2,D,,,,,,,,,,,,,,,,,,,,,,,,,,,,,,
H,H,S,B1,B2,D,,,,,,,,,,,,,,,,,,,,,,,,,,,,,,
H,H,S,S,B2,D,,,,,,,,,,,,,,,,,,,,,,,,,,,,,,
H,H,H,B1,B1,B1,B2,D,,,,,,,,,,,,,,,,,,,,,,,,,,,,
H,S,H,S,H,H,B1,B2,D,,,,,,,,,,,,,,,,,,,,,,,,,,,
H,H,S,S,B2,D,,,,,,,,,,,,,,,,,,,,,,,,,,,,,,
H,S,S,S,B1,B1,B1,B1,B1,B1,B2,D,,,,,,,,,,,,,,,,,,,,,,,,
H,H,H,H,S,S,B1,D,,,,,,,,,,,,,,,,,,,,,,,,,,,,
H,H,H,H,A,,,,,,,,,,,,,,,,,,,,,,,,,,,,,,,
H,H,S,H,A,,,,,,,,,,,,,,,,,,,,,,,,,,,,,,,
H,H,S,B2,D,,,,,,,,,,,,,,,,,,,,,,,,,,,,,,,
H,S,B2,R,R,R,R,S,S,B1,B1,B2,R,H,A,,,,,,,,,,,,,,,,,,,,,
H,H,H,S,S,B1,B1,R,H,H,S,B1,B1,B1,B2,D,,,,,,,,,,,,,,,,,,,,
H,B1,R,H,H,S,S,B1,B1,B2,R,R,S,S,B1,B1,B2,D,,,,,,,,,,,,,,,,,,
H,H,A,,,,,,,,,,,,,,,,,,,,,,,,,,,,,,,,,
H,A,,,,,,,,,,,,,,,,,,,,,,,,,,,,,,,,,,
H,H,H,H,S,B2,D,,,,,,,,,,,,,,,,,,,,,,,,,,,,,
H,H,B1,R,H,B1,B1,B1,B1,B2,D,,,,,,,,,,,,,,,,,,,,,,,,,
H,H,H,S,B2,D,,,,,,,,,,,,,,,,,,,,,,,,,,,,,,
H,H,H,H,H,S,B1,B2,D,,,,,,,,,,,,,,,,,,,,,,,,,,,
H,H,H,S,S,S,S,S,H,B1,R,H,H,S,S,S,H,H,S,B1,B1,B1,B1,B1,D,,,,,,,,,,,
H,S,S,B1,R,R,H,H,S,S,B2,D,,,,,,,,,,,,,,,,,,,,,,,,
H,A,,,,,,,,,,,,,,,,,,,,,,,,,,,,,,,,,,
H,A,,,,,,,,,,,,,,,,,,,,,,,,,,,,,,,,,,
H,S,S,H,B1,D,,,,,,,,,,,,,,,,,,,,,,,,,,,,,,
H,S,B1,B1,B1,B1,R,R,R,R,R,S,S,H,H,S,S,S,S,S,S,S,S,B1,B2,D,,,,,,,,,,
H,B1,R,R,H,H,H,H,A,,,,,,,,,,,,,,,,,,,,,,,,,,,
H,S,B2,D,,,,,,,,,,,,,,,,,,,,,,,,,,,,,,,,
H,H,H,H,S,B2,D,,,,,,,,,,,,,,,,,,,,,,,,,,,,,
H,H,H,H,H,H,S,H,S,B1,B1,B2,D,,,,,,,,,,,,,,,,,,,,,,,
H,S,S,S,B1,R,S,H,H,H,S,H,H,S,S,B1,B2,D,,,,,,,,,,,,,,,,,,
H,S,B1,B2,D,,,,,,,,,,,,,,,,,,,,,,,,,,,,,,,
H,S,B2,D,,,,,,,,,,,,,,,,,,,,,,,,,,,,,,,,
H,H,S,S,S,B1,B2,D,,,,,,,,,,,,,,,,,,,,,,,,,,,,
H,S,B1,B1,R,R,H,H,H,S,B1,B1,R,H,S,S,S,H,H,S,S,H,H,H,S,B1,B1,B2,B2,D,,,,,,
H,A,,,,,,,,,,,,,,,,,,,,,,,,,,,,,,,,,,
H,H,H,H,S,S,B1,R,B1,B2,D,,,,,,,,,,,,,,,,,,,,,,,,,
H,H,H,S,B1,B1,B2,D,,,,,,,,,,,,,,,,,,,,,,,,,,,,
H,H,H,A,,,,,,,,,,,,,,,,,,,,,,,,,,,,,,,,
H,H,S,S,H,H,H,S,B2,D,,,,,,,,,,,,,,,,,,,,,,,,,,
H,S,H,S,H,S,B2,R,R,H,H,H,H,H,H,H,H,S,B2,D,,,,,,,,,,,,,,,,
H,H,H,B1,B2,D,,,,,,,,,,,,,,,,,,,,,,,,,,,,,,
H,H,H,H,A,,,,,,,,,,,,,,,,,,,,,,,,,,,,,,,
H,S,S,B1,R,B1,B2,B2,B2,D,,,,,,,,,,,,,,,,,,,,,,,,,,
H,H,A,,,,,,,,,,,,,,,,,,,,,,,,,,,,,,,,,
H,H,A,,,,,,,,,,,,,,,,,,,,,,,,,,,,,,,,,
H,B1,B1,D,,,,,,,,,,,,,,,,,,,,,,,,,,,,,,,,
H,H,H,B1,B1,B1,B1,B2,D,,,,,,,,,,,,,,,,,,,,,,,,,,,
H,S,S,S,B2,D,,,,,,,,,,,,,,,,,,,,,,,,,,,,,,
H,H,A,,,,,,,,,,,,,,,,,,,,,,,,,,,,,,,,,
H,H,H,S,B1,B2,R,R,R,R,B1,B2,D,,,,,,,,,,,,,,,,,,,,,,,
H,S,B1,D,,,,,,,,,,,,,,,,,,,,,,,,,,,,,,,,
H,S,S,H,H,H,H,H,H,H,H,H,H,S,S,S,B1,R,S,B1,D,,,,,,,,,,,,,,,
H,B1,B2,D,,,,,,,,,,,,,,,,,,,,,,,,,,,,,,,,
H,H,S,B2,D,,,,,,,,,,,,,,,,,,,,,,,,,,,,,,,
H,A,,,,,,,,,,,,,,,,,,,,,,,,,,,,,,,,,,
H,H,H,A,,,,,,,,,,,,,,,,,,,,,,,,,,,,,,,,
H,S,H,H,S,H,H,H,S,B1,B1,B2,R,R,S,B1,D,,,,,,,,,,,,,,,,,,,
H,A,,,,,,,,,,,,,,,,,,,,,,,,,,,,,,,,,,
H,H,H,B1,B1,B2,D,,,,,,,,,,,,,,,,,,,,,,,,,,,,,
H,H,H,H,H,H,H,H,S,B1,B1,D,,,,,,,,,,,,,,,,,,,,,,,,
H,A,,,,,,,,,,,,,,,,,,,,,,,,,,,,,,,,,,
H,B1,B2,D,,,,,,,,,,,,,,,,,,,,,,,,,,,,,,,,
H,H,S,H,H,H,H,B1,B1,B2,D,,,,,,,,,,,,,,,,,,,,,,,,,
H,H,S,B2,D,,,,,,,,,,,,,,,,,,,,,,,,,,,,,,,
H,H,H,H,S,B1,B2,D,,,,,,,,,,,,,,,,,,,,,,,,,,,,
H,H,S,S,B1,B2,D,,,,,,,,,,,,,,,,,,,,,,,,,,,,,
H,H,H,H,H,H,H,H,S,S,B1,B2,D,,,,,,,,,,,,,,,,,,,,,,,
H,A,,,,,,,,,,,,,,,,,,,,,,,,,,,,,,,,,,
H,S,S,S,B1,B2,D,,,,,,,,,,,,,,,,,,,,,,,,,,,,,
H,S,B2,D,,,,,,,,,,,,,,,,,,,,,,,,,,,,,,,,
H,S,S,S,H,S,S,H,H,H,B1,B2,D,,,,,,,,,,,,,,,,,,,,,,,
H,H,S,S,B1,B1,B2,D,,,,,,,,,,,,,,,,,,,,,,,,,,,,
H,H,A,,,,,,,,,,,,,,,,,,,,,,,,,,,,,,,,,
H,H,H,S,H,B1,R,S,B1,B1,B1,B2,D,,,,,,,,,,,,,,,,,,,,,,,
H,S,B1,D,,,,,,,,,,,,,,,,,,,,,,,,,,,,,,,,
H,S,B1,B1,B1,B2,D,,,,,,,,,,,,,,,,,,,,,,,,,,,,,
H,H,H,S,H,S,H,H,H,H,B1,B1,B1,B2,D,,,,,,,,,,,,,,,,,,,,,
H,H,H,A,,,,,,,,,,,,,,,,,,,,,,,,,,,,,,,,
H,S,S,B2,D,,,,,,,,,,,,,,,,,,,,,,,,,,,,,,,
H,S,B1,B2,D,,,,,,,,,,,,,,,,,,,,,,,,,,,,,,,
H,S,B2,D,,,,,,,,,,,,,,,,,,,,,,,,,,,,,,,,
H,H,B1,B2,D,,,,,,,,,,,,,,,,,,,,,,,,,,,,,,,
H,B1,B1,R,B1,R,H,H,B1,B1,B1,D,,,,,,,,,,,,,,,,,,,,,,,,
H,H,A,,,,,,,,,,,,,,,,,,,,,,,,,,,,,,,,,
H,S,S,B2,B2,D,,,,,,,,,,,,,,,,,,,,,,,,,,,,,,
H,S,S,B1,B1,B1,B1,D,,,,,,,,,,,,,,,,,,,,,,,,,,,,
H,S,B1,B1,B2,D,,,,,,,,,,,,,,,,,,,,,,,,,,,,,,
H,A,,,,,,,,,,,,,,,,,,,,,,,,,,,,,,,,,,
H,S,S,B1,B1,B1,B2,D,,,,,,,,,,,,,,,,,,,,,,,,,,,,
H,H,B1,B2,R,R,H,S,H,H,S,S,S,S,S,S,B2,D,,,,,,,,,,,,,,,,,,
H,H,H,A,,,,,,,,,,,,,,,,,,,,,,,,,,,,,,,,
H,H,H,S,S,S,S,B1,B1,B1,B2,D,,,,,,,,,,,,,,,,,,,,,,,,
H,H,H,H,H,H,H,B1,B2,D,,,,,,,,,,,,,,,,,,,,,,,,,,
H,H,H,H,B1,D,,,,,,,,,,,,,,,,,,,,,,,,,,,,,,
H,H,H,H,S,B1,R,R,S,B1,B2,D,,,,,,,,,,,,,,,,,,,,,,,,
H,H,S,S,B1,B2,D,,,,,,,,,,,,,,,,,,,,,,,,,,,,,
H,S,S,B1,B2,D,,,,,,,,,,,,,,,,,,,,,,,,,,,,,,
H,H,S,S,B2,D,,,,,,,,,,,,,,,,,,,,,,,,,,,,,,
H,H,H,H,S,S,B1,B2,D,,,,,,,,,,,,,,,,,,,,,,,,,,,
H,B1,B2,D,,,,,,,,,,,,,,,,,,,,,,,,,,,,,,,,
H,B1,R,H,H,H,H,A,,,,,,,,,,,,,,,,,,,,,,,,,,,,
H,H,H,H,S,S,B2,D,,,,,,,,,,,,,,,,,,,,,,,,,,,,
H,H,H,S,H,H,H,S,B1,B1,B1,B2,D,,,,,,,,,,,,,,,,,,,,,,,
H,H,H,A,,,,,,,,,,,,,,,,,,,,,,,,,,,,,,,,
H,B1,B1,B2,B2,D,,,,,,,,,,,,,,,,,,,,,,,,,,,,,,
H,H,A,,,,,,,,,,,,,,,,,,,,,,,,,,,,,,,,,
H,S,B2,D,,,,,,,,,,,,,,,,,,,,,,,,,,,,,,,,
H,B1,B1,D,,,,,,,,,,,,,,,,,,,,,,,,,,,,,,,,
H,H,S,H,H,H,H,H,B1,B1,B1,B1,B2,D,,,,,,,,,,,,,,,,,,,,,,
H,H,H,S,H,H,H,A,,,,,,,,,,,,,,,,,,,,,,,,,,,,
H,S,B2,B2,D,,,,,,,,,,,,,,,,,,,,,,,,,,,,,,,
H,B1,B1,R,B1,B2,D,,,,,,,,,,,,,,,,,,,,,,,,,,,,,
H,H,H,B1,B2,D,,,,,,,,,,,,,,,,,,,,,,,,,,,,,,
H,S,S,B1,B2,D,,,,,,,,,,,,,,,,,,,,,,,,,,,,,,
H,H,S,B1,B2,B2,D,,,,,,,,,,,,,,,,,,,,,,,,,,,,,
H,H,S,B2,D,,,,,,,,,,,,,,,,,,,,,,,,,,,,,,,
H,H,S,H,H,A,,,,,,,,,,,,,,,,,,,,,,,,,,,,,,
H,B1,B2,D,,,,,,,,,,,,,,,,,,,,,,,,,,,,,,,,
H,H,H,H,H,H,S,H,H,H,B1,B2,D,,,,,,,,,,,,,,,,,,,,,,,
H,B1,B1,D,,,,,,,,,,,,,,,,,,,,,,,,,,,,,,,,
H,S,H,S,B1,B2,D,,,,,,,,,,,,,,,,,,,,,,,,,,,,,
H,H,H,H,H,H,A,,,,,,,,,,,,,,,,,,,,,,,,,,,,,
H,H,S,S,H,H,H,B1,B1,B1,D,,,,,,,,,,,,,,,,,,,,,,,,,
H,H,H,H,H,H,H,S,H,H,B1,B2,D,,,,,,,,,,,,,,,,,,,,,,,
H,H,H,S,H,H,S,S,B1,D,,,,,,,,,,,,,,,,,,,,,,,,,,
H,H,S,S,B2,D,,,,,,,,,,,,,,,,,,,,,,,,,,,,,,
H,A,,,,,,,,,,,,,,,,,,,,,,,,,,,,,,,,,,
H,H,H,A,,,,,,,,,,,,,,,,,,,,,,,,,,,,,,,,
H,B1,D,,,,,,,,,,,,,,,,,,,,,,,,,,,,,,,,,
H,H,H,H,S,S,H,S,B2,D,,,,,,,,,,,,,,,,,,,,,,,,,,
H,H,A,,,,,,,,,,,,,,,,,,,,,,,,,,,,,,,,,
H,H,S,S,H,H,H,H,S,S,S,H,S,S,S,B1,B2,D,,,,,,,,,,,,,,,,,,
H,S,B1,B2,D,,,,,,,,,,,,,,,,,,,,,,,,,,,,,,,
H,H,H,S,B1,B2,R,R,R,R,R,R,H,H,H,S,H,H,H,H,B1,B1,B2,D,,,,,,,,,,,,
H,H,S,B1,D,,,,,,,,,,,,,,,,,,,,,,,,,,,,,,,
H,B1,B1,B2,B2,D,,,,,,,,,,,,,,,,,,,,,,,,,,,,,,
H,H,H,B1,B1,B2,D,,,,,,,,,,,,,,,,,,,,,,,,,,,,,
H,H,A,,,,,,,,,,,,,,,,,,,,,,,,,,,,,,,,,
H,A,,,,,,,,,,,,,,,,,,,,,,,,,,,,,,,,,,
H,H,A,,,,,,,,,,,,,,,,,,,,,,,,,,,,,,,,,
H,H,H,H,S,B1,R,H,S,B1,B1,B2,B2,R,S,B1,B1,B1,B1,B1,B1,B2,D,,,,,,,,,,,,,
H,H,S,B1,B1,B1,R,H,H,H,S,S,B2,D,,,,,,,,,,,,,,,,,,,,,,
H,H,H,H,H,H,H,H,H,H,A,,,,,,,,,,,,,,,,,,,,,,,,,
H,S,B1,R,H,H,A,,,,,,,,,,,,,,,,,,,,,,,,,,,,,
H,A,,,,,,,,,,,,,,,,,,,,,,,,,,,,,,,,,,
H,B1,B1,R,R,S,B1,B2,D,,,,,,,,,,,,,,,,,,,,,,,,,,,
H,H,H,H,H,B1,B1,B2,D,,,,,,,,,,,,,,,,,,,,,,,,,,,
H,H,S,B2,D,,,,,,,,,,,,,,,,,,,,,,,,,,,,,,,
H,H,H,A,,,,,,,,,,,,,,,,,,,,,,,,,,,,,,,,
H,H,B1,B1,B1,R,R,H,H,S,S,B1,B2,D,,,,,,,,,,,,,,,,,,,,,,
H,H,S,B2,B2,D,,,,,,,,,,,,,,,,,,,,,,,,,,,,,,
H,H,H,B1,B2,D,,,,,,,,,,,,,,,,,,,,,,,,,,,,,,
H,S,B2,D,,,,,,,,,,,,,,,,,,,,,,,,,,,,,,,,
H,H,H,H,H,H,H,A,,,,,,,,,,,,,,,,,,,,,,,,,,,,
H,S,S,B1,B1,B1,R,R,H,H,H,S,B1,B1,B2,B2,D,,,,,,,,,,,,,,,,,,,
H,B1,B2,B2,D,,,,,,,,,,,,,,,,,,,,,,,,,,,,,,,
H,B1,R,S,H,A,,,,,,,,,,,,,,,,,,,,,,,,,,,,,,
H,H,H,S,B1,R,R,B1,B2,D,,,,,,,,,,,,,,,,,,,,,,,,,,
H,B1,B2,D,,,,,,,,,,,,,,,,,,,,,,,,,,,,,,,,
H,S,B1,B1,B2,D,,,,,,,,,,,,,,,,,,,,,,,,,,,,,,
H,H,B1,B1,B2,D,,,,,,,,,,,,,,,,,,,,,,,,,,,,,,
H,H,S,S,S,B1,B1,R,R,H,S,B1,B1,B1,B2,D,,,,,,,,,,,,,,,,,,,,
H,S,S,B1,R,R,R,S,B1,B2,D,,,,,,,,,,,,,,,,,,,,,,,,,
H,S,S,S,S,B1,B2,D,,,,,,,,,,,,,,,,,,,,,,,,,,,,
H,S,B1,B1,D,,,,,,,,,,,,,,,,,,,,,,,,,,,,,,,
H,B1,R,S,S,H,S,H,S,B1,B2,D,,,,,,,,,,,,,,,,,,,,,,,,
H,B1,B1,R,H,H,H,S,S,B1,B2,B2,D,,,,,,,,,,,,,,,,,,,,,,,
H,H,S,H,H,S,B2,D,,,,,,,,,,,,,,,,,,,,,,,,,,,,
H,B1,B1,R,R,H,H,H,H,H,S,B2,B2,D,,,,,,,,,,,,,,,,,,,,,,
H,S,B2,D,,,,,,,,,,,,,,,,,,,,,,,,,,,,,,,,
H,S,S,S,H,H,H,S,S,S,H,A,,,,,,,,,,,,,,,,,,,,,,,,
H,S,B1,B2,B2,D,,,,,,,,,,,,,,,,,,,,,,,,,,,,,,
H,H,S,H,A,,,,,,,,,,,,,,,,,,,,,,,,,,,,,,,
H,A,,,,,,,,,,,,,,,,,,,,,,,,,,,,,,,,,,
H,H,H,H,S,S,H,H,H,H,H,S,B1,B2,D,,,,,,,,,,,,,,,,,,,,,
H,H,S,B1,B2,D,,,,,,,,,,,,,,,,,,,,,,,,,,,,,,
H,H,H,S,H,H,H,H,H,S,B1,R,S,B2,D,,,,,,,,,,,,,,,,,,,,,
H,H,B1,B2,D,,,,,,,,,,,,,,,,,,,,,,,,,,,,,,,
H,H,H,B1,B2,D,,,,,,,,,,,,,,,,,,,,,,,,,,,,,,
H,S,B1,B1,B2,B2,D,,,,,,,,,,,,,,,,,,,,,,,,,,,,,
H,S,H,S,S,H,H,H,H,H,S,B1,B2,B2,D,,,,,,,,,,,,,,,,,,,,,
H,S,H,B1,B1,B2,D,,,,,,,,,,,,,,,,,,,,,,,,,,,,,
H,H,B1,B2,B2,D,,,,,,,,,,,,,,,,,,,,,,,,,,,,,,
H,A,,,,,,,,,,,,,,,,,,,,,,,,,,,,,,,,,,
H,S,S,B2,D,,,,,,,,,,,,,,,,,,,,,,,,,,,,,,,
H,H,H,H,S,S,S,H,A,,,,,,,,,,,,,,,,,,,,,,,,,,,
H,H,H,S,S,S,S,B1,D,,,,,,,,,,,,,,,,,,,,,,,,,,,
H,H,H,H,H,S,S,S,B1,B2,D,,,,,,,,,,,,,,,,,,,,,,,,,
H,H,A,,,,,,,,,,,,,,,,,,,,,,,,,,,,,,,,,
H,S,B1,B1,B2,D,,,,,,,,,,,,,,,,,,,,,,,,,,,,,,
H,B1,B1,R,H,B1,B1,B2,D,,,,,,,,,,,,,,,,,,,,,,,,,,,
H,H,S,B2,B2,D,,,,,,,,,,,,,,,,,,,,,,,,,,,,,,
H,S,B1,B2,D,,,,,,,,,,,,,,,,,,,,,,,,,,,,,,,
H,B1,B2,D,,,,,,,,,,,,,,,,,,,,,,,,,,,,,,,,
H,H,H,S,B1,B2,B2,D,,,,,,,,,,,,,,,,,,,,,,,,,,,,
H,H,H,B1,R,H,B1,B2,D,,,,,,,,,,,,,,,,,,,,,,,,,,,
H,H,S,S,S,H,H,H,H,H,S,H,S,H,A,,,,,,,,,,,,,,,,,,,,,
H,S,S,S,S,S,S,S,B1,B1,B2,B2,R,B1,R,R,H,H,S,H,S,B1,D,,,,,,,,,,,,,
H,H,H,B1,B2,D,,,,,,,,,,,,,,,,,,,,,,,,,,,,,,
H,H,S,S,H,S,B1,B1,B1,B2,D,,,,,,,,,,,,,,,,,,,,,,,,,
H,B1,B1,B1,D,,,,,,,,,,,,,,,,,,,,,,,,,,,,,,,
H,A,,,,,,,,,,,,,,,,,,,,,,,,,,,,,,,,,,
H,H,S,B1,B1,B1,B2,D,,,,,,,,,,,,,,,,,,,,,,,,,,,,
H,A,,,,,,,,,,,,,,,,,,,,,,,,,,,,,,,,,,
H,H,A,,,,,,,,,,,,,,,,,,,,,,,,,,,,,,,,,
H,H,H,B1,B1,R,H,H,S,H,S,B1,D,,,,,,,,,,,,,,,,,,,,,,,
H,S,H,B1,B2,D,,,,,,,,,,,,,,,,,,,,,,,,,,,,,,
H,B1,B2,D,,,,,,,,,,,,,,,,,,,,,,,,,,,,,,,,
H,S,S,H,S,S,H,H,S,S,B1,B2,D,,,,,,,,,,,,,,,,,,,,,,,
H,H,S,S,B2,D,,,,,,,,,,,,,,,,,,,,,,,,,,,,,,
H,B1,D,,,,,,,,,,,,,,,,,,,,,,,,,,,,,,,,,
H,H,S,B1,B2,D,,,,,,,,,,,,,,,,,,,,,,,,,,,,,,
H,S,B2,D,,,,,,,,,,,,,,,,,,,,,,,,,,,,,,,,
H,B1,B2,D,,,,,,,,,,,,,,,,,,,,,,,,,,,,,,,,
H,H,S,B2,D,,,,,,,,,,,,,,,,,,,,,,,,,,,,,,,
H,S,S,B2,D,,,,,,,,,,,,,,,,,,,,,,,,,,,,,,,
H,H,H,S,H,S,B2,D,,,,,,,,,,,,,,,,,,,,,,,,,,,,
H,H,A,,,,,,,,,,,,,,,,,,,,,,,,,,,,,,,,,
H,S,B1,B2,D,,,,,,,,,,,,,,,,,,,,,,,,,,,,,,,
H,H,S,H,H,S,B2,D,,,,,,,,,,,,,,,,,,,,,,,,,,,,
H,S,S,B2,D,,,,,,,,,,,,,,,,,,,,,,,,,,,,,,,
H,H,B1,B1,B1,B1,R,H,B1,B2,B2,D,,,,,,,,,,,,,,,,,,,,,,,,
H,H,S,B1,B2,B2,D,,,,,,,,,,,,,,,,,,,,,,,,,,,,,
H,B1,B2,D,,,,,,,,,,,,,,,,,,,,,,,,,,,,,,,,
H,H,B1,B1,B1,R,R,R,H,H,H,B1,B1,R,H,B1,D,,,,,,,,,,,,,,,,,,,
H,H,H,B1,B2,D,,,,,,,,,,,,,,,,,,,,,,,,,,,,,,
H,S,H,B1,B1,D,,,,,,,,,,,,,,,,,,,,,,,,,,,,,,
H,H,S,S,S,S,B1,B2,D,,,,,,,,,,,,,,,,,,,,,,,,,,,
H,H,S,B1,B1,B2,D,,,,,,,,,,,,,,,,,,,,,,,,,,,,,
H,H,H,S,S,B1,D,,,,,,,,,,,,,,,,,,,,,,,,,,,,,
H,S,B1,B1,R,H,S,B2,D,,,,,,,,,,,,,,,,,,,,,,,,,,,
H,S,S,H,S,H,S,H,B1,B1,B2,D,,,,,,,,,,,,,,,,,,,,,,,,
H,H,H,H,H,H,H,S,S,B2,D,,,,,,,,,,,,,,,,,,,,,,,,,
H,H,H,B1,B1,B2,D,,,,,,,,,,,,,,,,,,,,,,,,,,,,,
H,H,B1,B2,D,,,,,,,,,,,,,,,,,,,,,,,,,,,,,,,
H,B1,B2,D,,,,,,,,,,,,,,,,,,,,,,,,,,,,,,,,
H,S,B1,R,H,S,B1,B1,B2,B2,D,,,,,,,,,,,,,,,,,,,,,,,,,
H,S,B2,R,R,H,S,B1,B2,D,,,,,,,,,,,,,,,,,,,,,,,,,,
H,B1,B1,B1,B2,D,,,,,,,,,,,,,,,,,,,,,,,,,,,,,,
H,H,S,S,S,B1,B2,B2,B2,D,,,,,,,,,,,,,,,,,,,,,,,,,,
H,A,,,,,,,,,,,,,,,,,,,,,,,,,,,,,,,,,,
H,A,,,,,,,,,,,,,,,,,,,,,,,,,,,,,,,,,,
H,B1,B2,D,,,,,,,,,,,,,,,,,,,,,,,,,,,,,,,,
H,H,H,S,S,B1,R,R,R,S,S,S,H,H,H,H,H,H,S,B1,B2,D,,,,,,,,,,,,,,
H,H,H,H,B1,B2,D,,,,,,,,,,,,,,,,,,,,,,,,,,,,,
H,H,A,,,,,,,,,,,,,,,,,,,,,,,,,,,,,,,,,
H,H,S,H,B1,R,S,S,B1,B1,B1,D,,,,,,,,,,,,,,,,,,,,,,,,
H,B1,R,H,H,H,H,S,S,B1,B1,B2,D,,,,,,,,,,,,,,,,,,,,,,,
H,H,H,H,H,H,H,S,B1,B2,B2,D,,,,,,,,,,,,,,,,,,,,,,,,
H,H,S,B1,B1,R,R,R,S,S,B2,D,,,,,,,,,,,,,,,,,,,,,,,,
H,B1,B1,B1,R,R,R,R,H,H,A,,,,,,,,,,,,,,,,,,,,,,,,,
H,B1,B1,R,S,B1,B2,B2,D,,,,,,,,,,,,,,,,,,,,,,,,,,,
H,H,A,,,,,,,,,,,,,,,,,,,,,,,,,,,,,,,,,
H,H,H,H,H,S,H,H,H,S,B1,B2,D,,,,,,,,,,,,,,,,,,,,,,,
H,H,H,H,B1,D,,,,,,,,,,,,,,,,,,,,,,,,,,,,,,
H,S,B2,D,,,,,,,,,,,,,,,,,,,,,,,,,,,,,,,,
H,H,A,,,,,,,,,,,,,,,,,,,,,,,,,,,,,,,,,
H,S,S,B1,B2,D,,,,,,,,,,,,,,,,,,,,,,,,,,,,,,
H,H,H,H,B1,R,B1,B1,B1,B1,B2,D,,,,,,,,,,,,,,,,,,,,,,,,
H,H,S,S,S,H,B1,B2,D,,,,,,,,,,,,,,,,,,,,,,,,,,,
H,H,A,,,,,,,,,,,,,,,,,,,,,,,,,,,,,,,,,
H,S,S,S,B2,R,H,H,H,H,S,S,H,S,S,B1,B1,B2,D,,,,,,,,,,,,,,,,,
H,H,S,B1,B2,D,,,,,,,,,,,,,,,,,,,,,,,,,,,,,,
H,H,S,B1,B1,B1,B1,B1,B1,B1,B1,B1,D,,,,,,,,,,,,,,,,,,,,,,,
H,H,H,H,A,,,,,,,,,,,,,,,,,,,,,,,,,,,,,,,
H,S,H,H,S,S,B1,B2,D,,,,,,,,,,,,,,,,,,,,,,,,,,,
H,A,,,,,,,,,,,,,,,,,,,,,,,,,,,,,,,,,,
H,H,A,,,,,,,,,,,,,,,,,,,,,,,,,,,,,,,,,
H,H,S,H,H,B1,B2,D,,,,,,,,,,,,,,,,,,,,,,,,,,,,
H,S,S,B1,B2,D,,,,,,,,,,,,,,,,,,,,,,,,,,,,,,
H,B1,B2,D,,,,,,,,,,,,,,,,,,,,,,,,,,,,,,,,
H,S,S,B1,B2,D,,,,,,,,,,,,,,,,,,,,,,,,,,,,,,
H,H,B1,B1,R,S,B1,D,,,,,,,,,,,,,,,,,,,,,,,,,,,,
H,H,S,B1,R,B1,B2,D,,,,,,,,,,,,,,,,,,,,,,,,,,,,
H,B1,R,S,B2,D,,,,,,,,,,,,,,,,,,,,,,,,,,,,,,
H,H,H,H,H,H,H,S,H,H,H,H,H,S,B2,D,,,,,,,,,,,,,,,,,,,,
H,B1,B1,B1,B1,R,H,S,S,S,B2,D,,,,,,,,,,,,,,,,,,,,,,,,
H,B1,B2,D,,,,,,,,,,,,,,,,,,,,,,,,,,,,,,,,
H,S,B2,D,,,,,,,,,,,,,,,,,,,,,,,,,,,,,,,,
H,S,B1,B2,D,,,,,,,,,,,,,,,,,,,,,,,,,,,,,,,
H,A,,,,,,,,,,,,,,,,,,,,,,,,,,,,,,,,,,
H,S,B2,D,,,,,,,,,,,,,,,,,,,,,,,,,,,,,,,,
H,H,H,H,H,S,B2,B2,D,,,,,,,,,,,,,,,,,,,,,,,,,,,
H,H,B1,D,,,,,,,,,,,,,,,,,,,,,,,,,,,,,,,,
H,H,H,S,B1,B2,D,,,,,,,,,,,,,,,,,,,,,,,,,,,,,
H,A,,,,,,,,,,,,,,,,,,,,,,,,,,,,,,,,,,
H,S,S,B2,D,,,,,,,,,,,,,,,,,,,,,,,,,,,,,,,
H,S,S,H,A,,,,,,,,,,,,,,,,,,,,,,,,,,,,,,,
H,H,A,,,,,,,,,,,,,,,,,,,,,,,,,,,,,,,,,
H,S,S,B1,D,,,,,,,,,,,,,,,,,,,,,,,,,,,,,,,
H,S,H,S,B2,D,,,,,,,,,,,,,,,,,,,,,,,,,,,,,,
H,S,S,S,B1,D,,,,,,,,,,,,,,,,,,,,,,,,,,,,,,
H,S,B1,B1,B1,B2,R,R,H,S,B1,B2,R,R,R,R,H,H,H,H,B1,R,H,H,H,A,,,,,,,,,,
H,H,H,S,B2,B2,D,,,,,,,,,,,,,,,,,,,,,,,,,,,,,
H,H,S,S,B1,B1,B2,D,,,,,,,,,,,,,,,,,,,,,,,,,,,,
H,A,,,,,,,,,,,,,,,,,,,,,,,,,,,,,,,,,,
H,H,S,S,B1,B2,D,,,,,,,,,,,,,,,,,,,,,,,,,,,,,
H,B1,B2,B2,D,,,,,,,,,,,,,,,,,,,,,,,,,,,,,,,
H,S,S,S,H,S,B1,B2,D,,,,,,,,,,,,,,,,,,,,,,,,,,,
H,H,H,H,H,S,B2,B2,D,,,,,,,,,,,,,,,,,,,,,,,,,,,
H,S,S,B1,B1,B1,B2,D,,,,,,,,,,,,,,,,,,,,,,,,,,,,
H,H,H,H,S,H,H,H,H,A,,,,,,,,,,,,,,,,,,,,,,,,,,
H,S,B1,B1,B2,D,,,,,,,,,,,,,,,,,,,,,,,,,,,,,,
H,S,S,B1,R,H,H,S,B1,B2,D,,,,,,,,,,,,,,,,,,,,,,,,,
H,H,H,H,H,S,H,A,,,,,,,,,,,,,,,,,,,,,,,,,,,,
H,B1,B1,B1,B1,B2,D,,,,,,,,,,,,,,,,,,,,,,,,,,,,,
H,H,S,H,H,H,S,B2,D,,,,,,,,,,,,,,,,,,,,,,,,,,,
H,A,,,,,,,,,,,,,,,,,,,,,,,,,,,,,,,,,,
H,S,S,B1,B2,D,,,,,,,,,,,,,,,,,,,,,,,,,,,,,,
H,H,A,,,,,,,,,,,,,,,,,,,,,,,,,,,,,,,,,
H,S,B2,D,,,,,,,,,,,,,,,,,,,,,,,,,,,,,,,,
H,S,B1,D,,,,,,,,,,,,,,,,,,,,,,,,,,,,,,,,
H,H,H,H,B1,B2,B2,D,,,,,,,,,,,,,,,,,,,,,,,,,,,,
H,S,B1,B1,B2,D,,,,,,,,,,,,,,,,,,,,,,,,,,,,,,
H,S,B1,R,S,B1,B1,B1,B1,B2,D,,,,,,,,,,,,,,,,,,,,,,,,,
H,B1,B2,D,,,,,,,,,,,,,,,,,,,,,,,,,,,,,,,,
H,S,H,H,S,B1,R,S,B1,B2,D,,,,,,,,,,,,,,,,,,,,,,,,,
H,H,S,B1,D,,,,,,,,,,,,,,,,,,,,,,,,,,,,,,,
H,H,S,S,S,S,H,S,S,H,H,H,A,,,,,,,,,,,,,,,,,,,,,,,
H,H,H,A,,,,,,,,,,,,,,,,,,,,,,,,,,,,,,,,
H,H,H,A,,,,,,,,,,,,,,,,,,,,,,,,,,,,,,,,
H,A,,,,,,,,,,,,,,,,,,,,,,,,,,,,,,,,,,
H,S,H,B1,B2,R,S,B1,B2,D,,,,,,,,,,,,,,,,,,,,,,,,,,
H,B1,B2,D,,,,,,,,,,,,,,,,,,,,,,,,,,,,,,,,
H,H,A,,,,,,,,,,,,,,,,,,,,,,,,,,,,,,,,,
H,H,H,H,H,A,,,,,,,,,,,,,,,,,,,,,,,,,,,,,,
H,S,H,S,B1,B2,B2,D,,,,,,,,,,,,,,,,,,,,,,,,,,,,
H,S,H,B1,D,,,,,,,,,,,,,,,,,,,,,,,,,,,,,,,
H,B1,R,R,R,R,R,R,S,S,B1,B1,B2,D,,,,,,,,,,,,,,,,,,,,,,
H,S,B2,D,,,,,,,,,,,,,,,,,,,,,,,,,,,,,,,,
H,H,B1,B1,B2,D,,,,,,,,,,,,,,,,,,,,,,,,,,,,,,
H,H,H,H,S,B1,B1,B1,B2,D,,,,,,,,,,,,,,,,,,,,,,,,,,
H,A,,,,,,,,,,,,,,,,,,,,,,,,,,,,,,,,,,
H,H,H,B1,B1,D,,,,,,,,,,,,,,,,,,,,,,,,,,,,,,
H,S,B2,R,H,H,H,H,A,,,,,,,,,,,,,,,,,,,,,,,,,,,
H,B1,D,,,,,,,,,,,,,,,,,,,,,,,,,,,,,,,,,
H,H,H,A,,,,,,,,,,,,,,,,,,,,,,,,,,,,,,,,
H,B1,B1,B1,B1,B1,R,R,H,H,S,H,H,H,S,B1,B2,B2,D,,,,,,,,,,,,,,,,,
H,S,B1,B2,D,,,,,,,,,,,,,,,,,,,,,,,,,,,,,,,
H,B1,B2,D,,,,,,,,,,,,,,,,,,,,,,,,,,,,,,,,
H,A,,,,,,,,,,,,,,,,,,,,,,,,,,,,,,,,,,
H,S,H,S,S,B2,D,,,,,,,,,,,,,,,,,,,,,,,,,,,,,
H,H,S,H,H,H,S,H,H,A,,,,,,,,,,,,,,,,,,,,,,,,,,
H,S,B1,R,H,S,B2,B2,D,,,,,,,,,,,,,,,,,,,,,,,,,,,
H,A,,,,,,,,,,,,,,,,,,,,,,,,,,,,,,,,,,
H,H,H,B1,R,H,S,S,B2,D,,,,,,,,,,,,,,,,,,,,,,,,,,
H,S,B1,R,R,R,R,B1,B2,D,,,,,,,,,,,,,,,,,,,,,,,,,,
H,S,B1,B1,B2,B2,D,,,,,,,,,,,,,,,,,,,,,,,,,,,,,
H,H,A,,,,,,,,,,,,,,,,,,,,,,,,,,,,,,,,,
H,H,A,,,,,,,,,,,,,,,,,,,,,,,,,,,,,,,,,
H,S,B2,D,,,,,,,,,,,,,,,,,,,,,,,,,,,,,,,,
H,A,,,,,,,,,,,,,,,,,,,,,,,,,,,,,,,,,,
H,S,B1,B2,D,,,,,,,,,,,,,,,,,,,,,,,,,,,,,,,
H,H,B1,B1,B1,B2,D,,,,,,,,,,,,,,,,,,,,,,,,,,,,,
H,H,H,B1,B2,D,,,,,,,,,,,,,,,,,,,,,,,,,,,,,,
H,H,H,S,B1,B1,B1,B2,D,,,,,,,,,,,,,,,,,,,,,,,,,,,
H,H,S,S,S,B1,B1,B2,D,,,,,,,,,,,,,,,,,,,,,,,,,,,
H,H,B1,B1,R,B1,B2,D,,,,,,,,,,,,,,,,,,,,,,,,,,,,
H,B1,B2,D,,,,,,,,,,,,,,,,,,,,,,,,,,,,,,,,
H,H,S,H,H,B1,B1,B1,R,H,H,S,S,B1,B2,D,,,,,,,,,,,,,,,,,,,,
H,S,S,B1,R,S,S,H,S,H,S,B1,B2,D,,,,,,,,,,,,,,,,,,,,,,
H,S,S,B1,B2,R,R,H,A,,,,,,,,,,,,,,,,,,,,,,,,,,,
H,H,S,B2,D,,,,,,,,,,,,,,,,,,,,,,,,,,,,,,,
H,A,,,,,,,,,,,,,,,,,,,,,,,,,,,,,,,,,,
H,H,S,B1,B2,D,,,,,,,,,,,,,,,,,,,,,,,,,,,,,,
H,H,H,H,H,H,H,H,H,A,,,,,,,,,,,,,,,,,,,,,,,,,,
H,B1,B1,B1,B1,B1,B2,D,,,,,,,,,,,,,,,,,,,,,,,,,,,,
H,H,A,,,,,,,,,,,,,,,,,,,,,,,,,,,,,,,,,
H,B1,B1,B2,D,,,,,,,,,,,,,,,,,,,,,,,,,,,,,,,
H,B1,D,,,,,,,,,,,,,,,,,,,,,,,,,,,,,,,,,
H,A,,,,,,,,,,,,,,,,,,,,,,,,,,,,,,,,,,
H,S,B1,D,,,,,,,,,,,,,,,,,,,,,,,,,,,,,,,,
H,B1,B2,D,,,,,,,,,,,,,,,,,,,,,,,,,,,,,,,,
H,H,H,A,,,,,,,,,,,,,,,,,,,,,,,,,,,,,,,,
H,S,B1,R,R,R,R,B1,B1,B2,D,,,,,,,,,,,,,,,,,,,,,,,,,
H,H,H,H,S,S,S,H,S,S,S,B1,B2,D,,,,,,,,,,,,,,,,,,,,,,
H,S,S,B1,B1,B1,R,R,H,H,B1,R,S,B1,B1,B2,B2,D,,,,,,,,,,,,,,,,,,
H,H,H,H,H,H,H,S,S,B1,B2,D,,,,,,,,,,,,,,,,,,,,,,,,
H,S,B2,B2,B2,D,,,,,,,,,,,,,,,,,,,,,,,,,,,,,,
H,A,,,,,,,,,,,,,,,,,,,,,,,,,,,,,,,,,,
H,A,,,,,,,,,,,,,,,,,,,,,,,,,,,,,,,,,,
H,A,,,,,,,,,,,,,,,,,,,,,,,,,,,,,,,,,,
H,H,S,B1,B2,D,,,,,,,,,,,,,,,,,,,,,,,,,,,,,,
H,H,H,S,S,B1,B2,D,,,,,,,,,,,,,,,,,,,,,,,,,,,,
H,H,H,H,S,B1,B2,B2,D,,,,,,,,,,,,,,,,,,,,,,,,,,,
H,H,H,H,S,S,S,S,H,H,S,B1,B1,B1,B2,D,,,,,,,,,,,,,,,,,,,,
H,H,S,H,H,H,S,S,B1,B2,D,,,,,,,,,,,,,,,,,,,,,,,,,
H,H,H,A,,,,,,,,,,,,,,,,,,,,,,,,,,,,,,,,
H,S,S,S,B1,B1,B1,B1,B2,B2,D,,,,,,,,,,,,,,,,,,,,,,,,,
H,S,B1,B1,R,H,S,S,H,S,S,H,H,S,S,H,H,H,H,H,H,H,S,B1,R,H,A,,,,,,,,,
H,S,S,H,A,,,,,,,,,,,,,,,,,,,,,,,,,,,,,,,
H,S,B1,R,S,B1,D,,,,,,,,,,,,,,,,,,,,,,,,,,,,,
H,S,H,S,H,B1,B2,D,,,,,,,,,,,,,,,,,,,,,,,,,,,,
H,H,H,A,,,,,,,,,,,,,,,,,,,,,,,,,,,,,,,,
H,S,B1,B2,D,,,,,,,,,,,,,,,,,,,,,,,,,,,,,,,
H,B1,B2,D,,,,,,,,,,,,,,,,,,,,,,,,,,,,,,,,
H,S,S,S,S,S,S,S,S,B1,B2,B2,D,,,,,,,,,,,,,,,,,,,,,,,
H,B1,R,S,B2,B2,D,,,,,,,,,,,,,,,,,,,,,,,,,,,,,
H,H,H,H,H,S,B1,R,S,S,H,H,S,H,S,S,H,S,H,H,S,S,H,S,H,S,S,S,B1,B2,B2,D,,,,
H,B1,B1,B2,D,,,,,,,,,,,,,,,,,,,,,,,,,,,,,,,
H,S,B1,B2,D,,,,,,,,,,,,,,,,,,,,,,,,,,,,,,,
H,B1,B2,D,,,,,,,,,,,,,,,,,,,,,,,,,,,,,,,,
H,H,S,B1,B1,B1,D,,,,,,,,,,,,,,,,,,,,,,,,,,,,,
H,S,H,S,B2,D,,,,,,,,,,,,,,,,,,,,,,,,,,,,,,
H,S,S,B1,B2,D,,,,,,,,,,,,,,,,,,,,,,,,,,,,,,
H,H,H,H,H,S,B2,D,,,,,,,,,,,,,,,,,,,,,,,,,,,,
H,B1,B2,D,,,,,,,,,,,,,,,,,,,,,,,,,,,,,,,,
H,B1,B2,D,,,,,,,,,,,,,,,,,,,,,,,,,,,,,,,,
H,S,B1,B1,R,R,S,B1,B2,D,,,,,,,,,,,,,,,,,,,,,,,,,,
H,S,B1,B2,B2,D,,,,,,,,,,,,,,,,,,,,,,,,,,,,,,
H,S,B1,B1,B1,D,,,,,,,,,,,,,,,,,,,,,,,,,,,,,,
H,H,B1,R,R,H,S,B1,B2,D,,,,,,,,,,,,,,,,,,,,,,,,,,
H,H,H,B1,R,R,B1,R,H,S,B1,D,,,,,,,,,,,,,,,,,,,,,,,,
H,B1,D,,,,,,,,,,,,,,,,,,,,,,,,,,,,,,,,,
H,B1,R,H,B1,B2,D,,,,,,,,,,,,,,,,,,,,,,,,,,,,,
H,H,S,S,S,B1,D,,,,,,,,,,,,,,,,,,,,,,,,,,,,,
H,B1,B2,D,,,,,,,,,,,,,,,,,,,,,,,,,,,,,,,,
H,H,H,H,A,,,,,,,,,,,,,,,,,,,,,,,,,,,,,,,
H,S,B1,B2,R,R,R,S,B1,B2,D,,,,,,,,,,,,,,,,,,,,,,,,,
H,H,S,S,B1,R,R,H,B1,B1,B1,B2,D,,,,,,,,,,,,,,,,,,,,,,,
H,H,H,S,S,B1,B2,D,,,,,,,,,,,,,,,,,,,,,,,,,,,,
H,B1,B2,R,S,S,B1,B1,B1,R,R,R,R,R,R,S,B2,D,,,,,,,,,,,,,,,,,,
H,H,H,S,B2,R,H,B1,D,,,,,,,,,,,,,,,,,,,,,,,,,,,
H,H,H,S,S,B1,B1,B1,B1,B1,B1,B1,R,H,A,,,,,,,,,,,,,,,,,,,,,
H,H,H,S,B1,B1,B2,B2,B2,D,,,,,,,,,,,,,,,,,,,,,,,,,,
H,H,S,B1,R,H,H,S,B1,R,H,H,S,B1,B1,B1,B2,D,,,,,,,,,,,,,,,,,,
H,H,H,H,S,S,H,H,H,S,H,S,H,H,H,H,S,S,B1,B1,B1,B1,R,S,S,S,H,A,,,,,,,,
H,S,B1,B2,D,,,,,,,,,,,,,,,,,,,,,,,,,,,,,,,
H,H,H,H,S,B2,D,,,,,,,,,,,,,,,,,,,,,,,,,,,,,
H,H,H,B1,B2,B2,D,,,,,,,,,,,,,,,,,,,,,,,,,,,,,
H,B1,B1,D,,,,,,,,,,,,,,,,,,,,,,,,,,,,,,,,
H,H,H,H,B1,B2,B2,D,,,,,,,,,,,,,,,,,,,,,,,,,,,,
H,H,S,B1,B1,B1,R,S,B1,B2,D,,,,,,,,,,,,,,,,,,,,,,,,,
H,H,H,H,B1,B2,D,,,,,,,,,,,,,,,,,,,,,,,,,,,,,
H,A,,,,,,,,,,,,,,,,,,,,,,,,,,,,,,,,,,
H,H,H,B1,R,R,H,S,H,S,H,H,H,S,S,H,H,H,A,,,,,,,,,,,,,,,,,
H,H,S,S,H,S,B1,B1,D,,,,,,,,,,,,,,,,,,,,,,,,,,,
H,H,H,H,S,S,S,B1,B1,R,B1,D,,,,,,,,,,,,,,,,,,,,,,,,
H,S,H,H,B1,R,S,B1,B2,D,,,,,,,,,,,,,,,,,,,,,,,,,,
H,A,,,,,,,,,,,,,,,,,,,,,,,,,,,,,,,,,,
H,H,H,H,H,S,B1,B1,R,H,H,S,S,S,H,B1,B2,B2,D,,,,,,,,,,,,,,,,,
H,B1,B2,B2,D,,,,,,,,,,,,,,,,,,,,,,,,,,,,,,,
H,H,S,B1,B2,D,,,,,,,,,,,,,,,,,,,,,,,,,,,,,,
H,A,,,,,,,,,,,,,,,,,,,,,,,,,,,,,,,,,,
H,H,S,S,B2,D,,,,,,,,,,,,,,,,,,,,,,,,,,,,,,
H,B1,B2,D,,,,,,,,,,,,,,,,,,,,,,,,,,,,,,,,
H,H,H,H,H,H,H,A,,,,,,,,,,,,,,,,,,,,,,,,,,,,
H,S,S,S,B2,B2,D,,,,,,,,,,,,,,,,,,,,,,,,,,,,,
H,S,B2,D,,,,,,,,,,,,,,,,,,,,,,,,,,,,,,,,
H,S,H,H,H,B1,B2,D,,,,,,,,,,,,,,,,,,,,,,,,,,,,
H,S,S,H,H,H,S,H,S,B1,B2,B2,D,,,,,,,,,,,,,,,,,,,,,,,
H,H,S,H,B1,R,H,S,B1,B2,R,H,H,H,S,B1,D,,,,,,,,,,,,,,,,,,,
H,H,H,S,S,S,S,H,S,S,B1,R,H,A,,,,,,,,,,,,,,,,,,,,,,
H,H,S,B1,B1,B2,D,,,,,,,,,,,,,,,,,,,,,,,,,,,,,
H,H,B1,R,R,R,S,S,B1,B2,D,,,,,,,,,,,,,,,,,,,,,,,,,
H,S,H,S,S,S,B2,D,,,,,,,,,,,,,,,,,,,,,,,,,,,,
H,S,B1,R,R,B1,D,,,,,,,,,,,,,,,,,,,,,,,,,,,,,
H,H,A,,,,,,,,,,,,,,,,,,,,,,,,,,,,,,,,,
H,H,B1,B1,B1,B2,D,,,,,,,,,,,,,,,,,,,,,,,,,,,,,
H,B1,B1,B2,B2,D,,,,,,,,,,,,,,,,,,,,,,,,,,,,,,
H,H,B1,D,,,,,,,,,,,,,,,,,,,,,,,,,,,,,,,,
H,H,B1,B2,D,,,,,,,,,,,,,,,,,,,,,,,,,,,,,,,
H,B1,B1,B2,D,,,,,,,,,,,,,,,,,,,,,,,,,,,,,,,
H,H,H,A,,,,,,,,,,,,,,,,,,,,,,,,,,,,,,,,
H,H,H,S,S,S,S,S,B1,B1,B1,B2,D,,,,,,,,,,,,,,,,,,,,,,,
H,B1,R,R,S,B1,R,B1,R,R,B1,B1,B2,D,,,,,,,,,,,,,,,,,,,,,,
H,S,B1,R,S,H,H,S,B1,B2,B2,D,,,,,,,,,,,,,,,,,,,,,,,,
H,A,,,,,,,,,,,,,,,,,,,,,,,,,,,,,,,,,,
H,B1,B2,D,,,,,,,,,,,,,,,,,,,,,,,,,,,,,,,,
H,S,B1,R,R,R,B1,B1,R,B1,D,,,,,,,,,,,,,,,,,,,,,,,,,
H,H,H,A,,,,,,,,,,,,,,,,,,,,,,,,,,,,,,,,
H,H,S,H,B1,D,,,,,,,,,,,,,,,,,,,,,,,,,,,,,,
H,H,A,,,,,,,,,,,,,,,,,,,,,,,,,,,,,,,,,
H,S,B2,D,,,,,,,,,,,,,,,,,,,,,,,,,,,,,,,,
H,S,S,S,B1,B2,D,,,,,,,,,,,,,,,,,,,,,,,,,,,,,
H,H,H,S,H,H,H,S,S,H,S,S,B2,D,,,,,,,,,,,,,,,,,,,,,,
H,S,S,B1,B2,D,,,,,,,,,,,,,,,,,,,,,,,,,,,,,,
H,H,H,S,H,H,A,,,,,,,,,,,,,,,,,,,,,,,,,,,,,
H,S,S,B1,B2,D,,,,,,,,,,,,,,,,,,,,,,,,,,,,,,
H,H,H,B1,R,H,H,S,B1,R,H,H,H,H,H,B1,B2,D,,,,,,,,,,,,,,,,,,
H,H,H,H,H,B1,B2,D,,,,,,,,,,,,,,,,,,,,,,,,,,,,
H,H,H,S,S,B1,B2,B2,B2,D,,,,,,,,,,,,,,,,,,,,,,,,,,
H,S,S,H,H,H,H,H,H,H,H,B1,B2,D,,,,,,,,,,,,,,,,,,,,,,
H,H,S,S,B1,B1,B1,D,,,,,,,,,,,,,,,,,,,,,,,,,,,,
H,S,B2,D,,,,,,,,,,,,,,,,,,,,,,,,,,,,,,,,
H,H,H,S,S,B2,B2,D,,,,,,,,,,,,,,,,,,,,,,,,,,,,
H,H,H,S,S,H,H,H,H,H,H,H,A,,,,,,,,,,,,,,,,,,,,,,,
H,A,,,,,,,,,,,,,,,,,,,,,,,,,,,,,,,,,,
H,H,S,S,S,S,S,H,S,B1,B1,B1,B1,D,,,,,,,,,,,,,,,,,,,,,,
H,B1,B2,D,,,,,,,,,,,,,,,,,,,,,,,,,,,,,,,,
H,H,A,,,,,,,,,,,,,,,,,,,,,,,,,,,,,,,,,
H,S,H,B1,R,H,H,H,S,B1,D,,,,,,,,,,,,,,,,,,,,,,,,,
H,H,H,H,H,S,H,S,S,B1,B1,D,,,,,,,,,,,,,,,,,,,,,,,,
H,A,,,,,,,,,,,,,,,,,,,,,,,,,,,,,,,,,,
H,S,H,H,A,,,,,,,,,,,,,,,,,,,,,,,,,,,,,,,
H,H,H,H,B1,B1,B1,B1,B2,D,,,,,,,,,,,,,,,,,,,,,,,,,,
H,H,H,A,,,,,,,,,,,,,,,,,,,,,,,,,,,,,,,,
H,S,S,B1,R,R,R,H,S,S,S,H,B1,B2,D,,,,,,,,,,,,,,,,,,,,,
H,S,S,S,S,B2,B2,D,,,,,,,,,,,,,,,,,,,,,,,,,,,,
H,A,,,,,,,,,,,,,,,,,,,,,,,,,,,,,,,,,,
H,H,B1,R,R,R,S,H,H,B1,B2,D,,,,,,,,,,,,,,,,,,,,,,,,
H,H,H,A,,,,,,,,,,,,,,,,,,,,,,,,,,,,,,,,
H,H,S,S,S,B1,R,H,H,H,S,S,S,H,S,S,S,S,S,B2,R,R,R,B1,R,H,H,H,H,H,H,S,B2,B2,D,
H,H,H,S,S,H,S,B1,B2,D,,,,,,,,,,,,,,,,,,,,,,,,,,
H,H,H,H,H,A,,,,,,,,,,,,,,,,,,,,,,,,,,,,,,
H,H,H,B1,B1,B1,B2,D,,,,,,,,,,,,,,,,,,,,,,,,,,,,
H,H,H,A,,,,,,,,,,,,,,,,,,,,,,,,,,,,,,,,
H,S,B1,B2,D,,,,,,,,,,,,,,,,,,,,,,,,,,,,,,,
H,H,S,B1,B2,D,,,,,,,,,,,,,,,,,,,,,,,,,,,,,,
H,A,,,,,,,,,,,,,,,,,,,,,,,,,,,,,,,,,,
H,H,H,B1,B2,D,,,,,,,,,,,,,,,,,,,,,,,,,,,,,,
H,H,S,S,B2,D,,,,,,,,,,,,,,,,,,,,,,,,,,,,,,
H,H,S,H,S,H,H,H,S,S,B1,B2,B2,D,,,,,,,,,,,,,,,,,,,,,,
H,B1,D,,,,,,,,,,,,,,,,,,,,,,,,,,,,,,,,,
H,S,B1,R,H,H,H,H,H,A,,,,,,,,,,,,,,,,,,,,,,,,,,
H,B1,B1,B1,B1,B2,D,,,,,,,,,,,,,,,,,,,,,,,,,,,,,
H,S,S,H,A,,,,,,,,,,,,,,,,,,,,,,,,,,,,,,,
H,S,B1,B2,B2,R,R,R,R,R,B1,B1,B2,D,,,,,,,,,,,,,,,,,,,,,,
H,S,H,A,,,,,,,,,,,,,,,,,,,,,,,,,,,,,,,,
H,H,H,H,H,H,B1,D,,,,,,,,,,,,,,,,,,,,,,,,,,,,
H,H,S,S,S,S,S,B1,B1,B1,R,R,S,S,S,S,S,S,S,B1,B2,D,,,,,,,,,,,,,,
H,H,H,S,S,B1,B2,D,,,,,,,,,,,,,,,,,,,,,,,,,,,,
H,S,B2,D,,,,,,,,,,,,,,,,,,,,,,,,,,,,,,,,
H,A,,,,,,,,,,,,,,,,,,,,,,,,,,,,,,,,,,
H,S,S,H,B1,B2,B2,D,,,,,,,,,,,,,,,,,,,,,,,,,,,,
H,H,H,S,B1,B2,D,,,,,,,,,,,,,,,,,,,,,,,,,,,,,
H,B1,B1,D,,,,,,,,,,,,,,,,,,,,,,,,,,,,,,,,
H,H,H,S,S,B1,B2,B2,D,,,,,,,,,,,,,,,,,,,,,,,,,,,
H,H,H,A,,,,,,,,,,,,,,,,,,,,,,,,,,,,,,,,
H,S,H,H,H,H,H,H,H,H,S,S,B1,B1,R,R,R,R,R,H,A,,,,,,,,,,,,,,,
H,H,A,,,,,,,,,,,,,,,,,,,,,,,,,,,,,,,,,
H,H,B1,B1,B1,R,R,S,S,S,B1,B1,B2,D,,,,,,,,,,,,,,,,,,,,,,
H,H,A,,,,,,,,,,,,,,,,,,,,,,,,,,,,,,,,,
H,S,B2,R,H,S,S,B1,B2,D,,,,,,,,,,,,,,,,,,,,,,,,,,
H,B1,B2,D,,,,,,,,,,,,,,,,,,,,,,,,,,,,,,,,
H,S,B1,B1,B1,B1,B2,D,,,,,,,,,,,,,,,,,,,,,,,,,,,,
H,H,B1,B1,B1,R,S,B1,B1,D,,,,,,,,,,,,,,,,,,,,,,,,,,
H,S,B1,B1,B2,D,,,,,,,,,,,,,,,,,,,,,,,,,,,,,,
H,B1,B1,B1,B2,R,R,H,H,S,S,B1,D,,,,,,,,,,,,,,,,,,,,,,,
H,H,S,S,S,H,H,H,H,B1,B2,D,,,,,,,,,,,,,,,,,,,,,,,,
H,S,S,S,S,S,B1,B2,D,,,,,,,,,,,,,,,,,,,,,,,,,,,
H,H,H,H,H,S,H,S,S,H,B1,B2,D,,,,,,,,,,,,,,,,,,,,,,,
H,B1,B1,B1,R,R,H,H,B1,B1,B1,B2,D,,,,,,,,,,,,,,,,,,,,,,,
H,H,S,S,S,B1,D,,,,,,,,,,,,,,,,,,,,,,,,,,,,,
H,H,H,A,,,,,,,,,,,,,,,,,,,,,,,,,,,,,,,,
H,S,B1,B2,D,,,,,,,,,,,,,,,,,,,,,,,,,,,,,,,
H,S,S,S,B2,R,R,H,H,H,S,H,B1,R,R,S,B2,D,,,,,,,,,,,,,,,,,,
H,H,S,S,S,S,S,H,H,S,B2,D,,,,,,,,,,,,,,,,,,,,,,,,
H,S,B1,B1,B2,B2,D,,,,,,,,,,,,,,,,,,,,,,,,,,,,,
H,S,S,H,B1,B1,B1,B1,B1,B1,R,S,B1,B1,B2,D,,,,,,,,,,,,,,,,,,,,
H,S,B1,D,,,,,,,,,,,,,,,,,,,,,,,,,,,,,,,,
H,H,H,B1,B1,B1,B1,B2,D,,,,,,,,,,,,,,,,,,,,,,,,,,,
H,H,H,S,S,S,B1,D,,,,,,,,,,,,,,,,,,,,,,,,,,,,
H,S,B1,B2,D,,,,,,,,,,,,,,,,,,,,,,,,,,,,,,,
H,H,B1,B2,D,,,,,,,,,,,,,,,,,,,,,,,,,,,,,,,
H,A,,,,,,,,,,,,,,,,,,,,,,,,,,,,,,,,,,
H,H,S,B1,B2,R,H,H,H,H,B1,B2,D,,,,,,,,,,,,,,,,,,,,,,,
H,H,S,B2,D,,,,,,,,,,,,,,,,,,,,,,,,,,,,,,,
H,B1,B2,D,,,,,,,,,,,,,,,,,,,,,,,,,,,,,,,,
H,S,S,S,H,S,B2,D,,,,,,,,,,,,,,,,,,,,,,,,,,,,
H,H,B1,R,H,H,H,B1,R,H,H,S,B2,D,,,,,,,,,,,,,,,,,,,,,,
H,S,S,S,S,B1,B2,D,,,,,,,,,,,,,,,,,,,,,,,,,,,,
H,H,B1,B1,B2,D,,,,,,,,,,,,,,,,,,,,,,,,,,,,,,
H,H,A,,,,,,,,,,,,,,,,,,,,,,,,,,,,,,,,,
H,B1,B2,D,,,,,,,,,,,,,,,,,,,,,,,,,,,,,,,,
H,H,H,S,S,B1,B1,R,H,S,H,S,B1,B2,D,,,,,,,,,,,,,,,,,,,,,
H,S,B1,B1,B1,B1,D,,,,,,,,,,,,,,,,,,,,,,,,,,,,,
H,H,H,S,B1,B1,D,,,,,,,,,,,,,,,,,,,,,,,,,,,,,
H,S,S,S,B1,B1,B1,B1,R,B1,B2,D,,,,,,,,,,,,,,,,,,,,,,,,
H,S,B1,B2,D,,,,,,,,,,,,,,,,,,,,,,,,,,,,,,,
H,H,S,H,S,B2,D,,,,,,,,,,,,,,,,,,,,,,,,,,,,,
H,H,H,H,B1,B2,D,,,,,,,,,,,,,,,,,,,,,,,,,,,,,
H,H,A,,,,,,,,,,,,,,,,,,,,,,,,,,,,,,,,,
H,H,H,S,S,B2,D,,,,,,,,,,,,,,,,,,,,,,,,,,,,,
H,A,,,,,,,,,,,,,,,,,,,,,,,,,,,,,,,,,,
H,S,B2,D,,,,,,,,,,,,,,,,,,,,,,,,,,,,,,,,
H,S,H,H,H,A,,,,,,,,,,,,,,,,,,,,,,,,,,,,,,
H,H,H,H,A,,,,,,,,,,,,,,,,,,,,,,,,,,,,,,,
H,H,H,S,S,S,S,H,H,H,S,B1,B1,B1,B1,B1,B2,D,,,,,,,,,,,,,,,,,,
H,S,B1,B2,D,,,,,,,,,,,,,,,,,,,,,,,,,,,,,,,
H,A,,,,,,,,,,,,,,,,,,,,,,,,,,,,,,,,,,
H,H,S,S,B1,B2,D,,,,,,,,,,,,,,,,,,,,,,,,,,,,,
H,H,H,H,H,S,B1,B2,D,,,,,,,,,,,,,,,,,,,,,,,,,,,
H,S,S,S,S,B1,B1,B1,B2,D,,,,,,,,,,,,,,,,,,,,,,,,,,
H,S,B1,B2,D,,,,,,,,,,,,,,,,,,,,,,,,,,,,,,,
H,S,B1,B1,B1,B1,B2,D,,,,,,,,,,,,,,,,,,,,,,,,,,,,
H,H,H,B1,B2,D,,,,,,,,,,,,,,,,,,,,,,,,,,,,,,
H,B1,B2,D,,,,,,,,,,,,,,,,,,,,,,,,,,,,,,,,
H,H,H,H,H,A,,,,,,,,,,,,,,,,,,,,,,,,,,,,,,
H,A,,,,,,,,,,,,,,,,,,,,,,,,,,,,,,,,,,
H,A,,,,,,,,,,,,,,,,,,,,,,,,,,,,,,,,,,
H,S,B1,B1,B2,D,,,,,,,,,,,,,,,,,,,,,,,,,,,,,,
H,S,B2,D,,,,,,,,,,,,,,,,,,,,,,,,,,,,,,,,
H,H,S,B2,D,,,,,,,,,,,,,,,,,,,,,,,,,,,,,,,
H,H,H,S,H,S,H,H,B1,B2,D,,,,,,,,,,,,,,,,,,,,,,,,,
H,H,A,,,,,,,,,,,,,,,,,,,,,,,,,,,,,,,,,
H,S,B2,D,,,,,,,,,,,,,,,,,,,,,,,,,,,,,,,,
H,S,S,H,H,S,S,S,B2,D,,,,,,,,,,,,,,,,,,,,,,,,,,
H,S,H,H,H,S,H,B1,D,,,,,,,,,,,,,,,,,,,,,,,,,,,
H,H,H,S,B2,D,,,,,,,,,,,,,,,,,,,,,,,,,,,,,,
H,H,H,S,B1,B1,B2,D,,,,,,,,,,,,,,,,,,,,,,,,,,,,
H,H,B1,B1,R,R,S,B1,R,R,S,B1,B2,D,,,,,,,,,,,,,,,,,,,,,,
H,B1,B1,B1,B2,R,R,R,S,B1,B2,D,,,,,,,,,,,,,,,,,,,,,,,,
H,H,H,H,S,S,S,S,S,B2,B2,D,,,,,,,,,,,,,,,,,,,,,,,,
H,S,B1,B1,D,,,,,,,,,,,,,,,,,,,,,,,,,,,,,,,
H,H,S,B2,D,,,,,,,,,,,,,,,,,,,,,,,,,,,,,,,
H,S,B2,D,,,,,,,,,,,,,,,,,,,,,,,,,,,,,,,,
H,H,H,H,H,S,S,H,B1,B1,D,,,,,,,,,,,,,,,,,,,,,,,,,
H,A,,,,,,,,,,,,,,,,,,,,,,,,,,,,,,,,,,
H,H,H,S,B1,B2,D,,,,,,,,,,,,,,,,,,,,,,,,,,,,,
H,H,A,,,,,,,,,,,,,,,,,,,,,,,,,,,,,,,,,
H,A,,,,,,,,,,,,,,,,,,,,,,,,,,,,,,,,,,
H,A,,,,,,,,,,,,,,,,,,,,,,,,,,,,,,,,,,
H,S,H,S,H,H,H,B1,B1,B2,D,,,,,,,,,,,,,,,,,,,,,,,,,
H,S,S,B1,B1,B1,B2,D,,,,,,,,,,,,,,,,,,,,,,,,,,,,
H,H,H,H,S,S,B1,B1,B1,B1,B2,D,,,,,,,,,,,,,,,,,,,,,,,,
H,H,A,,,,,,,,,,,,,,,,,,,,,,,,,,,,,,,,,
H,H,S,S,B2,D,,,,,,,,,,,,,,,,,,,,,,,,,,,,,,
H,B1,B1,B2,D,,,,,,,,,,,,,,,,,,,,,,,,,,,,,,,
H,H,H,S,S,B1,B2,D,,,,,,,,,,,,,,,,,,,,,,,,,,,,
H,S,H,H,H,H,H,H,H,S,H,H,A,,,,,,,,,,,,,,,,,,,,,,,
H,H,H,S,S,H,S,B2,B2,D,,,,,,,,,,,,,,,,,,,,,,,,,,
H,H,H,H,H,B1,B1,B2,D,,,,,,,,,,,,,,,,,,,,,,,,,,,
H,H,S,B1,R,R,S,B1,B1,B2,D,,,,,,,,,,,,,,,,,,,,,,,,,
H,H,H,S,B1,B1,D,,,,,,,,,,,,,,,,,,,,,,,,,,,,,
H,S,H,H,S,H,H,S,B1,B2,D,,,,,,,,,,,,,,,,,,,,,,,,,
H,S,B2,D,,,,,,,,,,,,,,,,,,,,,,,,,,,,,,,,
H,S,B2,D,,,,,,,,,,,,,,,,,,,,,,,,,,,,,,,,
H,S,S,S,S,B1,D,,,,,,,,,,,,,,,,,,,,,,,,,,,,,
H,H,H,H,S,H,S,S,S,S,B1,B2,D,,,,,,,,,,,,,,,,,,,,,,,
H,S,H,H,A,,,,,,,,,,,,,,,,,,,,,,,,,,,,,,,
H,S,B1,B1,B1,B2,D,,,,,,,,,,,,,,,,,,,,,,,,,,,,,
H,S,B1,B2,B2,D,,,,,,,,,,,,,,,,,,,,,,,,,,,,,,
H,A,,,,,,,,,,,,,,,,,,,,,,,,,,,,,,,,,,
H,H,S,S,H,H,H,S,B2,B2,D,,,,,,,,,,,,,,,,,,,,,,,,,
H,A,,,,,,,,,,,,,,,,,,,,,,,,,,,,,,,,,,
H,H,H,H,S,B1,R,R,H,S,H,H,A,,,,,,,,,,,,,,,,,,,,,,,
H,H,S,S,B1,B2,B2,B2,D,,,,,,,,,,,,,,,,,,,,,,,,,,,
H,H,S,S,S,S,B1,R,R,R,B1,B1,B2,D,,,,,,,,,,,,,,,,,,,,,,
H,H,H,H,S,S,H,B1,B2,D,,,,,,,,,,,,,,,,,,,,,,,,,,
H,H,H,H,H,S,B1,B2,D,,,,,,,,,,,,,,,,,,,,,,,,,,,
H,S,B1,B1,B1,B2,D,,,,,,,,,,,,,,,,,,,,,,,,,,,,,
H,H,S,B1,D,,,,,,,,,,,,,,,,,,,,,,,,,,,,,,,
H,H,S,H,S,S,S,B1,B1,B2,D,,,,,,,,,,,,,,,,,,,,,,,,,
H,S,H,B1,R,R,H,S,H,B1,B2,D,,,,,,,,,,,,,,,,,,,,,,,,
H,S,H,S,S,B2,D,,,,,,,,,,,,,,,,,,,,,,,,,,,,,
H,S,B2,D,,,,,,,,,,,,,,,,,,,,,,,,,,,,,,,,
H,A,,,,,,,,,,,,,,,,,,,,,,,,,,,,,,,,,,
H,H,A,,,,,,,,,,,,,,,,,,,,,,,,,,,,,,,,,
H,H,H,H,S,B1,D,,,,,,,,,,,,,,,,,,,,,,,,,,,,,
H,S,H,S,H,S,B1,B2,D,,,,,,,,,,,,,,,,,,,,,,,,,,,
H,S,B1,B1,D,,,,,,,,,,,,,,,,,,,,,,,,,,,,,,,
H,H,A,,,,,,,,,,,,,,,,,,,,,,,,,,,,,,,,,
H,A,,,,,,,,,,,,,,,,,,,,,,,,,,,,,,,,,,
H,H,B1,B1,B1,B2,B2,D,,,,,,,,,,,,,,,,,,,,,,,,,,,,
H,S,S,S,S,H,A,,,,,,,,,,,,,,,,,,,,,,,,,,,,,
H,S,B2,B2,D,,,,,,,,,,,,,,,,,,,,,,,,,,,,,,,
H,S,S,S,H,H,H,H,H,B1,B2,D,,,,,,,,,,,,,,,,,,,,,,,,
H,H,B1,R,B1,D,,,,,,,,,,,,,,,,,,,,,,,,,,,,,,
H,B1,B2,D,,,,,,,,,,,,,,,,,,,,,,,,,,,,,,,,
H,H,H,H,H,H,B1,B1,D,,,,,,,,,,,,,,,,,,,,,,,,,,,
H,S,S,S,S,B2,D,,,,,,,,,,,,,,,,,,,,,,,,,,,,,
H,H,A,,,,,,,,,,,,,,,,,,,,,,,,,,,,,,,,,
H,S,H,H,H,H,A,,,,,,,,,,,,,,,,,,,,,,,,,,,,,
H,H,H,S,S,S,H,S,S,S,B1,D,,,,,,,,,,,,,,,,,,,,,,,,
H,S,H,B1,D,,,,,,,,,,,,,,,,,,,,,,,,,,,,,,,
H,H,A,,,,,,,,,,,,,,,,,,,,,,,,,,,,,,,,,
H,S,S,S,S,B2,D,,,,,,,,,,,,,,,,,,,,,,,,,,,,,
H,H,H,S,B2,D,,,,,,,,,,,,,,,,,,,,,,,,,,,,,,
H,H,H,H,A,,,,,,,,,,,,,,,,,,,,,,,,,,,,,,,
H,H,S,S,H,S,B2,D,,,,,,,,,,,,,,,,,,,,,,,,,,,,
H,H,S,S,H,H,H,S,B1,B2,D,,,,,,,,,,,,,,,,,,,,,,,,,
H,H,H,H,A,,,,,,,,,,,,,,,,,,,,,,,,,,,,,,,
H,A,,,,,,,,,,,,,,,,,,,,,,,,,,,,,,,,,,
H,S,S,B1,B2,D,,,,,,,,,,,,,,,,,,,,,,,,,,,,,,
H,S,S,S,S,B1,B2,D,,,,,,,,,,,,,,,,,,,,,,,,,,,,
H,B1,B1,B2,D,,,,,,,,,,,,,,,,,,,,,,,,,,,,,,,
H,S,B2,D,,,,,,,,,,,,,,,,,,,,,,,,,,,,,,,,
H,H,H,B1,B2,B2,D,,,,,,,,,,,,,,,,,,,,,,,,,,,,,
H,H,H,A,,,,,,,,,,,,,,,,,,,,,,,,,,,,,,,,
H,H,H,H,S,B1,D,,,,,,,,,,,,,,,,,,,,,,,,,,,,,
H,H,S,B2,D,,,,,,,,,,,,,,,,,,,,,,,,,,,,,,,
H,H,S,B2,D,,,,,,,,,,,,,,,,,,,,,,,,,,,,,,,
H,S,B1,B1,B1,D,,,,,,,,,,,,,,,,,,,,,,,,,,,,,,
H,H,H,H,S,B1,B1,D,,,,,,,,,,,,,,,,,,,,,,,,,,,,
H,A,,,,,,,,,,,,,,,,,,,,,,,,,,,,,,,,,,
H,H,H,B1,B1,B1,B2,D,,,,,,,,,,,,,,,,,,,,,,,,,,,,
H,S,B2,B2,D,,,,,,,,,,,,,,,,,,,,,,,,,,,,,,,
H,S,B2,D,,,,,,,,,,,,,,,,,,,,,,,,,,,,,,,,
H,S,S,H,H,S,B1,B2,D,,,,,,,,,,,,,,,,,,,,,,,,,,,
H,H,S,H,H,H,B1,B1,R,H,H,A,,,,,,,,,,,,,,,,,,,,,,,,
H,B1,B1,R,R,B1,B1,B1,B2,D,,,,,,,,,,,,,,,,,,,,,,,,,,
H,A,,,,,,,,,,,,,,,,,,,,,,,,,,,,,,,,,,
H,A,,,,,,,,,,,,,,,,,,,,,,,,,,,,,,,,,,
H,S,S,B1,B2,B2,D,,,,,,,,,,,,,,,,,,,,,,,,,,,,,
H,S,S,B2,D,,,,,,,,,,,,,,,,,,,,,,,,,,,,,,,
H,H,H,S,S,S,S,H,S,B1,B1,B1,R,H,A,,,,,,,,,,,,,,,,,,,,,
H,H,B1,B2,B2,D,,,,,,,,,,,,,,,,,,,,,,,,,,,,,,
H,H,S,S,S,S,H,S,B1,D,,,,,,,,,,,,,,,,,,,,,,,,,,
H,H,S,B1,D,,,,,,,,,,,,,,,,,,,,,,,,,,,,,,,
H,H,S,H,S,S,B1,R,S,S,H,H,H,H,B1,B1,B2,D,,,,,,,,,,,,,,,,,,
H,A,,,,,,,,,,,,,,,,,,,,,,,,,,,,,,,,,,
H,S,B2,D,,,,,,,,,,,,,,,,,,,,,,,,,,,,,,,,
H,S,S,B2,D,,,,,,,,,,,,,,,,,,,,,,,,,,,,,,,
H,H,S,S,B1,B2,D,,,,,,,,,,,,,,,,,,,,,,,,,,,,,
H,B1,R,R,R,S,H,B1,B2,B2,B2,R,R,R,H,B1,B1,R,S,B1,B2,D,,,,,,,,,,,,,,
H,B1,B1,D,,,,,,,,,,,,,,,,,,,,,,,,,,,,,,,,
H,S,S,B1,B1,B2,D,,,,,,,,,,,,,,,,,,,,,,,,,,,,,
H,H,S,S,B1,B1,B2,D,,,,,,,,,,,,,,,,,,,,,,,,,,,,
H,H,S,S,S,B1,B2,B2,D,,,,,,,,,,,,,,,,,,,,,,,,,,,
H,B1,B1,B2,D,,,,,,,,,,,,,,,,,,,,,,,,,,,,,,,
H,A,,,,,,,,,,,,,,,,,,,,,,,,,,,,,,,,,,
H,S,H,A,,,,,,,,,,,,,,,,,,,,,,,,,,,,,,,,
H,H,H,S,S,H,S,B1,B1,R,B1,D,,,,,,,,,,,,,,,,,,,,,,,,
H,H,A,,,,,,,,,,,,,,,,,,,,,,,,,,,,,,,,,
H,H,H,H,B1,R,B1,B1,D,,,,,,,,,,,,,,,,,,,,,,,,,,,
H,S,B2,D,,,,,,,,,,,,,,,,,,,,,,,,,,,,,,,,
H,B1,R,S,B2,B2,D,,,,,,,,,,,,,,,,,,,,,,,,,,,,,
H,A,,,,,,,,,,,,,,,,,,,,,,,,,,,,,,,,,,
H,H,B1,B2,D,,,,,,,,,,,,,,,,,,,,,,,,,,,,,,,
H,S,B1,B1,B1,B2,D,,,,,,,,,,,,,,,,,,,,,,,,,,,,,
H,A,,,,,,,,,,,,,,,,,,,,,,,,,,,,,,,,,,
H,H,S,S,S,S,B1,B2,D,,,,,,,,,,,,,,,,,,,,,,,,,,,
H,S,H,S,S,S,B1,B2,D,,,,,,,,,,,,,,,,,,,,,,,,,,,
H,S,S,B1,B1,B1,B1,B2,D,,,,,,,,,,,,,,,,,,,,,,,,,,,
H,A,,,,,,,,,,,,,,,,,,,,,,,,,,,,,,,,,,
H,B1,D,,,,,,,,,,,,,,,,,,,,,,,,,,,,,,,,,
H,S,S,S,B1,R,H,S,S,B1,B1,B2,D,,,,,,,,,,,,,,,,,,,,,,,
H,H,A,,,,,,,,,,,,,,,,,,,,,,,,,,,,,,,,,
H,H,H,H,H,H,A,,,,,,,,,,,,,,,,,,,,,,,,,,,,,
H,S,B2,D,,,,,,,,,,,,,,,,,,,,,,,,,,,,,,,,
H,B1,B2,D,,,,,,,,,,,,,,,,,,,,,,,,,,,,,,,,
H,H,A,,,,,,,,,,,,,,,,,,,,,,,,,,,,,,,,,
H,H,H,H,S,H,S,H,H,B1,B2,B2,D,,,,,,,,,,,,,,,,,,,,,,,
H,S,S,S,B1,B1,B2,D,,,,,,,,,,,,,,,,,,,,,,,,,,,,
H,S,B2,D,,,,,,,,,,,,,,,,,,,,,,,,,,,,,,,,
H,S,B2,D,,,,,,,,,,,,,,,,,,,,,,,,,,,,,,,,
H,S,B2,B2,D,,,,,,,,,,,,,,,,,,,,,,,,,,,,,,,
H,S,B2,D,,,,,,,,,,,,,,,,,,,,,,,,,,,,,,,,
H,B1,D,,,,,,,,,,,,,,,,,,,,,,,,,,,,,,,,,
H,S,H,H,S,S,S,S,B2,D,,,,,,,,,,,,,,,,,,,,,,,,,,
H,B1,D,,,,,,,,,,,,,,,,,,,,,,,,,,,,,,,,,
H,H,H,S,B1,B1,B1,B1,B1,B1,B1,B2,D,,,,,,,,,,,,,,,,,,,,,,,
H,S,B2,D,,,,,,,,,,,,,,,,,,,,,,,,,,,,,,,,
H,S,S,S,B1,D,,,,,,,,,,,,,,,,,,,,,,,,,,,,,,
H,H,H,S,S,H,B1,B2,D,,,,,,,,,,,,,,,,,,,,,,,,,,,
H,A,,,,,,,,,,,,,,,,,,,,,,,,,,,,,,,,,,
H,H,A,,,,,,,,,,,,,,,,,,,,,,,,,,,,,,,,,
H,S,B1,B1,B2,D,,,,,,,,,,,,,,,,,,,,,,,,,,,,,,
H,A,,,,,,,,,,,,,,,,,,,,,,,,,,,,,,,,,,
H,S,B1,D,,,,,,,,,,,,,,,,,,,,,,,,,,,,,,,,
H,A,,,,,,,,,,,,,,,,,,,,,,,,,,,,,,,,,,
H,S,S,S,S,S,S,H,H,H,A,,,,,,,,,,,,,,,,,,,,,,,,,
H,H,H,B1,B1,B2,B2,B2,D,,,,,,,,,,,,,,,,,,,,,,,,,,,
H,H,B1,R,R,H,S,H,H,S,B1,B1,B1,D,,,,,,,,,,,,,,,,,,,,,,
H,H,A,,,,,,,,,,,,,,,,,,,,,,,,,,,,,,,,,
H,B1,B2,D,,,,,,,,,,,,,,,,,,,,,,,,,,,,,,,,
H,H,S,S,B2,D,,,,,,,,,,,,,,,,,,,,,,,,,,,,,,
H,H,S,B1,B1,B2,D,,,,,,,,,,,,,,,,,,,,,,,,,,,,,
H,S,S,H,S,S,S,B1,B1,B1,B2,B2,D,,,,,,,,,,,,,,,,,,,,,,,
H,H,S,S,S,B1,B2,D,,,,,,,,,,,,,,,,,,,,,,,,,,,,
H,S,S,B1,B2,D,,,,,,,,,,,,,,,,,,,,,,,,,,,,,,
H,S,B2,D,,,,,,,,,,,,,,,,,,,,,,,,,,,,,,,,
H,S,H,H,H,B1,B2,D,,,,,,,,,,,,,,,,,,,,,,,,,,,,
H,H,H,A,,,,,,,,,,,,,,,,,,,,,,,,,,,,,,,,
H,H,H,S,B1,R,H,H,H,A,,,,,,,,,,,,,,,,,,,,,,,,,,
H,H,B1,B2,D,,,,,,,,,,,,,,,,,,,,,,,,,,,,,,,
H,A,,,,,,,,,,,,,,,,,,,,,,,,,,,,,,,,,,
H,S,S,B2,D,,,,,,,,,,,,,,,,,,,,,,,,,,,,,,,
H,S,B1,B1,D,,,,,,,,,,,,,,,,,,,,,,,,,,,,,,,
H,H,S,H,H,S,S,S,S,B1,B2,B2,D,,,,,,,,,,,,,,,,,,,,,,,
H,H,H,H,H,H,A,,,,,,,,,,,,,,,,,,,,,,,,,,,,,
H,B1,B1,B1,B1,B2,D,,,,,,,,,,,,,,,,,,,,,,,,,,,,,
H,H,H,H,S,H,H,H,S,B1,B2,B2,D,,,,,,,,,,,,,,,,,,,,,,,
H,S,H,H,H,S,S,S,S,S,B2,D,,,,,,,,,,,,,,,,,,,,,,,,
H,A,,,,,,,,,,,,,,,,,,,,,,,,,,,,,,,,,,
H,H,S,S,H,S,H,H,B1,B2,D,,,,,,,,,,,,,,,,,,,,,,,,,
H,H,H,S,B1,B2,D,,,,,,,,,,,,,,,,,,,,,,,,,,,,,
H,A,,,,,,,,,,,,,,,,,,,,,,,,,,,,,,,,,,
H,H,A,,,,,,,,,,,,,,,,,,,,,,,,,,,,,,,,,
H,H,S,B1,B1,B2,B2,D,,,,,,,,,,,,,,,,,,,,,,,,,,,,
H,A,,,,,,,,,,,,,,,,,,,,,,,,,,,,,,,,,,
H,H,B1,B1,B1,D,,,,,,,,,,,,,,,,,,,,,,,,,,,,,,
H,H,A,,,,,,,,,,,,,,,,,,,,,,,,,,,,,,,,,
H,H,S,B1,R,R,R,S,B2,D,,,,,,,,,,,,,,,,,,,,,,,,,,
H,S,S,B1,B2,D,,,,,,,,,,,,,,,,,,,,,,,,,,,,,,
H,A,,,,,,,,,,,,,,,,,,,,,,,,,,,,,,,,,,
H,H,A,,,,,,,,,,,,,,,,,,,,,,,,,,,,,,,,,
H,S,B2,D,,,,,,,,,,,,,,,,,,,,,,,,,,,,,,,,
H,A,,,,,,,,,,,,,,,,,,,,,,,,,,,,,,,,,,
H,H,H,S,B1,B1,B2,D,,,,,,,,,,,,,,,,,,,,,,,,,,,,
H,H,H,H,B1,R,R,S,H,H,S,B1,D,,,,,,,,,,,,,,,,,,,,,,,
H,H,S,S,H,H,S,B2,D,,,,,,,,,,,,,,,,,,,,,,,,,,,
H,A,,,,,,,,,,,,,,,,,,,,,,,,,,,,,,,,,,
H,S,B1,D,,,,,,,,,,,,,,,,,,,,,,,,,,,,,,,,
H,S,S,S,S,B1,B1,D,,,,,,,,,,,,,,,,,,,,,,,,,,,,
H,A,,,,,,,,,,,,,,,,,,,,,,,,,,,,,,,,,,
H,S,S,S,H,S,H,H,B1,B1,B2,D,,,,,,,,,,,,,,,,,,,,,,,,
H,H,H,H,B1,B1,B2,D,,,,,,,,,,,,,,,,,,,,,,,,,,,,
H,S,B1,D,,,,,,,,,,,,,,,,,,,,,,,,,,,,,,,,
H,S,S,B1,B2,D,,,,,,,,,,,,,,,,,,,,,,,,,,,,,,
H,H,H,H,H,H,B1,D,,,,,,,,,,,,,,,,,,,,,,,,,,,,
H,S,B1,B1,D,,,,,,,,,,,,,,,,,,,,,,,,,,,,,,,
H,S,H,H,H,H,H,H,H,H,A,,,,,,,,,,,,,,,,,,,,,,,,,
H,H,S,H,H,H,S,H,B1,B1,B2,D,,,,,,,,,,,,,,,,,,,,,,,,
H,S,S,S,S,S,S,B1,B2,B2,D,,,,,,,,,,,,,,,,,,,,,,,,,
H,H,H,S,S,B1,B1,D,,,,,,,,,,,,,,,,,,,,,,,,,,,,
H,H,H,S,B1,B2,D,,,,,,,,,,,,,,,,,,,,,,,,,,,,,
H,B1,R,H,B1,R,R,R,R,S,H,H,H,H,S,S,B1,R,S,B2,B2,D,,,,,,,,,,,,,,
H,B1,B1,B1,B1,R,R,S,S,H,H,A,,,,,,,,,,,,,,,,,,,,,,,,
H,S,B1,B2,D,,,,,,,,,,,,,,,,,,,,,,,,,,,,,,,
H,H,B1,B1,R,S,H,S,S,B1,B2,D,,,,,,,,,,,,,,,,,,,,,,,,
H,H,H,H,S,B1,B2,D,,,,,,,,,,,,,,,,,,,,,,,,,,,,
H,S,B2,B2,B2,D,,,,,,,,,,,,,,,,,,,,,,,,,,,,,,
H,H,S,S,S,B1,D,,,,,,,,,,,,,,,,,,,,,,,,,,,,,
H,B1,B1,B1,B1,B1,B2,D,,,,,,,,,,,,,,,,,,,,,,,,,,,,
H,H,S,B1,B1,B2,D,,,,,,,,,,,,,,,,,,,,,,,,,,,,,
H,S,S,S,S,H,B1,B1,B1,B1,R,H,H,S,S,S,S,B1,D,,,,,,,,,,,,,,,,,
H,H,H,H,S,S,B1,B2,D,,,,,,,,,,,,,,,,,,,,,,,,,,,
H,B1,R,S,S,S,S,B1,B1,B2,D,,,,,,,,,,,,,,,,,,,,,,,,,
H,S,S,S,S,B1,B2,D,,,,,,,,,,,,,,,,,,,,,,,,,,,,
H,H,S,S,B2,D,,,,,,,,,,,,,,,,,,,,,,,,,,,,,,
H,H,S,S,B1,B1,D,,,,,,,,,,,,,,,,,,,,,,,,,,,,,
H,S,B1,B1,B1,B2,D,,,,,,,,,,,,,,,,,,,,,,,,,,,,,
H,H,H,H,S,S,S,S,S,H,A,,,,,,,,,,,,,,,,,,,,,,,,,
H,H,H,H,B1,B2,D,,,,,,,,,,,,,,,,,,,,,,,,,,,,,
H,S,B2,B2,D,,,,,,,,,,,,,,,,,,,,,,,,,,,,,,,
H,A,,,,,,,,,,,,,,,,,,,,,,,,,,,,,,,,,,
H,H,S,H,H,A,,,,,,,,,,,,,,,,,,,,,,,,,,,,,,
H,H,S,B1,B1,B2,D,,,,,,,,,,,,,,,,,,,,,,,,,,,,,
H,S,B1,B2,B2,D,,,,,,,,,,,,,,,,,,,,,,,,,,,,,,
H,S,S,S,B2,D,,,,,,,,,,,,,,,,,,,,,,,,,,,,,,
H,H,H,S,B2,D,,,,,,,,,,,,,,,,,,,,,,,,,,,,,,
H,H,S,B1,B2,R,R,S,H,S,B2,D,,,,,,,,,,,,,,,,,,,,,,,,
H,A,,,,,,,,,,,,,,,,,,,,,,,,,,,,,,,,,,
H,B1,R,R,R,B1,B2,D,,,,,,,,,,,,,,,,,,,,,,,,,,,,
H,H,S,B2,D,,,,,,,,,,,,,,,,,,,,,,,,,,,,,,,
H,B1,R,B1,B1,B2,D,,,,,,,,,,,,,,,,,,,,,,,,,,,,,
H,H,H,A,,,,,,,,,,,,,,,,,,,,,,,,,,,,,,,,
H,B1,D,,,,,,,,,,,,,,,,,,,,,,,,,,,,,,,,,
H,S,B2,D,,,,,,,,,,,,,,,,,,,,,,,,,,,,,,,,
H,B1,B2,R,R,R,H,H,H,H,H,H,H,A,,,,,,,,,,,,,,,,,,,,,,
H,A,,,,,,,,,,,,,,,,,,,,,,,,,,,,,,,,,,
H,S,S,B1,B2,D,,,,,,,,,,,,,,,,,,,,,,,,,,,,,,
H,S,B1,D,,,,,,,,,,,,,,,,,,,,,,,,,,,,,,,,
H,S,B1,B1,B2,D,,,,,,,,,,,,,,,,,,,,,,,,,,,,,,
H,H,S,B1,B2,D,,,,,,,,,,,,,,,,,,,,,,,,,,,,,,
H,H,H,H,H,H,S,H,H,S,S,S,H,H,S,B1,B2,B2,D,,,,,,,,,,,,,,,,,
H,H,H,H,S,B1,B2,D,,,,,,,,,,,,,,,,,,,,,,,,,,,,
H,H,H,S,B1,R,H,S,S,B1,B2,D,,,,,,,,,,,,,,,,,,,,,,,,
H,H,S,S,H,H,S,H,H,A,,,,,,,,,,,,,,,,,,,,,,,,,,
H,H,S,B1,R,R,R,R,R,R,R,R,H,H,H,H,H,H,A,,,,,,,,,,,,,,,,,
H,S,B2,D,,,,,,,,,,,,,,,,,,,,,,,,,,,,,,,,
H,A,,,,,,,,,,,,,,,,,,,,,,,,,,,,,,,,,,
H,H,S,S,H,S,B1,B2,D,,,,,,,,,,,,,,,,,,,,,,,,,,,
H,S,S,B1,B2,B2,D,,,,,,,,,,,,,,,,,,,,,,,,,,,,,
H,S,S,B1,R,H,A,,,,,,,,,,,,,,,,,,,,,,,,,,,,,
H,A,,,,,,,,,,,,,,,,,,,,,,,,,,,,,,,,,,
H,S,S,B1,B1,B2,D,,,,,,,,,,,,,,,,,,,,,,,,,,,,,
H,S,S,B1,D,,,,,,,,,,,,,,,,,,,,,,,,,,,,,,,
H,H,H,S,B1,B1,B2,B2,R,S,B1,B2,D,,,,,,,,,,,,,,,,,,,,,,,
H,B1,B1,B2,D,,,,,,,,,,,,,,,,,,,,,,,,,,,,,,,
H,H,H,A,,,,,,,,,,,,,,,,,,,,,,,,,,,,,,,,
H,S,S,S,B1,R,S,S,S,S,B2,D,,,,,,,,,,,,,,,,,,,,,,,,
H,H,S,B1,B2,D,,,,,,,,,,,,,,,,,,,,,,,,,,,,,,
H,H,H,H,H,H,B1,B1,D,,,,,,,,,,,,,,,,,,,,,,,,,,,
H,H,H,H,H,A,,,,,,,,,,,,,,,,,,,,,,,,,,,,,,
H,H,S,B2,D,,,,,,,,,,,,,,,,,,,,,,,,,,,,,,,
H,A,,,,,,,,,,,,,,,,,,,,,,,,,,,,,,,,,,
H,B1,B1,R,R,R,R,R,S,B1,B2,D,,,,,,,,,,,,,,,,,,,,,,,,
H,S,S,H,S,S,S,H,H,B1,B2,B2,D,,,,,,,,,,,,,,,,,,,,,,,
H,H,H,H,A,,,,,,,,,,,,,,,,,,,,,,,,,,,,,,,
H,H,H,H,A,,,,,,,,,,,,,,,,,,,,,,,,,,,,,,,
H,H,S,S,B1,B2,D,,,,,,,,,,,,,,,,,,,,,,,,,,,,,
H,A,,,,,,,,,,,,,,,,,,,,,,,,,,,,,,,,,,
H,B1,R,R,H,S,B1,B2,D,,,,,,,,,,,,,,,,,,,,,,,,,,,
H,H,H,B1,B2,B2,D,,,,,,,,,,,,,,,,,,,,,,,,,,,,,
H,B1,B1,B1,B1,D,,,,,,,,,,,,,,,,,,,,,,,,,,,,,,
H,A,,,,,,,,,,,,,,,,,,,,,,,,,,,,,,,,,,
H,H,H,A,,,,,,,,,,,,,,,,,,,,,,,,,,,,,,,,
H,H,H,A,,,,,,,,,,,,,,,,,,,,,,,,,,,,,,,,
H,S,B2,D,,,,,,,,,,,,,,,,,,,,,,,,,,,,,,,,
H,S,H,S,S,B1,B2,D,,,,,,,,,,,,,,,,,,,,,,,,,,,,
H,H,H,H,H,H,H,B1,B1,R,H,H,S,S,S,S,S,B1,B2,D,,,,,,,,,,,,,,,,
H,B1,B2,D,,,,,,,,,,,,,,,,,,,,,,,,,,,,,,,,
H,B1,D,,,,,,,,,,,,,,,,,,,,,,,,,,,,,,,,,
H,S,S,B2,R,H,H,S,B2,D,,,,,,,,,,,,,,,,,,,,,,,,,,
H,A,,,,,,,,,,,,,,,,,,,,,,,,,,,,,,,,,,
H,S,S,S,S,B1,R,R,R,B1,B1,B1,B1,B1,B2,D,,,,,,,,,,,,,,,,,,,,
H,S,S,S,S,S,B2,B2,D,,,,,,,,,,,,,,,,,,,,,,,,,,,
H,H,S,H,H,H,S,S,S,S,S,B2,D,,,,,,,,,,,,,,,,,,,,,,,
H,S,S,H,A,,,,,,,,,,,,,,,,,,,,,,,,,,,,,,,
H,S,B2,B2,D,,,,,,,,,,,,,,,,,,,,,,,,,,,,,,,
H,A,,,,,,,,,,,,,,,,,,,,,,,,,,,,,,,,,,
H,B1,B1,B1,B1,D,,,,,,,,,,,,,,,,,,,,,,,,,,,,,,
H,H,H,S,S,B1,D,,,,,,,,,,,,,,,,,,,,,,,,,,,,,
H,S,B2,D,,,,,,,,,,,,,,,,,,,,,,,,,,,,,,,,
H,H,A,,,,,,,,,,,,,,,,,,,,,,,,,,,,,,,,,
H,H,H,S,S,H,H,B1,R,S,S,S,S,S,H,H,H,S,B1,B2,B2,D,,,,,,,,,,,,,,
H,S,H,H,S,B1,B1,B2,D,,,,,,,,,,,,,,,,,,,,,,,,,,,
H,A,,,,,,,,,,,,,,,,,,,,,,,,,,,,,,,,,,
H,S,B1,B1,B2,D,,,,,,,,,,,,,,,,,,,,,,,,,,,,,,
H,H,H,S,B1,B1,B2,R,H,S,S,S,S,B1,B2,D,,,,,,,,,,,,,,,,,,,,
H,H,S,S,S,S,S,S,S,H,H,S,B1,B1,B2,B2,D,,,,,,,,,,,,,,,,,,,
H,S,B1,B1,B1,R,H,H,S,S,S,B1,B1,B2,R,R,R,S,B1,R,H,S,B2,D,,,,,,,,,,,,
H,H,H,H,H,S,H,H,H,H,S,B1,B1,B1,B1,B2,B2,D,,,,,,,,,,,,,,,,,,
H,H,A,,,,,,,,,,,,,,,,,,,,,,,,,,,,,,,,,
H,H,S,B1,B2,D,,,,,,,,,,,,,,,,,,,,,,,,,,,,,,
H,H,S,H,A,,,,,,,,,,,,,,,,,,,,,,,,,,,,,,,
H,A,,,,,,,,,,,,,,,,,,,,,,,,,,,,,,,,,,
H,H,H,A,,,,,,,,,,,,,,,,,,,,,,,,,,,,,,,,
H,B1,B1,B1,B1,B1,B1,B2,D,,,,,,,,,,,,,,,,,,,,,,,,,,,
H,A,,,,,,,,,,,,,,,,,,,,,,,,,,,,,,,,,,
H,S,S,S,S,B1,B1,B1,R,H,S,S,B1,B2,B2,D,,,,,,,,,,,,,,,,,,,,
H,S,B1,B2,D,,,,,,,,,,,,,,,,,,,,,,,,,,,,,,,
H,S,B1,B2,D,,,,,,,,,,,,,,,,,,,,,,,,,,,,,,,
H,S,H,H,H,A,,,,,,,,,,,,,,,,,,,,,,,,,,,,,,
H,S,B2,B2,D,,,,,,,,,,,,,,,,,,,,,,,,,,,,,,,
H,H,S,B1,D,,,,,,,,,,,,,,,,,,,,,,,,,,,,,,,
H,H,H,H,H,A,,,,,,,,,,,,,,,,,,,,,,,,,,,,,,
H,S,S,S,H,H,S,S,B1,B2,R,B1,B2,D,,,,,,,,,,,,,,,,,,,,,,
H,S,B2,D,,,,,,,,,,,,,,,,,,,,,,,,,,,,,,,,
H,A,,,,,,,,,,,,,,,,,,,,,,,,,,,,,,,,,,
H,S,S,B1,R,H,H,S,B2,D,,,,,,,,,,,,,,,,,,,,,,,,,,
H,H,H,H,H,H,S,S,H,H,B1,B2,D,,,,,,,,,,,,,,,,,,,,,,,
H,S,S,H,S,S,B1,R,R,H,B1,B2,D,,,,,,,,,,,,,,,,,,,,,,,
H,S,B1,B1,B2,D,,,,,,,,,,,,,,,,,,,,,,,,,,,,,,
H,H,H,H,H,H,B1,B1,B2,D,,,,,,,,,,,,,,,,,,,,,,,,,,
H,S,H,H,H,A,,,,,,,,,,,,,,,,,,,,,,,,,,,,,,
H,S,H,B1,B2,D,,,,,,,,,,,,,,,,,,,,,,,,,,,,,,
H,H,B1,B2,D,,,,,,,,,,,,,,,,,,,,,,,,,,,,,,,
H,H,B1,B1,B1,D,,,,,,,,,,,,,,,,,,,,,,,,,,,,,,
H,H,H,H,B1,B1,B2,D,,,,,,,,,,,,,,,,,,,,,,,,,,,,
H,H,B1,B2,D,,,,,,,,,,,,,,,,,,,,,,,,,,,,,,,
H,H,S,S,H,A,,,,,,,,,,,,,,,,,,,,,,,,,,,,,,
H,B1,B2,D,,,,,,,,,,,,,,,,,,,,,,,,,,,,,,,,
H,H,S,S,S,S,B1,B1,B2,D,,,,,,,,,,,,,,,,,,,,,,,,,,
H,H,S,S,S,S,B1,D,,,,,,,,,,,,,,,,,,,,,,,,,,,,
H,H,H,H,S,S,B1,B1,R,B1,D,,,,,,,,,,,,,,,,,,,,,,,,,
H,H,S,B1,B2,B2,D,,,,,,,,,,,,,,,,,,,,,,,,,,,,,
H,H,H,H,S,B1,B2,D,,,,,,,,,,,,,,,,,,,,,,,,,,,,
H,S,S,B2,D,,,,,,,,,,,,,,,,,,,,,,,,,,,,,,,
H,H,H,A,,,,,,,,,,,,,,,,,,,,,,,,,,,,,,,,
H,A,,,,,,,,,,,,,,,,,,,,,,,,,,,,,,,,,,
H,H,H,H,S,B1,B2,D,,,,,,,,,,,,,,,,,,,,,,,,,,,,
H,S,S,H,H,H,A,,,,,,,,,,,,,,,,,,,,,,,,,,,,,
H,H,H,S,B2,D,,,,,,,,,,,,,,,,,,,,,,,,,,,,,,
H,A,,,,,,,,,,,,,,,,,,,,,,,,,,,,,,,,,,
H,H,S,B1,B1,B2,D,,,,,,,,,,,,,,,,,,,,,,,,,,,,,
H,S,H,S,S,H,H,H,H,H,H,H,B1,B2,D,,,,,,,,,,,,,,,,,,,,,
H,S,H,H,B1,B1,B1,B1,B2,D,,,,,,,,,,,,,,,,,,,,,,,,,,
H,H,H,S,S,B1,B2,D,,,,,,,,,,,,,,,,,,,,,,,,,,,,
H,H,S,H,H,S,H,H,H,H,H,A,,,,,,,,,,,,,,,,,,,,,,,,
H,B1,B2,B2,B2,D,,,,,,,,,,,,,,,,,,,,,,,,,,,,,,
H,B1,B1,B1,R,B1,D,,,,,,,,,,,,,,,,,,,,,,,,,,,,,
H,H,S,S,B2,D,,,,,,,,,,,,,,,,,,,,,,,,,,,,,,
H,H,H,B1,B2,D,,,,,,,,,,,,,,,,,,,,,,,,,,,,,,
H,S,H,H,H,S,B1,R,R,S,B1,B1,B1,B1,B2,D,,,,,,,,,,,,,,,,,,,,
H,H,S,S,S,S,H,H,H,H,S,B1,B1,B2,D,,,,,,,,,,,,,,,,,,,,,
H,H,H,S,B1,B2,D,,,,,,,,,,,,,,,,,,,,,,,,,,,,,
H,H,H,H,S,B1,B1,B1,B1,B1,B1,B2,D,,,,,,,,,,,,,,,,,,,,,,,
H,H,H,H,H,H,S,H,A,,,,,,,,,,,,,,,,,,,,,,,,,,,
H,S,S,B1,B2,D,,,,,,,,,,,,,,,,,,,,,,,,,,,,,,
H,S,B1,B2,B2,D,,,,,,,,,,,,,,,,,,,,,,,,,,,,,,
H,S,B1,D,,,,,,,,,,,,,,,,,,,,,,,,,,,,,,,,
H,H,H,S,B1,B2,D,,,,,,,,,,,,,,,,,,,,,,,,,,,,,
H,H,S,B1,B1,B2,D,,,,,,,,,,,,,,,,,,,,,,,,,,,,,
H,H,H,H,S,S,S,S,S,B1,R,S,B1,B2,D,,,,,,,,,,,,,,,,,,,,,
H,H,B1,B2,D,,,,,,,,,,,,,,,,,,,,,,,,,,,,,,,
H,H,B1,B2,D,,,,,,,,,,,,,,,,,,,,,,,,,,,,,,,
H,A,,,,,,,,,,,,,,,,,,,,,,,,,,,,,,,,,,
H,H,B1,B1,B1,B1,B1,B2,D,,,,,,,,,,,,,,,,,,,,,,,,,,,
H,S,B2,D,,,,,,,,,,,,,,,,,,,,,,,,,,,,,,,,
H,H,A,,,,,,,,,,,,,,,,,,,,,,,,,,,,,,,,,
H,B1,D,,,,,,,,,,,,,,,,,,,,,,,,,,,,,,,,,
H,S,S,B1,R,H,H,H,H,B1,B2,D,,,,,,,,,,,,,,,,,,,,,,,,
H,S,S,S,S,S,S,H,S,B1,R,H,S,B1,B2,D,,,,,,,,,,,,,,,,,,,,
H,A,,,,,,,,,,,,,,,,,,,,,,,,,,,,,,,,,,
H,B1,D,,,,,,,,,,,,,,,,,,,,,,,,,,,,,,,,,
H,H,H,S,S,S,S,S,S,H,A,,,,,,,,,,,,,,,,,,,,,,,,,
H,H,H,H,S,S,B1,B1,B1,B1,B2,D,,,,,,,,,,,,,,,,,,,,,,,,
H,H,H,A,,,,,,,,,,,,,,,,,,,,,,,,,,,,,,,,
H,H,H,A,,,,,,,,,,,,,,,,,,,,,,,,,,,,,,,,
H,S,S,H,B1,D,,,,,,,,,,,,,,,,,,,,,,,,,,,,,,
H,H,S,S,S,B1,B1,B2,D,,,,,,,,,,,,,,,,,,,,,,,,,,,
H,H,S,H,S,S,B1,B1,B2,D,,,,,,,,,,,,,,,,,,,,,,,,,,
H,A,,,,,,,,,,,,,,,,,,,,,,,,,,,,,,,,,,
H,H,H,S,S,B1,B2,B2,D,,,,,,,,,,,,,,,,,,,,,,,,,,,
H,H,H,S,B1,B2,D,,,,,,,,,,,,,,,,,,,,,,,,,,,,,
H,S,S,S,B1,B1,R,R,H,A,,,,,,,,,,,,,,,,,,,,,,,,,,
H,H,A,,,,,,,,,,,,,,,,,,,,,,,,,,,,,,,,,
H,S,H,H,S,S,B1,D,,,,,,,,,,,,,,,,,,,,,,,,,,,,
H,B1,B1,B1,R,R,H,S,B1,B2,D,,,,,,,,,,,,,,,,,,,,,,,,,
H,B1,B2,R,R,R,R,H,A,,,,,,,,,,,,,,,,,,,,,,,,,,,
H,H,B1,B2,B2,D,,,,,,,,,,,,,,,,,,,,,,,,,,,,,,
H,H,H,H,H,H,H,H,H,H,S,S,H,H,H,H,H,S,B1,D,,,,,,,,,,,,,,,,
H,S,S,S,B1,B1,B2,D,,,,,,,,,,,,,,,,,,,,,,,,,,,,
H,S,B2,D,,,,,,,,,,,,,,,,,,,,,,,,,,,,,,,,
H,H,H,B1,B2,D,,,,,,,,,,,,,,,,,,,,,,,,,,,,,,
H,S,B1,D,,,,,,,,,,,,,,,,,,,,,,,,,,,,,,,,
H,S,S,S,B1,B2,D,,,,,,,,,,,,,,,,,,,,,,,,,,,,,
H,A,,,,,,,,,,,,,,,,,,,,,,,,,,,,,,,,,,
H,S,B2,D,,,,,,,,,,,,,,,,,,,,,,,,,,,,,,,,
H,H,S,S,B1,B2,D,,,,,,,,,,,,,,,,,,,,,,,,,,,,,
H,S,S,B1,B1,B2,B2,D,,,,,,,,,,,,,,,,,,,,,,,,,,,,
H,S,H,H,S,B1,B1,B2,B2,D,,,,,,,,,,,,,,,,,,,,,,,,,,
H,H,H,A,,,,,,,,,,,,,,,,,,,,,,,,,,,,,,,,
H,A,,,,,,,,,,,,,,,,,,,,,,,,,,,,,,,,,,
H,S,H,S,B1,B2,R,B1,R,H,S,B1,B2,D,,,,,,,,,,,,,,,,,,,,,,
H,S,H,H,S,H,S,B1,B1,B2,D,,,,,,,,,,,,,,,,,,,,,,,,,
H,H,H,A,,,,,,,,,,,,,,,,,,,,,,,,,,,,,,,,
H,S,H,H,H,H,S,B1,B1,B2,B2,B2,D,,,,,,,,,,,,,,,,,,,,,,,
H,S,B1,B2,D,,,,,,,,,,,,,,,,,,,,,,,,,,,,,,,
H,H,H,H,S,S,H,S,H,H,H,H,S,S,S,S,B1,B2,D,,,,,,,,,,,,,,,,,
H,H,H,A,,,,,,,,,,,,,,,,,,,,,,,,,,,,,,,,
H,S,S,S,S,B1,B1,B1,R,H,A,,,,,,,,,,,,,,,,,,,,,,,,,
H,A,,,,,,,,,,,,,,,,,,,,,,,,,,,,,,,,,,
H,S,S,S,B1,B2,D,,,,,,,,,,,,,,,,,,,,,,,,,,,,,
H,S,B1,B2,D,,,,,,,,,,,,,,,,,,,,,,,,,,,,,,,
H,S,S,S,B1,B1,B2,D,,,,,,,,,,,,,,,,,,,,,,,,,,,,
H,A,,,,,,,,,,,,,,,,,,,,,,,,,,,,,,,,,,
H,H,B1,D,,,,,,,,,,,,,,,,,,,,,,,,,,,,,,,,
H,A,,,,,,,,,,,,,,,,,,,,,,,,,,,,,,,,,,
H,S,S,B1,B2,D,,,,,,,,,,,,,,,,,,,,,,,,,,,,,,
H,A,,,,,,,,,,,,,,,,,,,,,,,,,,,,,,,,,,
H,H,S,S,B1,B1,B2,D,,,,,,,,,,,,,,,,,,,,,,,,,,,,
H,H,H,S,S,H,S,B2,B2,D,,,,,,,,,,,,,,,,,,,,,,,,,,
H,S,H,H,H,S,H,B1,B2,D,,,,,,,,,,,,,,,,,,,,,,,,,,
H,S,B2,D,,,,,,,,,,,,,,,,,,,,,,,,,,,,,,,,
H,H,S,H,H,H,H,H,B1,D,,,,,,,,,,,,,,,,,,,,,,,,,,
H,H,H,H,H,H,H,A,,,,,,,,,,,,,,,,,,,,,,,,,,,,
H,H,S,B1,B1,B1,B1,B2,D,,,,,,,,,,,,,,,,,,,,,,,,,,,
H,H,H,H,H,H,A,,,,,,,,,,,,,,,,,,,,,,,,,,,,,
H,B1,R,R,H,H,H,H,H,A,,,,,,,,,,,,,,,,,,,,,,,,,,
H,A,,,,,,,,,,,,,,,,,,,,,,,,,,,,,,,,,,
H,B1,B2,D,,,,,,,,,,,,,,,,,,,,,,,,,,,,,,,,
H,S,S,S,B2,B2,D,,,,,,,,,,,,,,,,,,,,,,,,,,,,,
H,S,S,S,S,B1,R,R,S,S,H,A,,,,,,,,,,,,,,,,,,,,,,,,
H,H,S,S,H,S,B1,R,H,H,S,H,S,H,H,B1,R,R,R,R,B1,D,,,,,,,,,,,,,,
H,S,B1,B2,D,,,,,,,,,,,,,,,,,,,,,,,,,,,,,,,
H,H,H,H,H,H,B1,B2,R,R,B1,B2,D,,,,,,,,,,,,,,,,,,,,,,,
H,B1,B1,B1,B1,B2,D,,,,,,,,,,,,,,,,,,,,,,,,,,,,,
H,H,H,S,B1,B2,D,,,,,,,,,,,,,,,,,,,,,,,,,,,,,
H,A,,,,,,,,,,,,,,,,,,,,,,,,,,,,,,,,,,
H,S,H,S,B1,B2,D,,,,,,,,,,,,,,,,,,,,,,,,,,,,,
H,H,A,,,,,,,,,,,,,,,,,,,,,,,,,,,,,,,,,
H,S,S,B1,B2,D,,,,,,,,,,,,,,,,,,,,,,,,,,,,,,
H,S,H,S,H,S,S,S,B1,B1,B1,B2,D,,,,,,,,,,,,,,,,,,,,,,,
H,H,H,S,B1,B2,D,,,,,,,,,,,,,,,,,,,,,,,,,,,,,
H,S,H,H,H,S,S,B2,D,,,,,,,,,,,,,,,,,,,,,,,,,,,
H,S,H,B1,R,H,A,,,,,,,,,,,,,,,,,,,,,,,,,,,,,
H,S,S,S,H,H,H,H,S,B1,B1,B1,B2,D,,,,,,,,,,,,,,,,,,,,,,
H,H,S,H,H,H,H,A,,,,,,,,,,,,,,,,,,,,,,,,,,,,
H,S,S,H,H,S,H,H,H,H,S,B1,B2,D,,,,,,,,,,,,,,,,,,,,,,
H,A,,,,,,,,,,,,,,,,,,,,,,,,,,,,,,,,,,
H,H,S,B1,B1,B1,B2,B2,D,,,,,,,,,,,,,,,,,,,,,,,,,,,
H,H,H,H,S,B1,B2,D,,,,,,,,,,,,,,,,,,,,,,,,,,,,
H,B1,B1,B1,B1,B1,B2,R,H,B1,B1,R,R,S,S,S,H,A,,,,,,,,,,,,,,,,,,
H,H,S,S,S,S,B1,B2,D,,,,,,,,,,,,,,,,,,,,,,,,,,,
H,H,H,H,S,S,S,B1,B2,D,,,,,,,,,,,,,,,,,,,,,,,,,,
H,H,B1,B2,B2,D,,,,,,,,,,,,,,,,,,,,,,,,,,,,,,
H,H,B1,D,,,,,,,,,,,,,,,,,,,,,,,,,,,,,,,,
H,S,B1,B1,B2,D,,,,,,,,,,,,,,,,,,,,,,,,,,,,,,
H,H,S,B1,B1,B1,B2,D,,,,,,,,,,,,,,,,,,,,,,,,,,,,
H,B1,B2,D,,,,,,,,,,,,,,,,,,,,,,,,,,,,,,,,
H,S,H,S,H,H,H,H,H,H,H,H,H,S,B1,R,S,B1,B1,B1,B2,D,,,,,,,,,,,,,,
H,B1,B2,R,R,R,R,R,H,H,H,H,H,H,A,,,,,,,,,,,,,,,,,,,,,
H,B1,R,R,B1,B1,B1,R,R,R,S,H,H,H,H,A,,,,,,,,,,,,,,,,,,,,
H,S,B1,B1,B1,B1,B1,B2,D,,,,,,,,,,,,,,,,,,,,,,,,,,,
H,S,B1,B2,D,,,,,,,,,,,,,,,,,,,,,,,,,,,,,,,
H,H,B1,B1,B1,B1,B1,B2,D,,,,,,,,,,,,,,,,,,,,,,,,,,,
H,S,S,S,B1,R,R,B1,B2,D,,,,,,,,,,,,,,,,,,,,,,,,,,
H,H,H,S,B1,B2,D,,,,,,,,,,,,,,,,,,,,,,,,,,,,,
H,H,H,H,A,,,,,,,,,,,,,,,,,,,,,,,,,,,,,,,
H,S,S,H,H,H,H,S,S,B1,D,,,,,,,,,,,,,,,,,,,,,,,,,
H,S,B1,R,R,H,B1,D,,,,,,,,,,,,,,,,,,,,,,,,,,,,
H,H,H,A,,,,,,,,,,,,,,,,,,,,,,,,,,,,,,,,
H,S,B2,D,,,,,,,,,,,,,,,,,,,,,,,,,,,,,,,,
H,H,H,S,B2,D,,,,,,,,,,,,,,,,,,,,,,,,,,,,,,
H,H,B1,B2,D,,,,,,,,,,,,,,,,,,,,,,,,,,,,,,,
H,A,,,,,,,,,,,,,,,,,,,,,,,,,,,,,,,,,,
H,S,S,H,S,S,B1,B1,B1,B2,D,,,,,,,,,,,,,,,,,,,,,,,,,
H,S,S,B1,D,,,,,,,,,,,,,,,,,,,,,,,,,,,,,,,
H,H,S,S,H,H,H,A,,,,,,,,,,,,,,,,,,,,,,,,,,,,
H,H,H,B1,B1,B2,D,,,,,,,,,,,,,,,,,,,,,,,,,,,,,
H,S,S,S,B2,D,,,,,,,,,,,,,,,,,,,,,,,,,,,,,,
H,S,S,B1,B2,D,,,,,,,,,,,,,,,,,,,,,,,,,,,,,,
H,S,S,H,B1,B1,B2,D,,,,,,,,,,,,,,,,,,,,,,,,,,,,
H,H,H,A,,,,,,,,,,,,,,,,,,,,,,,,,,,,,,,,
H,S,B2,D,,,,,,,,,,,,,,,,,,,,,,,,,,,,,,,,
H,H,H,H,A,,,,,,,,,,,,,,,,,,,,,,,,,,,,,,,
H,H,B1,B1,B1,B1,D,,,,,,,,,,,,,,,,,,,,,,,,,,,,,
H,H,H,H,H,H,S,S,S,H,H,S,H,H,H,H,S,S,B1,B1,B1,B1,B2,D,,,,,,,,,,,,
H,H,S,H,A,,,,,,,,,,,,,,,,,,,,,,,,,,,,,,,
H,S,B1,B1,B1,B2,R,R,H,S,S,H,S,S,S,S,S,H,A,,,,,,,,,,,,,,,,,
H,H,B1,R,S,H,S,B1,B1,B2,D,,,,,,,,,,,,,,,,,,,,,,,,,
H,H,S,S,B1,B2,D,,,,,,,,,,,,,,,,,,,,,,,,,,,,,
H,S,B1,D,,,,,,,,,,,,,,,,,,,,,,,,,,,,,,,,
H,H,H,A,,,,,,,,,,,,,,,,,,,,,,,,,,,,,,,,
H,H,H,A,,,,,,,,,,,,,,,,,,,,,,,,,,,,,,,,
H,B1,B1,B1,B1,B2,D,,,,,,,,,,,,,,,,,,,,,,,,,,,,,
H,H,H,H,S,S,S,S,S,B2,B2,D,,,,,,,,,,,,,,,,,,,,,,,,
H,B1,R,H,A,,,,,,,,,,,,,,,,,,,,,,,,,,,,,,,
H,A,,,,,,,,,,,,,,,,,,,,,,,,,,,,,,,,,,
H,H,H,A,,,,,,,,,,,,,,,,,,,,,,,,,,,,,,,,
H,H,H,H,H,H,S,B1,R,R,H,H,S,H,H,S,S,B1,B1,D,,,,,,,,,,,,,,,,
H,S,H,S,S,B1,B2,D,,,,,,,,,,,,,,,,,,,,,,,,,,,,
H,H,H,A,,,,,,,,,,,,,,,,,,,,,,,,,,,,,,,,
H,B1,B1,R,R,S,H,H,B1,R,B1,B2,D,,,,,,,,,,,,,,,,,,,,,,,
H,H,S,S,B1,B2,D,,,,,,,,,,,,,,,,,,,,,,,,,,,,,
H,B1,B2,R,H,S,B1,R,R,H,H,H,B1,D,,,,,,,,,,,,,,,,,,,,,,
H,H,S,S,H,S,B1,B1,R,H,H,H,B1,B2,D,,,,,,,,,,,,,,,,,,,,,
H,S,S,B1,B2,D,,,,,,,,,,,,,,,,,,,,,,,,,,,,,,
H,H,S,B1,R,H,S,S,S,H,H,B1,B2,D,,,,,,,,,,,,,,,,,,,,,,
H,B1,B1,B2,D,,,,,,,,,,,,,,,,,,,,,,,,,,,,,,,
H,B1,B2,D,,,,,,,,,,,,,,,,,,,,,,,,,,,,,,,,
H,H,B1,B2,D,,,,,,,,,,,,,,,,,,,,,,,,,,,,,,,
H,H,S,S,B1,B2,D,,,,,,,,,,,,,,,,,,,,,,,,,,,,,
H,S,S,B1,B1,B2,D,,,,,,,,,,,,,,,,,,,,,,,,,,,,,
H,H,B1,R,B1,B1,B2,D,,,,,,,,,,,,,,,,,,,,,,,,,,,,
H,H,S,H,H,S,S,B2,D,,,,,,,,,,,,,,,,,,,,,,,,,,,
H,S,H,A,,,,,,,,,,,,,,,,,,,,,,,,,,,,,,,,
H,H,S,S,B1,B1,B2,D,,,,,,,,,,,,,,,,,,,,,,,,,,,,
H,H,H,H,H,H,B1,B2,D,,,,,,,,,,,,,,,,,,,,,,,,,,,
H,S,S,S,B1,R,H,H,H,H,H,S,B1,B1,B2,D,,,,,,,,,,,,,,,,,,,,
H,S,B1,R,H,H,S,S,H,H,S,S,B2,D,,,,,,,,,,,,,,,,,,,,,,
H,H,S,S,S,S,S,B1,B1,D,,,,,,,,,,,,,,,,,,,,,,,,,,
H,S,S,H,H,H,S,H,A,,,,,,,,,,,,,,,,,,,,,,,,,,,
H,H,H,H,H,S,B1,D,,,,,,,,,,,,,,,,,,,,,,,,,,,,
H,H,S,B1,D,,,,,,,,,,,,,,,,,,,,,,,,,,,,,,,
H,A,,,,,,,,,,,,,,,,,,,,,,,,,,,,,,,,,,
H,S,S,B2,D,,,,,,,,,,,,,,,,,,,,,,,,,,,,,,,
H,H,S,S,S,S,S,S,B1,B2,D,,,,,,,,,,,,,,,,,,,,,,,,,
H,H,H,H,H,H,H,S,B1,B2,D,,,,,,,,,,,,,,,,,,,,,,,,,
H,B1,D,,,,,,,,,,,,,,,,,,,,,,,,,,,,,,,,,
H,B1,B2,D,,,,,,,,,,,,,,,,,,,,,,,,,,,,,,,,
H,H,S,B1,B2,D,,,,,,,,,,,,,,,,,,,,,,,,,,,,,,
H,H,S,S,B1,R,R,R,H,A,,,,,,,,,,,,,,,,,,,,,,,,,,
H,B1,B2,D,,,,,,,,,,,,,,,,,,,,,,,,,,,,,,,,
H,H,H,H,S,S,B1,B2,D,,,,,,,,,,,,,,,,,,,,,,,,,,,
H,S,B1,B2,D,,,,,,,,,,,,,,,,,,,,,,,,,,,,,,,
H,A,,,,,,,,,,,,,,,,,,,,,,,,,,,,,,,,,,
H,A,,,,,,,,,,,,,,,,,,,,,,,,,,,,,,,,,,
H,H,A,,,,,,,,,,,,,,,,,,,,,,,,,,,,,,,,,
H,S,S,B1,B2,R,S,S,B1,B2,D,,,,,,,,,,,,,,,,,,,,,,,,,
H,A,,,,,,,,,,,,,,,,,,,,,,,,,,,,,,,,,,
H,S,B2,D,,,,,,,,,,,,,,,,,,,,,,,,,,,,,,,,
H,S,B1,B1,B1,B1,R,H,H,H,B1,D,,,,,,,,,,,,,,,,,,,,,,,,
H,H,A,,,,,,,,,,,,,,,,,,,,,,,,,,,,,,,,,
H,H,H,H,B1,D,,,,,,,,,,,,,,,,,,,,,,,,,,,,,,
H,A,,,,,,,,,,,,,,,,,,,,,,,,,,,,,,,,,,
H,S,S,B1,B2,D,,,,,,,,,,,,,,,,,,,,,,,,,,,,,,
H,S,B1,B1,B2,B2,B2,D,,,,,,,,,,,,,,,,,,,,,,,,,,,,
H,H,H,B1,B2,B2,B2,B2,D,,,,,,,,,,,,,,,,,,,,,,,,,,,
H,S,B1,B1,B2,D,,,,,,,,,,,,,,,,,,,,,,,,,,,,,,
H,H,B1,B1,B1,R,H,H,S,B1,R,H,H,H,S,S,B1,B1,B1,B2,D,,,,,,,,,,,,,,,
H,B1,D,,,,,,,,,,,,,,,,,,,,,,,,,,,,,,,,,
H,H,H,H,S,H,H,H,H,H,H,H,H,S,B1,B1,R,H,H,S,B2,D,,,,,,,,,,,,,,
H,H,S,S,S,H,S,H,S,S,H,B1,B2,D,,,,,,,,,,,,,,,,,,,,,,
H,H,S,S,B2,B2,B2,D,,,,,,,,,,,,,,,,,,,,,,,,,,,,
H,A,,,,,,,,,,,,,,,,,,,,,,,,,,,,,,,,,,
H,H,S,B1,D,,,,,,,,,,,,,,,,,,,,,,,,,,,,,,,
H,H,S,S,H,S,H,H,H,H,H,H,S,S,B1,R,H,S,B1,B2,D,,,,,,,,,,,,,,,
H,S,H,H,S,H,S,B1,R,H,A,,,,,,,,,,,,,,,,,,,,,,,,,
H,S,B1,R,H,S,S,B2,D,,,,,,,,,,,,,,,,,,,,,,,,,,,
H,H,S,B1,B1,B2,B2,D,,,,,,,,,,,,,,,,,,,,,,,,,,,,
H,H,H,H,H,H,S,B1,B1,B2,B2,D,,,,,,,,,,,,,,,,,,,,,,,,
H,H,H,S,H,B1,B2,D,,,,,,,,,,,,,,,,,,,,,,,,,,,,
H,A,,,,,,,,,,,,,,,,,,,,,,,,,,,,,,,,,,
H,B1,B1,B1,B2,D,,,,,,,,,,,,,,,,,,,,,,,,,,,,,,
H,H,S,S,B1,B1,B2,R,H,H,A,,,,,,,,,,,,,,,,,,,,,,,,,
H,B1,B2,D,,,,,,,,,,,,,,,,,,,,,,,,,,,,,,,,
H,S,H,H,H,H,H,H,S,B1,B1,B1,R,H,H,H,B1,R,R,H,S,S,S,S,B1,B1,B1,R,R,R,S,B1,B2,D,,
H,H,H,H,H,H,S,H,B1,B1,B2,D,,,,,,,,,,,,,,,,,,,,,,,,
H,H,H,H,B1,D,,,,,,,,,,,,,,,,,,,,,,,,,,,,,,
H,S,B1,B1,R,R,B1,R,B1,B1,R,B1,B2,D,,,,,,,,,,,,,,,,,,,,,,
H,B1,B2,D,,,,,,,,,,,,,,,,,,,,,,,,,,,,,,,,
H,H,A,,,,,,,,,,,,,,,,,,,,,,,,,,,,,,,,,
H,S,S,B1,D,,,,,,,,,,,,,,,,,,,,,,,,,,,,,,,
H,A,,,,,,,,,,,,,,,,,,,,,,,,,,,,,,,,,,
H,H,H,H,H,H,B1,R,S,B1,B2,D,,,,,,,,,,,,,,,,,,,,,,,,
H,S,S,B1,B2,D,,,,,,,,,,,,,,,,,,,,,,,,,,,,,,
H,H,H,S,S,S,S,B1,B1,B2,D,,,,,,,,,,,,,,,,,,,,,,,,,
H,H,H,B1,B1,R,R,R,R,R,B1,D,,,,,,,,,,,,,,,,,,,,,,,,
H,H,H,H,S,H,A,,,,,,,,,,,,,,,,,,,,,,,,,,,,,
H,A,,,,,,,,,,,,,,,,,,,,,,,,,,,,,,,,,,
H,S,B1,D,,,,,,,,,,,,,,,,,,,,,,,,,,,,,,,,
H,H,S,H,B1,B2,D,,,,,,,,,,,,,,,,,,,,,,,,,,,,,
H,B1,B1,B1,B2,D,,,,,,,,,,,,,,,,,,,,,,,,,,,,,,
H,H,H,S,H,B1,R,R,H,H,S,B2,D,,,,,,,,,,,,,,,,,,,,,,,
H,H,H,S,B1,B1,B2,D,,,,,,,,,,,,,,,,,,,,,,,,,,,,
H,H,S,B1,B2,D,,,,,,,,,,,,,,,,,,,,,,,,,,,,,,
H,B1,D,,,,,,,,,,,,,,,,,,,,,,,,,,,,,,,,,
H,H,H,B1,B1,D,,,,,,,,,,,,,,,,,,,,,,,,,,,,,,
H,H,A,,,,,,,,,,,,,,,,,,,,,,,,,,,,,,,,,
H,S,B1,B2,D,,,,,,,,,,,,,,,,,,,,,,,,,,,,,,,
H,A,,,,,,,,,,,,,,,,,,,,,,,,,,,,,,,,,,
H,H,S,S,B1,B2,D,,,,,,,,,,,,,,,,,,,,,,,,,,,,,
H,A,,,,,,,,,,,,,,,,,,,,,,,,,,,,,,,,,,
H,H,S,S,H,S,H,H,S,S,B2,D,,,,,,,,,,,,,,,,,,,,,,,,
H,S,S,H,S,B2,D,,,,,,,,,,,,,,,,,,,,,,,,,,,,,
H,A,,,,,,,,,,,,,,,,,,,,,,,,,,,,,,,,,,
H,S,S,S,S,B1,R,R,H,H,A,,,,,,,,,,,,,,,,,,,,,,,,,
H,B1,B2,D,,,,,,,,,,,,,,,,,,,,,,,,,,,,,,,,
H,H,A,,,,,,,,,,,,,,,,,,,,,,,,,,,,,,,,,
H,S,H,H,H,A,,,,,,,,,,,,,,,,,,,,,,,,,,,,,,
H,H,S,S,H,S,H,A,,,,,,,,,,,,,,,,,,,,,,,,,,,,
H,H,S,H,B1,B1,B1,B1,B2,D,,,,,,,,,,,,,,,,,,,,,,,,,,
H,H,H,H,B1,B2,D,,,,,,,,,,,,,,,,,,,,,,,,,,,,,
H,S,S,S,S,B1,D,,,,,,,,,,,,,,,,,,,,,,,,,,,,,
H,S,S,S,H,S,S,B2,D,,,,,,,,,,,,,,,,,,,,,,,,,,,
H,S,B1,B1,B2,D,,,,,,,,,,,,,,,,,,,,,,,,,,,,,,
H,A,,,,,,,,,,,,,,,,,,,,,,,,,,,,,,,,,,
H,H,H,A,,,,,,,,,,,,,,,,,,,,,,,,,,,,,,,,
H,A,,,,,,,,,,,,,,,,,,,,,,,,,,,,,,,,,,
H,A,,,,,,,,,,,,,,,,,,,,,,,,,,,,,,,,,,
H,H,S,S,H,H,A,,,,,,,,,,,,,,,,,,,,,,,,,,,,,
H,H,H,H,A,,,,,,,,,,,,,,,,,,,,,,,,,,,,,,,
H,H,H,A,,,,,,,,,,,,,,,,,,,,,,,,,,,,,,,,
H,H,B1,B2,D,,,,,,,,,,,,,,,,,,,,,,,,,,,,,,,
H,S,S,S,S,S,B1,B1,B2,D,,,,,,,,,,,,,,,,,,,,,,,,,,
H,S,S,B2,D,,,,,,,,,,,,,,,,,,,,,,,,,,,,,,,
H,H,B1,B1,B2,R,H,H,H,H,H,S,B1,R,R,S,B1,B2,D,,,,,,,,,,,,,,,,,
H,S,S,B1,B2,B2,B2,R,R,R,S,S,S,B1,B1,D,,,,,,,,,,,,,,,,,,,,
H,S,B1,B2,D,,,,,,,,,,,,,,,,,,,,,,,,,,,,,,,
H,S,B1,R,B1,B2,D,,,,,,,,,,,,,,,,,,,,,,,,,,,,,
H,A,,,,,,,,,,,,,,,,,,,,,,,,,,,,,,,,,,
H,B1,B1,R,H,H,S,B1,B1,B1,B1,D,,,,,,,,,,,,,,,,,,,,,,,,
H,S,S,H,S,B1,R,H,A,,,,,,,,,,,,,,,,,,,,,,,,,,,
H,H,B1,R,S,S,B1,B2,B2,B2,R,R,S,S,B1,B1,B2,D,,,,,,,,,,,,,,,,,,
H,H,H,A,,,,,,,,,,,,,,,,,,,,,,,,,,,,,,,,
H,S,B2,B2,R,S,B1,B1,D,,,,,,,,,,,,,,,,,,,,,,,,,,,
H,S,B1,B1,R,S,S,B2,B2,D,,,,,,,,,,,,,,,,,,,,,,,,,,
H,H,A,,,,,,,,,,,,,,,,,,,,,,,,,,,,,,,,,
H,H,S,B1,R,R,H,H,H,B1,R,S,S,B1,B1,B1,B2,D,,,,,,,,,,,,,,,,,,
H,S,S,H,S,B1,B2,D,,,,,,,,,,,,,,,,,,,,,,,,,,,,
H,H,A,,,,,,,,,,,,,,,,,,,,,,,,,,,,,,,,,
H,S,S,S,S,H,H,H,S,S,S,S,S,S,S,B1,B1,D,,,,,,,,,,,,,,,,,,
H,H,A,,,,,,,,,,,,,,,,,,,,,,,,,,,,,,,,,
H,A,,,,,,,,,,,,,,,,,,,,,,,,,,,,,,,,,,
H,H,S,S,B1,B2,D,,,,,,,,,,,,,,,,,,,,,,,,,,,,,
H,H,H,S,S,B1,B2,D,,,,,,,,,,,,,,,,,,,,,,,,,,,,
H,S,B2,B2,B2,D,,,,,,,,,,,,,,,,,,,,,,,,,,,,,,
H,H,H,H,H,S,S,B2,D,,,,,,,,,,,,,,,,,,,,,,,,,,,
H,A,,,,,,,,,,,,,,,,,,,,,,,,,,,,,,,,,,
H,S,H,S,B1,B1,B2,D,,,,,,,,,,,,,,,,,,,,,,,,,,,,
H,S,B1,B1,B1,B2,D,,,,,,,,,,,,,,,,,,,,,,,,,,,,,
H,H,S,H,S,B1,B2,D,,,,,,,,,,,,,,,,,,,,,,,,,,,,
H,H,H,A,,,,,,,,,,,,,,,,,,,,,,,,,,,,,,,,
H,H,H,H,H,H,B1,B1,R,S,S,S,B1,B2,R,H,H,H,H,H,S,S,S,H,S,S,B1,B2,D,,,,,,,
H,H,S,S,B2,D,,,,,,,,,,,,,,,,,,,,,,,,,,,,,,
H,H,A,,,,,,,,,,,,,,,,,,,,,,,,,,,,,,,,,
H,H,S,S,S,B2,D,,,,,,,,,,,,,,,,,,,,,,,,,,,,,
H,S,S,B1,R,R,R,S,B1,R,S,S,B2,B2,D,,,,,,,,,,,,,,,,,,,,,
H,H,H,B1,B1,B1,R,H,S,B1,R,R,H,H,H,H,S,S,S,S,S,S,H,S,B1,R,R,R,R,H,H,B1,B1,B2,B2,R
H,S,S,S,H,S,B1,B2,D,,,,,,,,,,,,,,,,,,,,,,,,,,,
H,H,S,B1,D,,,,,,,,,,,,,,,,,,,,,,,,,,,,,,,
H,H,H,H,H,H,H,H,A,,,,,,,,,,,,,,,,,,,,,,,,,,,
H,H,H,B1,B1,B2,D,,,,,,,,,,,,,,,,,,,,,,,,,,,,,
H,A,,,,,,,,,,,,,,,,,,,,,,,,,,,,,,,,,,
H,H,S,S,B2,D,,,,,,,,,,,,,,,,,,,,,,,,,,,,,,
H,S,B2,D,,,,,,,,,,,,,,,,,,,,,,,,,,,,,,,,
H,H,B1,B2,D,,,,,,,,,,,,,,,,,,,,,,,,,,,,,,,
H,H,H,H,S,S,H,S,B2,D,,,,,,,,,,,,,,,,,,,,,,,,,,
H,H,A,,,,,,,,,,,,,,,,,,,,,,,,,,,,,,,,,
H,H,S,S,B1,B2,D,,,,,,,,,,,,,,,,,,,,,,,,,,,,,
H,A,,,,,,,,,,,,,,,,,,,,,,,,,,,,,,,,,,
H,H,H,H,S,S,S,B1,R,H,B1,B2,B2,D,,,,,,,,,,,,,,,,,,,,,,
H,S,B1,B1,D,,,,,,,,,,,,,,,,,,,,,,,,,,,,,,,
H,S,S,H,H,H,H,S,B1,B1,B2,B2,D,,,,,,,,,,,,,,,,,,,,,,,
H,S,S,B1,D,,,,,,,,,,,,,,,,,,,,,,,,,,,,,,,
H,S,H,H,H,S,B1,B2,D,,,,,,,,,,,,,,,,,,,,,,,,,,,
H,S,B1,B1,R,R,H,A,,,,,,,,,,,,,,,,,,,,,,,,,,,,
H,S,H,A,,,,,,,,,,,,,,,,,,,,,,,,,,,,,,,,
H,S,S,S,H,S,S,S,S,B1,D,,,,,,,,,,,,,,,,,,,,,,,,,
H,H,B1,R,R,S,B1,B1,B2,D,,,,,,,,,,,,,,,,,,,,,,,,,,
H,S,S,B1,B2,D,,,,,,,,,,,,,,,,,,,,,,,,,,,,,,
H,S,B1,D,,,,,,,,,,,,,,,,,,,,,,,,,,,,,,,,
H,S,H,H,H,H,H,H,H,B1,B2,D,,,,,,,,,,,,,,,,,,,,,,,,
H,H,H,H,H,S,S,B1,D,,,,,,,,,,,,,,,,,,,,,,,,,,,
H,H,H,A,,,,,,,,,,,,,,,,,,,,,,,,,,,,,,,,
H,H,H,S,B1,D,,,,,,,,,,,,,,,,,,,,,,,,,,,,,,
H,S,B1,B2,D,,,,,,,,,,,,,,,,,,,,,,,,,,,,,,,
H,H,H,S,S,B2,D,,,,,,,,,,,,,,,,,,,,,,,,,,,,,
H,H,S,S,B2,D,,,,,,,,,,,,,,,,,,,,,,,,,,,,,,
H,S,H,H,S,B1,B1,B1,B1,B2,D,,,,,,,,,,,,,,,,,,,,,,,,,
H,H,H,S,B1,R,R,H,H,A,,,,,,,,,,,,,,,,,,,,,,,,,,
H,H,H,B1,B2,D,,,,,,,,,,,,,,,,,,,,,,,,,,,,,,
H,B1,B1,B1,B1,B2,D,,,,,,,,,,,,,,,,,,,,,,,,,,,,,
H,B1,B2,D,,,,,,,,,,,,,,,,,,,,,,,,,,,,,,,,
H,B1,B1,D,,,,,,,,,,,,,,,,,,,,,,,,,,,,,,,,
H,H,H,H,H,H,H,H,H,H,H,H,H,S,B1,B2,D,,,,,,,,,,,,,,,,,,,
H,H,H,B1,B2,R,H,A,,,,,,,,,,,,,,,,,,,,,,,,,,,,
H,S,B2,D,,,,,,,,,,,,,,,,,,,,,,,,,,,,,,,,
H,S,S,H,S,S,B2,D,,,,,,,,,,,,,,,,,,,,,,,,,,,,
H,H,S,S,H,H,B1,B2,B2,D,,,,,,,,,,,,,,,,,,,,,,,,,,
H,H,H,A,,,,,,,,,,,,,,,,,,,,,,,,,,,,,,,,
H,B1,B1,B2,D,,,,,,,,,,,,,,,,,,,,,,,,,,,,,,,
H,H,S,S,H,S,B2,D,,,,,,,,,,,,,,,,,,,,,,,,,,,,
H,S,S,B1,R,H,B1,B1,B1,B2,D,,,,,,,,,,,,,,,,,,,,,,,,,
H,S,B1,B1,B1,B2,D,,,,,,,,,,,,,,,,,,,,,,,,,,,,,
H,H,H,B1,D,,,,,,,,,,,,,,,,,,,,,,,,,,,,,,,
H,H,H,S,B2,D,,,,,,,,,,,,,,,,,,,,,,,,,,,,,,
H,B1,B2,D,,,,,,,,,,,,,,,,,,,,,,,,,,,,,,,,
H,H,A,,,,,,,,,,,,,,,,,,,,,,,,,,,,,,,,,
H,H,H,S,S,H,H,H,H,H,H,H,H,S,B2,D,,,,,,,,,,,,,,,,,,,,
H,S,B2,D,,,,,,,,,,,,,,,,,,,,,,,,,,,,,,,,
H,H,H,H,S,H,B1,B1,D,,,,,,,,,,,,,,,,,,,,,,,,,,,
H,A,,,,,,,,,,,,,,,,,,,,,,,,,,,,,,,,,,
H,A,,,,,,,,,,,,,,,,,,,,,,,,,,,,,,,,,,
H,S,B2,B2,D,,,,,,,,,,,,,,,,,,,,,,,,,,,,,,,
H,H,H,H,B1,B1,R,H,H,H,H,H,H,H,B1,B1,B2,D,,,,,,,,,,,,,,,,,,
H,B1,B2,R,R,H,S,S,S,B2,D,,,,,,,,,,,,,,,,,,,,,,,,,
H,B1,D,,,,,,,,,,,,,,,,,,,,,,,,,,,,,,,,,
H,H,H,S,S,H,H,A,,,,,,,,,,,,,,,,,,,,,,,,,,,,
H,S,H,A,,,,,,,,,,,,,,,,,,,,,,,,,,,,,,,,
H,B1,B1,B2,D,,,,,,,,,,,,,,,,,,,,,,,,,,,,,,,
H,S,H,H,B1,B1,B2,D,,,,,,,,,,,,,,,,,,,,,,,,,,,,
H,S,H,H,B1,B2,D,,,,,,,,,,,,,,,,,,,,,,,,,,,,,
H,S,S,B1,B1,B2,D,,,,,,,,,,,,,,,,,,,,,,,,,,,,,
H,H,H,S,B1,B2,D,,,,,,,,,,,,,,,,,,,,,,,,,,,,,
H,H,B1,B2,D,,,,,,,,,,,,,,,,,,,,,,,,,,,,,,,
H,H,S,B1,B1,B2,B2,D,,,,,,,,,,,,,,,,,,,,,,,,,,,,
H,S,H,S,B2,D,,,,,,,,,,,,,,,,,,,,,,,,,,,,,,
H,H,S,B2,B2,D,,,,,,,,,,,,,,,,,,,,,,,,,,,,,,
H,A,,,,,,,,,,,,,,,,,,,,,,,,,,,,,,,,,,
H,H,A,,,,,,,,,,,,,,,,,,,,,,,,,,,,,,,,,
H,A,,,,,,,,,,,,,,,,,,,,,,,,,,,,,,,,,,
H,S,S,B1,B2,D,,,,,,,,,,,,,,,,,,,,,,,,,,,,,,
H,B1,R,S,B1,B1,B1,B2,D,,,,,,,,,,,,,,,,,,,,,,,,,,,
H,H,H,H,S,B1,B2,D,,,,,,,,,,,,,,,,,,,,,,,,,,,,
H,A,,,,,,,,,,,,,,,,,,,,,,,,,,,,,,,,,,
H,H,A,,,,,,,,,,,,,,,,,,,,,,,,,,,,,,,,,
H,S,S,S,S,H,S,B1,B1,B1,B2,D,,,,,,,,,,,,,,,,,,,,,,,,
H,H,H,S,B1,B1,B1,B2,B2,D,,,,,,,,,,,,,,,,,,,,,,,,,,
H,S,B2,D,,,,,,,,,,,,,,,,,,,,,,,,,,,,,,,,
H,H,H,B1,B1,B2,D,,,,,,,,,,,,,,,,,,,,,,,,,,,,,
H,A,,,,,,,,,,,,,,,,,,,,,,,,,,,,,,,,,,
H,H,H,H,H,B1,B1,B2,D,,,,,,,,,,,,,,,,,,,,,,,,,,,
H,H,B1,B1,B1,B2,R,H,H,H,H,H,H,S,H,A,,,,,,,,,,,,,,,,,,,,
H,S,S,S,S,S,B2,D,,,,,,,,,,,,,,,,,,,,,,,,,,,,
H,H,S,S,B1,B1,B1,B1,B1,B2,D,,,,,,,,,,,,,,,,,,,,,,,,,
H,B1,B2,D,,,,,,,,,,,,,,,,,,,,,,,,,,,,,,,,
H,S,B1,R,R,H,S,S,S,B2,D,,,,,,,,,,,,,,,,,,,,,,,,,
H,S,S,H,H,S,S,S,B1,B1,B1,R,R,S,B1,B1,B1,R,R,H,H,H,H,S,S,S,S,B1,B1,B2,D,,,,,
H,H,B1,B2,B2,D,,,,,,,,,,,,,,,,,,,,,,,,,,,,,,
H,S,S,S,S,B1,B1,B2,D,,,,,,,,,,,,,,,,,,,,,,,,,,,
H,S,H,H,H,H,H,S,B1,B2,D,,,,,,,,,,,,,,,,,,,,,,,,,
H,H,A,,,,,,,,,,,,,,,,,,,,,,,,,,,,,,,,,
H,S,H,H,H,H,A,,,,,,,,,,,,,,,,,,,,,,,,,,,,,
H,B1,D,,,,,,,,,,,,,,,,,,,,,,,,,,,,,,,,,
H,H,H,H,H,H,H,S,S,B1,B1,B2,D,,,,,,,,,,,,,,,,,,,,,,,
H,S,H,B1,B2,D,,,,,,,,,,,,,,,,,,,,,,,,,,,,,,
H,B1,B2,D,,,,,,,,,,,,,,,,,,,,,,,,,,,,,,,,
H,B1,D,,,,,,,,,,,,,,,,,,,,,,,,,,,,,,,,,
H,B1,R,S,S,B2,D,,,,,,,,,,,,,,,,,,,,,,,,,,,,,
H,H,H,S,S,H,H,S,S,S,B1,R,H,H,S,B1,B1,B2,D,,,,,,,,,,,,,,,,,
H,A,,,,,,,,,,,,,,,,,,,,,,,,,,,,,,,,,,
H,H,B1,B1,B1,B1,B2,D,,,,,,,,,,,,,,,,,,,,,,,,,,,,
H,H,H,S,B2,D,,,,,,,,,,,,,,,,,,,,,,,,,,,,,,
H,S,S,B1,D,,,,,,,,,,,,,,,,,,,,,,,,,,,,,,,
H,S,S,B1,D,,,,,,,,,,,,,,,,,,,,,,,,,,,,,,,
H,H,S,B1,B2,D,,,,,,,,,,,,,,,,,,,,,,,,,,,,,,
H,S,S,S,B2,D,,,,,,,,,,,,,,,,,,,,,,,,,,,,,,
H,B1,R,R,R,H,S,S,B1,B1,B1,B1,B2,D,,,,,,,,,,,,,,,,,,,,,,
H,A,,,,,,,,,,,,,,,,,,,,,,,,,,,,,,,,,,
H,H,B1,B2,D,,,,,,,,,,,,,,,,,,,,,,,,,,,,,,,
H,H,S,S,H,A,,,,,,,,,,,,,,,,,,,,,,,,,,,,,,
H,S,S,B1,B2,D,,,,,,,,,,,,,,,,,,,,,,,,,,,,,,
H,S,B1,B2,D,,,,,,,,,,,,,,,,,,,,,,,,,,,,,,,
H,H,S,B1,B1,R,B1,B2,B2,D,,,,,,,,,,,,,,,,,,,,,,,,,,
H,S,H,H,A,,,,,,,,,,,,,,,,,,,,,,,,,,,,,,,
H,H,H,H,H,A,,,,,,,,,,,,,,,,,,,,,,,,,,,,,,
H,B1,B2,B2,R,R,B1,B2,D,,,,,,,,,,,,,,,,,,,,,,,,,,,
H,S,B2,D,,,,,,,,,,,,,,,,,,,,,,,,,,,,,,,,
H,S,H,H,S,B1,B2,R,H,A,,,,,,,,,,,,,,,,,,,,,,,,,,
H,H,H,S,S,S,S,S,S,H,A,,,,,,,,,,,,,,,,,,,,,,,,,
H,B1,B1,B1,R,R,H,H,H,B1,B2,D,,,,,,,,,,,,,,,,,,,,,,,,
H,A,,,,,,,,,,,,,,,,,,,,,,,,,,,,,,,,,,
H,S,H,H,H,S,S,B1,B2,D,,,,,,,,,,,,,,,,,,,,,,,,,,
H,H,H,B1,B1,B2,R,R,S,S,B1,B1,D,,,,,,,,,,,,,,,,,,,,,,,
H,H,S,S,B1,R,R,R,H,A,,,,,,,,,,,,,,,,,,,,,,,,,,
H,S,B1,B2,D,,,,,,,,,,,,,,,,,,,,,,,,,,,,,,,
H,H,S,B2,B2,B2,B2,D,,,,,,,,,,,,,,,,,,,,,,,,,,,,
H,S,B2,D,,,,,,,,,,,,,,,,,,,,,,,,,,,,,,,,
H,H,S,H,H,H,H,H,H,H,H,S,H,H,H,S,B1,R,R,H,H,H,A,,,,,,,,,,,,,
H,S,B1,B1,B2,D,,,,,,,,,,,,,,,,,,,,,,,,,,,,,,
H,S,H,S,H,H,S,B1,R,B1,B2,D,,,,,,,,,,,,,,,,,,,,,,,,
H,H,H,H,H,H,A,,,,,,,,,,,,,,,,,,,,,,,,,,,,,
H,H,S,B1,B2,B2,D,,,,,,,,,,,,,,,,,,,,,,,,,,,,,
H,H,H,H,A,,,,,,,,,,,,,,,,,,,,,,,,,,,,,,,
H,H,H,B1,B1,B2,D,,,,,,,,,,,,,,,,,,,,,,,,,,,,,
H,S,S,B1,R,B1,R,B1,R,R,B1,B2,D,,,,,,,,,,,,,,,,,,,,,,,
H,S,B1,B1,B2,D,,,,,,,,,,,,,,,,,,,,,,,,,,,,,,
H,S,B1,B1,B2,D,,,,,,,,,,,,,,,,,,,,,,,,,,,,,,
H,A,,,,,,,,,,,,,,,,,,,,,,,,,,,,,,,,,,
H,S,H,H,S,B1,B2,D,,,,,,,,,,,,,,,,,,,,,,,,,,,,
H,H,S,S,H,S,S,S,S,B2,D,,,,,,,,,,,,,,,,,,,,,,,,,
H,H,A,,,,,,,,,,,,,,,,,,,,,,,,,,,,,,,,,
H,H,A,,,,,,,,,,,,,,,,,,,,,,,,,,,,,,,,,
H,H,H,H,H,H,S,B1,D,,,,,,,,,,,,,,,,,,,,,,,,,,,
H,H,H,H,S,B1,B2,D,,,,,,,,,,,,,,,,,,,,,,,,,,,,
H,S,B2,B2,B2,D,,,,,,,,,,,,,,,,,,,,,,,,,,,,,,
H,H,A,,,,,,,,,,,,,,,,,,,,,,,,,,,,,,,,,
H,B1,B1,B2,B2,D,,,,,,,,,,,,,,,,,,,,,,,,,,,,,,
H,H,A,,,,,,,,,,,,,,,,,,,,,,,,,,,,,,,,,
H,H,B1,B2,D,,,,,,,,,,,,,,,,,,,,,,,,,,,,,,,
H,H,S,H,S,H,S,H,H,H,H,H,H,A,,,,,,,,,,,,,,,,,,,,,,
H,S,B2,B2,D,,,,,,,,,,,,,,,,,,,,,,,,,,,,,,,
H,S,B1,R,R,S,H,H,S,S,B1,B1,B1,B2,D,,,,,,,,,,,,,,,,,,,,,
H,H,S,S,H,H,S,S,B2,D,,,,,,,,,,,,,,,,,,,,,,,,,,
H,H,H,H,S,S,B1,B1,B1,B1,B1,B2,D,,,,,,,,,,,,,,,,,,,,,,,
H,S,B1,B1,B1,B1,B1,B2,D,,,,,,,,,,,,,,,,,,,,,,,,,,,
H,B1,D,,,,,,,,,,,,,,,,,,,,,,,,,,,,,,,,,
H,H,S,B1,B1,D,,,,,,,,,,,,,,,,,,,,,,,,,,,,,,
H,H,S,S,S,S,B1,B1,B1,B2,B2,D,,,,,,,,,,,,,,,,,,,,,,,,
H,S,B1,B2,D,,,,,,,,,,,,,,,,,,,,,,,,,,,,,,,
H,S,B2,R,S,B2,D,,,,,,,,,,,,,,,,,,,,,,,,,,,,,
H,B1,B1,R,R,H,H,H,A,,,,,,,,,,,,,,,,,,,,,,,,,,,
H,S,B2,D,,,,,,,,,,,,,,,,,,,,,,,,,,,,,,,,
H,S,H,H,S,B2,D,,,,,,,,,,,,,,,,,,,,,,,,,,,,,
H,H,S,S,B1,B2,D,,,,,,,,,,,,,,,,,,,,,,,,,,,,,
H,H,A,,,,,,,,,,,,,,,,,,,,,,,,,,,,,,,,,
H,S,H,S,B1,R,H,H,A,,,,,,,,,,,,,,,,,,,,,,,,,,,
H,H,H,S,H,A,,,,,,,,,,,,,,,,,,,,,,,,,,,,,,
H,S,S,B1,B2,B2,D,,,,,,,,,,,,,,,,,,,,,,,,,,,,,
H,S,B1,B1,B2,D,,,,,,,,,,,,,,,,,,,,,,,,,,,,,,
H,A,,,,,,,,,,,,,,,,,,,,,,,,,,,,,,,,,,
H,H,H,B1,B1,B2,D,,,,,,,,,,,,,,,,,,,,,,,,,,,,,
H,H,A,,,,,,,,,,,,,,,,,,,,,,,,,,,,,,,,,
H,S,S,B1,B1,B2,D,,,,,,,,,,,,,,,,,,,,,,,,,,,,,
H,H,S,S,S,B2,B2,D,,,,,,,,,,,,,,,,,,,,,,,,,,,,
H,H,H,S,H,H,H,S,S,B1,B2,D,,,,,,,,,,,,,,,,,,,,,,,,
H,S,H,H,S,S,S,S,S,S,B2,D,,,,,,,,,,,,,,,,,,,,,,,,
H,S,B1,B2,D,,,,,,,,,,,,,,,,,,,,,,,,,,,,,,,
H,S,S,B1,B1,R,B1,R,H,B1,B1,B2,D,,,,,,,,,,,,,,,,,,,,,,,
H,S,B1,B1,B2,D,,,,,,,,,,,,,,,,,,,,,,,,,,,,,,
H,S,B1,B1,B2,D,,,,,,,,,,,,,,,,,,,,,,,,,,,,,,
H,H,A,,,,,,,,,,,,,,,,,,,,,,,,,,,,,,,,,
H,H,H,S,S,B1,B1,B1,R,H,H,H,B1,R,S,B1,B2,D,,,,,,,,,,,,,,,,,,
H,H,B1,B1,B2,R,R,R,B1,B2,D,,,,,,,,,,,,,,,,,,,,,,,,,
H,S,S,S,H,H,S,B1,B2,D,,,,,,,,,,,,,,,,,,,,,,,,,,
H,S,S,B2,D,,,,,,,,,,,,,,,,,,,,,,,,,,,,,,,
H,S,B1,D,,,,,,,,,,,,,,,,,,,,,,,,,,,,,,,,
H,H,H,H,H,S,B2,B2,D,,,,,,,,,,,,,,,,,,,,,,,,,,,
H,B1,B1,B2,D,,,,,,,,,,,,,,,,,,,,,,,,,,,,,,,
H,A,,,,,,,,,,,,,,,,,,,,,,,,,,,,,,,,,,
H,S,H,H,H,S,B1,B1,B1,B2,R,R,B1,B2,B2,D,,,,,,,,,,,,,,,,,,,,
H,H,H,S,H,H,H,S,B1,B2,D,,,,,,,,,,,,,,,,,,,,,,,,,
H,H,H,H,B1,B1,D,,,,,,,,,,,,,,,,,,,,,,,,,,,,,
H,H,S,B2,D,,,,,,,,,,,,,,,,,,,,,,,,,,,,,,,
H,S,S,S,S,B1,B1,B1,D,,,,,,,,,,,,,,,,,,,,,,,,,,,
H,H,H,A,,,,,,,,,,,,,,,,,,,,,,,,,,,,,,,,
H,H,H,H,H,S,H,S,S,S,H,H,H,S,H,S,S,B1,B2,D,,,,,,,,,,,,,,,,
H,S,S,B1,B2,D,,,,,,,,,,,,,,,,,,,,,,,,,,,,,,
H,B1,R,B1,B1,B2,D,,,,,,,,,,,,,,,,,,,,,,,,,,,,,
H,S,B1,B2,D,,,,,,,,,,,,,,,,,,,,,,,,,,,,,,,
H,S,H,H,S,S,B1,B1,B1,B2,D,,,,,,,,,,,,,,,,,,,,,,,,,
H,H,H,H,H,H,S,B1,B1,B1,B2,D,,,,,,,,,,,,,,,,,,,,,,,,
H,H,H,H,H,S,B2,D,,,,,,,,,,,,,,,,,,,,,,,,,,,,
H,A,,,,,,,,,,,,,,,,,,,,,,,,,,,,,,,,,,
H,H,H,H,B1,B1,B2,D,,,,,,,,,,,,,,,,,,,,,,,,,,,,
H,B1,B2,D,,,,,,,,,,,,,,,,,,,,,,,,,,,,,,,,
H,B1,B2,D,,,,,,,,,,,,,,,,,,,,,,,,,,,,,,,,
H,H,H,S,B2,D,,,,,,,,,,,,,,,,,,,,,,,,,,,,,,
H,B1,B2,D,,,,,,,,,,,,,,,,,,,,,,,,,,,,,,,,
H,S,B1,B2,D,,,,,,,,,,,,,,,,,,,,,,,,,,,,,,,
H,H,H,A,,,,,,,,,,,,,,,,,,,,,,,,,,,,,,,,
H,H,H,H,H,S,S,B1,D,,,,,,,,,,,,,,,,,,,,,,,,,,,
H,H,H,H,H,S,S,H,H,B1,B2,D,,,,,,,,,,,,,,,,,,,,,,,,
H,A,,,,,,,,,,,,,,,,,,,,,,,,,,,,,,,,,,
H,S,S,B1,R,S,B1,R,H,S,H,H,S,B2,B2,D,,,,,,,,,,,,,,,,,,,,
H,S,B1,R,R,R,R,H,H,H,S,H,H,B1,B2,D,,,,,,,,,,,,,,,,,,,,
H,H,H,H,H,H,H,H,S,S,H,S,B1,R,S,B2,D,,,,,,,,,,,,,,,,,,,
H,S,S,H,S,S,B2,D,,,,,,,,,,,,,,,,,,,,,,,,,,,,
H,A,,,,,,,,,,,,,,,,,,,,,,,,,,,,,,,,,,
H,H,S,S,S,B2,D,,,,,,,,,,,,,,,,,,,,,,,,,,,,,
H,B1,B1,D,,,,,,,,,,,,,,,,,,,,,,,,,,,,,,,,
H,S,B1,B2,D,,,,,,,,,,,,,,,,,,,,,,,,,,,,,,,
H,S,B1,R,H,A,,,,,,,,,,,,,,,,,,,,,,,,,,,,,,
H,H,H,H,H,H,H,H,S,B1,B1,D,,,,,,,,,,,,,,,,,,,,,,,,
H,B1,D,,,,,,,,,,,,,,,,,,,,,,,,,,,,,,,,,
H,H,S,H,B1,B1,B1,B2,D,,,,,,,,,,,,,,,,,,,,,,,,,,,
H,S,H,H,A,,,,,,,,,,,,,,,,,,,,,,,,,,,,,,,
H,H,H,H,A,,,,,,,,,,,,,,,,,,,,,,,,,,,,,,,
H,H,H,H,S,S,S,S,S,S,S,S,S,S,H,H,H,H,A,,,,,,,,,,,,,,,,,
H,H,H,H,H,S,S,B1,B1,B1,B2,D,,,,,,,,,,,,,,,,,,,,,,,,
H,S,S,H,H,H,S,S,S,H,S,S,B1,B1,B2,B2,D,,,,,,,,,,,,,,,,,,,
H,S,B1,B1,R,R,S,B1,B2,D,,,,,,,,,,,,,,,,,,,,,,,,,,
H,H,H,B1,B1,B1,R,R,S,H,S,H,H,H,S,H,S,B1,B2,R,H,H,H,S,H,S,B1,B2,D,,,,,,,
H,B1,R,R,S,B2,B2,D,,,,,,,,,,,,,,,,,,,,,,,,,,,,
H,H,H,S,H,B1,B2,D,,,,,,,,,,,,,,,,,,,,,,,,,,,,
H,H,S,S,S,B1,B1,B1,B2,D,,,,,,,,,,,,,,,,,,,,,,,,,,
H,H,H,H,S,H,S,B1,B2,D,,,,,,,,,,,,,,,,,,,,,,,,,,
H,H,H,H,H,H,B1,R,S,S,H,B1,R,H,S,S,S,H,S,H,H,H,H,S,S,B1,B1,B1,B1,B1,B1,B1,R,R,R,H
H,H,H,S,B2,D,,,,,,,,,,,,,,,,,,,,,,,,,,,,,,
H,H,H,H,H,H,H,H,H,H,S,H,H,S,S,H,B1,B1,B2,D,,,,,,,,,,,,,,,,
H,H,S,S,S,B2,D,,,,,,,,,,,,,,,,,,,,,,,,,,,,,
H,S,S,S,S,B1,B2,B2,B2,D,,,,,,,,,,,,,,,,,,,,,,,,,,
H,B1,B2,D,,,,,,,,,,,,,,,,,,,,,,,,,,,,,,,,
H,B1,B1,B2,D,,,,,,,,,,,,,,,,,,,,,,,,,,,,,,,
H,S,H,S,S,B1,B2,D,,,,,,,,,,,,,,,,,,,,,,,,,,,,
H,B1,B2,B2,D,,,,,,,,,,,,,,,,,,,,,,,,,,,,,,,
H,B1,B1,B2,B2,B2,D,,,,,,,,,,,,,,,,,,,,,,,,,,,,,
H,S,B1,R,H,H,B1,B2,D,,,,,,,,,,,,,,,,,,,,,,,,,,,
H,S,B1,B2,D,,,,,,,,,,,,,,,,,,,,,,,,,,,,,,,
H,H,H,B1,B2,D,,,,,,,,,,,,,,,,,,,,,,,,,,,,,,
H,S,B1,B1,B2,B2,D,,,,,,,,,,,,,,,,,,,,,,,,,,,,,
H,S,H,H,B1,B2,D,,,,,,,,,,,,,,,,,,,,,,,,,,,,,
H,H,H,S,H,H,H,H,H,H,A,,,,,,,,,,,,,,,,,,,,,,,,,
H,H,B1,B2,D,,,,,,,,,,,,,,,,,,,,,,,,,,,,,,,
H,B1,B2,D,,,,,,,,,,,,,,,,,,,,,,,,,,,,,,,,
H,S,H,H,A,,,,,,,,,,,,,,,,,,,,,,,,,,,,,,,
H,S,B1,B2,D,,,,,,,,,,,,,,,,,,,,,,,,,,,,,,,
H,H,S,B2,D,,,,,,,,,,,,,,,,,,,,,,,,,,,,,,,
H,A,,,,,,,,,,,,,,,,,,,,,,,,,,,,,,,,,,
H,H,S,B1,D,,,,,,,,,,,,,,,,,,,,,,,,,,,,,,,
H,S,B1,B1,B2,D,,,,,,,,,,,,,,,,,,,,,,,,,,,,,,
H,B1,B2,D,,,,,,,,,,,,,,,,,,,,,,,,,,,,,,,,
H,H,B1,D,,,,,,,,,,,,,,,,,,,,,,,,,,,,,,,,
H,H,H,S,B1,B2,B2,D,,,,,,,,,,,,,,,,,,,,,,,,,,,,
H,S,S,H,H,S,B2,D,,,,,,,,,,,,,,,,,,,,,,,,,,,,
H,S,B1,B1,B2,B2,D,,,,,,,,,,,,,,,,,,,,,,,,,,,,,
H,A,,,,,,,,,,,,,,,,,,,,,,,,,,,,,,,,,,
H,S,S,S,S,S,H,H,S,H,S,S,H,H,H,H,H,H,H,B1,R,H,H,S,B1,D,,,,,,,,,,
H,H,H,S,B1,B1,B2,D,,,,,,,,,,,,,,,,,,,,,,,,,,,,
H,H,H,H,S,B1,R,S,H,H,H,S,S,S,S,H,S,S,B1,B2,B2,D,,,,,,,,,,,,,,
H,S,H,S,S,S,B2,D,,,,,,,,,,,,,,,,,,,,,,,,,,,,
H,H,H,H,S,S,S,B2,D,,,,,,,,,,,,,,,,,,,,,,,,,,,
H,S,S,S,S,S,B2,D,,,,,,,,,,,,,,,,,,,,,,,,,,,,
H,S,B1,B1,R,B1,B2,D,,,,,,,,,,,,,,,,,,,,,,,,,,,,
H,B1,B2,D,,,,,,,,,,,,,,,,,,,,,,,,,,,,,,,,
H,H,S,H,H,H,H,H,S,S,B1,B1,B1,B2,D,,,,,,,,,,,,,,,,,,,,,
H,H,A,,,,,,,,,,,,,,,,,,,,,,,,,,,,,,,,,
H,H,H,H,H,A,,,,,,,,,,,,,,,,,,,,,,,,,,,,,,
H,H,B1,B2,D,,,,,,,,,,,,,,,,,,,,,,,,,,,,,,,
H,H,S,S,S,S,S,H,H,S,S,S,S,B2,D,,,,,,,,,,,,,,,,,,,,,
H,H,H,S,H,H,H,H,S,S,H,B1,R,R,S,H,H,H,H,B1,D,,,,,,,,,,,,,,,
H,B1,B2,D,,,,,,,,,,,,,,,,,,,,,,,,,,,,,,,,
H,S,B2,D,,,,,,,,,,,,,,,,,,,,,,,,,,,,,,,,
H,H,H,S,S,B2,D,,,,,,,,,,,,,,,,,,,,,,,,,,,,,
H,S,H,H,H,S,S,B2,D,,,,,,,,,,,,,,,,,,,,,,,,,,,
H,S,B2,D,,,,,,,,,,,,,,,,,,,,,,,,,,,,,,,,
H,H,B1,B1,B2,B2,D,,,,,,,,,,,,,,,,,,,,,,,,,,,,,
H,H,S,B1,B2,D,,,,,,,,,,,,,,,,,,,,,,,,,,,,,,
H,B1,B2,D,,,,,,,,,,,,,,,,,,,,,,,,,,,,,,,,
H,A,,,,,,,,,,,,,,,,,,,,,,,,,,,,,,,,,,
H,S,S,H,H,H,S,H,H,S,B2,D,,,,,,,,,,,,,,,,,,,,,,,,
H,A,,,,,,,,,,,,,,,,,,,,,,,,,,,,,,,,,,
H,S,H,S,H,S,S,B1,D,,,,,,,,,,,,,,,,,,,,,,,,,,,
H,H,H,S,H,A,,,,,,,,,,,,,,,,,,,,,,,,,,,,,,
H,B1,B1,B1,B2,B2,B2,D,,,,,,,,,,,,,,,,,,,,,,,,,,,,
H,A,,,,,,,,,,,,,,,,,,,,,,,,,,,,,,,,,,
H,S,B2,R,R,R,B1,B1,B2,D,,,,,,,,,,,,,,,,,,,,,,,,,,
H,S,B1,B2,D,,,,,,,,,,,,,,,,,,,,,,,,,,,,,,,
H,H,H,B1,B1,B2,D,,,,,,,,,,,,,,,,,,,,,,,,,,,,,
H,B1,B2,D,,,,,,,,,,,,,,,,,,,,,,,,,,,,,,,,
H,S,B1,B1,B1,B1,B2,D,,,,,,,,,,,,,,,,,,,,,,,,,,,,
H,H,H,S,S,S,H,S,S,B1,B1,B1,R,R,B1,B2,B2,D,,,,,,,,,,,,,,,,,,
H,S,S,B2,R,R,R,S,H,S,H,B1,B1,B2,D,,,,,,,,,,,,,,,,,,,,,
H,H,B1,B2,D,,,,,,,,,,,,,,,,,,,,,,,,,,,,,,,
H,H,S,B1,B2,D,,,,,,,,,,,,,,,,,,,,,,,,,,,,,,
H,H,B1,B2,D,,,,,,,,,,,,,,,,,,,,,,,,,,,,,,,
H,S,S,B1,B2,D,,,,,,,,,,,,,,,,,,,,,,,,,,,,,,
H,S,B1,R,H,H,S,B2,B2,D,,,,,,,,,,,,,,,,,,,,,,,,,,
H,H,H,H,S,B1,B2,D,,,,,,,,,,,,,,,,,,,,,,,,,,,,
H,B1,B2,D,,,,,,,,,,,,,,,,,,,,,,,,,,,,,,,,
H,H,S,B1,B2,B2,D,,,,,,,,,,,,,,,,,,,,,,,,,,,,,
H,H,S,B1,B1,B1,B1,B1,B1,B2,D,,,,,,,,,,,,,,,,,,,,,,,,,
H,S,B1,R,R,H,S,H,H,S,S,B1,B2,B2,D,,,,,,,,,,,,,,,,,,,,,
H,H,H,H,A,,,,,,,,,,,,,,,,,,,,,,,,,,,,,,,
H,B1,B2,D,,,,,,,,,,,,,,,,,,,,,,,,,,,,,,,,
H,B1,B1,B1,B1,B1,B2,D,,,,,,,,,,,,,,,,,,,,,,,,,,,,
H,H,H,H,A,,,,,,,,,,,,,,,,,,,,,,,,,,,,,,,
H,S,H,A,,,,,,,,,,,,,,,,,,,,,,,,,,,,,,,,
H,B1,B2,D,,,,,,,,,,,,,,,,,,,,,,,,,,,,,,,,
H,H,H,H,B1,B1,B2,D,,,,,,,,,,,,,,,,,,,,,,,,,,,,
H,S,H,S,H,A,,,,,,,,,,,,,,,,,,,,,,,,,,,,,,
H,S,S,S,B2,D,,,,,,,,,,,,,,,,,,,,,,,,,,,,,,
H,H,A,,,,,,,,,,,,,,,,,,,,,,,,,,,,,,,,,
H,H,S,S,B1,B1,B2,D,,,,,,,,,,,,,,,,,,,,,,,,,,,,
H,H,B1,B2,D,,,,,,,,,,,,,,,,,,,,,,,,,,,,,,,
H,H,A,,,,,,,,,,,,,,,,,,,,,,,,,,,,,,,,,
H,H,H,H,H,A,,,,,,,,,,,,,,,,,,,,,,,,,,,,,,
H,H,S,B2,D,,,,,,,,,,,,,,,,,,,,,,,,,,,,,,,
H,H,H,S,S,H,A,,,,,,,,,,,,,,,,,,,,,,,,,,,,,
H,S,H,H,H,S,S,H,H,H,H,H,S,S,S,B2,D,,,,,,,,,,,,,,,,,,,
H,A,,,,,,,,,,,,,,,,,,,,,,,,,,,,,,,,,,
H,B1,R,R,R,S,B1,B2,B2,D,,,,,,,,,,,,,,,,,,,,,,,,,,
H,H,H,H,S,S,B1,B2,D,,,,,,,,,,,,,,,,,,,,,,,,,,,
H,H,S,B1,D,,,,,,,,,,,,,,,,,,,,,,,,,,,,,,,
H,H,H,H,H,S,B1,B1,B1,B1,B1,D,,,,,,,,,,,,,,,,,,,,,,,,
H,B1,B1,B1,D,,,,,,,,,,,,,,,,,,,,,,,,,,,,,,,
H,H,S,B2,D,,,,,,,,,,,,,,,,,,,,,,,,,,,,,,,
H,H,H,A,,,,,,,,,,,,,,,,,,,,,,,,,,,,,,,,
H,H,H,B1,B1,B1,B2,B2,D,,,,,,,,,,,,,,,,,,,,,,,,,,,
H,H,H,S,B1,B2,D,,,,,,,,,,,,,,,,,,,,,,,,,,,,,
H,S,B1,B1,B1,B1,B1,B1,B1,R,B1,B1,B2,D,,,,,,,,,,,,,,,,,,,,,,
H,H,H,H,S,S,S,S,B1,B2,D,,,,,,,,,,,,,,,,,,,,,,,,,
H,H,S,B1,R,R,H,H,S,S,H,H,H,H,A,,,,,,,,,,,,,,,,,,,,,
H,H,H,S,B1,R,S,B1,B2,B2,D,,,,,,,,,,,,,,,,,,,,,,,,,
H,S,B1,D,,,,,,,,,,,,,,,,,,,,,,,,,,,,,,,,
H,S,H,B1,B1,B2,D,,,,,,,,,,,,,,,,,,,,,,,,,,,,,
H,H,S,S,B1,R,S,S,B1,B2,D,,,,,,,,,,,,,,,,,,,,,,,,,
H,H,H,H,H,S,H,A,,,,,,,,,,,,,,,,,,,,,,,,,,,,
H,H,S,B1,D,,,,,,,,,,,,,,,,,,,,,,,,,,,,,,,
H,S,S,B1,B1,B1,B2,D,,,,,,,,,,,,,,,,,,,,,,,,,,,,
H,H,H,S,S,B1,B1,B1,B2,D,,,,,,,,,,,,,,,,,,,,,,,,,,
H,S,B1,B1,R,S,B1,B2,D,,,,,,,,,,,,,,,,,,,,,,,,,,,
H,H,S,H,A,,,,,,,,,,,,,,,,,,,,,,,,,,,,,,,
H,H,A,,,,,,,,,,,,,,,,,,,,,,,,,,,,,,,,,
H,A,,,,,,,,,,,,,,,,,,,,,,,,,,,,,,,,,,
H,S,B1,B1,B1,B1,B2,D,,,,,,,,,,,,,,,,,,,,,,,,,,,,
H,H,B1,B2,D,,,,,,,,,,,,,,,,,,,,,,,,,,,,,,,
H,S,S,B1,B1,B2,D,,,,,,,,,,,,,,,,,,,,,,,,,,,,,
H,S,H,S,H,H,H,H,S,B2,D,,,,,,,,,,,,,,,,,,,,,,,,,
H,B1,B1,B1,B2,D,,,,,,,,,,,,,,,,,,,,,,,,,,,,,,
H,S,S,H,H,H,S,H,B1,D,,,,,,,,,,,,,,,,,,,,,,,,,,
H,B1,D,,,,,,,,,,,,,,,,,,,,,,,,,,,,,,,,,
H,H,A,,,,,,,,,,,,,,,,,,,,,,,,,,,,,,,,,
H,S,B1,R,S,S,S,B1,B2,D,,,,,,,,,,,,,,,,,,,,,,,,,,
H,A,,,,,,,,,,,,,,,,,,,,,,,,,,,,,,,,,,
H,S,B1,B2,D,,,,,,,,,,,,,,,,,,,,,,,,,,,,,,,
H,H,H,S,B1,B2,D,,,,,,,,,,,,,,,,,,,,,,,,,,,,,
H,A,,,,,,,,,,,,,,,,,,,,,,,,,,,,,,,,,,
H,H,A,,,,,,,,,,,,,,,,,,,,,,,,,,,,,,,,,
H,H,A,,,,,,,,,,,,,,,,,,,,,,,,,,,,,,,,,
H,H,S,B1,B1,B2,D,,,,,,,,,,,,,,,,,,,,,,,,,,,,,
H,H,H,A,,,,,,,,,,,,,,,,,,,,,,,,,,,,,,,,
H,B1,B1,B1,B2,B2,D,,,,,,,,,,,,,,,,,,,,,,,,,,,,,
H,H,H,B1,B2,D,,,,,,,,,,,,,,,,,,,,,,,,,,,,,,
H,B1,B1,B2,D,,,,,,,,,,,,,,,,,,,,,,,,,,,,,,,
H,B1,R,R,H,H,B1,B2,D,,,,,,,,,,,,,,,,,,,,,,,,,,,
H,S,H,A,,,,,,,,,,,,,,,,,,,,,,,,,,,,,,,,
H,B1,R,H,H,S,S,S,B1,R,H,S,B1,R,H,H,H,A,,,,,,,,,,,,,,,,,,
H,S,H,H,A,,,,,,,,,,,,,,,,,,,,,,,,,,,,,,,
H,A,,,,,,,,,,,,,,,,,,,,,,,,,,,,,,,,,,
H,H,H,H,H,A,,,,,,,,,,,,,,,,,,,,,,,,,,,,,,
H,H,H,A,,,,,,,,,,,,,,,,,,,,,,,,,,,,,,,,
H,H,H,H,H,H,H,B1,R,B1,B2,D,,,,,,,,,,,,,,,,,,,,,,,,
H,H,S,B1,B1,B2,D,,,,,,,,,,,,,,,,,,,,,,,,,,,,,
H,S,S,S,S,S,S,H,H,H,H,H,H,H,S,B1,B1,B1,R,R,H,S,S,S,B2,D,,,,,,,,,,
H,A,,,,,,,,,,,,,,,,,,,,,,,,,,,,,,,,,,
H,H,A,,,,,,,,,,,,,,,,,,,,,,,,,,,,,,,,,
H,S,S,S,S,S,B2,D,,,,,,,,,,,,,,,,,,,,,,,,,,,,
H,H,H,S,S,H,H,S,H,S,H,B1,D,,,,,,,,,,,,,,,,,,,,,,,
H,S,S,S,B1,D,,,,,,,,,,,,,,,,,,,,,,,,,,,,,,
H,H,H,H,H,H,A,,,,,,,,,,,,,,,,,,,,,,,,,,,,,
H,A,,,,,,,,,,,,,,,,,,,,,,,,,,,,,,,,,,
H,H,H,H,H,S,H,H,B1,B2,D,,,,,,,,,,,,,,,,,,,,,,,,,
H,H,S,S,S,S,H,H,S,B1,B2,D,,,,,,,,,,,,,,,,,,,,,,,,
H,H,H,A,,,,,,,,,,,,,,,,,,,,,,,,,,,,,,,,
H,H,H,S,S,S,H,H,H,H,H,S,B1,B2,B2,D,,,,,,,,,,,,,,,,,,,,
H,S,B1,D,,,,,,,,,,,,,,,,,,,,,,,,,,,,,,,,
H,S,S,B1,B1,B2,D,,,,,,,,,,,,,,,,,,,,,,,,,,,,,
H,H,H,H,S,B1,R,R,H,H,S,B1,B1,B1,B1,D,,,,,,,,,,,,,,,,,,,,
H,B1,B2,D,,,,,,,,,,,,,,,,,,,,,,,,,,,,,,,,
H,H,H,S,S,H,B1,B2,D,,,,,,,,,,,,,,,,,,,,,,,,,,,
H,H,H,H,B1,B1,B2,B2,D,,,,,,,,,,,,,,,,,,,,,,,,,,,
H,H,H,H,H,H,H,B1,B1,B1,B1,D,,,,,,,,,,,,,,,,,,,,,,,,
H,H,B1,R,S,S,B1,B2,D,,,,,,,,,,,,,,,,,,,,,,,,,,,
H,B1,B1,B2,B2,D,,,,,,,,,,,,,,,,,,,,,,,,,,,,,,
H,S,H,H,H,H,B1,B2,D,,,,,,,,,,,,,,,,,,,,,,,,,,,
H,H,H,H,H,S,B1,B2,D,,,,,,,,,,,,,,,,,,,,,,,,,,,
H,H,H,H,S,S,H,S,S,H,S,B1,B1,B2,R,R,R,S,S,S,S,H,S,H,H,S,B1,B1,B2,D,,,,,,
H,H,H,S,B1,B1,B1,R,R,R,R,R,R,R,R,H,B1,B1,B1,B2,D,,,,,,,,,,,,,,,
H,H,A,,,,,,,,,,,,,,,,,,,,,,,,,,,,,,,,,
H,H,S,B2,D,,,,,,,,,,,,,,,,,,,,,,,,,,,,,,,
H,S,S,B1,B1,D,,,,,,,,,,,,,,,,,,,,,,,,,,,,,,
H,H,S,H,H,S,B1,R,B1,B1,R,R,H,B1,D,,,,,,,,,,,,,,,,,,,,,
H,S,S,B1,B1,B2,D,,,,,,,,,,,,,,,,,,,,,,,,,,,,,
H,A,,,,,,,,,,,,,,,,,,,,,,,,,,,,,,,,,,
H,H,H,S,S,B1,D,,,,,,,,,,,,,,,,,,,,,,,,,,,,,
H,S,H,H,S,B1,B1,B1,R,B1,B2,D,,,,,,,,,,,,,,,,,,,,,,,,
H,S,B1,R,R,B1,B2,D,,,,,,,,,,,,,,,,,,,,,,,,,,,,
H,H,B1,B2,D,,,,,,,,,,,,,,,,,,,,,,,,,,,,,,,
H,A,,,,,,,,,,,,,,,,,,,,,,,,,,,,,,,,,,
H,H,S,S,S,S,S,S,B1,R,B1,B2,D,,,,,,,,,,,,,,,,,,,,,,,
H,S,S,B1,B2,D,,,,,,,,,,,,,,,,,,,,,,,,,,,,,,
H,H,H,A,,,,,,,,,,,,,,,,,,,,,,,,,,,,,,,,
H,S,S,B1,R,R,H,H,H,H,H,S,S,B1,B2,D,,,,,,,,,,,,,,,,,,,,
H,H,S,B1,B1,B1,B1,R,R,R,H,H,H,H,H,H,S,S,S,S,B1,B2,D,,,,,,,,,,,,,
H,B1,D,,,,,,,,,,,,,,,,,,,,,,,,,,,,,,,,,
H,H,H,B1,D,,,,,,,,,,,,,,,,,,,,,,,,,,,,,,,
H,H,H,B1,B1,D,,,,,,,,,,,,,,,,,,,,,,,,,,,,,,
H,H,B1,B1,B1,D,,,,,,,,,,,,,,,,,,,,,,,,,,,,,,
H,H,H,B1,B1,B1,B1,B2,D,,,,,,,,,,,,,,,,,,,,,,,,,,,
H,B1,B2,D,,,,,,,,,,,,,,,,,,,,,,,,,,,,,,,,
H,H,B1,B2,D,,,,,,,,,,,,,,,,,,,,,,,,,,,,,,,
H,A,,,,,,,,,,,,,,,,,,,,,,,,,,,,,,,,,,
H,H,H,A,,,,,,,,,,,,,,,,,,,,,,,,,,,,,,,,
H,S,H,H,B1,B1,B2,D,,,,,,,,,,,,,,,,,,,,,,,,,,,,
H,S,B1,B2,B2,D,,,,,,,,,,,,,,,,,,,,,,,,,,,,,,
H,A,,,,,,,,,,,,,,,,,,,,,,,,,,,,,,,,,,
H,S,S,B2,D,,,,,,,,,,,,,,,,,,,,,,,,,,,,,,,
H,S,B2,D,,,,,,,,,,,,,,,,,,,,,,,,,,,,,,,,
H,B1,R,R,H,S,S,S,S,B1,B1,B2,D,,,,,,,,,,,,,,,,,,,,,,,
H,H,S,H,H,S,H,H,B1,R,S,S,B2,B2,D,,,,,,,,,,,,,,,,,,,,,
H,S,B1,D,,,,,,,,,,,,,,,,,,,,,,,,,,,,,,,,
H,H,H,S,B2,D,,,,,,,,,,,,,,,,,,,,,,,,,,,,,,
H,S,B1,B1,B2,B2,R,R,R,R,R,H,S,S,B1,B1,B2,D,,,,,,,,,,,,,,,,,,
H,S,H,H,H,S,B1,D,,,,,,,,,,,,,,,,,,,,,,,,,,,,
H,S,S,B1,B2,R,R,H,H,S,B1,R,H,B1,B2,D,,,,,,,,,,,,,,,,,,,,
H,S,S,H,S,B1,B1,B2,D,,,,,,,,,,,,,,,,,,,,,,,,,,,
H,S,S,H,H,S,S,H,A,,,,,,,,,,,,,,,,,,,,,,,,,,,
H,S,B1,B2,D,,,,,,,,,,,,,,,,,,,,,,,,,,,,,,,
H,A,,,,,,,,,,,,,,,,,,,,,,,,,,,,,,,,,,
H,H,H,H,H,A,,,,,,,,,,,,,,,,,,,,,,,,,,,,,,
H,S,S,S,B1,B1,B2,B2,D,,,,,,,,,,,,,,,,,,,,,,,,,,,
H,S,B1,R,R,R,S,S,B2,D,,,,,,,,,,,,,,,,,,,,,,,,,,
H,S,S,B1,B1,B1,B2,B2,D,,,,,,,,,,,,,,,,,,,,,,,,,,,
H,B1,B1,D,,,,,,,,,,,,,,,,,,,,,,,,,,,,,,,,
H,A,,,,,,,,,,,,,,,,,,,,,,,,,,,,,,,,,,
H,S,S,H,H,S,B1,D,,,,,,,,,,,,,,,,,,,,,,,,,,,,
H,S,S,S,H,S,S,B1,B1,B1,B1,R,H,S,H,S,H,H,H,H,H,B1,B1,B1,B2,D,,,,,,,,,,
H,H,S,B1,B1,B2,B2,B2,D,,,,,,,,,,,,,,,,,,,,,,,,,,,
H,H,H,A,,,,,,,,,,,,,,,,,,,,,,,,,,,,,,,,
H,B1,B1,B2,B2,D,,,,,,,,,,,,,,,,,,,,,,,,,,,,,,
H,H,S,B1,B1,B2,D,,,,,,,,,,,,,,,,,,,,,,,,,,,,,
H,H,A,,,,,,,,,,,,,,,,,,,,,,,,,,,,,,,,,
H,H,H,S,S,B1,R,H,H,B1,B2,D,,,,,,,,,,,,,,,,,,,,,,,,
H,H,H,H,S,S,B1,B1,B2,D,,,,,,,,,,,,,,,,,,,,,,,,,,
H,A,,,,,,,,,,,,,,,,,,,,,,,,,,,,,,,,,,
H,A,,,,,,,,,,,,,,,,,,,,,,,,,,,,,,,,,,
H,H,H,H,H,H,H,A,,,,,,,,,,,,,,,,,,,,,,,,,,,,
H,H,S,H,H,H,H,H,H,H,H,B1,B1,B2,D,,,,,,,,,,,,,,,,,,,,,
H,A,,,,,,,,,,,,,,,,,,,,,,,,,,,,,,,,,,
H,H,A,,,,,,,,,,,,,,,,,,,,,,,,,,,,,,,,,
H,H,B1,B1,B2,B2,D,,,,,,,,,,,,,,,,,,,,,,,,,,,,,
H,B1,B2,B2,B2,D,,,,,,,,,,,,,,,,,,,,,,,,,,,,,,
H,H,S,S,B1,B1,B2,D,,,,,,,,,,,,,,,,,,,,,,,,,,,,
H,H,B1,B1,B2,D,,,,,,,,,,,,,,,,,,,,,,,,,,,,,,
H,H,H,H,S,S,H,S,B1,D,,,,,,,,,,,,,,,,,,,,,,,,,,
H,S,S,B1,B2,D,,,,,,,,,,,,,,,,,,,,,,,,,,,,,,
H,S,S,H,H,H,H,B1,B2,D,,,,,,,,,,,,,,,,,,,,,,,,,,
H,H,H,H,H,H,H,H,S,S,H,A,,,,,,,,,,,,,,,,,,,,,,,,
H,S,H,S,H,H,S,H,A,,,,,,,,,,,,,,,,,,,,,,,,,,,
H,H,H,H,S,H,H,H,S,B1,B1,R,R,S,B1,B2,D,,,,,,,,,,,,,,,,,,,
H,S,B2,R,S,B1,R,R,R,R,R,S,S,S,B1,B2,B2,B2,D,,,,,,,,,,,,,,,,,
H,H,H,H,H,H,H,H,B1,R,H,S,B1,B2,D,,,,,,,,,,,,,,,,,,,,,
H,H,S,S,S,S,B1,B2,D,,,,,,,,,,,,,,,,,,,,,,,,,,,
H,B1,R,S,S,B1,B1,B2,D,,,,,,,,,,,,,,,,,,,,,,,,,,,
H,H,H,H,S,S,S,S,H,S,S,B1,B1,B1,R,R,R,H,H,S,B1,R,R,H,B1,R,H,H,S,S,S,B1,R,R,S,S
H,S,S,H,S,S,H,H,A,,,,,,,,,,,,,,,,,,,,,,,,,,,
H,A,,,,,,,,,,,,,,,,,,,,,,,,,,,,,,,,,,
H,H,H,S,S,S,H,H,S,B1,B2,D,,,,,,,,,,,,,,,,,,,,,,,,
H,A,,,,,,,,,,,,,,,,,,,,,,,,,,,,,,,,,,
H,S,S,H,H,H,S,H,S,S,B2,D,,,,,,,,,,,,,,,,,,,,,,,,
H,A,,,,,,,,,,,,,,,,,,,,,,,,,,,,,,,,,,
H,S,S,H,B1,B1,R,R,S,S,B1,B2,D,,,,,,,,,,,,,,,,,,,,,,,
H,H,A,,,,,,,,,,,,,,,,,,,,,,,,,,,,,,,,,
H,H,B1,R,H,S,S,B1,D,,,,,,,,,,,,,,,,,,,,,,,,,,,
H,H,H,A,,,,,,,,,,,,,,,,,,,,,,,,,,,,,,,,
H,H,H,H,B1,B2,D,,,,,,,,,,,,,,,,,,,,,,,,,,,,,
H,S,S,H,B1,B1,B1,B1,B2,D,,,,,,,,,,,,,,,,,,,,,,,,,,
H,H,S,S,B1,R,R,S,S,B1,B1,B2,D,,,,,,,,,,,,,,,,,,,,,,,
H,A,,,,,,,,,,,,,,,,,,,,,,,,,,,,,,,,,,
H,H,A,,,,,,,,,,,,,,,,,,,,,,,,,,,,,,,,,
H,H,S,H,B1,R,R,R,B1,B1,B2,D,,,,,,,,,,,,,,,,,,,,,,,,
H,H,H,S,H,S,B1,B1,B2,D,,,,,,,,,,,,,,,,,,,,,,,,,,
H,B1,B2,D,,,,,,,,,,,,,,,,,,,,,,,,,,,,,,,,
H,H,H,H,A,,,,,,,,,,,,,,,,,,,,,,,,,,,,,,,
H,S,B1,B2,D,,,,,,,,,,,,,,,,,,,,,,,,,,,,,,,
H,S,B2,B2,D,,,,,,,,,,,,,,,,,,,,,,,,,,,,,,,
H,S,S,B2,D,,,,,,,,,,,,,,,,,,,,,,,,,,,,,,,
H,B1,B2,D,,,,,,,,,,,,,,,,,,,,,,,,,,,,,,,,
H,S,B2,D,,,,,,,,,,,,,,,,,,,,,,,,,,,,,,,,
H,H,H,S,S,H,H,S,B1,R,R,S,B1,B2,D,,,,,,,,,,,,,,,,,,,,,
H,H,H,S,B2,D,,,,,,,,,,,,,,,,,,,,,,,,,,,,,,
H,S,S,B1,R,R,R,H,S,S,B2,D,,,,,,,,,,,,,,,,,,,,,,,,
H,S,B2,B2,D,,,,,,,,,,,,,,,,,,,,,,,,,,,,,,,
H,S,S,S,B1,B2,B2,D,,,,,,,,,,,,,,,,,,,,,,,,,,,,
H,H,S,H,B1,B2,B2,D,,,,,,,,,,,,,,,,,,,,,,,,,,,,
H,S,S,S,B2,D,,,,,,,,,,,,,,,,,,,,,,,,,,,,,,
H,H,B1,B1,B1,B1,D,,,,,,,,,,,,,,,,,,,,,,,,,,,,,
H,A,,,,,,,,,,,,,,,,,,,,,,,,,,,,,,,,,,
H,H,H,H,H,A,,,,,,,,,,,,,,,,,,,,,,,,,,,,,,
H,S,B1,B1,B2,B2,R,H,S,B1,D,,,,,,,,,,,,,,,,,,,,,,,,,
H,S,S,H,B1,B2,D,,,,,,,,,,,,,,,,,,,,,,,,,,,,,
H,H,H,H,H,S,S,S,B1,B2,B2,D,,,,,,,,,,,,,,,,,,,,,,,,
H,H,B1,R,H,H,H,H,S,S,H,S,S,B1,R,R,R,H,S,S,B2,D,,,,,,,,,,,,,,
H,A,,,,,,,,,,,,,,,,,,,,,,,,,,,,,,,,,,
H,B1,B1,B2,D,,,,,,,,,,,,,,,,,,,,,,,,,,,,,,,
H,A,,,,,,,,,,,,,,,,,,,,,,,,,,,,,,,,,,
H,H,S,S,H,S,B2,D,,,,,,,,,,,,,,,,,,,,,,,,,,,,
H,H,B1,B1,B2,D,,,,,,,,,,,,,,,,,,,,,,,,,,,,,,
H,S,B2,D,,,,,,,,,,,,,,,,,,,,,,,,,,,,,,,,
H,H,A,,,,,,,,,,,,,,,,,,,,,,,,,,,,,,,,,
H,H,H,H,H,A,,,,,,,,,,,,,,,,,,,,,,,,,,,,,,
H,S,S,S,B1,B2,D,,,,,,,,,,,,,,,,,,,,,,,,,,,,,
H,H,S,B1,B2,D,,,,,,,,,,,,,,,,,,,,,,,,,,,,,,
H,H,S,B1,B2,D,,,,,,,,,,,,,,,,,,,,,,,,,,,,,,
H,H,S,S,S,S,S,B1,R,S,S,S,B1,B1,B2,D,,,,,,,,,,,,,,,,,,,,
H,H,H,H,H,H,S,H,H,H,S,B1,B2,D,,,,,,,,,,,,,,,,,,,,,,
H,S,H,H,H,H,H,S,H,A,,,,,,,,,,,,,,,,,,,,,,,,,,
H,S,S,H,S,S,H,S,S,S,B1,B2,D,,,,,,,,,,,,,,,,,,,,,,,
H,B1,B2,D,,,,,,,,,,,,,,,,,,,,,,,,,,,,,,,,
H,S,S,H,H,S,S,S,B1,B1,B2,D,,,,,,,,,,,,,,,,,,,,,,,,
H,H,H,H,H,H,H,S,S,B1,B2,R,H,H,A,,,,,,,,,,,,,,,,,,,,,
H,B1,B1,R,R,S,B1,B2,D,,,,,,,,,,,,,,,,,,,,,,,,,,,
H,H,S,S,S,S,B2,D,,,,,,,,,,,,,,,,,,,,,,,,,,,,
H,H,H,B1,B2,D,,,,,,,,,,,,,,,,,,,,,,,,,,,,,,
H,B1,D,,,,,,,,,,,,,,,,,,,,,,,,,,,,,,,,,
H,S,H,H,S,B2,D,,,,,,,,,,,,,,,,,,,,,,,,,,,,,
H,S,B1,B1,B1,B2,D,,,,,,,,,,,,,,,,,,,,,,,,,,,,,
H,H,H,A,,,,,,,,,,,,,,,,,,,,,,,,,,,,,,,,
H,B1,D,,,,,,,,,,,,,,,,,,,,,,,,,,,,,,,,,
H,A,,,,,,,,,,,,,,,,,,,,,,,,,,,,,,,,,,
H,H,S,H,S,H,S,S,B1,R,R,H,H,H,H,H,S,S,H,H,S,S,B1,B1,B1,B1,B1,R,H,S,S,B1,D,,,
H,B1,B1,R,S,S,B1,D,,,,,,,,,,,,,,,,,,,,,,,,,,,,
H,H,S,S,S,B1,B2,B2,D,,,,,,,,,,,,,,,,,,,,,,,,,,,
H,S,S,H,H,A,,,,,,,,,,,,,,,,,,,,,,,,,,,,,,
H,S,B1,B2,D,,,,,,,,,,,,,,,,,,,,,,,,,,,,,,,
H,H,A,,,,,,,,,,,,,,,,,,,,,,,,,,,,,,,,,
H,A,,,,,,,,,,,,,,,,,,,,,,,,,,,,,,,,,,
H,H,H,S,S,S,S,S,S,B1,B2,D,,,,,,,,,,,,,,,,,,,,,,,,
H,H,H,S,H,H,H,S,B1,B1,B2,D,,,,,,,,,,,,,,,,,,,,,,,,
H,H,H,S,B1,B1,B2,D,,,,,,,,,,,,,,,,,,,,,,,,,,,,
H,S,H,H,S,S,S,B1,B2,D,,,,,,,,,,,,,,,,,,,,,,,,,,
H,H,S,S,H,H,H,H,H,A,,,,,,,,,,,,,,,,,,,,,,,,,,
H,H,A,,,,,,,,,,,,,,,,,,,,,,,,,,,,,,,,,
H,S,B1,R,R,R,H,A,,,,,,,,,,,,,,,,,,,,,,,,,,,,
H,H,H,H,H,A,,,,,,,,,,,,,,,,,,,,,,,,,,,,,,
H,H,A,,,,,,,,,,,,,,,,,,,,,,,,,,,,,,,,,
H,S,H,H,S,H,H,H,H,H,A,,,,,,,,,,,,,,,,,,,,,,,,,
H,H,S,S,B2,D,,,,,,,,,,,,,,,,,,,,,,,,,,,,,,
H,B1,B1,R,H,S,S,S,H,H,H,H,S,B2,D,,,,,,,,,,,,,,,,,,,,,
H,H,H,H,H,A,,,,,,,,,,,,,,,,,,,,,,,,,,,,,,
H,H,B1,D,,,,,,,,,,,,,,,,,,,,,,,,,,,,,,,,
H,A,,,,,,,,,,,,,,,,,,,,,,,,,,,,,,,,,,
H,A,,,,,,,,,,,,,,,,,,,,,,,,,,,,,,,,,,
H,B1,R,H,H,S,B2,D,,,,,,,,,,,,,,,,,,,,,,,,,,,,
H,B1,R,B1,R,S,S,B1,B1,B1,B2,D,,,,,,,,,,,,,,,,,,,,,,,,
H,A,,,,,,,,,,,,,,,,,,,,,,,,,,,,,,,,,,
H,H,H,H,S,S,S,S,S,B2,D,,,,,,,,,,,,,,,,,,,,,,,,,
H,S,H,H,H,H,H,S,H,A,,,,,,,,,,,,,,,,,,,,,,,,,,
H,H,S,S,S,S,B1,B2,D,,,,,,,,,,,,,,,,,,,,,,,,,,,
H,S,H,H,S,B1,R,H,A,,,,,,,,,,,,,,,,,,,,,,,,,,,
H,S,B1,D,,,,,,,,,,,,,,,,,,,,,,,,,,,,,,,,
H,S,S,H,H,S,S,B1,B1,B1,B2,D,,,,,,,,,,,,,,,,,,,,,,,,
H,S,H,B1,B2,D,,,,,,,,,,,,,,,,,,,,,,,,,,,,,,
H,H,S,S,B1,B2,B2,D,,,,,,,,,,,,,,,,,,,,,,,,,,,,
H,B1,B2,D,,,,,,,,,,,,,,,,,,,,,,,,,,,,,,,,
H,H,H,H,H,H,B1,B1,R,R,H,S,H,S,H,H,S,H,H,H,H,B1,B1,B1,B2,D,,,,,,,,,,
H,S,S,B1,B2,B2,D,,,,,,,,,,,,,,,,,,,,,,,,,,,,,
H,S,S,H,H,H,H,S,B1,R,R,R,R,R,H,H,H,H,H,H,H,A,,,,,,,,,,,,,,
H,A,,,,,,,,,,,,,,,,,,,,,,,,,,,,,,,,,,
H,H,H,S,H,A,,,,,,,,,,,,,,,,,,,,,,,,,,,,,,
H,S,B1,B2,D,,,,,,,,,,,,,,,,,,,,,,,,,,,,,,,
H,A,,,,,,,,,,,,,,,,,,,,,,,,,,,,,,,,,,
H,B1,B2,D,,,,,,,,,,,,,,,,,,,,,,,,,,,,,,,,
H,H,H,B1,R,S,B1,B2,R,S,H,S,B2,D,,,,,,,,,,,,,,,,,,,,,,
H,S,B1,B1,B1,B2,D,,,,,,,,,,,,,,,,,,,,,,,,,,,,,
H,B1,B1,B2,D,,,,,,,,,,,,,,,,,,,,,,,,,,,,,,,
H,H,S,H,S,B1,B1,R,S,H,H,B1,B1,B1,B2,D,,,,,,,,,,,,,,,,,,,,
H,H,H,B1,D,,,,,,,,,,,,,,,,,,,,,,,,,,,,,,,
H,H,S,H,S,H,H,S,H,H,A,,,,,,,,,,,,,,,,,,,,,,,,,
H,H,H,H,H,H,B1,B1,D,,,,,,,,,,,,,,,,,,,,,,,,,,,
H,S,S,H,S,S,S,B1,B2,D,,,,,,,,,,,,,,,,,,,,,,,,,,
H,B1,B1,B2,D,,,,,,,,,,,,,,,,,,,,,,,,,,,,,,,
H,H,B1,D,,,,,,,,,,,,,,,,,,,,,,,,,,,,,,,,
H,H,H,S,B1,B2,D,,,,,,,,,,,,,,,,,,,,,,,,,,,,,
H,H,A,,,,,,,,,,,,,,,,,,,,,,,,,,,,,,,,,
H,A,,,,,,,,,,,,,,,,,,,,,,,,,,,,,,,,,,
H,H,S,B2,D,,,,,,,,,,,,,,,,,,,,,,,,,,,,,,,
H,H,A,,,,,,,,,,,,,,,,,,,,,,,,,,,,,,,,,
H,S,B2,D,,,,,,,,,,,,,,,,,,,,,,,,,,,,,,,,
H,B1,B2,D,,,,,,,,,,,,,,,,,,,,,,,,,,,,,,,,
H,S,S,B2,D,,,,,,,,,,,,,,,,,,,,,,,,,,,,,,,
H,H,B1,D,,,,,,,,,,,,,,,,,,,,,,,,,,,,,,,,
H,S,S,S,H,H,A,,,,,,,,,,,,,,,,,,,,,,,,,,,,,
H,S,B2,D,,,,,,,,,,,,,,,,,,,,,,,,,,,,,,,,
H,S,H,H,B1,D,,,,,,,,,,,,,,,,,,,,,,,,,,,,,,
H,H,B1,B2,D,,,,,,,,,,,,,,,,,,,,,,,,,,,,,,,
H,H,S,S,S,S,S,B1,B1,B2,D,,,,,,,,,,,,,,,,,,,,,,,,,
H,B1,B2,B2,D,,,,,,,,,,,,,,,,,,,,,,,,,,,,,,,
H,H,S,H,H,H,H,A,,,,,,,,,,,,,,,,,,,,,,,,,,,,
H,B1,B1,B2,B2,D,,,,,,,,,,,,,,,,,,,,,,,,,,,,,,
H,B1,B1,B1,B1,B2,B2,D,,,,,,,,,,,,,,,,,,,,,,,,,,,,
H,S,B1,R,S,B2,B2,B2,D,,,,,,,,,,,,,,,,,,,,,,,,,,,
H,S,H,S,S,B1,B2,D,,,,,,,,,,,,,,,,,,,,,,,,,,,,
H,A,,,,,,,,,,,,,,,,,,,,,,,,,,,,,,,,,,
H,S,B1,R,R,S,S,H,A,,,,,,,,,,,,,,,,,,,,,,,,,,,
H,H,H,H,H,A,,,,,,,,,,,,,,,,,,,,,,,,,,,,,,
H,B1,R,H,S,S,B1,R,H,A,,,,,,,,,,,,,,,,,,,,,,,,,,
H,S,H,S,S,H,H,S,H,H,A,,,,,,,,,,,,,,,,,,,,,,,,,
H,A,,,,,,,,,,,,,,,,,,,,,,,,,,,,,,,,,,
H,H,A,,,,,,,,,,,,,,,,,,,,,,,,,,,,,,,,,
H,S,H,H,H,H,H,S,S,S,B1,B2,B2,D,,,,,,,,,,,,,,,,,,,,,,
H,A,,,,,,,,,,,,,,,,,,,,,,,,,,,,,,,,,,
H,S,S,H,H,S,S,B1,B2,B2,D,,,,,,,,,,,,,,,,,,,,,,,,,
H,H,S,B1,B1,B1,B2,R,B1,B2,D,,,,,,,,,,,,,,,,,,,,,,,,,
H,S,S,S,S,S,S,H,H,H,H,H,H,H,H,S,B1,B2,B2,B2,D,,,,,,,,,,,,,,,
H,H,H,H,B1,B1,D,,,,,,,,,,,,,,,,,,,,,,,,,,,,,
H,B1,R,R,H,H,H,H,H,B1,B1,B1,B2,B2,D,,,,,,,,,,,,,,,,,,,,,
H,H,B1,B2,D,,,,,,,,,,,,,,,,,,,,,,,,,,,,,,,
H,H,A,,,,,,,,,,,,,,,,,,,,,,,,,,,,,,,,,
H,H,H,H,H,H,S,B2,B2,D,,,,,,,,,,,,,,,,,,,,,,,,,,
H,H,H,S,B1,B1,B1,B1,D,,,,,,,,,,,,,,,,,,,,,,,,,,,
H,H,H,B1,B2,D,,,,,,,,,,,,,,,,,,,,,,,,,,,,,,
H,A,,,,,,,,,,,,,,,,,,,,,,,,,,,,,,,,,,
H,H,H,H,H,H,H,H,A,,,,,,,,,,,,,,,,,,,,,,,,,,,
H,H,S,B1,B2,D,,,,,,,,,,,,,,,,,,,,,,,,,,,,,,
H,B1,B1,B2,D,,,,,,,,,,,,,,,,,,,,,,,,,,,,,,,
H,H,S,S,H,H,H,H,S,S,H,S,S,B2,D,,,,,,,,,,,,,,,,,,,,,
H,H,S,S,S,S,H,H,H,S,B1,R,H,B1,B2,R,R,S,S,H,H,H,S,S,S,H,B1,B2,D,,,,,,,
H,S,H,H,S,S,H,H,H,A,,,,,,,,,,,,,,,,,,,,,,,,,,
H,S,H,H,H,H,H,A,,,,,,,,,,,,,,,,,,,,,,,,,,,,
H,S,B1,D,,,,,,,,,,,,,,,,,,,,,,,,,,,,,,,,
H,A,,,,,,,,,,,,,,,,,,,,,,,,,,,,,,,,,,
H,B1,B2,D,,,,,,,,,,,,,,,,,,,,,,,,,,,,,,,,
H,A,,,,,,,,,,,,,,,,,,,,,,,,,,,,,,,,,,
H,H,H,S,B1,D,,,,,,,,,,,,,,,,,,,,,,,,,,,,,,
H,H,B1,B1,B1,R,H,H,H,H,H,B1,B2,D,,,,,,,,,,,,,,,,,,,,,,
H,H,S,B1,D,,,,,,,,,,,,,,,,,,,,,,,,,,,,,,,
H,A,,,,,,,,,,,,,,,,,,,,,,,,,,,,,,,,,,
H,H,A,,,,,,,,,,,,,,,,,,,,,,,,,,,,,,,,,
H,A,,,,,,,,,,,,,,,,,,,,,,,,,,,,,,,,,,
H,H,S,S,B1,R,S,H,H,H,A,,,,,,,,,,,,,,,,,,,,,,,,,
H,S,S,B1,B1,B2,D,,,,,,,,,,,,,,,,,,,,,,,,,,,,,
H,H,H,H,B1,B1,B2,D,,,,,,,,,,,,,,,,,,,,,,,,,,,,
H,H,S,B1,B2,D,,,,,,,,,,,,,,,,,,,,,,,,,,,,,,
H,S,B1,B2,D,,,,,,,,,,,,,,,,,,,,,,,,,,,,,,,
H,S,S,S,S,S,H,S,S,S,B2,D,,,,,,,,,,,,,,,,,,,,,,,,
H,H,S,S,S,S,S,H,H,H,H,A,,,,,,,,,,,,,,,,,,,,,,,,
H,S,S,B1,B1,R,H,S,B1,B2,D,,,,,,,,,,,,,,,,,,,,,,,,,
H,A,,,,,,,,,,,,,,,,,,,,,,,,,,,,,,,,,,
H,H,H,H,A,,,,,,,,,,,,,,,,,,,,,,,,,,,,,,,
H,A,,,,,,,,,,,,,,,,,,,,,,,,,,,,,,,,,,
H,S,B2,D,,,,,,,,,,,,,,,,,,,,,,,,,,,,,,,,
H,H,S,B1,B1,D,,,,,,,,,,,,,,,,,,,,,,,,,,,,,,
H,S,B2,D,,,,,,,,,,,,,,,,,,,,,,,,,,,,,,,,
H,S,H,S,S,B1,B1,B2,D,,,,,,,,,,,,,,,,,,,,,,,,,,,
H,A,,,,,,,,,,,,,,,,,,,,,,,,,,,,,,,,,,
H,H,H,S,S,S,S,S,S,B1,D,,,,,,,,,,,,,,,,,,,,,,,,,
H,H,H,H,H,H,H,A,,,,,,,,,,,,,,,,,,,,,,,,,,,,
H,H,S,S,H,H,H,S,S,H,A,,,,,,,,,,,,,,,,,,,,,,,,,
H,S,S,B1,B2,D,,,,,,,,,,,,,,,,,,,,,,,,,,,,,,
H,A,,,,,,,,,,,,,,,,,,,,,,,,,,,,,,,,,,
H,H,H,S,S,B1,R,S,S,S,B1,B1,B2,B2,D,,,,,,,,,,,,,,,,,,,,,
H,S,S,S,B1,B1,B1,B2,D,,,,,,,,,,,,,,,,,,,,,,,,,,,
H,H,S,B1,B1,B2,D,,,,,,,,,,,,,,,,,,,,,,,,,,,,,
H,H,S,S,B2,D,,,,,,,,,,,,,,,,,,,,,,,,,,,,,,
H,H,H,B1,R,H,H,S,B1,B1,B2,D,,,,,,,,,,,,,,,,,,,,,,,,
H,H,H,S,B1,B2,D,,,,,,,,,,,,,,,,,,,,,,,,,,,,,
H,B1,B1,R,R,H,H,B1,B2,B2,D,,,,,,,,,,,,,,,,,,,,,,,,,
H,H,H,S,B1,B2,B2,D,,,,,,,,,,,,,,,,,,,,,,,,,,,,
H,S,B1,B2,D,,,,,,,,,,,,,,,,,,,,,,,,,,,,,,,
H,H,B1,B1,B2,D,,,,,,,,,,,,,,,,,,,,,,,,,,,,,,
H,B1,B2,D,,,,,,,,,,,,,,,,,,,,,,,,,,,,,,,,
H,A,,,,,,,,,,,,,,,,,,,,,,,,,,,,,,,,,,
H,A,,,,,,,,,,,,,,,,,,,,,,,,,,,,,,,,,,
H,S,S,S,S,B1,R,B1,B1,B1,B1,B2,R,S,B1,B1,B2,D,,,,,,,,,,,,,,,,,,
H,H,B1,B2,D,,,,,,,,,,,,,,,,,,,,,,,,,,,,,,,
H,B1,B2,D,,,,,,,,,,,,,,,,,,,,,,,,,,,,,,,,
H,S,S,S,B1,B1,R,S,B1,B2,D,,,,,,,,,,,,,,,,,,,,,,,,,
H,S,B1,B1,B1,R,R,H,H,H,A,,,,,,,,,,,,,,,,,,,,,,,,,
H,S,H,H,S,B2,R,B1,B1,B2,D,,,,,,,,,,,,,,,,,,,,,,,,,
H,B1,B1,B2,D,,,,,,,,,,,,,,,,,,,,,,,,,,,,,,,
H,B1,R,H,H,S,S,S,B1,B1,D,,,,,,,,,,,,,,,,,,,,,,,,,
H,H,H,H,S,S,B1,B2,B2,D,,,,,,,,,,,,,,,,,,,,,,,,,,
H,A,,,,,,,,,,,,,,,,,,,,,,,,,,,,,,,,,,
H,S,B2,B2,D,,,,,,,,,,,,,,,,,,,,,,,,,,,,,,,
H,H,H,A,,,,,,,,,,,,,,,,,,,,,,,,,,,,,,,,
H,H,B1,D,,,,,,,,,,,,,,,,,,,,,,,,,,,,,,,,
H,H,H,S,S,S,H,B1,R,R,S,B1,B2,D,,,,,,,,,,,,,,,,,,,,,,
H,B1,D,,,,,,,,,,,,,,,,,,,,,,,,,,,,,,,,,
H,B1,R,R,R,R,S,H,S,B2,D,,,,,,,,,,,,,,,,,,,,,,,,,
H,S,S,B2,D,,,,,,,,,,,,,,,,,,,,,,,,,,,,,,,
H,S,B1,R,R,R,H,H,B1,D,,,,,,,,,,,,,,,,,,,,,,,,,,
H,H,H,H,H,S,H,H,B1,B1,R,S,B1,B1,B1,B2,D,,,,,,,,,,,,,,,,,,,
H,S,H,B1,B1,D,,,,,,,,,,,,,,,,,,,,,,,,,,,,,,
H,H,H,H,S,S,S,H,B1,R,R,B1,B2,B2,D,,,,,,,,,,,,,,,,,,,,,
H,H,S,B1,B2,D,,,,,,,,,,,,,,,,,,,,,,,,,,,,,,
H,H,S,S,H,H,B1,B1,B2,D,,,,,,,,,,,,,,,,,,,,,,,,,,
H,S,B1,B1,B2,D,,,,,,,,,,,,,,,,,,,,,,,,,,,,,,
H,H,A,,,,,,,,,,,,,,,,,,,,,,,,,,,,,,,,,
H,H,S,B1,B2,D,,,,,,,,,,,,,,,,,,,,,,,,,,,,,,
H,S,B1,B2,D,,,,,,,,,,,,,,,,,,,,,,,,,,,,,,,
H,S,B1,R,R,R,H,H,H,B1,B1,R,R,R,R,B1,B2,D,,,,,,,,,,,,,,,,,,
H,H,H,H,A,,,,,,,,,,,,,,,,,,,,,,,,,,,,,,,
H,H,A,,,,,,,,,,,,,,,,,,,,,,,,,,,,,,,,,
H,S,B1,B2,B2,B2,D,,,,,,,,,,,,,,,,,,,,,,,,,,,,,
H,H,A,,,,,,,,,,,,,,,,,,,,,,,,,,,,,,,,,
H,H,A,,,,,,,,,,,,,,,,,,,,,,,,,,,,,,,,,
H,S,H,A,,,,,,,,,,,,,,,,,,,,,,,,,,,,,,,,
H,H,H,A,,,,,,,,,,,,,,,,,,,,,,,,,,,,,,,,
H,H,H,S,H,A,,,,,,,,,,,,,,,,,,,,,,,,,,,,,,
H,H,H,S,S,H,H,S,B2,D,,,,,,,,,,,,,,,,,,,,,,,,,,
H,H,H,H,S,S,B1,D,,,,,,,,,,,,,,,,,,,,,,,,,,,,
H,H,B1,D,,,,,,,,,,,,,,,,,,,,,,,,,,,,,,,,
H,H,H,B1,B2,D,,,,,,,,,,,,,,,,,,,,,,,,,,,,,,
H,H,S,H,S,B1,R,B1,B2,D,,,,,,,,,,,,,,,,,,,,,,,,,,
H,H,S,B1,R,R,R,H,A,,,,,,,,,,,,,,,,,,,,,,,,,,,
H,S,H,H,S,B1,B2,D,,,,,,,,,,,,,,,,,,,,,,,,,,,,
H,S,H,S,S,B1,B2,D,,,,,,,,,,,,,,,,,,,,,,,,,,,,
H,H,H,H,S,S,H,A,,,,,,,,,,,,,,,,,,,,,,,,,,,,
H,S,S,B1,D,,,,,,,,,,,,,,,,,,,,,,,,,,,,,,,
H,A,,,,,,,,,,,,,,,,,,,,,,,,,,,,,,,,,,
H,H,S,H,H,S,H,H,H,H,S,B1,B1,B1,B2,D,,,,,,,,,,,,,,,,,,,,
H,B1,B2,D,,,,,,,,,,,,,,,,,,,,,,,,,,,,,,,,
H,B1,B1,B1,B1,B1,B2,D,,,,,,,,,,,,,,,,,,,,,,,,,,,,
H,S,H,S,S,S,B2,D,,,,,,,,,,,,,,,,,,,,,,,,,,,,
H,H,S,B1,B1,B2,D,,,,,,,,,,,,,,,,,,,,,,,,,,,,,
H,H,H,S,S,S,B1,B2,B2,D,,,,,,,,,,,,,,,,,,,,,,,,,,
H,S,S,B1,R,S,B2,D,,,,,,,,,,,,,,,,,,,,,,,,,,,,
H,H,H,H,H,H,H,H,H,H,H,H,H,A,,,,,,,,,,,,,,,,,,,,,,
H,B1,R,R,H,H,H,A,,,,,,,,,,,,,,,,,,,,,,,,,,,,
H,H,A,,,,,,,,,,,,,,,,,,,,,,,,,,,,,,,,,
H,H,A,,,,,,,,,,,,,,,,,,,,,,,,,,,,,,,,,
H,H,S,B1,B1,R,R,R,R,R,R,R,R,R,R,H,B1,B1,B2,D,,,,,,,,,,,,,,,,
H,H,H,B1,R,B1,B2,D,,,,,,,,,,,,,,,,,,,,,,,,,,,,
H,H,S,S,B2,D,,,,,,,,,,,,,,,,,,,,,,,,,,,,,,
H,A,,,,,,,,,,,,,,,,,,,,,,,,,,,,,,,,,,
H,S,B1,B1,B2,D,,,,,,,,,,,,,,,,,,,,,,,,,,,,,,
H,B1,B1,B2,D,,,,,,,,,,,,,,,,,,,,,,,,,,,,,,,
H,S,B2,D,,,,,,,,,,,,,,,,,,,,,,,,,,,,,,,,
H,S,S,B1,B1,R,H,S,B1,B1,B1,B1,B1,R,R,H,H,B1,B1,D,,,,,,,,,,,,,,,,
H,H,S,S,H,H,S,S,B1,B1,B2,D,,,,,,,,,,,,,,,,,,,,,,,,
H,H,H,H,S,B2,D,,,,,,,,,,,,,,,,,,,,,,,,,,,,,
H,H,H,H,H,H,H,H,H,H,H,H,S,S,H,H,H,B1,B1,B2,D,,,,,,,,,,,,,,,
H,S,B1,R,H,H,S,B2,D,,,,,,,,,,,,,,,,,,,,,,,,,,,
H,H,H,S,S,S,B1,B1,R,R,S,B1,B2,R,H,H,A,,,,,,,,,,,,,,,,,,,
H,S,S,B2,D,,,,,,,,,,,,,,,,,,,,,,,,,,,,,,,
H,B1,B2,R,R,R,S,S,S,B1,B1,B2,D,,,,,,,,,,,,,,,,,,,,,,,
H,H,S,B1,B2,D,,,,,,,,,,,,,,,,,,,,,,,,,,,,,,
H,B1,B2,D,,,,,,,,,,,,,,,,,,,,,,,,,,,,,,,,
H,H,H,A,,,,,,,,,,,,,,,,,,,,,,,,,,,,,,,,
H,S,B1,B2,D,,,,,,,,,,,,,,,,,,,,,,,,,,,,,,,
H,S,S,S,B1,B2,D,,,,,,,,,,,,,,,,,,,,,,,,,,,,,
H,S,H,H,S,B1,R,R,H,H,S,S,S,B1,B2,D,,,,,,,,,,,,,,,,,,,,
H,S,H,S,B1,B2,D,,,,,,,,,,,,,,,,,,,,,,,,,,,,,
H,S,S,H,A,,,,,,,,,,,,,,,,,,,,,,,,,,,,,,,
H,A,,,,,,,,,,,,,,,,,,,,,,,,,,,,,,,,,,
H,H,B1,R,S,B1,B2,R,R,R,H,H,H,H,H,S,H,H,H,B1,B2,D,,,,,,,,,,,,,,
H,H,S,S,H,H,H,S,H,H,S,S,B1,B2,D,,,,,,,,,,,,,,,,,,,,,
H,A,,,,,,,,,,,,,,,,,,,,,,,,,,,,,,,,,,
H,H,S,S,S,H,H,S,H,B1,B2,D,,,,,,,,,,,,,,,,,,,,,,,,
H,H,B1,B2,D,,,,,,,,,,,,,,,,,,,,,,,,,,,,,,,
H,S,S,S,S,S,S,H,H,H,H,B1,B2,D,,,,,,,,,,,,,,,,,,,,,,
H,H,H,S,S,S,S,S,B1,B2,D,,,,,,,,,,,,,,,,,,,,,,,,,
H,A,,,,,,,,,,,,,,,,,,,,,,,,,,,,,,,,,,
H,S,S,H,S,B1,B2,D,,,,,,,,,,,,,,,,,,,,,,,,,,,,
H,H,H,S,H,H,H,S,H,H,H,S,S,S,B1,R,B1,B1,B2,D,,,,,,,,,,,,,,,,
H,H,H,H,S,B1,B1,B1,D,,,,,,,,,,,,,,,,,,,,,,,,,,,
H,S,B2,D,,,,,,,,,,,,,,,,,,,,,,,,,,,,,,,,
H,H,H,S,S,S,S,B2,B2,R,R,R,R,B1,B1,B2,D,,,,,,,,,,,,,,,,,,,
H,H,S,S,H,S,B1,D,,,,,,,,,,,,,,,,,,,,,,,,,,,,
H,B1,B2,D,,,,,,,,,,,,,,,,,,,,,,,,,,,,,,,,
H,B1,B1,D,,,,,,,,,,,,,,,,,,,,,,,,,,,,,,,,
H,S,B2,D,,,,,,,,,,,,,,,,,,,,,,,,,,,,,,,,
H,H,H,H,H,H,S,S,H,A,,,,,,,,,,,,,,,,,,,,,,,,,,
H,A,,,,,,,,,,,,,,,,,,,,,,,,,,,,,,,,,,
H,H,H,B1,B1,B2,D,,,,,,,,,,,,,,,,,,,,,,,,,,,,,
H,H,H,A,,,,,,,,,,,,,,,,,,,,,,,,,,,,,,,,
H,S,H,B1,B2,D,,,,,,,,,,,,,,,,,,,,,,,,,,,,,,
H,B1,R,S,S,S,B1,D,,,,,,,,,,,,,,,,,,,,,,,,,,,,
H,H,H,B1,B2,D,,,,,,,,,,,,,,,,,,,,,,,,,,,,,,
H,H,H,A,,,,,,,,,,,,,,,,,,,,,,,,,,,,,,,,
H,S,S,S,B1,R,R,H,S,B1,B1,B1,R,B1,R,H,H,H,H,S,B1,B2,D,,,,,,,,,,,,,
H,H,H,H,S,S,B1,B1,B1,B2,D,,,,,,,,,,,,,,,,,,,,,,,,,
H,B1,R,H,B1,B2,D,,,,,,,,,,,,,,,,,,,,,,,,,,,,,
H,H,S,H,H,H,S,B1,R,R,R,R,H,S,S,S,S,B1,B1,B2,B2,B2,D,,,,,,,,,,,,,
H,S,H,S,S,H,S,S,B1,B1,B2,D,,,,,,,,,,,,,,,,,,,,,,,,
H,B1,R,H,H,S,S,B2,D,,,,,,,,,,,,,,,,,,,,,,,,,,,
H,H,S,B1,B1,D,,,,,,,,,,,,,,,,,,,,,,,,,,,,,,
H,S,B1,B2,D,,,,,,,,,,,,,,,,,,,,,,,,,,,,,,,
H,H,S,S,S,H,S,H,H,H,H,S,S,H,H,H,S,S,S,S,B1,B1,R,H,S,S,S,B1,R,S,S,H,A,,,
H,H,S,S,S,H,A,,,,,,,,,,,,,,,,,,,,,,,,,,,,,
H,H,S,S,S,B2,B2,D,,,,,,,,,,,,,,,,,,,,,,,,,,,,
H,H,H,H,S,S,B2,D,,,,,,,,,,,,,,,,,,,,,,,,,,,,
H,S,H,H,A,,,,,,,,,,,,,,,,,,,,,,,,,,,,,,,
H,H,H,B1,B1,B2,B2,B2,D,,,,,,,,,,,,,,,,,,,,,,,,,,,
H,S,H,S,H,S,S,B1,R,H,H,B1,B2,D,,,,,,,,,,,,,,,,,,,,,,
H,H,A,,,,,,,,,,,,,,,,,,,,,,,,,,,,,,,,,
H,H,S,H,H,H,H,H,S,H,B1,B2,D,,,,,,,,,,,,,,,,,,,,,,,
H,B1,B1,B1,B1,B2,D,,,,,,,,,,,,,,,,,,,,,,,,,,,,,
H,H,B1,B2,B2,D,,,,,,,,,,,,,,,,,,,,,,,,,,,,,,
H,A,,,,,,,,,,,,,,,,,,,,,,,,,,,,,,,,,,
H,H,B1,B2,B2,D,,,,,,,,,,,,,,,,,,,,,,,,,,,,,,
H,H,H,H,S,H,H,H,S,S,H,H,S,S,B1,B2,D,,,,,,,,,,,,,,,,,,,
H,S,B1,B2,R,R,R,R,H,S,S,B1,D,,,,,,,,,,,,,,,,,,,,,,,
H,S,B1,B1,B1,B1,B1,B1,B1,B2,D,,,,,,,,,,,,,,,,,,,,,,,,,
H,S,S,S,S,B1,B1,D,,,,,,,,,,,,,,,,,,,,,,,,,,,,
H,H,H,H,H,H,H,S,H,S,B1,B2,D,,,,,,,,,,,,,,,,,,,,,,,
H,H,H,S,B1,B2,B2,D,,,,,,,,,,,,,,,,,,,,,,,,,,,,
H,B1,B2,D,,,,,,,,,,,,,,,,,,,,,,,,,,,,,,,,
H,A,,,,,,,,,,,,,,,,,,,,,,,,,,,,,,,,,,
H,S,S,S,B1,B2,B2,D,,,,,,,,,,,,,,,,,,,,,,,,,,,,
H,H,H,H,H,S,B1,B1,D,,,,,,,,,,,,,,,,,,,,,,,,,,,
H,B1,B1,B2,D,,,,,,,,,,,,,,,,,,,,,,,,,,,,,,,
H,S,B1,B1,B2,D,,,,,,,,,,,,,,,,,,,,,,,,,,,,,,
H,H,H,H,H,H,H,H,H,S,B2,D,,,,,,,,,,,,,,,,,,,,,,,,
H,H,S,B2,D,,,,,,,,,,,,,,,,,,,,,,,,,,,,,,,
H,B1,R,H,H,H,H,A,,,,,,,,,,,,,,,,,,,,,,,,,,,,
H,B1,B1,B2,D,,,,,,,,,,,,,,,,,,,,,,,,,,,,,,,
H,B1,B1,D,,,,,,,,,,,,,,,,,,,,,,,,,,,,,,,,
H,S,S,S,S,H,H,H,H,H,H,S,H,H,H,S,H,H,H,H,H,H,B1,R,R,B1,B2,D,,,,,,,,
H,H,S,S,S,H,S,B2,B2,D,,,,,,,,,,,,,,,,,,,,,,,,,,
H,H,H,S,H,H,H,S,S,B2,D,,,,,,,,,,,,,,,,,,,,,,,,,
H,H,H,A,,,,,,,,,,,,,,,,,,,,,,,,,,,,,,,,
H,S,S,H,H,H,S,B1,B1,B2,D,,,,,,,,,,,,,,,,,,,,,,,,,
H,S,H,A,,,,,,,,,,,,,,,,,,,,,,,,,,,,,,,,
H,H,B1,B1,B2,D,,,,,,,,,,,,,,,,,,,,,,,,,,,,,,
H,A,,,,,,,,,,,,,,,,,,,,,,,,,,,,,,,,,,
H,A,,,,,,,,,,,,,,,,,,,,,,,,,,,,,,,,,,
H,H,A,,,,,,,,,,,,,,,,,,,,,,,,,,,,,,,,,
H,S,B2,D,,,,,,,,,,,,,,,,,,,,,,,,,,,,,,,,
H,S,H,H,H,H,H,H,B1,B1,B1,B1,B1,B2,D,,,,,,,,,,,,,,,,,,,,,
H,A,,,,,,,,,,,,,,,,,,,,,,,,,,,,,,,,,,
H,B1,B2,D,,,,,,,,,,,,,,,,,,,,,,,,,,,,,,,,
H,S,B1,B1,D,,,,,,,,,,,,,,,,,,,,,,,,,,,,,,,
H,A,,,,,,,,,,,,,,,,,,,,,,,,,,,,,,,,,,
H,S,H,B1,D,,,,,,,,,,,,,,,,,,,,,,,,,,,,,,,
H,A,,,,,,,,,,,,,,,,,,,,,,,,,,,,,,,,,,
H,H,S,S,H,H,H,H,B1,B2,D,,,,,,,,,,,,,,,,,,,,,,,,,
H,S,B1,B1,B2,D,,,,,,,,,,,,,,,,,,,,,,,,,,,,,,
H,B1,B2,B2,D,,,,,,,,,,,,,,,,,,,,,,,,,,,,,,,
H,S,H,B1,B1,B1,B1,B2,D,,,,,,,,,,,,,,,,,,,,,,,,,,,
H,H,B1,B1,B1,B1,D,,,,,,,,,,,,,,,,,,,,,,,,,,,,,
H,S,B1,B1,B2,D,,,,,,,,,,,,,,,,,,,,,,,,,,,,,,
H,H,H,B1,B1,B2,D,,,,,,,,,,,,,,,,,,,,,,,,,,,,,
H,S,H,H,S,B2,D,,,,,,,,,,,,,,,,,,,,,,,,,,,,,
H,H,H,S,S,B1,B2,D,,,,,,,,,,,,,,,,,,,,,,,,,,,,
H,S,H,S,S,B1,B1,B1,D,,,,,,,,,,,,,,,,,,,,,,,,,,,
H,S,B2,D,,,,,,,,,,,,,,,,,,,,,,,,,,,,,,,,
H,A,,,,,,,,,,,,,,,,,,,,,,,,,,,,,,,,,,
H,H,S,B1,B2,D,,,,,,,,,,,,,,,,,,,,,,,,,,,,,,
H,H,H,A,,,,,,,,,,,,,,,,,,,,,,,,,,,,,,,,
H,H,S,B1,B1,B2,D,,,,,,,,,,,,,,,,,,,,,,,,,,,,,
H,H,S,S,S,H,H,H,S,S,B2,D,,,,,,,,,,,,,,,,,,,,,,,,
H,S,B1,B1,B2,D,,,,,,,,,,,,,,,,,,,,,,,,,,,,,,
H,H,H,H,S,H,H,S,H,S,H,H,H,S,B1,B1,B1,R,R,H,S,B1,B1,B1,B1,B2,R,R,R,B1,B1,D,,,,
H,H,H,A,,,,,,,,,,,,,,,,,,,,,,,,,,,,,,,,
H,H,S,S,B1,D,,,,,,,,,,,,,,,,,,,,,,,,,,,,,,
H,H,S,B2,R,S,H,S,B1,B2,D,,,,,,,,,,,,,,,,,,,,,,,,,
H,S,H,A,,,,,,,,,,,,,,,,,,,,,,,,,,,,,,,,
H,H,H,H,H,H,S,B2,D,,,,,,,,,,,,,,,,,,,,,,,,,,,
H,H,S,S,S,B1,R,B1,B1,B2,D,,,,,,,,,,,,,,,,,,,,,,,,,
H,H,H,H,H,H,A,,,,,,,,,,,,,,,,,,,,,,,,,,,,,
H,B1,B1,B2,D,,,,,,,,,,,,,,,,,,,,,,,,,,,,,,,
H,H,A,,,,,,,,,,,,,,,,,,,,,,,,,,,,,,,,,
H,S,S,B1,B2,D,,,,,,,,,,,,,,,,,,,,,,,,,,,,,,
H,H,H,H,S,B1,B1,R,S,H,H,S,S,B1,B2,D,,,,,,,,,,,,,,,,,,,,
H,H,S,B1,B1,B1,B2,D,,,,,,,,,,,,,,,,,,,,,,,,,,,,
H,S,B1,B2,B2,D,,,,,,,,,,,,,,,,,,,,,,,,,,,,,,
H,H,H,B1,B2,D,,,,,,,,,,,,,,,,,,,,,,,,,,,,,,
H,H,H,B1,B1,B1,B2,D,,,,,,,,,,,,,,,,,,,,,,,,,,,,
H,A,,,,,,,,,,,,,,,,,,,,,,,,,,,,,,,,,,
H,H,H,H,A,,,,,,,,,,,,,,,,,,,,,,,,,,,,,,,
H,S,S,B1,B2,D,,,,,,,,,,,,,,,,,,,,,,,,,,,,,,
H,H,H,B1,B2,R,H,S,H,S,B1,B2,D,,,,,,,,,,,,,,,,,,,,,,,
H,H,H,H,B1,D,,,,,,,,,,,,,,,,,,,,,,,,,,,,,,
H,H,H,H,B1,B2,D,,,,,,,,,,,,,,,,,,,,,,,,,,,,,
H,H,H,S,B1,B2,D,,,,,,,,,,,,,,,,,,,,,,,,,,,,,
H,A,,,,,,,,,,,,,,,,,,,,,,,,,,,,,,,,,,
H,S,B1,B2,D,,,,,,,,,,,,,,,,,,,,,,,,,,,,,,,
H,H,S,S,B2,B2,D,,,,,,,,,,,,,,,,,,,,,,,,,,,,,
H,H,S,S,S,S,H,S,S,B1,B2,B2,R,R,R,H,S,B1,B1,B2,D,,,,,,,,,,,,,,,
H,H,H,S,S,S,S,S,S,B1,B1,R,H,S,S,B1,R,H,S,H,H,A,,,,,,,,,,,,,,
H,H,A,,,,,,,,,,,,,,,,,,,,,,,,,,,,,,,,,
H,H,H,H,S,S,B1,R,H,A,,,,,,,,,,,,,,,,,,,,,,,,,,
H,A,,,,,,,,,,,,,,,,,,,,,,,,,,,,,,,,,,
H,A,,,,,,,,,,,,,,,,,,,,,,,,,,,,,,,,,,
H,H,H,A,,,,,,,,,,,,,,,,,,,,,,,,,,,,,,,,
H,H,B1,R,H,H,H,H,H,H,H,H,S,S,B1,D,,,,,,,,,,,,,,,,,,,,
H,H,H,H,H,H,S,S,S,B1,B1,B1,B2,R,R,R,R,H,S,S,B2,D,,,,,,,,,,,,,,
H,H,A,,,,,,,,,,,,,,,,,,,,,,,,,,,,,,,,,
H,H,A,,,,,,,,,,,,,,,,,,,,,,,,,,,,,,,,,
H,H,B1,R,R,S,H,H,S,B1,D,,,,,,,,,,,,,,,,,,,,,,,,,
H,H,H,H,S,S,S,B2,D,,,,,,,,,,,,,,,,,,,,,,,,,,,
H,H,H,S,S,B1,B1,R,R,R,S,S,H,A,,,,,,,,,,,,,,,,,,,,,,
H,S,B1,R,R,S,H,H,B1,B2,D,,,,,,,,,,,,,,,,,,,,,,,,,
H,H,H,S,S,S,S,B1,D,,,,,,,,,,,,,,,,,,,,,,,,,,,
H,A,,,,,,,,,,,,,,,,,,,,,,,,,,,,,,,,,,
H,S,S,B1,B1,R,B1,D,,,,,,,,,,,,,,,,,,,,,,,,,,,,
H,H,A,,,,,,,,,,,,,,,,,,,,,,,,,,,,,,,,,
H,S,S,B1,B1,D,,,,,,,,,,,,,,,,,,,,,,,,,,,,,,
H,H,S,S,S,H,A,,,,,,,,,,,,,,,,,,,,,,,,,,,,,
H,B1,R,H,S,S,S,S,H,H,S,H,S,S,B2,D,,,,,,,,,,,,,,,,,,,,
H,A,,,,,,,,,,,,,,,,,,,,,,,,,,,,,,,,,,
H,S,B1,B1,B1,B2,D,,,,,,,,,,,,,,,,,,,,,,,,,,,,,
H,B1,B2,B2,D,,,,,,,,,,,,,,,,,,,,,,,,,,,,,,,
H,H,H,S,B2,D,,,,,,,,,,,,,,,,,,,,,,,,,,,,,,
H,S,B1,R,R,R,S,H,H,A,,,,,,,,,,,,,,,,,,,,,,,,,,
H,S,S,B1,D,,,,,,,,,,,,,,,,,,,,,,,,,,,,,,,
H,H,H,H,S,H,B1,B2,D,,,,,,,,,,,,,,,,,,,,,,,,,,,
H,H,A,,,,,,,,,,,,,,,,,,,,,,,,,,,,,,,,,
H,S,B2,B2,D,,,,,,,,,,,,,,,,,,,,,,,,,,,,,,,
H,H,H,H,B1,B2,B2,B2,B2,D,,,,,,,,,,,,,,,,,,,,,,,,,,
H,H,A,,,,,,,,,,,,,,,,,,,,,,,,,,,,,,,,,
H,H,H,S,H,H,S,H,A,,,,,,,,,,,,,,,,,,,,,,,,,,,
H,H,H,S,H,S,S,S,B1,R,R,H,A,,,,,,,,,,,,,,,,,,,,,,,
H,B1,B2,B2,D,,,,,,,,,,,,,,,,,,,,,,,,,,,,,,,
H,B1,B1,B1,B2,B2,D,,,,,,,,,,,,,,,,,,,,,,,,,,,,,
H,H,H,H,H,H,B1,B1,B2,D,,,,,,,,,,,,,,,,,,,,,,,,,,
H,H,H,S,S,S,B1,B1,B2,D,,,,,,,,,,,,,,,,,,,,,,,,,,
H,H,H,S,B2,D,,,,,,,,,,,,,,,,,,,,,,,,,,,,,,
H,H,H,H,H,H,S,B2,D,,,,,,,,,,,,,,,,,,,,,,,,,,,
H,B1,B1,B1,B2,D,,,,,,,,,,,,,,,,,,,,,,,,,,,,,,
H,S,H,H,H,H,H,B1,B1,D,,,,,,,,,,,,,,,,,,,,,,,,,,
H,B1,R,R,H,S,B1,B1,B2,D,,,,,,,,,,,,,,,,,,,,,,,,,,
H,H,A,,,,,,,,,,,,,,,,,,,,,,,,,,,,,,,,,
H,S,S,S,S,S,H,S,B1,R,S,S,B1,R,H,H,S,S,B1,B2,B2,R,R,H,H,S,B1,B2,D,,,,,,,
H,A,,,,,,,,,,,,,,,,,,,,,,,,,,,,,,,,,,
H,S,S,S,S,B1,B1,B2,D,,,,,,,,,,,,,,,,,,,,,,,,,,,
H,H,H,S,S,S,B1,B2,D,,,,,,,,,,,,,,,,,,,,,,,,,,,
H,H,H,B1,B1,B1,D,,,,,,,,,,,,,,,,,,,,,,,,,,,,,
H,H,H,S,H,S,S,B1,B1,D,,,,,,,,,,,,,,,,,,,,,,,,,,
H,H,S,B2,D,,,,,,,,,,,,,,,,,,,,,,,,,,,,,,,
H,H,H,A,,,,,,,,,,,,,,,,,,,,,,,,,,,,,,,,
H,S,B1,B2,B2,B2,D,,,,,,,,,,,,,,,,,,,,,,,,,,,,,
H,H,S,S,B1,B1,R,R,R,S,H,H,H,A,,,,,,,,,,,,,,,,,,,,,,
H,H,H,B1,B2,D,,,,,,,,,,,,,,,,,,,,,,,,,,,,,,
H,S,B1,B2,D,,,,,,,,,,,,,,,,,,,,,,,,,,,,,,,
H,B1,B2,D,,,,,,,,,,,,,,,,,,,,,,,,,,,,,,,,
H,H,H,H,A,,,,,,,,,,,,,,,,,,,,,,,,,,,,,,,
H,H,S,B1,B2,D,,,,,,,,,,,,,,,,,,,,,,,,,,,,,,
H,B1,D,,,,,,,,,,,,,,,,,,,,,,,,,,,,,,,,,
H,H,H,H,H,B1,D,,,,,,,,,,,,,,,,,,,,,,,,,,,,,
H,S,B1,B2,D,,,,,,,,,,,,,,,,,,,,,,,,,,,,,,,
H,S,B1,R,H,H,H,S,S,S,B1,B2,D,,,,,,,,,,,,,,,,,,,,,,,
H,B1,B1,B1,B1,B1,B2,D,,,,,,,,,,,,,,,,,,,,,,,,,,,,
H,H,H,H,H,S,S,S,H,H,H,S,S,H,S,S,S,H,S,B1,B2,D,,,,,,,,,,,,,,
H,H,S,S,H,H,A,,,,,,,,,,,,,,,,,,,,,,,,,,,,,
H,S,S,S,B1,B2,B2,D,,,,,,,,,,,,,,,,,,,,,,,,,,,,
H,H,A,,,,,,,,,,,,,,,,,,,,,,,,,,,,,,,,,
H,A,,,,,,,,,,,,,,,,,,,,,,,,,,,,,,,,,,
H,H,H,B1,B1,B1,D,,,,,,,,,,,,,,,,,,,,,,,,,,,,,
H,S,H,H,S,S,B1,B2,D,,,,,,,,,,,,,,,,,,,,,,,,,,,
H,S,H,H,S,H,H,H,S,B1,B1,B2,D,,,,,,,,,,,,,,,,,,,,,,,
H,A,,,,,,,,,,,,,,,,,,,,,,,,,,,,,,,,,,
H,H,H,S,H,H,H,H,H,S,S,S,B1,B2,B2,D,,,,,,,,,,,,,,,,,,,,
H,A,,,,,,,,,,,,,,,,,,,,,,,,,,,,,,,,,,
H,S,B1,B2,D,,,,,,,,,,,,,,,,,,,,,,,,,,,,,,,
H,S,H,A,,,,,,,,,,,,,,,,,,,,,,,,,,,,,,,,
H,H,H,S,H,A,,,,,,,,,,,,,,,,,,,,,,,,,,,,,,
H,S,S,B1,B1,B1,B2,D,,,,,,,,,,,,,,,,,,,,,,,,,,,,
H,S,B1,R,S,H,A,,,,,,,,,,,,,,,,,,,,,,,,,,,,,
H,B1,B2,D,,,,,,,,,,,,,,,,,,,,,,,,,,,,,,,,
H,B1,B2,D,,,,,,,,,,,,,,,,,,,,,,,,,,,,,,,,
H,H,S,S,S,H,H,H,S,S,B1,B2,D,,,,,,,,,,,,,,,,,,,,,,,
H,H,B1,B2,D,,,,,,,,,,,,,,,,,,,,,,,,,,,,,,,
H,H,H,H,H,H,B1,B2,D,,,,,,,,,,,,,,,,,,,,,,,,,,,
H,S,H,H,S,S,B1,B1,B1,D,,,,,,,,,,,,,,,,,,,,,,,,,,
H,A,,,,,,,,,,,,,,,,,,,,,,,,,,,,,,,,,,
H,H,S,H,S,B2,D,,,,,,,,,,,,,,,,,,,,,,,,,,,,,
H,H,H,S,H,B1,B1,B1,B2,B2,D,,,,,,,,,,,,,,,,,,,,,,,,,
H,H,B1,B2,D,,,,,,,,,,,,,,,,,,,,,,,,,,,,,,,
H,H,H,S,S,S,S,S,B1,D,,,,,,,,,,,,,,,,,,,,,,,,,,
H,H,A,,,,,,,,,,,,,,,,,,,,,,,,,,,,,,,,,
H,S,B1,B1,B2,D,,,,,,,,,,,,,,,,,,,,,,,,,,,,,,
H,A,,,,,,,,,,,,,,,,,,,,,,,,,,,,,,,,,,
H,H,S,B1,B1,D,,,,,,,,,,,,,,,,,,,,,,,,,,,,,,
H,S,B1,B2,R,R,H,S,S,B2,D,,,,,,,,,,,,,,,,,,,,,,,,,
H,S,B1,B1,B1,B1,B1,B1,B2,D,,,,,,,,,,,,,,,,,,,,,,,,,,
H,A,,,,,,,,,,,,,,,,,,,,,,,,,,,,,,,,,,
H,H,B1,B2,D,,,,,,,,,,,,,,,,,,,,,,,,,,,,,,,
H,B1,B2,D,,,,,,,,,,,,,,,,,,,,,,,,,,,,,,,,
H,H,A,,,,,,,,,,,,,,,,,,,,,,,,,,,,,,,,,
H,H,H,H,H,S,B1,D,,,,,,,,,,,,,,,,,,,,,,,,,,,,
H,S,S,B1,B2,D,,,,,,,,,,,,,,,,,,,,,,,,,,,,,,
H,A,,,,,,,,,,,,,,,,,,,,,,,,,,,,,,,,,,
H,A,,,,,,,,,,,,,,,,,,,,,,,,,,,,,,,,,,
H,H,H,H,H,S,S,B1,R,H,S,S,B1,R,H,S,S,B1,B2,D,,,,,,,,,,,,,,,,
H,H,S,B1,B2,D,,,,,,,,,,,,,,,,,,,,,,,,,,,,,,
H,H,H,H,H,B1,R,R,R,H,H,A,,,,,,,,,,,,,,,,,,,,,,,,
H,S,B1,R,R,R,S,S,B1,B1,B2,D,,,,,,,,,,,,,,,,,,,,,,,,
H,S,B1,B1,B1,B1,D,,,,,,,,,,,,,,,,,,,,,,,,,,,,,
H,A,,,,,,,,,,,,,,,,,,,,,,,,,,,,,,,,,,
H,H,S,B1,B1,B1,B1,R,S,B2,D,,,,,,,,,,,,,,,,,,,,,,,,,
H,B1,B1,B2,D,,,,,,,,,,,,,,,,,,,,,,,,,,,,,,,
H,H,S,S,S,B1,B2,D,,,,,,,,,,,,,,,,,,,,,,,,,,,,
H,S,S,B1,D,,,,,,,,,,,,,,,,,,,,,,,,,,,,,,,
H,A,,,,,,,,,,,,,,,,,,,,,,,,,,,,,,,,,,
H,H,H,B1,R,H,S,B1,B1,B1,B1,B2,D,,,,,,,,,,,,,,,,,,,,,,,
H,H,H,A,,,,,,,,,,,,,,,,,,,,,,,,,,,,,,,,
H,H,H,H,S,S,S,S,S,B1,D,,,,,,,,,,,,,,,,,,,,,,,,,
H,H,S,S,B1,B2,D,,,,,,,,,,,,,,,,,,,,,,,,,,,,,
H,B1,B1,B2,B2,D,,,,,,,,,,,,,,,,,,,,,,,,,,,,,,
H,B1,B2,D,,,,,,,,,,,,,,,,,,,,,,,,,,,,,,,,
H,S,H,H,H,S,S,S,S,B2,B2,D,,,,,,,,,,,,,,,,,,,,,,,,
H,S,B2,D,,,,,,,,,,,,,,,,,,,,,,,,,,,,,,,,
H,S,B1,B1,B2,D,,,,,,,,,,,,,,,,,,,,,,,,,,,,,,
H,H,H,H,H,S,B2,D,,,,,,,,,,,,,,,,,,,,,,,,,,,,
H,H,A,,,,,,,,,,,,,,,,,,,,,,,,,,,,,,,,,
H,A,,,,,,,,,,,,,,,,,,,,,,,,,,,,,,,,,,
H,H,S,H,S,B1,B1,B1,B1,B1,B2,D,,,,,,,,,,,,,,,,,,,,,,,,
H,S,S,H,H,S,S,B1,B1,B1,B2,D,,,,,,,,,,,,,,,,,,,,,,,,
H,S,S,H,S,S,S,B1,B1,D,,,,,,,,,,,,,,,,,,,,,,,,,,
H,H,H,A,,,,,,,,,,,,,,,,,,,,,,,,,,,,,,,,
H,H,S,S,B1,B1,R,H,S,B1,B2,R,H,S,S,H,H,S,H,A,,,,,,,,,,,,,,,,
H,H,H,H,H,H,S,S,S,H,S,B1,R,R,R,H,H,A,,,,,,,,,,,,,,,,,,
H,S,H,H,H,S,S,H,S,B1,B1,D,,,,,,,,,,,,,,,,,,,,,,,,
H,A,,,,,,,,,,,,,,,,,,,,,,,,,,,,,,,,,,
H,B1,R,R,H,H,S,H,H,B1,B2,D,,,,,,,,,,,,,,,,,,,,,,,,
H,H,S,H,B1,B1,R,S,B1,R,H,H,A,,,,,,,,,,,,,,,,,,,,,,,
H,H,A,,,,,,,,,,,,,,,,,,,,,,,,,,,,,,,,,
H,H,B1,B2,B2,D,,,,,,,,,,,,,,,,,,,,,,,,,,,,,,
H,S,H,H,H,A,,,,,,,,,,,,,,,,,,,,,,,,,,,,,,
H,S,S,B1,B1,B2,D,,,,,,,,,,,,,,,,,,,,,,,,,,,,,
H,H,H,H,S,S,B1,D,,,,,,,,,,,,,,,,,,,,,,,,,,,,
H,B1,B2,D,,,,,,,,,,,,,,,,,,,,,,,,,,,,,,,,
H,S,S,H,S,B1,B1,B2,D,,,,,,,,,,,,,,,,,,,,,,,,,,,
H,H,H,A,,,,,,,,,,,,,,,,,,,,,,,,,,,,,,,,
H,H,H,A,,,,,,,,,,,,,,,,,,,,,,,,,,,,,,,,
H,H,S,B2,D,,,,,,,,,,,,,,,,,,,,,,,,,,,,,,,
H,H,S,S,H,B1,D,,,,,,,,,,,,,,,,,,,,,,,,,,,,,
H,S,H,B1,B2,B2,R,H,S,S,H,A,,,,,,,,,,,,,,,,,,,,,,,,
H,H,S,S,B1,B1,B1,R,R,R,H,H,B1,B1,R,B1,B2,D,,,,,,,,,,,,,,,,,,
H,H,H,S,B1,B1,B2,D,,,,,,,,,,,,,,,,,,,,,,,,,,,,
H,S,H,A,,,,,,,,,,,,,,,,,,,,,,,,,,,,,,,,
H,H,B1,D,,,,,,,,,,,,,,,,,,,,,,,,,,,,,,,,
H,H,B1,B1,B1,D,,,,,,,,,,,,,,,,,,,,,,,,,,,,,,
H,H,S,S,S,B1,B1,B1,D,,,,,,,,,,,,,,,,,,,,,,,,,,,
H,A,,,,,,,,,,,,,,,,,,,,,,,,,,,,,,,,,,
H,S,H,H,S,H,H,H,H,H,H,H,B1,B1,R,R,H,H,H,S,B1,B2,D,,,,,,,,,,,,,
H,H,B1,B1,D,,,,,,,,,,,,,,,,,,,,,,,,,,,,,,,
H,H,H,B1,B2,D,,,,,,,,,,,,,,,,,,,,,,,,,,,,,,
H,H,B1,D,,,,,,,,,,,,,,,,,,,,,,,,,,,,,,,,
H,H,H,S,B2,D,,,,,,,,,,,,,,,,,,,,,,,,,,,,,,
H,A,,,,,,,,,,,,,,,,,,,,,,,,,,,,,,,,,,
H,S,B1,B1,B2,D,,,,,,,,,,,,,,,,,,,,,,,,,,,,,,
H,H,S,B2,D,,,,,,,,,,,,,,,,,,,,,,,,,,,,,,,
H,H,H,H,H,A,,,,,,,,,,,,,,,,,,,,,,,,,,,,,,
H,A,,,,,,,,,,,,,,,,,,,,,,,,,,,,,,,,,,
H,H,H,S,H,S,H,H,A,,,,,,,,,,,,,,,,,,,,,,,,,,,
H,H,B1,B2,B2,D,,,,,,,,,,,,,,,,,,,,,,,,,,,,,,
H,S,S,H,B1,B1,R,H,H,H,S,B2,D,,,,,,,,,,,,,,,,,,,,,,,
H,H,H,B1,R,H,A,,,,,,,,,,,,,,,,,,,,,,,,,,,,,
H,S,S,B2,D,,,,,,,,,,,,,,,,,,,,,,,,,,,,,,,
H,S,B1,B1,B2,D,,,,,,,,,,,,,,,,,,,,,,,,,,,,,,
H,H,H,B1,B1,R,R,R,R,B1,B2,B2,D,,,,,,,,,,,,,,,,,,,,,,,
H,S,S,B1,B2,D,,,,,,,,,,,,,,,,,,,,,,,,,,,,,,
H,S,B2,D,,,,,,,,,,,,,,,,,,,,,,,,,,,,,,,,
H,B1,B2,D,,,,,,,,,,,,,,,,,,,,,,,,,,,,,,,,
H,H,H,A,,,,,,,,,,,,,,,,,,,,,,,,,,,,,,,,
H,S,S,H,S,S,B1,B1,R,R,S,B1,B1,D,,,,,,,,,,,,,,,,,,,,,,
H,S,B1,B1,B1,B2,B2,D,,,,,,,,,,,,,,,,,,,,,,,,,,,,
H,H,H,H,A,,,,,,,,,,,,,,,,,,,,,,,,,,,,,,,
H,H,H,A,,,,,,,,,,,,,,,,,,,,,,,,,,,,,,,,
H,H,H,S,B1,B2,D,,,,,,,,,,,,,,,,,,,,,,,,,,,,,
H,H,A,,,,,,,,,,,,,,,,,,,,,,,,,,,,,,,,,
H,H,H,H,H,B1,R,R,H,B1,B1,B1,B1,B2,D,,,,,,,,,,,,,,,,,,,,,
H,H,H,B1,B2,D,,,,,,,,,,,,,,,,,,,,,,,,,,,,,,
H,H,H,S,S,S,B1,R,H,H,A,,,,,,,,,,,,,,,,,,,,,,,,,
H,H,H,A,,,,,,,,,,,,,,,,,,,,,,,,,,,,,,,,
H,S,B2,D,,,,,,,,,,,,,,,,,,,,,,,,,,,,,,,,
H,H,S,H,H,H,H,H,S,B2,D,,,,,,,,,,,,,,,,,,,,,,,,,
H,H,S,S,B1,B2,D,,,,,,,,,,,,,,,,,,,,,,,,,,,,,
H,H,H,H,H,A,,,,,,,,,,,,,,,,,,,,,,,,,,,,,,
H,H,H,A,,,,,,,,,,,,,,,,,,,,,,,,,,,,,,,,
H,A,,,,,,,,,,,,,,,,,,,,,,,,,,,,,,,,,,
H,H,H,H,H,H,H,H,H,H,H,H,H,H,B1,B1,R,S,S,B1,B1,B1,B1,B2,D,,,,,,,,,,,
H,S,H,A,,,,,,,,,,,,,,,,,,,,,,,,,,,,,,,,
H,H,S,H,S,S,B1,B2,D,,,,,,,,,,,,,,,,,,,,,,,,,,,
H,H,A,,,,,,,,,,,,,,,,,,,,,,,,,,,,,,,,,
H,S,S,H,S,B2,R,H,H,H,B1,B2,B2,D,,,,,,,,,,,,,,,,,,,,,,
H,H,S,B1,B1,B1,B1,D,,,,,,,,,,,,,,,,,,,,,,,,,,,,
H,S,H,S,B1,B1,B2,D,,,,,,,,,,,,,,,,,,,,,,,,,,,,
H,H,B1,B2,B2,D,,,,,,,,,,,,,,,,,,,,,,,,,,,,,,
H,H,B1,B1,B2,D,,,,,,,,,,,,,,,,,,,,,,,,,,,,,,
H,H,H,S,S,S,B2,D,,,,,,,,,,,,,,,,,,,,,,,,,,,,
H,H,S,S,B1,B1,B1,B1,D,,,,,,,,,,,,,,,,,,,,,,,,,,,
H,H,H,H,H,H,S,H,S,S,S,S,S,H,H,H,H,H,S,B1,B2,R,B1,D,,,,,,,,,,,,
H,H,H,H,H,H,B1,B2,D,,,,,,,,,,,,,,,,,,,,,,,,,,,
H,A,,,,,,,,,,,,,,,,,,,,,,,,,,,,,,,,,,
H,B1,B2,D,,,,,,,,,,,,,,,,,,,,,,,,,,,,,,,,
H,H,H,H,H,H,H,H,A,,,,,,,,,,,,,,,,,,,,,,,,,,,
H,S,S,S,B2,D,,,,,,,,,,,,,,,,,,,,,,,,,,,,,,
H,H,S,H,H,H,S,S,B1,B1,D,,,,,,,,,,,,,,,,,,,,,,,,,
H,H,B1,B2,D,,,,,,,,,,,,,,,,,,,,,,,,,,,,,,,
H,S,B1,B1,B2,D,,,,,,,,,,,,,,,,,,,,,,,,,,,,,,
H,H,S,S,S,S,H,H,H,H,S,H,A,,,,,,,,,,,,,,,,,,,,,,,
H,H,H,B1,B1,R,H,A,,,,,,,,,,,,,,,,,,,,,,,,,,,,
H,H,H,S,H,H,H,H,H,S,B2,D,,,,,,,,,,,,,,,,,,,,,,,,
H,H,B1,B1,B1,B1,B2,D,,,,,,,,,,,,,,,,,,,,,,,,,,,,
H,A,,,,,,,,,,,,,,,,,,,,,,,,,,,,,,,,,,
H,H,H,S,B2,D,,,,,,,,,,,,,,,,,,,,,,,,,,,,,,
H,A,,,,,,,,,,,,,,,,,,,,,,,,,,,,,,,,,,
H,H,H,H,H,H,H,B1,R,S,B1,B2,D,,,,,,,,,,,,,,,,,,,,,,,
H,H,H,H,H,S,H,H,A,,,,,,,,,,,,,,,,,,,,,,,,,,,
H,H,S,B1,B2,B2,D,,,,,,,,,,,,,,,,,,,,,,,,,,,,,
H,A,,,,,,,,,,,,,,,,,,,,,,,,,,,,,,,,,,
H,H,A,,,,,,,,,,,,,,,,,,,,,,,,,,,,,,,,,
H,S,S,S,S,S,B1,R,H,S,S,S,B1,B1,D,,,,,,,,,,,,,,,,,,,,,
H,A,,,,,,,,,,,,,,,,,,,,,,,,,,,,,,,,,,
H,S,S,B1,B2,D,,,,,,,,,,,,,,,,,,,,,,,,,,,,,,
H,H,S,B2,D,,,,,,,,,,,,,,,,,,,,,,,,,,,,,,,
H,H,H,S,H,B1,B2,D,,,,,,,,,,,,,,,,,,,,,,,,,,,,
H,S,B1,D,,,,,,,,,,,,,,,,,,,,,,,,,,,,,,,,
H,H,H,H,B1,B2,D,,,,,,,,,,,,,,,,,,,,,,,,,,,,,
H,A,,,,,,,,,,,,,,,,,,,,,,,,,,,,,,,,,,
H,S,B2,D,,,,,,,,,,,,,,,,,,,,,,,,,,,,,,,,
H,H,B1,B1,B1,R,H,S,S,B1,B1,B2,D,,,,,,,,,,,,,,,,,,,,,,,
H,H,H,H,A,,,,,,,,,,,,,,,,,,,,,,,,,,,,,,,
H,H,H,H,H,H,S,S,B1,B2,D,,,,,,,,,,,,,,,,,,,,,,,,,
H,A,,,,,,,,,,,,,,,,,,,,,,,,,,,,,,,,,,
H,S,B1,B1,B2,D,,,,,,,,,,,,,,,,,,,,,,,,,,,,,,
H,H,S,B1,B2,D,,,,,,,,,,,,,,,,,,,,,,,,,,,,,,
H,H,S,B1,B1,D,,,,,,,,,,,,,,,,,,,,,,,,,,,,,,
H,H,S,B1,B2,B2,D,,,,,,,,,,,,,,,,,,,,,,,,,,,,,
H,H,S,S,S,S,H,H,S,B1,B1,B1,D,,,,,,,,,,,,,,,,,,,,,,,
H,H,S,S,H,S,B2,D,,,,,,,,,,,,,,,,,,,,,,,,,,,,
H,S,S,S,S,S,B2,D,,,,,,,,,,,,,,,,,,,,,,,,,,,,
H,H,H,H,H,H,H,S,S,S,B1,B2,D,,,,,,,,,,,,,,,,,,,,,,,
H,H,B1,B2,R,H,S,B1,D,,,,,,,,,,,,,,,,,,,,,,,,,,,
H,H,H,S,S,S,H,H,B1,B2,B2,D,,,,,,,,,,,,,,,,,,,,,,,,
H,S,B1,R,H,B1,B1,B1,B1,B1,R,R,R,R,S,H,S,B1,D,,,,,,,,,,,,,,,,,
H,H,B1,R,H,S,H,H,B1,R,B1,R,H,H,H,S,B1,B2,D,,,,,,,,,,,,,,,,,
H,S,S,B1,R,H,H,H,B1,D,,,,,,,,,,,,,,,,,,,,,,,,,,
H,H,A,,,,,,,,,,,,,,,,,,,,,,,,,,,,,,,,,
H,S,H,B1,B2,D,,,,,,,,,,,,,,,,,,,,,,,,,,,,,,
H,H,H,H,H,H,H,H,H,S,B1,B1,B2,D,,,,,,,,,,,,,,,,,,,,,,
H,H,H,H,B1,R,S,B1,B2,B2,D,,,,,,,,,,,,,,,,,,,,,,,,,
H,H,S,S,B1,B2,D,,,,,,,,,,,,,,,,,,,,,,,,,,,,,
H,H,H,B1,B2,D,,,,,,,,,,,,,,,,,,,,,,,,,,,,,,
H,H,H,S,S,B1,R,R,B1,B2,D,,,,,,,,,,,,,,,,,,,,,,,,,
H,S,B1,B2,D,,,,,,,,,,,,,,,,,,,,,,,,,,,,,,,
H,H,S,H,S,B1,B1,B2,B2,B2,R,S,H,H,H,H,H,S,B1,D,,,,,,,,,,,,,,,,
H,H,B1,B2,D,,,,,,,,,,,,,,,,,,,,,,,,,,,,,,,
H,H,H,H,S,B1,D,,,,,,,,,,,,,,,,,,,,,,,,,,,,,
H,S,B1,B2,D,,,,,,,,,,,,,,,,,,,,,,,,,,,,,,,
H,S,H,S,S,S,B1,B2,D,,,,,,,,,,,,,,,,,,,,,,,,,,,
H,B1,B1,B1,B2,D,,,,,,,,,,,,,,,,,,,,,,,,,,,,,,
H,H,S,S,B1,B1,B1,B1,B2,D,,,,,,,,,,,,,,,,,,,,,,,,,,
H,B1,B1,B2,D,,,,,,,,,,,,,,,,,,,,,,,,,,,,,,,
H,S,S,B1,B1,B1,B2,R,R,B1,B2,D,,,,,,,,,,,,,,,,,,,,,,,,
H,H,H,H,H,S,B1,B1,D,,,,,,,,,,,,,,,,,,,,,,,,,,,
H,H,S,H,S,S,S,H,H,S,B1,B1,B2,B2,B2,B2,D,,,,,,,,,,,,,,,,,,,
H,S,S,B1,R,B1,B2,D,,,,,,,,,,,,,,,,,,,,,,,,,,,,
H,S,S,B1,B1,B2,B2,D,,,,,,,,,,,,,,,,,,,,,,,,,,,,
H,S,S,B1,R,S,B2,D,,,,,,,,,,,,,,,,,,,,,,,,,,,,
H,B1,B2,D,,,,,,,,,,,,,,,,,,,,,,,,,,,,,,,,
H,H,H,B1,B2,D,,,,,,,,,,,,,,,,,,,,,,,,,,,,,,
H,H,H,H,H,A,,,,,,,,,,,,,,,,,,,,,,,,,,,,,,
H,S,S,H,S,S,S,H,H,H,H,S,B2,D,,,,,,,,,,,,,,,,,,,,,,
H,H,H,H,S,S,H,S,B1,B1,B1,B2,D,,,,,,,,,,,,,,,,,,,,,,,
H,H,S,S,B1,B2,D,,,,,,,,,,,,,,,,,,,,,,,,,,,,,
H,S,B1,B1,B1,B2,D,,,,,,,,,,,,,,,,,,,,,,,,,,,,,
H,H,H,A,,,,,,,,,,,,,,,,,,,,,,,,,,,,,,,,
H,A,,,,,,,,,,,,,,,,,,,,,,,,,,,,,,,,,,
H,H,H,S,B2,D,,,,,,,,,,,,,,,,,,,,,,,,,,,,,,
H,H,A,,,,,,,,,,,,,,,,,,,,,,,,,,,,,,,,,
H,H,H,S,S,S,B1,B2,D,,,,,,,,,,,,,,,,,,,,,,,,,,,
H,H,S,S,B1,B1,B1,B1,D,,,,,,,,,,,,,,,,,,,,,,,,,,,
H,B1,B2,D,,,,,,,,,,,,,,,,,,,,,,,,,,,,,,,,
H,H,S,S,B1,R,H,S,S,S,B1,B2,D,,,,,,,,,,,,,,,,,,,,,,,
H,H,H,A,,,,,,,,,,,,,,,,,,,,,,,,,,,,,,,,
H,H,S,B1,R,R,R,S,B1,B2,D,,,,,,,,,,,,,,,,,,,,,,,,,
H,H,A,,,,,,,,,,,,,,,,,,,,,,,,,,,,,,,,,
H,S,H,S,H,B1,B1,R,H,S,B1,B1,B1,B1,B1,B1,B2,D,,,,,,,,,,,,,,,,,,
H,S,H,H,S,S,H,H,H,H,S,S,B2,D,,,,,,,,,,,,,,,,,,,,,,
H,S,S,S,S,S,B2,B2,D,,,,,,,,,,,,,,,,,,,,,,,,,,,
H,S,B1,B2,D,,,,,,,,,,,,,,,,,,,,,,,,,,,,,,,
H,A,,,,,,,,,,,,,,,,,,,,,,,,,,,,,,,,,,
H,H,A,,,,,,,,,,,,,,,,,,,,,,,,,,,,,,,,,
H,H,S,B2,R,B1,B2,D,,,,,,,,,,,,,,,,,,,,,,,,,,,,
H,S,B1,R,H,B1,B2,D,,,,,,,,,,,,,,,,,,,,,,,,,,,,
H,H,A,,,,,,,,,,,,,,,,,,,,,,,,,,,,,,,,,
H,S,B2,D,,,,,,,,,,,,,,,,,,,,,,,,,,,,,,,,
H,S,B1,B1,B2,D,,,,,,,,,,,,,,,,,,,,,,,,,,,,,,
H,H,H,S,B1,B2,B2,B2,D,,,,,,,,,,,,,,,,,,,,,,,,,,,
H,H,H,H,S,B1,B1,B2,B2,D,,,,,,,,,,,,,,,,,,,,,,,,,,
H,B1,B2,B2,D,,,,,,,,,,,,,,,,,,,,,,,,,,,,,,,
H,S,S,B1,B1,B2,D,,,,,,,,,,,,,,,,,,,,,,,,,,,,,
H,A,,,,,,,,,,,,,,,,,,,,,,,,,,,,,,,,,,
H,S,S,B1,B2,B2,D,,,,,,,,,,,,,,,,,,,,,,,,,,,,,
H,A,,,,,,,,,,,,,,,,,,,,,,,,,,,,,,,,,,
H,B1,B2,D,,,,,,,,,,,,,,,,,,,,,,,,,,,,,,,,
H,H,A,,,,,,,,,,,,,,,,,,,,,,,,,,,,,,,,,
H,H,A,,,,,,,,,,,,,,,,,,,,,,,,,,,,,,,,,
H,A,,,,,,,,,,,,,,,,,,,,,,,,,,,,,,,,,,
H,S,B2,D,,,,,,,,,,,,,,,,,,,,,,,,,,,,,,,,
H,S,B1,B1,R,S,H,H,S,H,H,H,H,S,H,H,H,S,B1,B2,D,,,,,,,,,,,,,,,
H,H,S,B1,B2,D,,,,,,,,,,,,,,,,,,,,,,,,,,,,,,
H,H,H,B1,B1,B1,B2,D,,,,,,,,,,,,,,,,,,,,,,,,,,,,
H,H,A,,,,,,,,,,,,,,,,,,,,,,,,,,,,,,,,,
H,B1,B2,D,,,,,,,,,,,,,,,,,,,,,,,,,,,,,,,,
H,S,S,H,S,S,S,S,S,S,B1,B1,B2,D,,,,,,,,,,,,,,,,,,,,,,
H,B1,R,S,H,S,S,S,H,S,S,S,B2,D,,,,,,,,,,,,,,,,,,,,,,
H,S,B1,B1,B2,D,,,,,,,,,,,,,,,,,,,,,,,,,,,,,,
H,S,B1,B1,B2,D,,,,,,,,,,,,,,,,,,,,,,,,,,,,,,
H,S,B1,B1,R,S,B1,B1,B1,B2,D,,,,,,,,,,,,,,,,,,,,,,,,,
H,B1,B2,D,,,,,,,,,,,,,,,,,,,,,,,,,,,,,,,,
H,H,H,S,S,S,B1,B2,B2,D,,,,,,,,,,,,,,,,,,,,,,,,,,
H,H,S,S,S,B1,R,S,B1,B1,R,R,R,S,S,S,S,S,S,B1,B1,R,H,A,,,,,,,,,,,,
H,A,,,,,,,,,,,,,,,,,,,,,,,,,,,,,,,,,,
H,H,H,S,B1,B1,B1,B2,B2,D,,,,,,,,,,,,,,,,,,,,,,,,,,
H,H,H,H,H,B1,D,,,,,,,,,,,,,,,,,,,,,,,,,,,,,
H,S,S,H,S,S,H,H,H,H,S,B2,D,,,,,,,,,,,,,,,,,,,,,,,
H,H,H,H,S,S,S,B1,B2,B2,B2,D,,,,,,,,,,,,,,,,,,,,,,,,
H,S,S,H,H,H,A,,,,,,,,,,,,,,,,,,,,,,,,,,,,,
H,H,H,H,H,A,,,,,,,,,,,,,,,,,,,,,,,,,,,,,,
H,B1,B2,D,,,,,,,,,,,,,,,,,,,,,,,,,,,,,,,,
H,H,H,S,H,A,,,,,,,,,,,,,,,,,,,,,,,,,,,,,,
H,H,H,H,S,B1,B1,B1,B2,D,,,,,,,,,,,,,,,,,,,,,,,,,,
H,A,,,,,,,,,,,,,,,,,,,,,,,,,,,,,,,,,,
H,H,H,H,S,S,B1,B1,B1,R,S,H,A,,,,,,,,,,,,,,,,,,,,,,,
H,A,,,,,,,,,,,,,,,,,,,,,,,,,,,,,,,,,,
H,S,H,H,B1,B1,B1,B2,D,,,,,,,,,,,,,,,,,,,,,,,,,,,
H,H,H,H,H,H,A,,,,,,,,,,,,,,,,,,,,,,,,,,,,,
H,S,S,S,S,S,S,B1,R,H,S,S,S,B2,D,,,,,,,,,,,,,,,,,,,,,
H,S,B2,R,H,H,H,H,A,,,,,,,,,,,,,,,,,,,,,,,,,,,
H,S,S,B2,D,,,,,,,,,,,,,,,,,,,,,,,,,,,,,,,
H,S,B1,B2,D,,,,,,,,,,,,,,,,,,,,,,,,,,,,,,,
H,S,S,S,B1,B1,B1,B1,B2,D,,,,,,,,,,,,,,,,,,,,,,,,,,
H,S,B2,B2,D,,,,,,,,,,,,,,,,,,,,,,,,,,,,,,,
H,H,H,B1,B1,B1,B1,R,R,H,H,H,H,B1,D,,,,,,,,,,,,,,,,,,,,,
H,A,,,,,,,,,,,,,,,,,,,,,,,,,,,,,,,,,,
H,H,H,H,H,H,B1,D,,,,,,,,,,,,,,,,,,,,,,,,,,,,
H,A,,,,,,,,,,,,,,,,,,,,,,,,,,,,,,,,,,
H,B1,B1,B1,B2,D,,,,,,,,,,,,,,,,,,,,,,,,,,,,,,
H,H,H,H,S,B2,D,,,,,,,,,,,,,,,,,,,,,,,,,,,,,
H,S,H,S,B1,B1,B2,D,,,,,,,,,,,,,,,,,,,,,,,,,,,,
H,S,B1,B2,D,,,,,,,,,,,,,,,,,,,,,,,,,,,,,,,
H,A,,,,,,,,,,,,,,,,,,,,,,,,,,,,,,,,,,
H,H,H,S,B2,D,,,,,,,,,,,,,,,,,,,,,,,,,,,,,,
H,H,H,S,B1,R,R,R,R,S,B1,B2,D,,,,,,,,,,,,,,,,,,,,,,,
H,S,S,B1,B1,R,S,B1,B1,R,H,H,H,S,B1,R,H,H,B1,B2,B2,D,,,,,,,,,,,,,,
H,S,H,S,B1,B1,B2,D,,,,,,,,,,,,,,,,,,,,,,,,,,,,
H,H,H,S,H,B1,D,,,,,,,,,,,,,,,,,,,,,,,,,,,,,
H,A,,,,,,,,,,,,,,,,,,,,,,,,,,,,,,,,,,
H,B1,D,,,,,,,,,,,,,,,,,,,,,,,,,,,,,,,,,
H,B1,B2,D,,,,,,,,,,,,,,,,,,,,,,,,,,,,,,,,
H,H,H,H,H,H,B1,B2,D,,,,,,,,,,,,,,,,,,,,,,,,,,,
H,A,,,,,,,,,,,,,,,,,,,,,,,,,,,,,,,,,,
H,H,A,,,,,,,,,,,,,,,,,,,,,,,,,,,,,,,,,
H,S,B1,B2,D,,,,,,,,,,,,,,,,,,,,,,,,,,,,,,,
H,H,H,H,B1,B2,D,,,,,,,,,,,,,,,,,,,,,,,,,,,,,
H,H,H,H,S,B1,B2,D,,,,,,,,,,,,,,,,,,,,,,,,,,,,
H,H,S,S,B1,R,S,H,B1,B1,B2,B2,D,,,,,,,,,,,,,,,,,,,,,,,
H,S,S,B2,D,,,,,,,,,,,,,,,,,,,,,,,,,,,,,,,
H,S,S,H,S,B1,B2,D,,,,,,,,,,,,,,,,,,,,,,,,,,,,
H,S,B1,B2,D,,,,,,,,,,,,,,,,,,,,,,,,,,,,,,,
H,A,,,,,,,,,,,,,,,,,,,,,,,,,,,,,,,,,,
H,B1,B2,D,,,,,,,,,,,,,,,,,,,,,,,,,,,,,,,,
H,S,S,S,B1,B1,B2,D,,,,,,,,,,,,,,,,,,,,,,,,,,,,
H,H,A,,,,,,,,,,,,,,,,,,,,,,,,,,,,,,,,,
H,B1,B2,R,R,B1,B1,B2,D,,,,,,,,,,,,,,,,,,,,,,,,,,,
H,H,B1,B2,D,,,,,,,,,,,,,,,,,,,,,,,,,,,,,,,
H,H,S,S,S,S,H,H,H,H,H,A,,,,,,,,,,,,,,,,,,,,,,,,
H,S,S,B1,B2,D,,,,,,,,,,,,,,,,,,,,,,,,,,,,,,
H,A,,,,,,,,,,,,,,,,,,,,,,,,,,,,,,,,,,
H,S,S,B2,B2,D,,,,,,,,,,,,,,,,,,,,,,,,,,,,,,
H,H,H,A,,,,,,,,,,,,,,,,,,,,,,,,,,,,,,,,
H,B1,R,S,B2,B2,D,,,,,,,,,,,,,,,,,,,,,,,,,,,,,
H,H,H,B1,B1,B1,B2,D,,,,,,,,,,,,,,,,,,,,,,,,,,,,
H,H,H,H,H,S,H,H,S,B1,B2,B2,D,,,,,,,,,,,,,,,,,,,,,,,
H,B1,B2,D,,,,,,,,,,,,,,,,,,,,,,,,,,,,,,,,
H,A,,,,,,,,,,,,,,,,,,,,,,,,,,,,,,,,,,
H,S,B1,B1,B2,D,,,,,,,,,,,,,,,,,,,,,,,,,,,,,,
H,S,B1,B2,D,,,,,,,,,,,,,,,,,,,,,,,,,,,,,,,
H,S,H,H,B1,B2,D,,,,,,,,,,,,,,,,,,,,,,,,,,,,,
H,H,H,H,B1,D,,,,,,,,,,,,,,,,,,,,,,,,,,,,,,
H,S,H,S,B1,D,,,,,,,,,,,,,,,,,,,,,,,,,,,,,,
H,S,S,B1,B1,B2,D,,,,,,,,,,,,,,,,,,,,,,,,,,,,,
H,S,S,B1,B2,B2,D,,,,,,,,,,,,,,,,,,,,,,,,,,,,,
H,S,B1,B1,D,,,,,,,,,,,,,,,,,,,,,,,,,,,,,,,
H,S,B1,D,,,,,,,,,,,,,,,,,,,,,,,,,,,,,,,,
H,A,,,,,,,,,,,,,,,,,,,,,,,,,,,,,,,,,,
H,H,H,H,S,S,S,S,S,H,S,S,S,S,H,A,,,,,,,,,,,,,,,,,,,,
H,A,,,,,,,,,,,,,,,,,,,,,,,,,,,,,,,,,,
H,H,H,A,,,,,,,,,,,,,,,,,,,,,,,,,,,,,,,,
H,S,B1,B1,B2,D,,,,,,,,,,,,,,,,,,,,,,,,,,,,,,
H,H,H,H,S,S,H,S,S,S,B1,B2,D,,,,,,,,,,,,,,,,,,,,,,,
H,H,H,S,B2,D,,,,,,,,,,,,,,,,,,,,,,,,,,,,,,
H,S,H,H,H,B1,B1,B1,B2,R,H,H,A,,,,,,,,,,,,,,,,,,,,,,,
H,S,S,B2,B2,D,,,,,,,,,,,,,,,,,,,,,,,,,,,,,,
H,H,H,H,B1,D,,,,,,,,,,,,,,,,,,,,,,,,,,,,,,
H,S,H,H,A,,,,,,,,,,,,,,,,,,,,,,,,,,,,,,,
H,H,B1,D,,,,,,,,,,,,,,,,,,,,,,,,,,,,,,,,
H,S,B1,B2,D,,,,,,,,,,,,,,,,,,,,,,,,,,,,,,,
H,S,S,H,S,B1,R,R,H,H,S,B1,B1,B2,D,,,,,,,,,,,,,,,,,,,,,
H,S,B1,B2,R,R,H,S,H,S,B1,B1,D,,,,,,,,,,,,,,,,,,,,,,,
H,H,H,B1,B2,B2,D,,,,,,,,,,,,,,,,,,,,,,,,,,,,,
H,S,H,B1,B2,D,,,,,,,,,,,,,,,,,,,,,,,,,,,,,,
H,B1,B2,D,,,,,,,,,,,,,,,,,,,,,,,,,,,,,,,,
H,B1,R,H,B1,B2,D,,,,,,,,,,,,,,,,,,,,,,,,,,,,,
H,A,,,,,,,,,,,,,,,,,,,,,,,,,,,,,,,,,,
H,H,H,H,B1,B2,D,,,,,,,,,,,,,,,,,,,,,,,,,,,,,
H,A,,,,,,,,,,,,,,,,,,,,,,,,,,,,,,,,,,
H,S,H,A,,,,,,,,,,,,,,,,,,,,,,,,,,,,,,,,
H,S,B1,B2,D,,,,,,,,,,,,,,,,,,,,,,,,,,,,,,,
H,H,S,S,H,H,H,B1,B2,R,R,H,A,,,,,,,,,,,,,,,,,,,,,,,
H,H,H,S,B1,B2,D,,,,,,,,,,,,,,,,,,,,,,,,,,,,,
H,H,S,S,H,H,H,H,H,B1,D,,,,,,,,,,,,,,,,,,,,,,,,,
H,H,H,S,B2,B2,D,,,,,,,,,,,,,,,,,,,,,,,,,,,,,
H,H,S,S,H,H,H,H,S,B1,B2,B2,B2,D,,,,,,,,,,,,,,,,,,,,,,
H,H,A,,,,,,,,,,,,,,,,,,,,,,,,,,,,,,,,,
H,A,,,,,,,,,,,,,,,,,,,,,,,,,,,,,,,,,,
H,A,,,,,,,,,,,,,,,,,,,,,,,,,,,,,,,,,,
H,S,B1,B2,D,,,,,,,,,,,,,,,,,,,,,,,,,,,,,,,
H,H,S,B1,B2,D,,,,,,,,,,,,,,,,,,,,,,,,,,,,,,
H,S,B2,D,,,,,,,,,,,,,,,,,,,,,,,,,,,,,,,,
H,H,S,B1,R,R,R,R,H,H,H,H,S,S,H,H,H,S,B1,R,H,H,A,,,,,,,,,,,,,
H,H,H,H,H,H,B1,B1,B1,B1,B2,D,,,,,,,,,,,,,,,,,,,,,,,,
H,A,,,,,,,,,,,,,,,,,,,,,,,,,,,,,,,,,,
H,H,S,B1,R,B1,D,,,,,,,,,,,,,,,,,,,,,,,,,,,,,
H,H,H,H,H,H,H,S,S,B1,B1,B1,B1,B1,B1,B1,B2,D,,,,,,,,,,,,,,,,,,
H,H,H,B1,B1,B1,B2,D,,,,,,,,,,,,,,,,,,,,,,,,,,,,
H,H,H,S,S,H,H,A,,,,,,,,,,,,,,,,,,,,,,,,,,,,
H,H,H,B1,B2,D,,,,,,,,,,,,,,,,,,,,,,,,,,,,,,
H,S,H,B1,B2,B2,D,,,,,,,,,,,,,,,,,,,,,,,,,,,,,
H,H,S,B1,R,R,S,B1,B1,R,S,S,B1,R,R,S,H,A,,,,,,,,,,,,,,,,,,
H,S,B1,D,,,,,,,,,,,,,,,,,,,,,,,,,,,,,,,,
H,H,H,H,H,H,S,B1,B2,D,,,,,,,,,,,,,,,,,,,,,,,,,,
H,H,H,B1,B2,D,,,,,,,,,,,,,,,,,,,,,,,,,,,,,,
H,H,S,S,S,B1,B1,B2,D,,,,,,,,,,,,,,,,,,,,,,,,,,,
H,S,B1,B1,B1,B1,B1,B2,D,,,,,,,,,,,,,,,,,,,,,,,,,,,
H,S,B1,B2,D,,,,,,,,,,,,,,,,,,,,,,,,,,,,,,,
H,H,H,H,S,B1,B2,B2,D,,,,,,,,,,,,,,,,,,,,,,,,,,,
H,H,A,,,,,,,,,,,,,,,,,,,,,,,,,,,,,,,,,
H,S,S,H,H,H,H,H,A,,,,,,,,,,,,,,,,,,,,,,,,,,,
H,S,S,B1,R,R,R,R,R,R,B1,B2,D,,,,,,,,,,,,,,,,,,,,,,,
H,S,B1,B2,D,,,,,,,,,,,,,,,,,,,,,,,,,,,,,,,
H,H,S,B1,B1,D,,,,,,,,,,,,,,,,,,,,,,,,,,,,,,
H,S,S,S,B1,B1,B2,D,,,,,,,,,,,,,,,,,,,,,,,,,,,,
H,B1,R,S,B1,D,,,,,,,,,,,,,,,,,,,,,,,,,,,,,,
H,S,H,S,S,S,H,S,S,B1,B1,B2,D,,,,,,,,,,,,,,,,,,,,,,,
H,H,S,H,S,S,S,S,S,H,B1,B2,D,,,,,,,,,,,,,,,,,,,,,,,
H,B1,R,B1,B1,D,,,,,,,,,,,,,,,,,,,,,,,,,,,,,,
H,H,S,B1,B2,R,S,B2,D,,,,,,,,,,,,,,,,,,,,,,,,,,,
H,S,B1,B1,B1,B2,B2,D,,,,,,,,,,,,,,,,,,,,,,,,,,,,
H,H,S,H,H,B1,B1,B1,B1,R,B1,B2,B2,D,,,,,,,,,,,,,,,,,,,,,,
H,H,H,S,B1,B1,R,H,H,H,A,,,,,,,,,,,,,,,,,,,,,,,,,
H,H,S,S,B1,B2,D,,,,,,,,,,,,,,,,,,,,,,,,,,,,,
H,H,S,S,B1,D,,,,,,,,,,,,,,,,,,,,,,,,,,,,,,
H,S,B2,D,,,,,,,,,,,,,,,,,,,,,,,,,,,,,,,,
H,H,S,S,S,S,S,S,S,S,H,S,S,B1,R,R,S,B1,B1,B2,D,,,,,,,,,,,,,,,
H,S,B1,B2,D,,,,,,,,,,,,,,,,,,,,,,,,,,,,,,,
H,H,S,S,S,S,S,S,B1,B2,B2,B2,D,,,,,,,,,,,,,,,,,,,,,,,
H,B1,B1,B2,D,,,,,,,,,,,,,,,,,,,,,,,,,,,,,,,
H,H,H,A,,,,,,,,,,,,,,,,,,,,,,,,,,,,,,,,
H,S,S,B1,B2,D,,,,,,,,,,,,,,,,,,,,,,,,,,,,,,
H,H,H,S,H,H,H,A,,,,,,,,,,,,,,,,,,,,,,,,,,,,
H,B1,B1,R,R,R,R,H,H,H,H,S,B2,D,,,,,,,,,,,,,,,,,,,,,,
H,H,H,S,S,S,B1,R,R,S,S,B1,B1,R,H,S,B1,B1,B2,D,,,,,,,,,,,,,,,,
H,S,B1,B2,D,,,,,,,,,,,,,,,,,,,,,,,,,,,,,,,
H,H,H,B1,B2,D,,,,,,,,,,,,,,,,,,,,,,,,,,,,,,
H,H,S,B1,R,R,H,H,H,H,H,A,,,,,,,,,,,,,,,,,,,,,,,,
H,A,,,,,,,,,,,,,,,,,,,,,,,,,,,,,,,,,,
H,H,S,S,S,S,S,B2,D,,,,,,,,,,,,,,,,,,,,,,,,,,,
H,B1,B1,B1,B2,D,,,,,,,,,,,,,,,,,,,,,,,,,,,,,,
H,S,S,B1,B1,R,R,R,H,S,S,H,S,B1,B1,B1,B1,D,,,,,,,,,,,,,,,,,,
H,B1,R,H,S,H,S,B1,R,H,H,A,,,,,,,,,,,,,,,,,,,,,,,,
H,H,H,H,S,B1,R,S,S,S,B2,B2,D,,,,,,,,,,,,,,,,,,,,,,,
H,H,H,H,S,S,H,S,S,S,S,B1,B1,B1,B2,D,,,,,,,,,,,,,,,,,,,,
H,S,B1,R,H,A,,,,,,,,,,,,,,,,,,,,,,,,,,,,,,
H,H,H,H,S,B2,D,,,,,,,,,,,,,,,,,,,,,,,,,,,,,
H,H,H,S,H,S,S,S,S,B1,B1,B1,B2,D,,,,,,,,,,,,,,,,,,,,,,
H,A,,,,,,,,,,,,,,,,,,,,,,,,,,,,,,,,,,
H,H,A,,,,,,,,,,,,,,,,,,,,,,,,,,,,,,,,,
H,B1,B1,B1,B1,B2,D,,,,,,,,,,,,,,,,,,,,,,,,,,,,,
H,H,H,B1,B1,B2,R,H,H,H,H,B1,R,B1,B1,R,R,R,H,S,B1,B2,D,,,,,,,,,,,,,
H,S,S,B1,R,R,R,B1,B1,B1,D,,,,,,,,,,,,,,,,,,,,,,,,,
H,H,H,H,H,S,B1,B1,B2,D,,,,,,,,,,,,,,,,,,,,,,,,,,
H,S,S,B1,B2,D,,,,,,,,,,,,,,,,,,,,,,,,,,,,,,
H,S,B2,D,,,,,,,,,,,,,,,,,,,,,,,,,,,,,,,,
H,S,S,S,H,H,H,S,H,B1,D,,,,,,,,,,,,,,,,,,,,,,,,,
H,H,H,H,S,B1,B1,B1,B2,D,,,,,,,,,,,,,,,,,,,,,,,,,,
H,S,B2,D,,,,,,,,,,,,,,,,,,,,,,,,,,,,,,,,
H,H,S,S,B1,R,H,H,H,H,S,B1,B1,B2,D,,,,,,,,,,,,,,,,,,,,,
H,H,S,S,B1,B2,D,,,,,,,,,,,,,,,,,,,,,,,,,,,,,
H,H,S,B1,B2,D,,,,,,,,,,,,,,,,,,,,,,,,,,,,,,
H,H,B1,B2,D,,,,,,,,,,,,,,,,,,,,,,,,,,,,,,,
H,S,S,H,H,H,H,A,,,,,,,,,,,,,,,,,,,,,,,,,,,,
H,H,H,H,H,H,H,A,,,,,,,,,,,,,,,,,,,,,,,,,,,,
H,B1,B1,B1,D,,,,,,,,,,,,,,,,,,,,,,,,,,,,,,,
H,B1,B2,D,,,,,,,,,,,,,,,,,,,,,,,,,,,,,,,,
H,S,S,S,S,B1,B1,D,,,,,,,,,,,,,,,,,,,,,,,,,,,,
H,H,S,S,S,S,S,H,H,H,H,A,,,,,,,,,,,,,,,,,,,,,,,,
H,H,H,H,H,H,S,H,S,H,H,S,B1,R,H,S,S,B1,B1,B2,D,,,,,,,,,,,,,,,
H,S,B2,D,,,,,,,,,,,,,,,,,,,,,,,,,,,,,,,,
H,S,B1,B1,B1,B2,D,,,,,,,,,,,,,,,,,,,,,,,,,,,,,
H,S,S,B1,B1,B2,D,,,,,,,,,,,,,,,,,,,,,,,,,,,,,
H,H,H,S,S,H,H,S,B2,D,,,,,,,,,,,,,,,,,,,,,,,,,,
H,H,H,H,H,S,H,A,,,,,,,,,,,,,,,,,,,,,,,,,,,,
H,H,S,S,H,H,A,,,,,,,,,,,,,,,,,,,,,,,,,,,,,
H,S,H,S,B1,R,H,H,S,S,B1,B1,B2,B2,D,,,,,,,,,,,,,,,,,,,,,
H,B1,B2,D,,,,,,,,,,,,,,,,,,,,,,,,,,,,,,,,
H,H,A,,,,,,,,,,,,,,,,,,,,,,,,,,,,,,,,,
H,H,A,,,,,,,,,,,,,,,,,,,,,,,,,,,,,,,,,
H,B1,B2,D,,,,,,,,,,,,,,,,,,,,,,,,,,,,,,,,
H,B1,B1,B1,D,,,,,,,,,,,,,,,,,,,,,,,,,,,,,,,
H,S,H,H,B1,B2,B2,D,,,,,,,,,,,,,,,,,,,,,,,,,,,,
H,H,A,,,,,,,,,,,,,,,,,,,,,,,,,,,,,,,,,
H,A,,,,,,,,,,,,,,,,,,,,,,,,,,,,,,,,,,
H,H,H,S,B1,B2,D,,,,,,,,,,,,,,,,,,,,,,,,,,,,,
H,H,S,B1,B1,R,R,R,R,H,S,B1,R,S,S,H,B1,B2,D,,,,,,,,,,,,,,,,,
H,H,S,H,A,,,,,,,,,,,,,,,,,,,,,,,,,,,,,,,
H,A,,,,,,,,,,,,,,,,,,,,,,,,,,,,,,,,,,
H,H,H,B1,D,,,,,,,,,,,,,,,,,,,,,,,,,,,,,,,
H,H,H,H,H,H,A,,,,,,,,,,,,,,,,,,,,,,,,,,,,,
H,H,H,H,B1,D,,,,,,,,,,,,,,,,,,,,,,,,,,,,,,
H,H,H,H,S,B1,B1,B2,D,,,,,,,,,,,,,,,,,,,,,,,,,,,
H,H,S,S,B1,B2,D,,,,,,,,,,,,,,,,,,,,,,,,,,,,,
H,S,S,S,S,B2,D,,,,,,,,,,,,,,,,,,,,,,,,,,,,,
H,S,H,H,B1,D,,,,,,,,,,,,,,,,,,,,,,,,,,,,,,
H,H,S,B1,B1,B2,D,,,,,,,,,,,,,,,,,,,,,,,,,,,,,
H,H,H,H,A,,,,,,,,,,,,,,,,,,,,,,,,,,,,,,,
H,H,H,H,A,,,,,,,,,,,,,,,,,,,,,,,,,,,,,,,
H,B1,B2,D,,,,,,,,,,,,,,,,,,,,,,,,,,,,,,,,
H,A,,,,,,,,,,,,,,,,,,,,,,,,,,,,,,,,,,
H,S,S,S,S,S,B1,D,,,,,,,,,,,,,,,,,,,,,,,,,,,,
H,S,B1,B1,B1,B2,D,,,,,,,,,,,,,,,,,,,,,,,,,,,,,
H,H,S,H,A,,,,,,,,,,,,,,,,,,,,,,,,,,,,,,,
H,H,H,H,S,H,B1,B2,D,,,,,,,,,,,,,,,,,,,,,,,,,,,
H,A,,,,,,,,,,,,,,,,,,,,,,,,,,,,,,,,,,
H,H,S,B1,B1,R,S,H,H,H,A,,,,,,,,,,,,,,,,,,,,,,,,,
H,S,H,H,A,,,,,,,,,,,,,,,,,,,,,,,,,,,,,,,
H,S,S,H,A,,,,,,,,,,,,,,,,,,,,,,,,,,,,,,,
H,H,B1,B2,D,,,,,,,,,,,,,,,,,,,,,,,,,,,,,,,
H,H,A,,,,,,,,,,,,,,,,,,,,,,,,,,,,,,,,,
H,H,H,H,S,H,H,H,H,S,H,H,A,,,,,,,,,,,,,,,,,,,,,,,
H,H,S,B2,R,H,H,H,S,S,B2,D,,,,,,,,,,,,,,,,,,,,,,,,
H,B1,B1,B1,B1,B2,B2,D,,,,,,,,,,,,,,,,,,,,,,,,,,,,
H,S,S,S,S,H,H,H,S,S,B1,R,H,S,S,H,B1,D,,,,,,,,,,,,,,,,,,
H,S,B2,D,,,,,,,,,,,,,,,,,,,,,,,,,,,,,,,,
H,S,S,S,H,H,S,S,B1,B1,B2,D,,,,,,,,,,,,,,,,,,,,,,,,
H,H,A,,,,,,,,,,,,,,,,,,,,,,,,,,,,,,,,,
H,S,H,B1,B2,D,,,,,,,,,,,,,,,,,,,,,,,,,,,,,,
H,H,H,H,H,S,B1,D,,,,,,,,,,,,,,,,,,,,,,,,,,,,
H,H,H,H,H,B1,B2,D,,,,,,,,,,,,,,,,,,,,,,,,,,,,
H,H,S,B2,D,,,,,,,,,,,,,,,,,,,,,,,,,,,,,,,
H,A,,,,,,,,,,,,,,,,,,,,,,,,,,,,,,,,,,
H,H,H,H,H,H,S,B1,B2,D,,,,,,,,,,,,,,,,,,,,,,,,,,
H,B1,D,,,,,,,,,,,,,,,,,,,,,,,,,,,,,,,,,
H,H,A,,,,,,,,,,,,,,,,,,,,,,,,,,,,,,,,,
H,H,S,S,S,H,S,S,S,B1,R,R,H,S,B2,B2,D,,,,,,,,,,,,,,,,,,,
H,H,S,B1,D,,,,,,,,,,,,,,,,,,,,,,,,,,,,,,,
H,S,B1,B1,B2,D,,,,,,,,,,,,,,,,,,,,,,,,,,,,,,
H,S,S,B2,B2,D,,,,,,,,,,,,,,,,,,,,,,,,,,,,,,
H,A,,,,,,,,,,,,,,,,,,,,,,,,,,,,,,,,,,
H,H,H,H,H,H,S,S,S,B1,B2,R,R,H,S,B2,D,,,,,,,,,,,,,,,,,,,
H,S,B2,D,,,,,,,,,,,,,,,,,,,,,,,,,,,,,,,,
H,H,S,B1,B2,D,,,,,,,,,,,,,,,,,,,,,,,,,,,,,,
H,H,B1,D,,,,,,,,,,,,,,,,,,,,,,,,,,,,,,,,
H,H,A,,,,,,,,,,,,,,,,,,,,,,,,,,,,,,,,,
H,A,,,,,,,,,,,,,,,,,,,,,,,,,,,,,,,,,,
H,A,,,,,,,,,,,,,,,,,,,,,,,,,,,,,,,,,,
H,A,,,,,,,,,,,,,,,,,,,,,,,,,,,,,,,,,,
H,S,B1,B2,D,,,,,,,,,,,,,,,,,,,,,,,,,,,,,,,
H,H,H,H,S,S,B1,B1,R,R,H,H,B1,R,R,S,B2,D,,,,,,,,,,,,,,,,,,
H,H,H,S,H,A,,,,,,,,,,,,,,,,,,,,,,,,,,,,,,
H,H,S,H,H,H,H,H,H,H,S,S,S,B1,B1,B1,B1,B1,B1,D,,,,,,,,,,,,,,,,
H,B1,B2,D,,,,,,,,,,,,,,,,,,,,,,,,,,,,,,,,
H,S,S,B1,B2,R,H,A,,,,,,,,,,,,,,,,,,,,,,,,,,,,
H,S,B1,R,B1,B2,D,,,,,,,,,,,,,,,,,,,,,,,,,,,,,
H,H,S,B1,B2,D,,,,,,,,,,,,,,,,,,,,,,,,,,,,,,
H,A,,,,,,,,,,,,,,,,,,,,,,,,,,,,,,,,,,
H,H,H,H,H,H,B1,B1,B2,D,,,,,,,,,,,,,,,,,,,,,,,,,,
H,B1,B2,D,,,,,,,,,,,,,,,,,,,,,,,,,,,,,,,,
H,B1,R,R,H,H,H,H,H,H,H,S,B1,B1,D,,,,,,,,,,,,,,,,,,,,,
H,S,H,H,H,S,S,H,H,S,S,S,H,H,H,H,H,H,H,H,H,H,H,H,H,B1,R,S,S,B2,D,,,,,
H,B1,R,R,S,H,H,S,S,S,S,B1,B1,B2,D,,,,,,,,,,,,,,,,,,,,,
H,H,H,B1,B1,R,R,B1,B2,D,,,,,,,,,,,,,,,,,,,,,,,,,,
H,B1,B1,B2,B2,D,,,,,,,,,,,,,,,,,,,,,,,,,,,,,,
H,A,,,,,,,,,,,,,,,,,,,,,,,,,,,,,,,,,,
H,S,S,B1,B2,D,,,,,,,,,,,,,,,,,,,,,,,,,,,,,,
H,B1,B1,B2,D,,,,,,,,,,,,,,,,,,,,,,,,,,,,,,,
H,H,A,,,,,,,,,,,,,,,,,,,,,,,,,,,,,,,,,
H,S,B1,B1,B1,B1,D,,,,,,,,,,,,,,,,,,,,,,,,,,,,,
H,S,B2,D,,,,,,,,,,,,,,,,,,,,,,,,,,,,,,,,
H,S,B1,R,H,H,H,B1,R,H,H,H,S,S,B2,D,,,,,,,,,,,,,,,,,,,,
H,H,H,H,H,S,S,S,S,S,S,B1,R,H,S,B1,B2,D,,,,,,,,,,,,,,,,,,
H,B1,B1,B2,D,,,,,,,,,,,,,,,,,,,,,,,,,,,,,,,
